campaign,role,molecule_name,molecule_id,canonical_smiles,functional_group_family,lambda,ti_point,existing_observation,case_directory,config,config_sha256,energy_file,production_ps,beads
AS-P2-DENSE-PIMD2-001,calibration,Acetone,CSCPPACGZOOCGX-UHFFFAOYSA-N,CC(C)=O,Ketones,0.0,0,False,/home/galoren/Freecurve_AI_Solvation/release/SolvAI/active_solvai/simulations/dense_pimd2/calibration/acetone/lambda_0p00,/home/galoren/Freecurve_AI_Solvation/release/SolvAI/active_solvai/simulations/dense_pimd2/calibration/acetone/lambda_0p00/conf.xml,b76aef9b60ae497d8b4d39264280a9807fc72a98f3cbc2ad7a10e140280e6ec2,/home/galoren/Freecurve_AI_Solvation/release/SolvAI/active_solvai/simulations/dense_pimd2/calibration/acetone/lambda_0p00/output/PENDING_SYSTEM.ene,5.0,2
AS-P2-DENSE-PIMD2-001,calibration,Acetone,CSCPPACGZOOCGX-UHFFFAOYSA-N,CC(C)=O,Ketones,0.05,1,False,/home/galoren/Freecurve_AI_Solvation/release/SolvAI/active_solvai/simulations/dense_pimd2/calibration/acetone/lambda_0p05,/home/galoren/Freecurve_AI_Solvation/release/SolvAI/active_solvai/simulations/dense_pimd2/calibration/acetone/lambda_0p05/conf.xml,b579d3e383e2d69a54ddd288ee9b8f8de24ff9811bb5038d21957f45951a1223,/home/galoren/Freecurve_AI_Solvation/release/SolvAI/active_solvai/simulations/dense_pimd2/calibration/acetone/lambda_0p05/output/PENDING_SYSTEM.ene,5.0,2
AS-P2-DENSE-PIMD2-001,calibration,Acetone,CSCPPACGZOOCGX-UHFFFAOYSA-N,CC(C)=O,Ketones,0.1,2,True,/home/galoren/Freecurve_AI_Solvation/results/physics_probes/pimd2_lambda01_5ps/acetone,/home/galoren/Freecurve_AI_Solvation/results/physics_probes/pimd2_lambda01_5ps/acetone/conf.xml,b235e3cdca997d132179b42b586e7971d581ee49a6675a578b5604922d53cfd8,/home/galoren/Freecurve_AI_Solvation/results/physics_probes/pimd2_lambda01_5ps/acetone/output/Task5_MD_Transition_LIGAnnihilation_2__SYSTEM.ene,5.0,2
AS-P2-DENSE-PIMD2-001,calibration,Acetone,CSCPPACGZOOCGX-UHFFFAOYSA-N,CC(C)=O,Ketones,0.2,3,False,/home/galoren/Freecurve_AI_Solvation/release/SolvAI/active_solvai/simulations/dense_pimd2/calibration/acetone/lambda_0p20,/home/galoren/Freecurve_AI_Solvation/release/SolvAI/active_solvai/simulations/dense_pimd2/calibration/acetone/lambda_0p20/conf.xml,76234b2fddc4afb3cea1acb9150fce14c7e7a9b997e687329340f99f210e73b3,/home/galoren/Freecurve_AI_Solvation/release/SolvAI/active_solvai/simulations/dense_pimd2/calibration/acetone/lambda_0p20/output/PENDING_SYSTEM.ene,5.0,2
AS-P2-DENSE-PIMD2-001,calibration,Acetone,CSCPPACGZOOCGX-UHFFFAOYSA-N,CC(C)=O,Ketones,0.3,4,False,/home/galoren/Freecurve_AI_Solvation/release/SolvAI/active_solvai/simulations/dense_pimd2/calibration/acetone/lambda_0p30,/home/galoren/Freecurve_AI_Solvation/release/SolvAI/active_solvai/simulations/dense_pimd2/calibration/acetone/lambda_0p30/conf.xml,612a8113f5762a319663b9f06c73b5c40bd06973d0242a6b5b9fae7855ed1f34,/home/galoren/Freecurve_AI_Solvation/release/SolvAI/active_solvai/simulations/dense_pimd2/calibration/acetone/lambda_0p30/output/PENDING_SYSTEM.ene,5.0,2
AS-P2-DENSE-PIMD2-001,calibration,Acetone,CSCPPACGZOOCGX-UHFFFAOYSA-N,CC(C)=O,Ketones,0.4,5,False,/home/galoren/Freecurve_AI_Solvation/release/SolvAI/active_solvai/simulations/dense_pimd2/calibration/acetone/lambda_0p40,/home/galoren/Freecurve_AI_Solvation/release/SolvAI/active_solvai/simulations/dense_pimd2/calibration/acetone/lambda_0p40/conf.xml,ced4d3a81655ecf18d0893b6c5e06400ce64c9dfeedeb91df748d7007c214414,/home/galoren/Freecurve_AI_Solvation/release/SolvAI/active_solvai/simulations/dense_pimd2/calibration/acetone/lambda_0p40/output/PENDING_SYSTEM.ene,5.0,2
AS-P2-DENSE-PIMD2-001,calibration,Acetone,CSCPPACGZOOCGX-UHFFFAOYSA-N,CC(C)=O,Ketones,0.5,6,True,/home/galoren/Freecurve_AI_Solvation/results/physics_probes/pimd2_lambda05_5ps/acetone,/home/galoren/Freecurve_AI_Solvation/results/physics_probes/pimd2_lambda05_5ps/acetone/conf.xml,60634d2163b1315ab899e26793d64cd49a6ec1e0404309036e7081c87165817c,/home/galoren/Freecurve_AI_Solvation/results/physics_probes/pimd2_lambda05_5ps/acetone/output/Task5_MD_Transition_LIGAnnihilation_6__SYSTEM.ene,5.0,2
AS-P2-DENSE-PIMD2-001,calibration,Acetone,CSCPPACGZOOCGX-UHFFFAOYSA-N,CC(C)=O,Ketones,0.6,7,False,/home/galoren/Freecurve_AI_Solvation/release/SolvAI/active_solvai/simulations/dense_pimd2/calibration/acetone/lambda_0p60,/home/galoren/Freecurve_AI_Solvation/release/SolvAI/active_solvai/simulations/dense_pimd2/calibration/acetone/lambda_0p60/conf.xml,51b6e328404bc3d736838f01e858fcf7cf8f78bbbc8cefbe35016c449ed268bb,/home/galoren/Freecurve_AI_Solvation/release/SolvAI/active_solvai/simulations/dense_pimd2/calibration/acetone/lambda_0p60/output/PENDING_SYSTEM.ene,5.0,2
AS-P2-DENSE-PIMD2-001,calibration,Acetone,CSCPPACGZOOCGX-UHFFFAOYSA-N,CC(C)=O,Ketones,0.7,8,False,/home/galoren/Freecurve_AI_Solvation/release/SolvAI/active_solvai/simulations/dense_pimd2/calibration/acetone/lambda_0p70,/home/galoren/Freecurve_AI_Solvation/release/SolvAI/active_solvai/simulations/dense_pimd2/calibration/acetone/lambda_0p70/conf.xml,2abe2a3cff22a709c83ededcb29e510dd0a7d949a2fe232a5768c267dcf13bb9,/home/galoren/Freecurve_AI_Solvation/release/SolvAI/active_solvai/simulations/dense_pimd2/calibration/acetone/lambda_0p70/output/PENDING_SYSTEM.ene,5.0,2
AS-P2-DENSE-PIMD2-001,calibration,Acetone,CSCPPACGZOOCGX-UHFFFAOYSA-N,CC(C)=O,Ketones,0.75,9,False,/home/galoren/Freecurve_AI_Solvation/release/SolvAI/active_solvai/simulations/dense_pimd2/calibration/acetone/lambda_0p75,/home/galoren/Freecurve_AI_Solvation/release/SolvAI/active_solvai/simulations/dense_pimd2/calibration/acetone/lambda_0p75/conf.xml,e534cb4257b963bfd162d4d0a5162dbfe2c872beaebaa0dba48e68323d9781fb,/home/galoren/Freecurve_AI_Solvation/release/SolvAI/active_solvai/simulations/dense_pimd2/calibration/acetone/lambda_0p75/output/PENDING_SYSTEM.ene,5.0,2
AS-P2-DENSE-PIMD2-001,calibration,Acetone,CSCPPACGZOOCGX-UHFFFAOYSA-N,CC(C)=O,Ketones,0.8,10,False,/home/galoren/Freecurve_AI_Solvation/release/SolvAI/active_solvai/simulations/dense_pimd2/calibration/acetone/lambda_0p80,/home/galoren/Freecurve_AI_Solvation/release/SolvAI/active_solvai/simulations/dense_pimd2/calibration/acetone/lambda_0p80/conf.xml,a81171a2a0d358272c4810d0c504b3f4ea01cc0171e874d7f66d4550059c91e5,/home/galoren/Freecurve_AI_Solvation/release/SolvAI/active_solvai/simulations/dense_pimd2/calibration/acetone/lambda_0p80/output/PENDING_SYSTEM.ene,5.0,2
AS-P2-DENSE-PIMD2-001,calibration,Acetone,CSCPPACGZOOCGX-UHFFFAOYSA-N,CC(C)=O,Ketones,0.85,11,False,/home/galoren/Freecurve_AI_Solvation/release/SolvAI/active_solvai/simulations/dense_pimd2/calibration/acetone/lambda_0p85,/home/galoren/Freecurve_AI_Solvation/release/SolvAI/active_solvai/simulations/dense_pimd2/calibration/acetone/lambda_0p85/conf.xml,838a51b40c2975f422f43294578057f7b9873f5eec22393672656baed2faf4b5,/home/galoren/Freecurve_AI_Solvation/release/SolvAI/active_solvai/simulations/dense_pimd2/calibration/acetone/lambda_0p85/output/PENDING_SYSTEM.ene,5.0,2
AS-P2-DENSE-PIMD2-001,calibration,Acetone,CSCPPACGZOOCGX-UHFFFAOYSA-N,CC(C)=O,Ketones,0.9,12,True,/home/galoren/Freecurve_AI_Solvation/results/physics_probes/pimd2_lambda09_5ps/acetone,/home/galoren/Freecurve_AI_Solvation/results/physics_probes/pimd2_lambda09_5ps/acetone/conf.xml,309b0506a5d3c91a346e7ae2488488b8e53fb14cb5ba3ff94aa9cda2bbbf9c61,/home/galoren/Freecurve_AI_Solvation/results/physics_probes/pimd2_lambda09_5ps/acetone/output/Task5_MD_Transition_LIGAnnihilation_12__SYSTEM.ene,5.0,2
AS-P2-DENSE-PIMD2-001,calibration,Acetone,CSCPPACGZOOCGX-UHFFFAOYSA-N,CC(C)=O,Ketones,0.95,13,False,/home/galoren/Freecurve_AI_Solvation/release/SolvAI/active_solvai/simulations/dense_pimd2/calibration/acetone/lambda_0p95,/home/galoren/Freecurve_AI_Solvation/release/SolvAI/active_solvai/simulations/dense_pimd2/calibration/acetone/lambda_0p95/conf.xml,89d12e9284e1fcae16f08c90024066006508d76101c0404f136a681cd142d981,/home/galoren/Freecurve_AI_Solvation/release/SolvAI/active_solvai/simulations/dense_pimd2/calibration/acetone/lambda_0p95/output/PENDING_SYSTEM.ene,5.0,2
AS-P2-DENSE-PIMD2-001,calibration,Acetone,CSCPPACGZOOCGX-UHFFFAOYSA-N,CC(C)=O,Ketones,1.0,14,False,/home/galoren/Freecurve_AI_Solvation/release/SolvAI/active_solvai/simulations/dense_pimd2/calibration/acetone/lambda_1p00,/home/galoren/Freecurve_AI_Solvation/release/SolvAI/active_solvai/simulations/dense_pimd2/calibration/acetone/lambda_1p00/conf.xml,86cacc2b6131e3ea711e80590f11f3f173c55c6067816bca07f5bf645db1d565,/home/galoren/Freecurve_AI_Solvation/release/SolvAI/active_solvai/simulations/dense_pimd2/calibration/acetone/lambda_1p00/output/PENDING_SYSTEM.ene,5.0,2
AS-P2-DENSE-PIMD2-001,calibration,Ethanol,LFQSCWFLJHTTHZ-UHFFFAOYSA-N,CCO,Alcohols,0.0,0,False,/home/galoren/Freecurve_AI_Solvation/release/SolvAI/active_solvai/simulations/dense_pimd2/calibration/ethanol/lambda_0p00,/home/galoren/Freecurve_AI_Solvation/release/SolvAI/active_solvai/simulations/dense_pimd2/calibration/ethanol/lambda_0p00/conf.xml,c9c56e191afcb9920f06ae03250cf9270529180f0bc414c72c16d931cd40ee45,/home/galoren/Freecurve_AI_Solvation/release/SolvAI/active_solvai/simulations/dense_pimd2/calibration/ethanol/lambda_0p00/output/PENDING_SYSTEM.ene,5.0,2
AS-P2-DENSE-PIMD2-001,calibration,Ethanol,LFQSCWFLJHTTHZ-UHFFFAOYSA-N,CCO,Alcohols,0.05,1,False,/home/galoren/Freecurve_AI_Solvation/release/SolvAI/active_solvai/simulations/dense_pimd2/calibration/ethanol/lambda_0p05,/home/galoren/Freecurve_AI_Solvation/release/SolvAI/active_solvai/simulations/dense_pimd2/calibration/ethanol/lambda_0p05/conf.xml,4ff267eca09a613a9e945742628a6dc0046c1d6d8077cb283b73a0a3121b23e0,/home/galoren/Freecurve_AI_Solvation/release/SolvAI/active_solvai/simulations/dense_pimd2/calibration/ethanol/lambda_0p05/output/PENDING_SYSTEM.ene,5.0,2
AS-P2-DENSE-PIMD2-001,calibration,Ethanol,LFQSCWFLJHTTHZ-UHFFFAOYSA-N,CCO,Alcohols,0.1,2,True,/home/galoren/Freecurve_AI_Solvation/results/physics_probes/pimd2_lambda01_5ps/ethanol,/home/galoren/Freecurve_AI_Solvation/results/physics_probes/pimd2_lambda01_5ps/ethanol/conf.xml,b7c5b390a56eb95360b67cf25cb3f9a349599d32f70bcc8a9a07989fc205fde4,/home/galoren/Freecurve_AI_Solvation/results/physics_probes/pimd2_lambda01_5ps/ethanol/output/Task5_MD_Transition_LIGAnnihilation_2__SYSTEM.ene,5.0,2
AS-P2-DENSE-PIMD2-001,calibration,Ethanol,LFQSCWFLJHTTHZ-UHFFFAOYSA-N,CCO,Alcohols,0.2,3,False,/home/galoren/Freecurve_AI_Solvation/release/SolvAI/active_solvai/simulations/dense_pimd2/calibration/ethanol/lambda_0p20,/home/galoren/Freecurve_AI_Solvation/release/SolvAI/active_solvai/simulations/dense_pimd2/calibration/ethanol/lambda_0p20/conf.xml,8ced74993ab490b3ceb21c784e07beac5b04152ff9035302b7140a0a021c5491,/home/galoren/Freecurve_AI_Solvation/release/SolvAI/active_solvai/simulations/dense_pimd2/calibration/ethanol/lambda_0p20/output/PENDING_SYSTEM.ene,5.0,2
AS-P2-DENSE-PIMD2-001,calibration,Ethanol,LFQSCWFLJHTTHZ-UHFFFAOYSA-N,CCO,Alcohols,0.3,4,False,/home/galoren/Freecurve_AI_Solvation/release/SolvAI/active_solvai/simulations/dense_pimd2/calibration/ethanol/lambda_0p30,/home/galoren/Freecurve_AI_Solvation/release/SolvAI/active_solvai/simulations/dense_pimd2/calibration/ethanol/lambda_0p30/conf.xml,194c1cb0ac1f00563993202c5d497f79d5a1d7bfe5db0a4006845330d22b337c,/home/galoren/Freecurve_AI_Solvation/release/SolvAI/active_solvai/simulations/dense_pimd2/calibration/ethanol/lambda_0p30/output/PENDING_SYSTEM.ene,5.0,2
AS-P2-DENSE-PIMD2-001,calibration,Ethanol,LFQSCWFLJHTTHZ-UHFFFAOYSA-N,CCO,Alcohols,0.4,5,False,/home/galoren/Freecurve_AI_Solvation/release/SolvAI/active_solvai/simulations/dense_pimd2/calibration/ethanol/lambda_0p40,/home/galoren/Freecurve_AI_Solvation/release/SolvAI/active_solvai/simulations/dense_pimd2/calibration/ethanol/lambda_0p40/conf.xml,c5ff06b12882c09f1c3c9bc45ec83db2521bd4623f3f9c7d2775d806e6411ce3,/home/galoren/Freecurve_AI_Solvation/release/SolvAI/active_solvai/simulations/dense_pimd2/calibration/ethanol/lambda_0p40/output/PENDING_SYSTEM.ene,5.0,2
AS-P2-DENSE-PIMD2-001,calibration,Ethanol,LFQSCWFLJHTTHZ-UHFFFAOYSA-N,CCO,Alcohols,0.5,6,True,/home/galoren/Freecurve_AI_Solvation/results/physics_probes/pimd2_lambda05_5ps/ethanol,/home/galoren/Freecurve_AI_Solvation/results/physics_probes/pimd2_lambda05_5ps/ethanol/conf.xml,1185303b0fc2bace0987d7a6022b31f23dc781ef803542aa0dd42adc12db8b9b,/home/galoren/Freecurve_AI_Solvation/results/physics_probes/pimd2_lambda05_5ps/ethanol/output/Task5_MD_Transition_LIGAnnihilation_6__SYSTEM.ene,5.0,2
AS-P2-DENSE-PIMD2-001,calibration,Ethanol,LFQSCWFLJHTTHZ-UHFFFAOYSA-N,CCO,Alcohols,0.6,7,False,/home/galoren/Freecurve_AI_Solvation/release/SolvAI/active_solvai/simulations/dense_pimd2/calibration/ethanol/lambda_0p60,/home/galoren/Freecurve_AI_Solvation/release/SolvAI/active_solvai/simulations/dense_pimd2/calibration/ethanol/lambda_0p60/conf.xml,9c22fb8c6e9445bf6c54fb9b9f57661c7c95dc09c0bcbd247c27f7bcd5c7d846,/home/galoren/Freecurve_AI_Solvation/release/SolvAI/active_solvai/simulations/dense_pimd2/calibration/ethanol/lambda_0p60/output/PENDING_SYSTEM.ene,5.0,2
AS-P2-DENSE-PIMD2-001,calibration,Ethanol,LFQSCWFLJHTTHZ-UHFFFAOYSA-N,CCO,Alcohols,0.7,8,False,/home/galoren/Freecurve_AI_Solvation/release/SolvAI/active_solvai/simulations/dense_pimd2/calibration/ethanol/lambda_0p70,/home/galoren/Freecurve_AI_Solvation/release/SolvAI/active_solvai/simulations/dense_pimd2/calibration/ethanol/lambda_0p70/conf.xml,e980488a60a44d66b24ed54ed1588abbc1be7c6a37940e166fbc80fe04c045e6,/home/galoren/Freecurve_AI_Solvation/release/SolvAI/active_solvai/simulations/dense_pimd2/calibration/ethanol/lambda_0p70/output/PENDING_SYSTEM.ene,5.0,2
AS-P2-DENSE-PIMD2-001,calibration,Ethanol,LFQSCWFLJHTTHZ-UHFFFAOYSA-N,CCO,Alcohols,0.75,9,False,/home/galoren/Freecurve_AI_Solvation/release/SolvAI/active_solvai/simulations/dense_pimd2/calibration/ethanol/lambda_0p75,/home/galoren/Freecurve_AI_Solvation/release/SolvAI/active_solvai/simulations/dense_pimd2/calibration/ethanol/lambda_0p75/conf.xml,28f293fd2733cbdde31ac32a16528b0e89f4f257f6e3dc1f938ca42c3de85050,/home/galoren/Freecurve_AI_Solvation/release/SolvAI/active_solvai/simulations/dense_pimd2/calibration/ethanol/lambda_0p75/output/PENDING_SYSTEM.ene,5.0,2
AS-P2-DENSE-PIMD2-001,calibration,Ethanol,LFQSCWFLJHTTHZ-UHFFFAOYSA-N,CCO,Alcohols,0.8,10,False,/home/galoren/Freecurve_AI_Solvation/release/SolvAI/active_solvai/simulations/dense_pimd2/calibration/ethanol/lambda_0p80,/home/galoren/Freecurve_AI_Solvation/release/SolvAI/active_solvai/simulations/dense_pimd2/calibration/ethanol/lambda_0p80/conf.xml,594b314bcc016d9f24e7f78de7e9e11c2958e1bd5ef5be6211f49fcba5a9c114,/home/galoren/Freecurve_AI_Solvation/release/SolvAI/active_solvai/simulations/dense_pimd2/calibration/ethanol/lambda_0p80/output/PENDING_SYSTEM.ene,5.0,2
AS-P2-DENSE-PIMD2-001,calibration,Ethanol,LFQSCWFLJHTTHZ-UHFFFAOYSA-N,CCO,Alcohols,0.85,11,False,/home/galoren/Freecurve_AI_Solvation/release/SolvAI/active_solvai/simulations/dense_pimd2/calibration/ethanol/lambda_0p85,/home/galoren/Freecurve_AI_Solvation/release/SolvAI/active_solvai/simulations/dense_pimd2/calibration/ethanol/lambda_0p85/conf.xml,e9b707eb23c56ed131eb1b480b22030ef7b0ceffe1959b2638451b31ee4d572f,/home/galoren/Freecurve_AI_Solvation/release/SolvAI/active_solvai/simulations/dense_pimd2/calibration/ethanol/lambda_0p85/output/PENDING_SYSTEM.ene,5.0,2
AS-P2-DENSE-PIMD2-001,calibration,Ethanol,LFQSCWFLJHTTHZ-UHFFFAOYSA-N,CCO,Alcohols,0.9,12,True,/home/galoren/Freecurve_AI_Solvation/results/physics_probes/pimd2_lambda09_5ps/ethanol,/home/galoren/Freecurve_AI_Solvation/results/physics_probes/pimd2_lambda09_5ps/ethanol/conf.xml,b38f66c1cdef3c1f731d16db6b028aada9b17db813644c8d7a4ba7492f155f2f,/home/galoren/Freecurve_AI_Solvation/results/physics_probes/pimd2_lambda09_5ps/ethanol/output/Task5_MD_Transition_LIGAnnihilation_12__SYSTEM.ene,5.0,2
AS-P2-DENSE-PIMD2-001,calibration,Ethanol,LFQSCWFLJHTTHZ-UHFFFAOYSA-N,CCO,Alcohols,0.95,13,False,/home/galoren/Freecurve_AI_Solvation/release/SolvAI/active_solvai/simulations/dense_pimd2/calibration/ethanol/lambda_0p95,/home/galoren/Freecurve_AI_Solvation/release/SolvAI/active_solvai/simulations/dense_pimd2/calibration/ethanol/lambda_0p95/conf.xml,e28a0e45f6feb5605953703f0667a0133b90c2934c1d7975e2a106b146b38d21,/home/galoren/Freecurve_AI_Solvation/release/SolvAI/active_solvai/simulations/dense_pimd2/calibration/ethanol/lambda_0p95/output/PENDING_SYSTEM.ene,5.0,2
AS-P2-DENSE-PIMD2-001,calibration,Ethanol,LFQSCWFLJHTTHZ-UHFFFAOYSA-N,CCO,Alcohols,1.0,14,False,/home/galoren/Freecurve_AI_Solvation/release/SolvAI/active_solvai/simulations/dense_pimd2/calibration/ethanol/lambda_1p00,/home/galoren/Freecurve_AI_Solvation/release/SolvAI/active_solvai/simulations/dense_pimd2/calibration/ethanol/lambda_1p00/conf.xml,ff429b6ff50780b4bdfe96ff88a93e6d38f5cd711e2ec0b3b0d42d8767d880b0,/home/galoren/Freecurve_AI_Solvation/release/SolvAI/active_solvai/simulations/dense_pimd2/calibration/ethanol/lambda_1p00/output/PENDING_SYSTEM.ene,5.0,2
AS-P2-DENSE-PIMD2-001,calibration,Propane,ATUOYWHBWRKTHZ-UHFFFAOYSA-N,CCC,Alkanes,0.0,0,False,/home/galoren/Freecurve_AI_Solvation/release/SolvAI/active_solvai/simulations/dense_pimd2/calibration/propane/lambda_0p00,/home/galoren/Freecurve_AI_Solvation/release/SolvAI/active_solvai/simulations/dense_pimd2/calibration/propane/lambda_0p00/conf.xml,a943e4da7e8c74a34be6a1d346ce36a331997a75af3d57f2d60327a2487261d7,/home/galoren/Freecurve_AI_Solvation/release/SolvAI/active_solvai/simulations/dense_pimd2/calibration/propane/lambda_0p00/output/PENDING_SYSTEM.ene,5.0,2
AS-P2-DENSE-PIMD2-001,calibration,Propane,ATUOYWHBWRKTHZ-UHFFFAOYSA-N,CCC,Alkanes,0.05,1,False,/home/galoren/Freecurve_AI_Solvation/release/SolvAI/active_solvai/simulations/dense_pimd2/calibration/propane/lambda_0p05,/home/galoren/Freecurve_AI_Solvation/release/SolvAI/active_solvai/simulations/dense_pimd2/calibration/propane/lambda_0p05/conf.xml,0ab42ba0ec46d78e8b6f8ecd1f99e28af0c6c4303357d7673aa3376a9fb91953,/home/galoren/Freecurve_AI_Solvation/release/SolvAI/active_solvai/simulations/dense_pimd2/calibration/propane/lambda_0p05/output/PENDING_SYSTEM.ene,5.0,2
AS-P2-DENSE-PIMD2-001,calibration,Propane,ATUOYWHBWRKTHZ-UHFFFAOYSA-N,CCC,Alkanes,0.1,2,True,/home/galoren/Freecurve_AI_Solvation/results/physics_probes/pimd2_lambda01_5ps/propane,/home/galoren/Freecurve_AI_Solvation/results/physics_probes/pimd2_lambda01_5ps/propane/conf.xml,1f61a85dd456d53affdb46f5784841d27de428fb2378d2c938da4e36d927be96,/home/galoren/Freecurve_AI_Solvation/results/physics_probes/pimd2_lambda01_5ps/propane/output/Task5_MD_Transition_LIGAnnihilation_2__SYSTEM.ene,5.0,2
AS-P2-DENSE-PIMD2-001,calibration,Propane,ATUOYWHBWRKTHZ-UHFFFAOYSA-N,CCC,Alkanes,0.2,3,False,/home/galoren/Freecurve_AI_Solvation/release/SolvAI/active_solvai/simulations/dense_pimd2/calibration/propane/lambda_0p20,/home/galoren/Freecurve_AI_Solvation/release/SolvAI/active_solvai/simulations/dense_pimd2/calibration/propane/lambda_0p20/conf.xml,ddaf1e9e53150bb699e1bf81deb725f196acf75c3f0cb8f45830c613a6e140e8,/home/galoren/Freecurve_AI_Solvation/release/SolvAI/active_solvai/simulations/dense_pimd2/calibration/propane/lambda_0p20/output/PENDING_SYSTEM.ene,5.0,2
AS-P2-DENSE-PIMD2-001,calibration,Propane,ATUOYWHBWRKTHZ-UHFFFAOYSA-N,CCC,Alkanes,0.3,4,False,/home/galoren/Freecurve_AI_Solvation/release/SolvAI/active_solvai/simulations/dense_pimd2/calibration/propane/lambda_0p30,/home/galoren/Freecurve_AI_Solvation/release/SolvAI/active_solvai/simulations/dense_pimd2/calibration/propane/lambda_0p30/conf.xml,38b406f01ef224126568c46c305f91d0e5191e1157842cc4db17a53dec8fc1d1,/home/galoren/Freecurve_AI_Solvation/release/SolvAI/active_solvai/simulations/dense_pimd2/calibration/propane/lambda_0p30/output/PENDING_SYSTEM.ene,5.0,2
AS-P2-DENSE-PIMD2-001,calibration,Propane,ATUOYWHBWRKTHZ-UHFFFAOYSA-N,CCC,Alkanes,0.4,5,False,/home/galoren/Freecurve_AI_Solvation/release/SolvAI/active_solvai/simulations/dense_pimd2/calibration/propane/lambda_0p40,/home/galoren/Freecurve_AI_Solvation/release/SolvAI/active_solvai/simulations/dense_pimd2/calibration/propane/lambda_0p40/conf.xml,3b0eb9d069b3bdde6641eb5fa444b408128f00ee4a1c3311261e3342fe5d06c6,/home/galoren/Freecurve_AI_Solvation/release/SolvAI/active_solvai/simulations/dense_pimd2/calibration/propane/lambda_0p40/output/PENDING_SYSTEM.ene,5.0,2
AS-P2-DENSE-PIMD2-001,calibration,Propane,ATUOYWHBWRKTHZ-UHFFFAOYSA-N,CCC,Alkanes,0.5,6,True,/home/galoren/Freecurve_AI_Solvation/results/physics_probes/pimd2_lambda05_5ps/propane,/home/galoren/Freecurve_AI_Solvation/results/physics_probes/pimd2_lambda05_5ps/propane/conf.xml,2c0a3f1b9c34e94e8a8840cb1d198e182869e14658bd86e0dc2045e1b8ee658a,/home/galoren/Freecurve_AI_Solvation/results/physics_probes/pimd2_lambda05_5ps/propane/output/Task5_MD_Transition_LIGAnnihilation_6__SYSTEM.ene,5.0,2
AS-P2-DENSE-PIMD2-001,calibration,Propane,ATUOYWHBWRKTHZ-UHFFFAOYSA-N,CCC,Alkanes,0.6,7,False,/home/galoren/Freecurve_AI_Solvation/release/SolvAI/active_solvai/simulations/dense_pimd2/calibration/propane/lambda_0p60,/home/galoren/Freecurve_AI_Solvation/release/SolvAI/active_solvai/simulations/dense_pimd2/calibration/propane/lambda_0p60/conf.xml,480899e49b3eacba957b1bde15d23510661cc9bcc1c174366daeee1e2c7f3ed3,/home/galoren/Freecurve_AI_Solvation/release/SolvAI/active_solvai/simulations/dense_pimd2/calibration/propane/lambda_0p60/output/PENDING_SYSTEM.ene,5.0,2
AS-P2-DENSE-PIMD2-001,calibration,Propane,ATUOYWHBWRKTHZ-UHFFFAOYSA-N,CCC,Alkanes,0.7,8,False,/home/galoren/Freecurve_AI_Solvation/release/SolvAI/active_solvai/simulations/dense_pimd2/calibration/propane/lambda_0p70,/home/galoren/Freecurve_AI_Solvation/release/SolvAI/active_solvai/simulations/dense_pimd2/calibration/propane/lambda_0p70/conf.xml,516dc5c11e0cd0a78f71b29982853186583912d23c692df2d45ebdfe0dcd95ac,/home/galoren/Freecurve_AI_Solvation/release/SolvAI/active_solvai/simulations/dense_pimd2/calibration/propane/lambda_0p70/output/PENDING_SYSTEM.ene,5.0,2
AS-P2-DENSE-PIMD2-001,calibration,Propane,ATUOYWHBWRKTHZ-UHFFFAOYSA-N,CCC,Alkanes,0.75,9,False,/home/galoren/Freecurve_AI_Solvation/release/SolvAI/active_solvai/simulations/dense_pimd2/calibration/propane/lambda_0p75,/home/galoren/Freecurve_AI_Solvation/release/SolvAI/active_solvai/simulations/dense_pimd2/calibration/propane/lambda_0p75/conf.xml,1daa0e438a4ecfbecb0c6b87445f90c2f2dab0f98336e384a4a672cb71baef82,/home/galoren/Freecurve_AI_Solvation/release/SolvAI/active_solvai/simulations/dense_pimd2/calibration/propane/lambda_0p75/output/PENDING_SYSTEM.ene,5.0,2
AS-P2-DENSE-PIMD2-001,calibration,Propane,ATUOYWHBWRKTHZ-UHFFFAOYSA-N,CCC,Alkanes,0.8,10,False,/home/galoren/Freecurve_AI_Solvation/release/SolvAI/active_solvai/simulations/dense_pimd2/calibration/propane/lambda_0p80,/home/galoren/Freecurve_AI_Solvation/release/SolvAI/active_solvai/simulations/dense_pimd2/calibration/propane/lambda_0p80/conf.xml,32f911c1c9e6da9b300e988d70eb643f2024a813e5af1ba6e95c793f0eb03729,/home/galoren/Freecurve_AI_Solvation/release/SolvAI/active_solvai/simulations/dense_pimd2/calibration/propane/lambda_0p80/output/PENDING_SYSTEM.ene,5.0,2
AS-P2-DENSE-PIMD2-001,calibration,Propane,ATUOYWHBWRKTHZ-UHFFFAOYSA-N,CCC,Alkanes,0.85,11,False,/home/galoren/Freecurve_AI_Solvation/release/SolvAI/active_solvai/simulations/dense_pimd2/calibration/propane/lambda_0p85,/home/galoren/Freecurve_AI_Solvation/release/SolvAI/active_solvai/simulations/dense_pimd2/calibration/propane/lambda_0p85/conf.xml,fbd21490a40f2809ec3af9236a8fab6076f411401ba91f556f95c846c920cf3f,/home/galoren/Freecurve_AI_Solvation/release/SolvAI/active_solvai/simulations/dense_pimd2/calibration/propane/lambda_0p85/output/PENDING_SYSTEM.ene,5.0,2
AS-P2-DENSE-PIMD2-001,calibration,Propane,ATUOYWHBWRKTHZ-UHFFFAOYSA-N,CCC,Alkanes,0.9,12,True,/home/galoren/Freecurve_AI_Solvation/results/physics_probes/pimd2_lambda09_5ps/propane,/home/galoren/Freecurve_AI_Solvation/results/physics_probes/pimd2_lambda09_5ps/propane/conf.xml,5e217d0034f34a478354c6a47efc526e71a6cc6b4e0c3eea0921f8d32a364227,/home/galoren/Freecurve_AI_Solvation/results/physics_probes/pimd2_lambda09_5ps/propane/output/Task5_MD_Transition_LIGAnnihilation_12__SYSTEM.ene,5.0,2
AS-P2-DENSE-PIMD2-001,calibration,Propane,ATUOYWHBWRKTHZ-UHFFFAOYSA-N,CCC,Alkanes,0.95,13,False,/home/galoren/Freecurve_AI_Solvation/release/SolvAI/active_solvai/simulations/dense_pimd2/calibration/propane/lambda_0p95,/home/galoren/Freecurve_AI_Solvation/release/SolvAI/active_solvai/simulations/dense_pimd2/calibration/propane/lambda_0p95/conf.xml,6acd9be613d49428d4f1f90f2856b1a064c6afa54171bc9c94949334792ff319,/home/galoren/Freecurve_AI_Solvation/release/SolvAI/active_solvai/simulations/dense_pimd2/calibration/propane/lambda_0p95/output/PENDING_SYSTEM.ene,5.0,2
AS-P2-DENSE-PIMD2-001,calibration,Propane,ATUOYWHBWRKTHZ-UHFFFAOYSA-N,CCC,Alkanes,1.0,14,False,/home/galoren/Freecurve_AI_Solvation/release/SolvAI/active_solvai/simulations/dense_pimd2/calibration/propane/lambda_1p00,/home/galoren/Freecurve_AI_Solvation/release/SolvAI/active_solvai/simulations/dense_pimd2/calibration/propane/lambda_1p00/conf.xml,f9f4f8ccf95cd6329adc151f2c1baf7240066507ac7fd224412df3e014e6566c,/home/galoren/Freecurve_AI_Solvation/release/SolvAI/active_solvai/simulations/dense_pimd2/calibration/propane/lambda_1p00/output/PENDING_SYSTEM.ene,5.0,2
AS-P2-DENSE-PIMD2-001,calibration,pyridine,JUJWROOIHBZHMG-UHFFFAOYSA-N,c1ccncc1,Heterorings,0.0,0,False,/home/galoren/Freecurve_AI_Solvation/release/SolvAI/active_solvai/simulations/dense_pimd2/calibration/pyridine/lambda_0p00,/home/galoren/Freecurve_AI_Solvation/release/SolvAI/active_solvai/simulations/dense_pimd2/calibration/pyridine/lambda_0p00/conf.xml,61cbf704e6bfe02e9a225c99c02d8fa977eb342cb02b0f4dc19fd6a3e80b1be1,/home/galoren/Freecurve_AI_Solvation/release/SolvAI/active_solvai/simulations/dense_pimd2/calibration/pyridine/lambda_0p00/output/PENDING_SYSTEM.ene,5.0,2
AS-P2-DENSE-PIMD2-001,calibration,pyridine,JUJWROOIHBZHMG-UHFFFAOYSA-N,c1ccncc1,Heterorings,0.05,1,False,/home/galoren/Freecurve_AI_Solvation/release/SolvAI/active_solvai/simulations/dense_pimd2/calibration/pyridine/lambda_0p05,/home/galoren/Freecurve_AI_Solvation/release/SolvAI/active_solvai/simulations/dense_pimd2/calibration/pyridine/lambda_0p05/conf.xml,b8e03437427cf40f071149e7061f624e1fcdcfa2bab32cd28446015da9453b24,/home/galoren/Freecurve_AI_Solvation/release/SolvAI/active_solvai/simulations/dense_pimd2/calibration/pyridine/lambda_0p05/output/PENDING_SYSTEM.ene,5.0,2
AS-P2-DENSE-PIMD2-001,calibration,pyridine,JUJWROOIHBZHMG-UHFFFAOYSA-N,c1ccncc1,Heterorings,0.1,2,True,/home/galoren/Freecurve_AI_Solvation/results/physics_probes/pimd2_lambda01_5ps/pyridine,/home/galoren/Freecurve_AI_Solvation/results/physics_probes/pimd2_lambda01_5ps/pyridine/conf.xml,57b8c708b5b362b4cd7eef610e5a84a64f0faf2ee7d4719514dffc44bf9a67db,/home/galoren/Freecurve_AI_Solvation/results/physics_probes/pimd2_lambda01_5ps/pyridine/output/Task5_MD_Transition_LIGAnnihilation_2__SYSTEM.ene,5.0,2
AS-P2-DENSE-PIMD2-001,calibration,pyridine,JUJWROOIHBZHMG-UHFFFAOYSA-N,c1ccncc1,Heterorings,0.2,3,False,/home/galoren/Freecurve_AI_Solvation/release/SolvAI/active_solvai/simulations/dense_pimd2/calibration/pyridine/lambda_0p20,/home/galoren/Freecurve_AI_Solvation/release/SolvAI/active_solvai/simulations/dense_pimd2/calibration/pyridine/lambda_0p20/conf.xml,dbe181f23e4d050069f34d934fd3eafe36aba61b1f104d19dae40ad97238c595,/home/galoren/Freecurve_AI_Solvation/release/SolvAI/active_solvai/simulations/dense_pimd2/calibration/pyridine/lambda_0p20/output/PENDING_SYSTEM.ene,5.0,2
AS-P2-DENSE-PIMD2-001,calibration,pyridine,JUJWROOIHBZHMG-UHFFFAOYSA-N,c1ccncc1,Heterorings,0.3,4,False,/home/galoren/Freecurve_AI_Solvation/release/SolvAI/active_solvai/simulations/dense_pimd2/calibration/pyridine/lambda_0p30,/home/galoren/Freecurve_AI_Solvation/release/SolvAI/active_solvai/simulations/dense_pimd2/calibration/pyridine/lambda_0p30/conf.xml,41f5b07122c812328a3d55c3f6d691c1e532f7a0428dd507ba575b76afaac360,/home/galoren/Freecurve_AI_Solvation/release/SolvAI/active_solvai/simulations/dense_pimd2/calibration/pyridine/lambda_0p30/output/PENDING_SYSTEM.ene,5.0,2
AS-P2-DENSE-PIMD2-001,calibration,pyridine,JUJWROOIHBZHMG-UHFFFAOYSA-N,c1ccncc1,Heterorings,0.4,5,False,/home/galoren/Freecurve_AI_Solvation/release/SolvAI/active_solvai/simulations/dense_pimd2/calibration/pyridine/lambda_0p40,/home/galoren/Freecurve_AI_Solvation/release/SolvAI/active_solvai/simulations/dense_pimd2/calibration/pyridine/lambda_0p40/conf.xml,5a533f9bd2970e7aba663518acd4ccbb49a8a72bf41596e39199cda45d61b39e,/home/galoren/Freecurve_AI_Solvation/release/SolvAI/active_solvai/simulations/dense_pimd2/calibration/pyridine/lambda_0p40/output/PENDING_SYSTEM.ene,5.0,2
AS-P2-DENSE-PIMD2-001,calibration,pyridine,JUJWROOIHBZHMG-UHFFFAOYSA-N,c1ccncc1,Heterorings,0.5,6,True,/home/galoren/Freecurve_AI_Solvation/results/physics_probes/pimd2_lambda05_5ps/pyridine,/home/galoren/Freecurve_AI_Solvation/results/physics_probes/pimd2_lambda05_5ps/pyridine/conf.xml,a9653fc9bb439b12f7051db104043ba2bd550a2c243a33666500fd719a887888,/home/galoren/Freecurve_AI_Solvation/results/physics_probes/pimd2_lambda05_5ps/pyridine/output/Task5_MD_Transition_LIGAnnihilation_6__SYSTEM.ene,5.0,2
AS-P2-DENSE-PIMD2-001,calibration,pyridine,JUJWROOIHBZHMG-UHFFFAOYSA-N,c1ccncc1,Heterorings,0.6,7,False,/home/galoren/Freecurve_AI_Solvation/release/SolvAI/active_solvai/simulations/dense_pimd2/calibration/pyridine/lambda_0p60,/home/galoren/Freecurve_AI_Solvation/release/SolvAI/active_solvai/simulations/dense_pimd2/calibration/pyridine/lambda_0p60/conf.xml,5bda5f3210a1f72edaa0b90d70016bca234573ffcfe080e9830c983ecbf76722,/home/galoren/Freecurve_AI_Solvation/release/SolvAI/active_solvai/simulations/dense_pimd2/calibration/pyridine/lambda_0p60/output/PENDING_SYSTEM.ene,5.0,2
AS-P2-DENSE-PIMD2-001,calibration,pyridine,JUJWROOIHBZHMG-UHFFFAOYSA-N,c1ccncc1,Heterorings,0.7,8,False,/home/galoren/Freecurve_AI_Solvation/release/SolvAI/active_solvai/simulations/dense_pimd2/calibration/pyridine/lambda_0p70,/home/galoren/Freecurve_AI_Solvation/release/SolvAI/active_solvai/simulations/dense_pimd2/calibration/pyridine/lambda_0p70/conf.xml,10a17f6577cbc54ec64aa187b7e52452edccc886f3d4ffffa96ea8a6f622d0fb,/home/galoren/Freecurve_AI_Solvation/release/SolvAI/active_solvai/simulations/dense_pimd2/calibration/pyridine/lambda_0p70/output/PENDING_SYSTEM.ene,5.0,2
AS-P2-DENSE-PIMD2-001,calibration,pyridine,JUJWROOIHBZHMG-UHFFFAOYSA-N,c1ccncc1,Heterorings,0.75,9,False,/home/galoren/Freecurve_AI_Solvation/release/SolvAI/active_solvai/simulations/dense_pimd2/calibration/pyridine/lambda_0p75,/home/galoren/Freecurve_AI_Solvation/release/SolvAI/active_solvai/simulations/dense_pimd2/calibration/pyridine/lambda_0p75/conf.xml,a3f59583d4ff038f56dac7d210d727de56e56cb48b6639556bce62db210e173d,/home/galoren/Freecurve_AI_Solvation/release/SolvAI/active_solvai/simulations/dense_pimd2/calibration/pyridine/lambda_0p75/output/PENDING_SYSTEM.ene,5.0,2
AS-P2-DENSE-PIMD2-001,calibration,pyridine,JUJWROOIHBZHMG-UHFFFAOYSA-N,c1ccncc1,Heterorings,0.8,10,False,/home/galoren/Freecurve_AI_Solvation/release/SolvAI/active_solvai/simulations/dense_pimd2/calibration/pyridine/lambda_0p80,/home/galoren/Freecurve_AI_Solvation/release/SolvAI/active_solvai/simulations/dense_pimd2/calibration/pyridine/lambda_0p80/conf.xml,fa3ab82e02b7db366bff7610df8354411f4af97a45f991173284c58ed6b535c5,/home/galoren/Freecurve_AI_Solvation/release/SolvAI/active_solvai/simulations/dense_pimd2/calibration/pyridine/lambda_0p80/output/PENDING_SYSTEM.ene,5.0,2
AS-P2-DENSE-PIMD2-001,calibration,pyridine,JUJWROOIHBZHMG-UHFFFAOYSA-N,c1ccncc1,Heterorings,0.85,11,False,/home/galoren/Freecurve_AI_Solvation/release/SolvAI/active_solvai/simulations/dense_pimd2/calibration/pyridine/lambda_0p85,/home/galoren/Freecurve_AI_Solvation/release/SolvAI/active_solvai/simulations/dense_pimd2/calibration/pyridine/lambda_0p85/conf.xml,278072316af2b6f64bffabeb8e3ab7a350757c2a7c5233df13f0a7b897b2cdab,/home/galoren/Freecurve_AI_Solvation/release/SolvAI/active_solvai/simulations/dense_pimd2/calibration/pyridine/lambda_0p85/output/PENDING_SYSTEM.ene,5.0,2
AS-P2-DENSE-PIMD2-001,calibration,pyridine,JUJWROOIHBZHMG-UHFFFAOYSA-N,c1ccncc1,Heterorings,0.9,12,True,/home/galoren/Freecurve_AI_Solvation/results/physics_probes/pimd2_lambda09_5ps/pyridine,/home/galoren/Freecurve_AI_Solvation/results/physics_probes/pimd2_lambda09_5ps/pyridine/conf.xml,69a237114b788714ea6ae767785058382c4c17977bfb1e48b4cb7b414c80c9c6,/home/galoren/Freecurve_AI_Solvation/results/physics_probes/pimd2_lambda09_5ps/pyridine/output/Task5_MD_Transition_LIGAnnihilation_12__SYSTEM.ene,5.0,2
AS-P2-DENSE-PIMD2-001,calibration,pyridine,JUJWROOIHBZHMG-UHFFFAOYSA-N,c1ccncc1,Heterorings,0.95,13,False,/home/galoren/Freecurve_AI_Solvation/release/SolvAI/active_solvai/simulations/dense_pimd2/calibration/pyridine/lambda_0p95,/home/galoren/Freecurve_AI_Solvation/release/SolvAI/active_solvai/simulations/dense_pimd2/calibration/pyridine/lambda_0p95/conf.xml,2ab954bc6119371df950faad8d1c186ef40842fa079aabdba839d7d44853f99f,/home/galoren/Freecurve_AI_Solvation/release/SolvAI/active_solvai/simulations/dense_pimd2/calibration/pyridine/lambda_0p95/output/PENDING_SYSTEM.ene,5.0,2
AS-P2-DENSE-PIMD2-001,calibration,pyridine,JUJWROOIHBZHMG-UHFFFAOYSA-N,c1ccncc1,Heterorings,1.0,14,False,/home/galoren/Freecurve_AI_Solvation/release/SolvAI/active_solvai/simulations/dense_pimd2/calibration/pyridine/lambda_1p00,/home/galoren/Freecurve_AI_Solvation/release/SolvAI/active_solvai/simulations/dense_pimd2/calibration/pyridine/lambda_1p00/conf.xml,9a92aea8563dbacb1f83c386a205a167ed4f7531a713d1745dffbcddbea234b1,/home/galoren/Freecurve_AI_Solvation/release/SolvAI/active_solvai/simulations/dense_pimd2/calibration/pyridine/lambda_1p00/output/PENDING_SYSTEM.ene,5.0,2
AS-P2-DENSE-PIMD2-001,prospective,Acetamide,DLFVBJFMPXGRIB-UHFFFAOYSA-N,CC(N)=O,Amides,0.0,0,False,/home/galoren/Freecurve_AI_Solvation/release/SolvAI/active_solvai/simulations/dense_pimd2/prospective/acetamide/lambda_0p00,/home/galoren/Freecurve_AI_Solvation/release/SolvAI/active_solvai/simulations/dense_pimd2/prospective/acetamide/lambda_0p00/conf.xml,267b89f32f8ded1ea2a34559ebd8d7358310d96168e5d8e229279c5835aace35,/home/galoren/Freecurve_AI_Solvation/release/SolvAI/active_solvai/simulations/dense_pimd2/prospective/acetamide/lambda_0p00/output/PENDING_SYSTEM.ene,5.0,2
AS-P2-DENSE-PIMD2-001,prospective,Acetamide,DLFVBJFMPXGRIB-UHFFFAOYSA-N,CC(N)=O,Amides,0.05,1,False,/home/galoren/Freecurve_AI_Solvation/release/SolvAI/active_solvai/simulations/dense_pimd2/prospective/acetamide/lambda_0p05,/home/galoren/Freecurve_AI_Solvation/release/SolvAI/active_solvai/simulations/dense_pimd2/prospective/acetamide/lambda_0p05/conf.xml,1caa8622e35a539762bd3df43421f5d38124ecf4062428767b754d04c15f2715,/home/galoren/Freecurve_AI_Solvation/release/SolvAI/active_solvai/simulations/dense_pimd2/prospective/acetamide/lambda_0p05/output/PENDING_SYSTEM.ene,5.0,2
AS-P2-DENSE-PIMD2-001,prospective,Acetamide,DLFVBJFMPXGRIB-UHFFFAOYSA-N,CC(N)=O,Amides,0.1,2,True,/home/galoren/Freecurve_AI_Solvation/results/physics_probes/pimd2_lambda01_5ps/acetamide,/home/galoren/Freecurve_AI_Solvation/results/physics_probes/pimd2_lambda01_5ps/acetamide/conf.xml,1dbba4c111196a941171f9fa77f1f727c422e70d41f90531c0fa0d640b7c7b0c,/home/galoren/Freecurve_AI_Solvation/results/physics_probes/pimd2_lambda01_5ps/acetamide/output/Task5_MD_Transition_LIGAnnihilation_2__SYSTEM.ene,5.0,2
AS-P2-DENSE-PIMD2-001,prospective,Acetamide,DLFVBJFMPXGRIB-UHFFFAOYSA-N,CC(N)=O,Amides,0.2,3,False,/home/galoren/Freecurve_AI_Solvation/release/SolvAI/active_solvai/simulations/dense_pimd2/prospective/acetamide/lambda_0p20,/home/galoren/Freecurve_AI_Solvation/release/SolvAI/active_solvai/simulations/dense_pimd2/prospective/acetamide/lambda_0p20/conf.xml,f52a4a628e53342225ec84298ba8591976f931a2719a3a595f55e3900b46b51a,/home/galoren/Freecurve_AI_Solvation/release/SolvAI/active_solvai/simulations/dense_pimd2/prospective/acetamide/lambda_0p20/output/PENDING_SYSTEM.ene,5.0,2
AS-P2-DENSE-PIMD2-001,prospective,Acetamide,DLFVBJFMPXGRIB-UHFFFAOYSA-N,CC(N)=O,Amides,0.3,4,False,/home/galoren/Freecurve_AI_Solvation/release/SolvAI/active_solvai/simulations/dense_pimd2/prospective/acetamide/lambda_0p30,/home/galoren/Freecurve_AI_Solvation/release/SolvAI/active_solvai/simulations/dense_pimd2/prospective/acetamide/lambda_0p30/conf.xml,88ef9c6659fa889ad99081534456be24604391321fb0b6e32c009482b48386e3,/home/galoren/Freecurve_AI_Solvation/release/SolvAI/active_solvai/simulations/dense_pimd2/prospective/acetamide/lambda_0p30/output/PENDING_SYSTEM.ene,5.0,2
AS-P2-DENSE-PIMD2-001,prospective,Acetamide,DLFVBJFMPXGRIB-UHFFFAOYSA-N,CC(N)=O,Amides,0.4,5,False,/home/galoren/Freecurve_AI_Solvation/release/SolvAI/active_solvai/simulations/dense_pimd2/prospective/acetamide/lambda_0p40,/home/galoren/Freecurve_AI_Solvation/release/SolvAI/active_solvai/simulations/dense_pimd2/prospective/acetamide/lambda_0p40/conf.xml,acf5710df455749a1900a74f71dfa464fdac81f9fe6639c97d7342e9567d0ab3,/home/galoren/Freecurve_AI_Solvation/release/SolvAI/active_solvai/simulations/dense_pimd2/prospective/acetamide/lambda_0p40/output/PENDING_SYSTEM.ene,5.0,2
AS-P2-DENSE-PIMD2-001,prospective,Acetamide,DLFVBJFMPXGRIB-UHFFFAOYSA-N,CC(N)=O,Amides,0.5,6,True,/home/galoren/Freecurve_AI_Solvation/results/physics_probes/pimd2_lambda05_5ps/acetamide,/home/galoren/Freecurve_AI_Solvation/results/physics_probes/pimd2_lambda05_5ps/acetamide/conf.xml,a6f15e2792e7639ef4454aa09904b8f50409aaf817fd0d5e22c9ec9576eaf2d5,/home/galoren/Freecurve_AI_Solvation/results/physics_probes/pimd2_lambda05_5ps/acetamide/output/Task5_MD_Transition_LIGAnnihilation_6__SYSTEM.ene,5.0,2
AS-P2-DENSE-PIMD2-001,prospective,Acetamide,DLFVBJFMPXGRIB-UHFFFAOYSA-N,CC(N)=O,Amides,0.6,7,False,/home/galoren/Freecurve_AI_Solvation/release/SolvAI/active_solvai/simulations/dense_pimd2/prospective/acetamide/lambda_0p60,/home/galoren/Freecurve_AI_Solvation/release/SolvAI/active_solvai/simulations/dense_pimd2/prospective/acetamide/lambda_0p60/conf.xml,2e05da231d5ec38fd023a7e10ca78c95b21a66897b48894cf72296650f5bb34d,/home/galoren/Freecurve_AI_Solvation/release/SolvAI/active_solvai/simulations/dense_pimd2/prospective/acetamide/lambda_0p60/output/PENDING_SYSTEM.ene,5.0,2
AS-P2-DENSE-PIMD2-001,prospective,Acetamide,DLFVBJFMPXGRIB-UHFFFAOYSA-N,CC(N)=O,Amides,0.7,8,False,/home/galoren/Freecurve_AI_Solvation/release/SolvAI/active_solvai/simulations/dense_pimd2/prospective/acetamide/lambda_0p70,/home/galoren/Freecurve_AI_Solvation/release/SolvAI/active_solvai/simulations/dense_pimd2/prospective/acetamide/lambda_0p70/conf.xml,42dc519c21f709481d72a517edef6bfebdaf0f92011a2d6ef48517fe77205554,/home/galoren/Freecurve_AI_Solvation/release/SolvAI/active_solvai/simulations/dense_pimd2/prospective/acetamide/lambda_0p70/output/PENDING_SYSTEM.ene,5.0,2
AS-P2-DENSE-PIMD2-001,prospective,Acetamide,DLFVBJFMPXGRIB-UHFFFAOYSA-N,CC(N)=O,Amides,0.75,9,False,/home/galoren/Freecurve_AI_Solvation/release/SolvAI/active_solvai/simulations/dense_pimd2/prospective/acetamide/lambda_0p75,/home/galoren/Freecurve_AI_Solvation/release/SolvAI/active_solvai/simulations/dense_pimd2/prospective/acetamide/lambda_0p75/conf.xml,4b2032964d7e809bba207d254d5d82332bb2871eb846c1b848f5e338e968fcc0,/home/galoren/Freecurve_AI_Solvation/release/SolvAI/active_solvai/simulations/dense_pimd2/prospective/acetamide/lambda_0p75/output/PENDING_SYSTEM.ene,5.0,2
AS-P2-DENSE-PIMD2-001,prospective,Acetamide,DLFVBJFMPXGRIB-UHFFFAOYSA-N,CC(N)=O,Amides,0.8,10,False,/home/galoren/Freecurve_AI_Solvation/release/SolvAI/active_solvai/simulations/dense_pimd2/prospective/acetamide/lambda_0p80,/home/galoren/Freecurve_AI_Solvation/release/SolvAI/active_solvai/simulations/dense_pimd2/prospective/acetamide/lambda_0p80/conf.xml,4e9742ebc941c1230b459455d9d2cb962796b29bb7ad0f4a8eee153cbf852d3d,/home/galoren/Freecurve_AI_Solvation/release/SolvAI/active_solvai/simulations/dense_pimd2/prospective/acetamide/lambda_0p80/output/PENDING_SYSTEM.ene,5.0,2
AS-P2-DENSE-PIMD2-001,prospective,Acetamide,DLFVBJFMPXGRIB-UHFFFAOYSA-N,CC(N)=O,Amides,0.85,11,False,/home/galoren/Freecurve_AI_Solvation/release/SolvAI/active_solvai/simulations/dense_pimd2/prospective/acetamide/lambda_0p85,/home/galoren/Freecurve_AI_Solvation/release/SolvAI/active_solvai/simulations/dense_pimd2/prospective/acetamide/lambda_0p85/conf.xml,cca9844765cfd5f1b2cebd82bbb33de5a97fd77485cf6891aa99aec4b5218d7c,/home/galoren/Freecurve_AI_Solvation/release/SolvAI/active_solvai/simulations/dense_pimd2/prospective/acetamide/lambda_0p85/output/PENDING_SYSTEM.ene,5.0,2
AS-P2-DENSE-PIMD2-001,prospective,Acetamide,DLFVBJFMPXGRIB-UHFFFAOYSA-N,CC(N)=O,Amides,0.9,12,True,/home/galoren/Freecurve_AI_Solvation/results/physics_probes/pimd2_lambda09_5ps/acetamide,/home/galoren/Freecurve_AI_Solvation/results/physics_probes/pimd2_lambda09_5ps/acetamide/conf.xml,a7ed07d82e9e29820a36c58c32294b63ef1f1c65e8e65635f12ecca3ee4ff142,/home/galoren/Freecurve_AI_Solvation/results/physics_probes/pimd2_lambda09_5ps/acetamide/output/Task5_MD_Transition_LIGAnnihilation_12__SYSTEM.ene,5.0,2
AS-P2-DENSE-PIMD2-001,prospective,Acetamide,DLFVBJFMPXGRIB-UHFFFAOYSA-N,CC(N)=O,Amides,0.95,13,False,/home/galoren/Freecurve_AI_Solvation/release/SolvAI/active_solvai/simulations/dense_pimd2/prospective/acetamide/lambda_0p95,/home/galoren/Freecurve_AI_Solvation/release/SolvAI/active_solvai/simulations/dense_pimd2/prospective/acetamide/lambda_0p95/conf.xml,7e2293d4ad90f4b60b3cf6ea462aaef22c817269e1b07dcad084a76ff8eaf37a,/home/galoren/Freecurve_AI_Solvation/release/SolvAI/active_solvai/simulations/dense_pimd2/prospective/acetamide/lambda_0p95/output/PENDING_SYSTEM.ene,5.0,2
AS-P2-DENSE-PIMD2-001,prospective,Acetamide,DLFVBJFMPXGRIB-UHFFFAOYSA-N,CC(N)=O,Amides,1.0,14,False,/home/galoren/Freecurve_AI_Solvation/release/SolvAI/active_solvai/simulations/dense_pimd2/prospective/acetamide/lambda_1p00,/home/galoren/Freecurve_AI_Solvation/release/SolvAI/active_solvai/simulations/dense_pimd2/prospective/acetamide/lambda_1p00/conf.xml,1d762362fbfd4dc8af4437604349a7b0cd1655e49a28b9ed88d2c4bface1e15e,/home/galoren/Freecurve_AI_Solvation/release/SolvAI/active_solvai/simulations/dense_pimd2/prospective/acetamide/lambda_1p00/output/PENDING_SYSTEM.ene,5.0,2
AS-P2-DENSE-PIMD2-001,prospective,AceticAcid,QTBSBXVTEAMEQO-UHFFFAOYSA-N,CC(=O)O,Acids,0.0,0,False,/home/galoren/Freecurve_AI_Solvation/release/SolvAI/active_solvai/simulations/dense_pimd2/prospective/aceticacid/lambda_0p00,/home/galoren/Freecurve_AI_Solvation/release/SolvAI/active_solvai/simulations/dense_pimd2/prospective/aceticacid/lambda_0p00/conf.xml,c2a8e2a781a52ec01f859971c5be2b506aef5e5fda57476088a9f52a95c9ebaa,/home/galoren/Freecurve_AI_Solvation/release/SolvAI/active_solvai/simulations/dense_pimd2/prospective/aceticacid/lambda_0p00/output/PENDING_SYSTEM.ene,5.0,2
AS-P2-DENSE-PIMD2-001,prospective,AceticAcid,QTBSBXVTEAMEQO-UHFFFAOYSA-N,CC(=O)O,Acids,0.05,1,False,/home/galoren/Freecurve_AI_Solvation/release/SolvAI/active_solvai/simulations/dense_pimd2/prospective/aceticacid/lambda_0p05,/home/galoren/Freecurve_AI_Solvation/release/SolvAI/active_solvai/simulations/dense_pimd2/prospective/aceticacid/lambda_0p05/conf.xml,02fb0bbf3142431e7e667e744bdea3be6d9545689a2fe125a767e5bfd3aee01b,/home/galoren/Freecurve_AI_Solvation/release/SolvAI/active_solvai/simulations/dense_pimd2/prospective/aceticacid/lambda_0p05/output/PENDING_SYSTEM.ene,5.0,2
AS-P2-DENSE-PIMD2-001,prospective,AceticAcid,QTBSBXVTEAMEQO-UHFFFAOYSA-N,CC(=O)O,Acids,0.1,2,True,/home/galoren/Freecurve_AI_Solvation/results/physics_probes/pimd2_lambda01_5ps/aceticacid,/home/galoren/Freecurve_AI_Solvation/results/physics_probes/pimd2_lambda01_5ps/aceticacid/conf.xml,9b2e28f6d55c472ae7c94624a60bcd1e34eeff361ca1e9b0ab2dff4e48d8a05a,/home/galoren/Freecurve_AI_Solvation/results/physics_probes/pimd2_lambda01_5ps/aceticacid/output/Task5_MD_Transition_LIGAnnihilation_2__SYSTEM.ene,5.0,2
AS-P2-DENSE-PIMD2-001,prospective,AceticAcid,QTBSBXVTEAMEQO-UHFFFAOYSA-N,CC(=O)O,Acids,0.2,3,False,/home/galoren/Freecurve_AI_Solvation/release/SolvAI/active_solvai/simulations/dense_pimd2/prospective/aceticacid/lambda_0p20,/home/galoren/Freecurve_AI_Solvation/release/SolvAI/active_solvai/simulations/dense_pimd2/prospective/aceticacid/lambda_0p20/conf.xml,fe8cb2835a33282bedf214160b5d1bf5f079fcd35807da1d2250e119bcbb3c8d,/home/galoren/Freecurve_AI_Solvation/release/SolvAI/active_solvai/simulations/dense_pimd2/prospective/aceticacid/lambda_0p20/output/PENDING_SYSTEM.ene,5.0,2
AS-P2-DENSE-PIMD2-001,prospective,AceticAcid,QTBSBXVTEAMEQO-UHFFFAOYSA-N,CC(=O)O,Acids,0.3,4,False,/home/galoren/Freecurve_AI_Solvation/release/SolvAI/active_solvai/simulations/dense_pimd2/prospective/aceticacid/lambda_0p30,/home/galoren/Freecurve_AI_Solvation/release/SolvAI/active_solvai/simulations/dense_pimd2/prospective/aceticacid/lambda_0p30/conf.xml,7ebbdc73a22a59c41debbd1488385f0b325ed6caadd0e8e713fc80b41ebbf065,/home/galoren/Freecurve_AI_Solvation/release/SolvAI/active_solvai/simulations/dense_pimd2/prospective/aceticacid/lambda_0p30/output/PENDING_SYSTEM.ene,5.0,2
AS-P2-DENSE-PIMD2-001,prospective,AceticAcid,QTBSBXVTEAMEQO-UHFFFAOYSA-N,CC(=O)O,Acids,0.4,5,False,/home/galoren/Freecurve_AI_Solvation/release/SolvAI/active_solvai/simulations/dense_pimd2/prospective/aceticacid/lambda_0p40,/home/galoren/Freecurve_AI_Solvation/release/SolvAI/active_solvai/simulations/dense_pimd2/prospective/aceticacid/lambda_0p40/conf.xml,8c81027dac5dc0cabb16d026c3d712bbeec81b03b090e1c9d5291bceda9d4400,/home/galoren/Freecurve_AI_Solvation/release/SolvAI/active_solvai/simulations/dense_pimd2/prospective/aceticacid/lambda_0p40/output/PENDING_SYSTEM.ene,5.0,2
AS-P2-DENSE-PIMD2-001,prospective,AceticAcid,QTBSBXVTEAMEQO-UHFFFAOYSA-N,CC(=O)O,Acids,0.5,6,True,/home/galoren/Freecurve_AI_Solvation/results/physics_probes/pimd2_lambda05_5ps/aceticacid,/home/galoren/Freecurve_AI_Solvation/results/physics_probes/pimd2_lambda05_5ps/aceticacid/conf.xml,f56a5a37b0223f98fa67177ea37ed7bec56363fa1f9a126e91068d07587c3515,/home/galoren/Freecurve_AI_Solvation/results/physics_probes/pimd2_lambda05_5ps/aceticacid/output/Task5_MD_Transition_LIGAnnihilation_6__SYSTEM.ene,5.0,2
AS-P2-DENSE-PIMD2-001,prospective,AceticAcid,QTBSBXVTEAMEQO-UHFFFAOYSA-N,CC(=O)O,Acids,0.6,7,False,/home/galoren/Freecurve_AI_Solvation/release/SolvAI/active_solvai/simulations/dense_pimd2/prospective/aceticacid/lambda_0p60,/home/galoren/Freecurve_AI_Solvation/release/SolvAI/active_solvai/simulations/dense_pimd2/prospective/aceticacid/lambda_0p60/conf.xml,8689ded13351f0c51282c3341f96eb37081258ffdc8c80101c415806bca8062b,/home/galoren/Freecurve_AI_Solvation/release/SolvAI/active_solvai/simulations/dense_pimd2/prospective/aceticacid/lambda_0p60/output/PENDING_SYSTEM.ene,5.0,2
AS-P2-DENSE-PIMD2-001,prospective,AceticAcid,QTBSBXVTEAMEQO-UHFFFAOYSA-N,CC(=O)O,Acids,0.7,8,False,/home/galoren/Freecurve_AI_Solvation/release/SolvAI/active_solvai/simulations/dense_pimd2/prospective/aceticacid/lambda_0p70,/home/galoren/Freecurve_AI_Solvation/release/SolvAI/active_solvai/simulations/dense_pimd2/prospective/aceticacid/lambda_0p70/conf.xml,04ebead99817731ba84a5066ce86d630aa75dce5f5d0ed4502f201cbf4c7c548,/home/galoren/Freecurve_AI_Solvation/release/SolvAI/active_solvai/simulations/dense_pimd2/prospective/aceticacid/lambda_0p70/output/PENDING_SYSTEM.ene,5.0,2
AS-P2-DENSE-PIMD2-001,prospective,AceticAcid,QTBSBXVTEAMEQO-UHFFFAOYSA-N,CC(=O)O,Acids,0.75,9,False,/home/galoren/Freecurve_AI_Solvation/release/SolvAI/active_solvai/simulations/dense_pimd2/prospective/aceticacid/lambda_0p75,/home/galoren/Freecurve_AI_Solvation/release/SolvAI/active_solvai/simulations/dense_pimd2/prospective/aceticacid/lambda_0p75/conf.xml,77eeb2a1461dc24f23f7a1124838a645c83e1b2df554cf66b3de5da0dbccbd92,/home/galoren/Freecurve_AI_Solvation/release/SolvAI/active_solvai/simulations/dense_pimd2/prospective/aceticacid/lambda_0p75/output/PENDING_SYSTEM.ene,5.0,2
AS-P2-DENSE-PIMD2-001,prospective,AceticAcid,QTBSBXVTEAMEQO-UHFFFAOYSA-N,CC(=O)O,Acids,0.8,10,False,/home/galoren/Freecurve_AI_Solvation/release/SolvAI/active_solvai/simulations/dense_pimd2/prospective/aceticacid/lambda_0p80,/home/galoren/Freecurve_AI_Solvation/release/SolvAI/active_solvai/simulations/dense_pimd2/prospective/aceticacid/lambda_0p80/conf.xml,680606c51c06698bc469367f43e867c3e2cec907533a46a3d194be26411521f2,/home/galoren/Freecurve_AI_Solvation/release/SolvAI/active_solvai/simulations/dense_pimd2/prospective/aceticacid/lambda_0p80/output/PENDING_SYSTEM.ene,5.0,2
AS-P2-DENSE-PIMD2-001,prospective,AceticAcid,QTBSBXVTEAMEQO-UHFFFAOYSA-N,CC(=O)O,Acids,0.85,11,False,/home/galoren/Freecurve_AI_Solvation/release/SolvAI/active_solvai/simulations/dense_pimd2/prospective/aceticacid/lambda_0p85,/home/galoren/Freecurve_AI_Solvation/release/SolvAI/active_solvai/simulations/dense_pimd2/prospective/aceticacid/lambda_0p85/conf.xml,8352d02226e3e07118dc29f38861eb7a99b3a84e7471806328870ac1eec4a29a,/home/galoren/Freecurve_AI_Solvation/release/SolvAI/active_solvai/simulations/dense_pimd2/prospective/aceticacid/lambda_0p85/output/PENDING_SYSTEM.ene,5.0,2
AS-P2-DENSE-PIMD2-001,prospective,AceticAcid,QTBSBXVTEAMEQO-UHFFFAOYSA-N,CC(=O)O,Acids,0.9,12,True,/home/galoren/Freecurve_AI_Solvation/results/physics_probes/pimd2_lambda09_5ps/aceticacid,/home/galoren/Freecurve_AI_Solvation/results/physics_probes/pimd2_lambda09_5ps/aceticacid/conf.xml,36006a66881e73731db907f1ad68492337d8180423d05d26eab9ea1ea54e8003,/home/galoren/Freecurve_AI_Solvation/results/physics_probes/pimd2_lambda09_5ps/aceticacid/output/Task5_MD_Transition_LIGAnnihilation_12__SYSTEM.ene,5.0,2
AS-P2-DENSE-PIMD2-001,prospective,AceticAcid,QTBSBXVTEAMEQO-UHFFFAOYSA-N,CC(=O)O,Acids,0.95,13,False,/home/galoren/Freecurve_AI_Solvation/release/SolvAI/active_solvai/simulations/dense_pimd2/prospective/aceticacid/lambda_0p95,/home/galoren/Freecurve_AI_Solvation/release/SolvAI/active_solvai/simulations/dense_pimd2/prospective/aceticacid/lambda_0p95/conf.xml,50ec0d38e006612eadd90048799e5cac0795c3eb2032941c69d663f7588c244e,/home/galoren/Freecurve_AI_Solvation/release/SolvAI/active_solvai/simulations/dense_pimd2/prospective/aceticacid/lambda_0p95/output/PENDING_SYSTEM.ene,5.0,2
AS-P2-DENSE-PIMD2-001,prospective,AceticAcid,QTBSBXVTEAMEQO-UHFFFAOYSA-N,CC(=O)O,Acids,1.0,14,False,/home/galoren/Freecurve_AI_Solvation/release/SolvAI/active_solvai/simulations/dense_pimd2/prospective/aceticacid/lambda_1p00,/home/galoren/Freecurve_AI_Solvation/release/SolvAI/active_solvai/simulations/dense_pimd2/prospective/aceticacid/lambda_1p00/conf.xml,addb491c5bfd1e08ec236f43b24a02501e680fc1bce5954f49229e09c719d436,/home/galoren/Freecurve_AI_Solvation/release/SolvAI/active_solvai/simulations/dense_pimd2/prospective/aceticacid/lambda_1p00/output/PENDING_SYSTEM.ene,5.0,2
AS-P2-DENSE-PIMD2-001,prospective,Anthracene,MWPLVEDNUUSJAV-UHFFFAOYSA-N,c1ccc2cc3ccccc3cc2c1,Aromatics,0.0,0,False,/home/galoren/Freecurve_AI_Solvation/release/SolvAI/active_solvai/simulations/dense_pimd2/prospective/anthracene/lambda_0p00,/home/galoren/Freecurve_AI_Solvation/release/SolvAI/active_solvai/simulations/dense_pimd2/prospective/anthracene/lambda_0p00/conf.xml,ec4c5350664ea4376ef77eee44ce3ed8280d352c08bca5eb4cf6a1e16ab092de,/home/galoren/Freecurve_AI_Solvation/release/SolvAI/active_solvai/simulations/dense_pimd2/prospective/anthracene/lambda_0p00/output/PENDING_SYSTEM.ene,5.0,2
AS-P2-DENSE-PIMD2-001,prospective,Anthracene,MWPLVEDNUUSJAV-UHFFFAOYSA-N,c1ccc2cc3ccccc3cc2c1,Aromatics,0.05,1,False,/home/galoren/Freecurve_AI_Solvation/release/SolvAI/active_solvai/simulations/dense_pimd2/prospective/anthracene/lambda_0p05,/home/galoren/Freecurve_AI_Solvation/release/SolvAI/active_solvai/simulations/dense_pimd2/prospective/anthracene/lambda_0p05/conf.xml,bccd455cd115c46648f6474f488e9df51ffe609fefefb1eed48080258382bd20,/home/galoren/Freecurve_AI_Solvation/release/SolvAI/active_solvai/simulations/dense_pimd2/prospective/anthracene/lambda_0p05/output/PENDING_SYSTEM.ene,5.0,2
AS-P2-DENSE-PIMD2-001,prospective,Anthracene,MWPLVEDNUUSJAV-UHFFFAOYSA-N,c1ccc2cc3ccccc3cc2c1,Aromatics,0.1,2,True,/home/galoren/Freecurve_AI_Solvation/results/physics_probes/pimd2_lambda01_5ps/anthracene,/home/galoren/Freecurve_AI_Solvation/results/physics_probes/pimd2_lambda01_5ps/anthracene/conf.xml,b7228c23fbb6b70e82a27aaabc87dc15c724ccb329e680d21a1033e0adc4d004,/home/galoren/Freecurve_AI_Solvation/results/physics_probes/pimd2_lambda01_5ps/anthracene/output/Task5_MD_Transition_LIGAnnihilation_2__SYSTEM.ene,5.0,2
AS-P2-DENSE-PIMD2-001,prospective,Anthracene,MWPLVEDNUUSJAV-UHFFFAOYSA-N,c1ccc2cc3ccccc3cc2c1,Aromatics,0.2,3,False,/home/galoren/Freecurve_AI_Solvation/release/SolvAI/active_solvai/simulations/dense_pimd2/prospective/anthracene/lambda_0p20,/home/galoren/Freecurve_AI_Solvation/release/SolvAI/active_solvai/simulations/dense_pimd2/prospective/anthracene/lambda_0p20/conf.xml,81d4ba4de42bcba9b17150cbf345f8206e4e8fc1659c02659a92efa264a38a70,/home/galoren/Freecurve_AI_Solvation/release/SolvAI/active_solvai/simulations/dense_pimd2/prospective/anthracene/lambda_0p20/output/PENDING_SYSTEM.ene,5.0,2
AS-P2-DENSE-PIMD2-001,prospective,Anthracene,MWPLVEDNUUSJAV-UHFFFAOYSA-N,c1ccc2cc3ccccc3cc2c1,Aromatics,0.3,4,False,/home/galoren/Freecurve_AI_Solvation/release/SolvAI/active_solvai/simulations/dense_pimd2/prospective/anthracene/lambda_0p30,/home/galoren/Freecurve_AI_Solvation/release/SolvAI/active_solvai/simulations/dense_pimd2/prospective/anthracene/lambda_0p30/conf.xml,4a25b131831e18a70d4c5203d691e056f65fa5bd36d9a183e1d0c0d43a8a70d5,/home/galoren/Freecurve_AI_Solvation/release/SolvAI/active_solvai/simulations/dense_pimd2/prospective/anthracene/lambda_0p30/output/PENDING_SYSTEM.ene,5.0,2
AS-P2-DENSE-PIMD2-001,prospective,Anthracene,MWPLVEDNUUSJAV-UHFFFAOYSA-N,c1ccc2cc3ccccc3cc2c1,Aromatics,0.4,5,False,/home/galoren/Freecurve_AI_Solvation/release/SolvAI/active_solvai/simulations/dense_pimd2/prospective/anthracene/lambda_0p40,/home/galoren/Freecurve_AI_Solvation/release/SolvAI/active_solvai/simulations/dense_pimd2/prospective/anthracene/lambda_0p40/conf.xml,b582bd6c1018ef24893670caa7ff9faf5d7980da07e4c626ad4adf765d88a960,/home/galoren/Freecurve_AI_Solvation/release/SolvAI/active_solvai/simulations/dense_pimd2/prospective/anthracene/lambda_0p40/output/PENDING_SYSTEM.ene,5.0,2
AS-P2-DENSE-PIMD2-001,prospective,Anthracene,MWPLVEDNUUSJAV-UHFFFAOYSA-N,c1ccc2cc3ccccc3cc2c1,Aromatics,0.5,6,True,/home/galoren/Freecurve_AI_Solvation/results/physics_probes/pimd2_lambda05_5ps/anthracene,/home/galoren/Freecurve_AI_Solvation/results/physics_probes/pimd2_lambda05_5ps/anthracene/conf.xml,3a34060fd836406771fb3c2b6dcf86c5428299969093bbf5dcbb752323ba3914,/home/galoren/Freecurve_AI_Solvation/results/physics_probes/pimd2_lambda05_5ps/anthracene/output/Task5_MD_Transition_LIGAnnihilation_6__SYSTEM.ene,5.0,2
AS-P2-DENSE-PIMD2-001,prospective,Anthracene,MWPLVEDNUUSJAV-UHFFFAOYSA-N,c1ccc2cc3ccccc3cc2c1,Aromatics,0.6,7,False,/home/galoren/Freecurve_AI_Solvation/release/SolvAI/active_solvai/simulations/dense_pimd2/prospective/anthracene/lambda_0p60,/home/galoren/Freecurve_AI_Solvation/release/SolvAI/active_solvai/simulations/dense_pimd2/prospective/anthracene/lambda_0p60/conf.xml,349dfbf4bb3e45db20a92b5657011c9df7a9b6ce15baf7771a4cfe065641fd6a,/home/galoren/Freecurve_AI_Solvation/release/SolvAI/active_solvai/simulations/dense_pimd2/prospective/anthracene/lambda_0p60/output/PENDING_SYSTEM.ene,5.0,2
AS-P2-DENSE-PIMD2-001,prospective,Anthracene,MWPLVEDNUUSJAV-UHFFFAOYSA-N,c1ccc2cc3ccccc3cc2c1,Aromatics,0.7,8,False,/home/galoren/Freecurve_AI_Solvation/release/SolvAI/active_solvai/simulations/dense_pimd2/prospective/anthracene/lambda_0p70,/home/galoren/Freecurve_AI_Solvation/release/SolvAI/active_solvai/simulations/dense_pimd2/prospective/anthracene/lambda_0p70/conf.xml,f6cc0e6de7da34bc692ac06b699a0f84cd233d0a48f13ec96da7966344c86d04,/home/galoren/Freecurve_AI_Solvation/release/SolvAI/active_solvai/simulations/dense_pimd2/prospective/anthracene/lambda_0p70/output/PENDING_SYSTEM.ene,5.0,2
AS-P2-DENSE-PIMD2-001,prospective,Anthracene,MWPLVEDNUUSJAV-UHFFFAOYSA-N,c1ccc2cc3ccccc3cc2c1,Aromatics,0.75,9,False,/home/galoren/Freecurve_AI_Solvation/release/SolvAI/active_solvai/simulations/dense_pimd2/prospective/anthracene/lambda_0p75,/home/galoren/Freecurve_AI_Solvation/release/SolvAI/active_solvai/simulations/dense_pimd2/prospective/anthracene/lambda_0p75/conf.xml,8c23771b8dedeaa17897d113bc1a9dcc8dec6fc3fe7f170889b5c5b104968669,/home/galoren/Freecurve_AI_Solvation/release/SolvAI/active_solvai/simulations/dense_pimd2/prospective/anthracene/lambda_0p75/output/PENDING_SYSTEM.ene,5.0,2
AS-P2-DENSE-PIMD2-001,prospective,Anthracene,MWPLVEDNUUSJAV-UHFFFAOYSA-N,c1ccc2cc3ccccc3cc2c1,Aromatics,0.8,10,False,/home/galoren/Freecurve_AI_Solvation/release/SolvAI/active_solvai/simulations/dense_pimd2/prospective/anthracene/lambda_0p80,/home/galoren/Freecurve_AI_Solvation/release/SolvAI/active_solvai/simulations/dense_pimd2/prospective/anthracene/lambda_0p80/conf.xml,31ef20cf35eac08444cb651eeeae606fdcc506554a899186510fe590ab9a7c70,/home/galoren/Freecurve_AI_Solvation/release/SolvAI/active_solvai/simulations/dense_pimd2/prospective/anthracene/lambda_0p80/output/PENDING_SYSTEM.ene,5.0,2
AS-P2-DENSE-PIMD2-001,prospective,Anthracene,MWPLVEDNUUSJAV-UHFFFAOYSA-N,c1ccc2cc3ccccc3cc2c1,Aromatics,0.85,11,False,/home/galoren/Freecurve_AI_Solvation/release/SolvAI/active_solvai/simulations/dense_pimd2/prospective/anthracene/lambda_0p85,/home/galoren/Freecurve_AI_Solvation/release/SolvAI/active_solvai/simulations/dense_pimd2/prospective/anthracene/lambda_0p85/conf.xml,abaf5e45b463fa71ab61a139b2cf126f1c63d5c932743adecb643d1286fbf3a2,/home/galoren/Freecurve_AI_Solvation/release/SolvAI/active_solvai/simulations/dense_pimd2/prospective/anthracene/lambda_0p85/output/PENDING_SYSTEM.ene,5.0,2
AS-P2-DENSE-PIMD2-001,prospective,Anthracene,MWPLVEDNUUSJAV-UHFFFAOYSA-N,c1ccc2cc3ccccc3cc2c1,Aromatics,0.9,12,True,/home/galoren/Freecurve_AI_Solvation/results/physics_probes/pimd2_lambda09_5ps/anthracene,/home/galoren/Freecurve_AI_Solvation/results/physics_probes/pimd2_lambda09_5ps/anthracene/conf.xml,b27944edf6b4e709e397135419702fc2b7b659e5e94439f43b23198e2bed16b2,/home/galoren/Freecurve_AI_Solvation/results/physics_probes/pimd2_lambda09_5ps/anthracene/output/Task5_MD_Transition_LIGAnnihilation_12__SYSTEM.ene,5.0,2
AS-P2-DENSE-PIMD2-001,prospective,Anthracene,MWPLVEDNUUSJAV-UHFFFAOYSA-N,c1ccc2cc3ccccc3cc2c1,Aromatics,0.95,13,False,/home/galoren/Freecurve_AI_Solvation/release/SolvAI/active_solvai/simulations/dense_pimd2/prospective/anthracene/lambda_0p95,/home/galoren/Freecurve_AI_Solvation/release/SolvAI/active_solvai/simulations/dense_pimd2/prospective/anthracene/lambda_0p95/conf.xml,ef4fcc1dfaf56ec577ccdd912cf30f1e116f9dbb5f36b003a8637cce16d4ef7f,/home/galoren/Freecurve_AI_Solvation/release/SolvAI/active_solvai/simulations/dense_pimd2/prospective/anthracene/lambda_0p95/output/PENDING_SYSTEM.ene,5.0,2
AS-P2-DENSE-PIMD2-001,prospective,Anthracene,MWPLVEDNUUSJAV-UHFFFAOYSA-N,c1ccc2cc3ccccc3cc2c1,Aromatics,1.0,14,False,/home/galoren/Freecurve_AI_Solvation/release/SolvAI/active_solvai/simulations/dense_pimd2/prospective/anthracene/lambda_1p00,/home/galoren/Freecurve_AI_Solvation/release/SolvAI/active_solvai/simulations/dense_pimd2/prospective/anthracene/lambda_1p00/conf.xml,1625b53078c219c02b4f35d6f73736a61059f08d5bb7c2b8ddb12cbe9c2d2c88,/home/galoren/Freecurve_AI_Solvation/release/SolvAI/active_solvai/simulations/dense_pimd2/prospective/anthracene/lambda_1p00/output/PENDING_SYSTEM.ene,5.0,2
AS-P2-DENSE-PIMD2-001,prospective,Cyclohexane,XDTMQSROBMDMFD-UHFFFAOYSA-N,C1CCCCC1,Alkanes,0.0,0,False,/home/galoren/Freecurve_AI_Solvation/release/SolvAI/active_solvai/simulations/dense_pimd2/prospective/cyclohexane/lambda_0p00,/home/galoren/Freecurve_AI_Solvation/release/SolvAI/active_solvai/simulations/dense_pimd2/prospective/cyclohexane/lambda_0p00/conf.xml,6b2c99ce2a9da4ba3afcaf3db8bc891969d5a4ddd6026aafb18906ac11ae1cd8,/home/galoren/Freecurve_AI_Solvation/release/SolvAI/active_solvai/simulations/dense_pimd2/prospective/cyclohexane/lambda_0p00/output/PENDING_SYSTEM.ene,5.0,2
AS-P2-DENSE-PIMD2-001,prospective,Cyclohexane,XDTMQSROBMDMFD-UHFFFAOYSA-N,C1CCCCC1,Alkanes,0.05,1,False,/home/galoren/Freecurve_AI_Solvation/release/SolvAI/active_solvai/simulations/dense_pimd2/prospective/cyclohexane/lambda_0p05,/home/galoren/Freecurve_AI_Solvation/release/SolvAI/active_solvai/simulations/dense_pimd2/prospective/cyclohexane/lambda_0p05/conf.xml,821257f22ec3fe6cc8f0ee709014e7b0d15d98ee799179d1740c10ad381f7fea,/home/galoren/Freecurve_AI_Solvation/release/SolvAI/active_solvai/simulations/dense_pimd2/prospective/cyclohexane/lambda_0p05/output/PENDING_SYSTEM.ene,5.0,2
AS-P2-DENSE-PIMD2-001,prospective,Cyclohexane,XDTMQSROBMDMFD-UHFFFAOYSA-N,C1CCCCC1,Alkanes,0.1,2,True,/home/galoren/Freecurve_AI_Solvation/results/physics_probes/pimd2_lambda01_5ps/cyclohexane,/home/galoren/Freecurve_AI_Solvation/results/physics_probes/pimd2_lambda01_5ps/cyclohexane/conf.xml,9f41ea067c2a9101acd49afca631526862538b4054eda6294303b4e98ca63427,/home/galoren/Freecurve_AI_Solvation/results/physics_probes/pimd2_lambda01_5ps/cyclohexane/output/Task5_MD_Transition_LIGAnnihilation_2__SYSTEM.ene,5.0,2
AS-P2-DENSE-PIMD2-001,prospective,Cyclohexane,XDTMQSROBMDMFD-UHFFFAOYSA-N,C1CCCCC1,Alkanes,0.2,3,False,/home/galoren/Freecurve_AI_Solvation/release/SolvAI/active_solvai/simulations/dense_pimd2/prospective/cyclohexane/lambda_0p20,/home/galoren/Freecurve_AI_Solvation/release/SolvAI/active_solvai/simulations/dense_pimd2/prospective/cyclohexane/lambda_0p20/conf.xml,708975ac1eff6ba17f7e8e774f2b4975ad10708f20a76d5011c7f6267942def1,/home/galoren/Freecurve_AI_Solvation/release/SolvAI/active_solvai/simulations/dense_pimd2/prospective/cyclohexane/lambda_0p20/output/PENDING_SYSTEM.ene,5.0,2
AS-P2-DENSE-PIMD2-001,prospective,Cyclohexane,XDTMQSROBMDMFD-UHFFFAOYSA-N,C1CCCCC1,Alkanes,0.3,4,False,/home/galoren/Freecurve_AI_Solvation/release/SolvAI/active_solvai/simulations/dense_pimd2/prospective/cyclohexane/lambda_0p30,/home/galoren/Freecurve_AI_Solvation/release/SolvAI/active_solvai/simulations/dense_pimd2/prospective/cyclohexane/lambda_0p30/conf.xml,f0da5312c5cea1070f087be034cf739ef92b4c1ea19e5bd3044747be12707703,/home/galoren/Freecurve_AI_Solvation/release/SolvAI/active_solvai/simulations/dense_pimd2/prospective/cyclohexane/lambda_0p30/output/PENDING_SYSTEM.ene,5.0,2
AS-P2-DENSE-PIMD2-001,prospective,Cyclohexane,XDTMQSROBMDMFD-UHFFFAOYSA-N,C1CCCCC1,Alkanes,0.4,5,False,/home/galoren/Freecurve_AI_Solvation/release/SolvAI/active_solvai/simulations/dense_pimd2/prospective/cyclohexane/lambda_0p40,/home/galoren/Freecurve_AI_Solvation/release/SolvAI/active_solvai/simulations/dense_pimd2/prospective/cyclohexane/lambda_0p40/conf.xml,723a6e3bea209c44b4404a6365de151ea9ea0d591134b1fb0bab81039f498f05,/home/galoren/Freecurve_AI_Solvation/release/SolvAI/active_solvai/simulations/dense_pimd2/prospective/cyclohexane/lambda_0p40/output/PENDING_SYSTEM.ene,5.0,2
AS-P2-DENSE-PIMD2-001,prospective,Cyclohexane,XDTMQSROBMDMFD-UHFFFAOYSA-N,C1CCCCC1,Alkanes,0.5,6,True,/home/galoren/Freecurve_AI_Solvation/results/physics_probes/pimd2_lambda05_5ps/cyclohexane,/home/galoren/Freecurve_AI_Solvation/results/physics_probes/pimd2_lambda05_5ps/cyclohexane/conf.xml,1f4bbbd27d6903b1741f063b5357dcc7cf49364dac8be1b51978c71b88711899,/home/galoren/Freecurve_AI_Solvation/results/physics_probes/pimd2_lambda05_5ps/cyclohexane/output/Task5_MD_Transition_LIGAnnihilation_6__SYSTEM.ene,5.0,2
AS-P2-DENSE-PIMD2-001,prospective,Cyclohexane,XDTMQSROBMDMFD-UHFFFAOYSA-N,C1CCCCC1,Alkanes,0.6,7,False,/home/galoren/Freecurve_AI_Solvation/release/SolvAI/active_solvai/simulations/dense_pimd2/prospective/cyclohexane/lambda_0p60,/home/galoren/Freecurve_AI_Solvation/release/SolvAI/active_solvai/simulations/dense_pimd2/prospective/cyclohexane/lambda_0p60/conf.xml,4b5b1806d11dafbc4f7c9ddee40cc5e58a05fb2e78cbff66a1b484ffeae6ba33,/home/galoren/Freecurve_AI_Solvation/release/SolvAI/active_solvai/simulations/dense_pimd2/prospective/cyclohexane/lambda_0p60/output/PENDING_SYSTEM.ene,5.0,2
AS-P2-DENSE-PIMD2-001,prospective,Cyclohexane,XDTMQSROBMDMFD-UHFFFAOYSA-N,C1CCCCC1,Alkanes,0.7,8,False,/home/galoren/Freecurve_AI_Solvation/release/SolvAI/active_solvai/simulations/dense_pimd2/prospective/cyclohexane/lambda_0p70,/home/galoren/Freecurve_AI_Solvation/release/SolvAI/active_solvai/simulations/dense_pimd2/prospective/cyclohexane/lambda_0p70/conf.xml,6f4429a40eac5f9cfee6bc4bb9e6e0916c5fb1cc54096531e884ec38a24437b6,/home/galoren/Freecurve_AI_Solvation/release/SolvAI/active_solvai/simulations/dense_pimd2/prospective/cyclohexane/lambda_0p70/output/PENDING_SYSTEM.ene,5.0,2
AS-P2-DENSE-PIMD2-001,prospective,Cyclohexane,XDTMQSROBMDMFD-UHFFFAOYSA-N,C1CCCCC1,Alkanes,0.75,9,False,/home/galoren/Freecurve_AI_Solvation/release/SolvAI/active_solvai/simulations/dense_pimd2/prospective/cyclohexane/lambda_0p75,/home/galoren/Freecurve_AI_Solvation/release/SolvAI/active_solvai/simulations/dense_pimd2/prospective/cyclohexane/lambda_0p75/conf.xml,a05241590fd11d98b9b379db22f5bcf34b3347e3403f8517e2d2dd186e113942,/home/galoren/Freecurve_AI_Solvation/release/SolvAI/active_solvai/simulations/dense_pimd2/prospective/cyclohexane/lambda_0p75/output/PENDING_SYSTEM.ene,5.0,2
AS-P2-DENSE-PIMD2-001,prospective,Cyclohexane,XDTMQSROBMDMFD-UHFFFAOYSA-N,C1CCCCC1,Alkanes,0.8,10,False,/home/galoren/Freecurve_AI_Solvation/release/SolvAI/active_solvai/simulations/dense_pimd2/prospective/cyclohexane/lambda_0p80,/home/galoren/Freecurve_AI_Solvation/release/SolvAI/active_solvai/simulations/dense_pimd2/prospective/cyclohexane/lambda_0p80/conf.xml,0bf751ba398eeec0623fb0058e5953b5f0bb4202c445defc5e7923120c28fe1e,/home/galoren/Freecurve_AI_Solvation/release/SolvAI/active_solvai/simulations/dense_pimd2/prospective/cyclohexane/lambda_0p80/output/PENDING_SYSTEM.ene,5.0,2
AS-P2-DENSE-PIMD2-001,prospective,Cyclohexane,XDTMQSROBMDMFD-UHFFFAOYSA-N,C1CCCCC1,Alkanes,0.85,11,False,/home/galoren/Freecurve_AI_Solvation/release/SolvAI/active_solvai/simulations/dense_pimd2/prospective/cyclohexane/lambda_0p85,/home/galoren/Freecurve_AI_Solvation/release/SolvAI/active_solvai/simulations/dense_pimd2/prospective/cyclohexane/lambda_0p85/conf.xml,a19e149d79fda07773cbde337e2d0d5b3c99f81323072a62d8903254888c8fe9,/home/galoren/Freecurve_AI_Solvation/release/SolvAI/active_solvai/simulations/dense_pimd2/prospective/cyclohexane/lambda_0p85/output/PENDING_SYSTEM.ene,5.0,2
AS-P2-DENSE-PIMD2-001,prospective,Cyclohexane,XDTMQSROBMDMFD-UHFFFAOYSA-N,C1CCCCC1,Alkanes,0.9,12,True,/home/galoren/Freecurve_AI_Solvation/results/physics_probes/pimd2_lambda09_5ps/cyclohexane,/home/galoren/Freecurve_AI_Solvation/results/physics_probes/pimd2_lambda09_5ps/cyclohexane/conf.xml,0c3b4b193a650a440e3050080c1589ba922f8dd2f5b4f34814e50cbcf56e3873,/home/galoren/Freecurve_AI_Solvation/results/physics_probes/pimd2_lambda09_5ps/cyclohexane/output/Task5_MD_Transition_LIGAnnihilation_12__SYSTEM.ene,5.0,2
AS-P2-DENSE-PIMD2-001,prospective,Cyclohexane,XDTMQSROBMDMFD-UHFFFAOYSA-N,C1CCCCC1,Alkanes,0.95,13,False,/home/galoren/Freecurve_AI_Solvation/release/SolvAI/active_solvai/simulations/dense_pimd2/prospective/cyclohexane/lambda_0p95,/home/galoren/Freecurve_AI_Solvation/release/SolvAI/active_solvai/simulations/dense_pimd2/prospective/cyclohexane/lambda_0p95/conf.xml,11f070b57e6f1d7079ba45bbbefe2d156de33a854ccf92000da38102da8f4605,/home/galoren/Freecurve_AI_Solvation/release/SolvAI/active_solvai/simulations/dense_pimd2/prospective/cyclohexane/lambda_0p95/output/PENDING_SYSTEM.ene,5.0,2
AS-P2-DENSE-PIMD2-001,prospective,Cyclohexane,XDTMQSROBMDMFD-UHFFFAOYSA-N,C1CCCCC1,Alkanes,1.0,14,False,/home/galoren/Freecurve_AI_Solvation/release/SolvAI/active_solvai/simulations/dense_pimd2/prospective/cyclohexane/lambda_1p00,/home/galoren/Freecurve_AI_Solvation/release/SolvAI/active_solvai/simulations/dense_pimd2/prospective/cyclohexane/lambda_1p00/conf.xml,ab0501f0272507d881fb76d618adae1ebdca25c18961d5b7fd249f2ea53f242b,/home/galoren/Freecurve_AI_Solvation/release/SolvAI/active_solvai/simulations/dense_pimd2/prospective/cyclohexane/lambda_1p00/output/PENDING_SYSTEM.ene,5.0,2
AS-P2-DENSE-PIMD2-001,prospective,DiMethylEther,LCGLNKUTAGEVQW-UHFFFAOYSA-N,COC,Ethers,0.0,0,False,/home/galoren/Freecurve_AI_Solvation/release/SolvAI/active_solvai/simulations/dense_pimd2/prospective/dimethylether/lambda_0p00,/home/galoren/Freecurve_AI_Solvation/release/SolvAI/active_solvai/simulations/dense_pimd2/prospective/dimethylether/lambda_0p00/conf.xml,0eee78b047301c4147b576abedc951b9e06905697ba27155e7ce13ae8d66805d,/home/galoren/Freecurve_AI_Solvation/release/SolvAI/active_solvai/simulations/dense_pimd2/prospective/dimethylether/lambda_0p00/output/PENDING_SYSTEM.ene,5.0,2
AS-P2-DENSE-PIMD2-001,prospective,DiMethylEther,LCGLNKUTAGEVQW-UHFFFAOYSA-N,COC,Ethers,0.05,1,False,/home/galoren/Freecurve_AI_Solvation/release/SolvAI/active_solvai/simulations/dense_pimd2/prospective/dimethylether/lambda_0p05,/home/galoren/Freecurve_AI_Solvation/release/SolvAI/active_solvai/simulations/dense_pimd2/prospective/dimethylether/lambda_0p05/conf.xml,a621cc6817b080ec0fca253a07d2d98ac84b65a5ed3192b08a4fc90d0d4b8d45,/home/galoren/Freecurve_AI_Solvation/release/SolvAI/active_solvai/simulations/dense_pimd2/prospective/dimethylether/lambda_0p05/output/PENDING_SYSTEM.ene,5.0,2
AS-P2-DENSE-PIMD2-001,prospective,DiMethylEther,LCGLNKUTAGEVQW-UHFFFAOYSA-N,COC,Ethers,0.1,2,True,/home/galoren/Freecurve_AI_Solvation/results/physics_probes/pimd2_lambda01_5ps/dimethylether,/home/galoren/Freecurve_AI_Solvation/results/physics_probes/pimd2_lambda01_5ps/dimethylether/conf.xml,34ab710b023612dd8f9fff93417f3a4929936ac08f7d849e2318dcbd53f9b389,/home/galoren/Freecurve_AI_Solvation/results/physics_probes/pimd2_lambda01_5ps/dimethylether/output/Task5_MD_Transition_LIGAnnihilation_2__SYSTEM.ene,5.0,2
AS-P2-DENSE-PIMD2-001,prospective,DiMethylEther,LCGLNKUTAGEVQW-UHFFFAOYSA-N,COC,Ethers,0.2,3,False,/home/galoren/Freecurve_AI_Solvation/release/SolvAI/active_solvai/simulations/dense_pimd2/prospective/dimethylether/lambda_0p20,/home/galoren/Freecurve_AI_Solvation/release/SolvAI/active_solvai/simulations/dense_pimd2/prospective/dimethylether/lambda_0p20/conf.xml,15b7f6d4a81cf009e4b7d7c5f2df733889edbeb03e2ed3366c798806b91582e3,/home/galoren/Freecurve_AI_Solvation/release/SolvAI/active_solvai/simulations/dense_pimd2/prospective/dimethylether/lambda_0p20/output/PENDING_SYSTEM.ene,5.0,2
AS-P2-DENSE-PIMD2-001,prospective,DiMethylEther,LCGLNKUTAGEVQW-UHFFFAOYSA-N,COC,Ethers,0.3,4,False,/home/galoren/Freecurve_AI_Solvation/release/SolvAI/active_solvai/simulations/dense_pimd2/prospective/dimethylether/lambda_0p30,/home/galoren/Freecurve_AI_Solvation/release/SolvAI/active_solvai/simulations/dense_pimd2/prospective/dimethylether/lambda_0p30/conf.xml,b27357ec3270aaf70cac42544a23c3ea7729343585288c6219cd1159c4fc1c1e,/home/galoren/Freecurve_AI_Solvation/release/SolvAI/active_solvai/simulations/dense_pimd2/prospective/dimethylether/lambda_0p30/output/PENDING_SYSTEM.ene,5.0,2
AS-P2-DENSE-PIMD2-001,prospective,DiMethylEther,LCGLNKUTAGEVQW-UHFFFAOYSA-N,COC,Ethers,0.4,5,False,/home/galoren/Freecurve_AI_Solvation/release/SolvAI/active_solvai/simulations/dense_pimd2/prospective/dimethylether/lambda_0p40,/home/galoren/Freecurve_AI_Solvation/release/SolvAI/active_solvai/simulations/dense_pimd2/prospective/dimethylether/lambda_0p40/conf.xml,2fcd0ff9c9d55fda6b34f733d555ad41f5e4d2aa2a9d0da7a524d9bc86398f0f,/home/galoren/Freecurve_AI_Solvation/release/SolvAI/active_solvai/simulations/dense_pimd2/prospective/dimethylether/lambda_0p40/output/PENDING_SYSTEM.ene,5.0,2
AS-P2-DENSE-PIMD2-001,prospective,DiMethylEther,LCGLNKUTAGEVQW-UHFFFAOYSA-N,COC,Ethers,0.5,6,True,/home/galoren/Freecurve_AI_Solvation/results/physics_probes/pimd2_lambda05_5ps/dimethylether,/home/galoren/Freecurve_AI_Solvation/results/physics_probes/pimd2_lambda05_5ps/dimethylether/conf.xml,48825f8cdf67f440e4939f6ef13dad280f1efcbbfb37bab8c090183ca68392a1,/home/galoren/Freecurve_AI_Solvation/results/physics_probes/pimd2_lambda05_5ps/dimethylether/output/Task5_MD_Transition_LIGAnnihilation_6__SYSTEM.ene,5.0,2
AS-P2-DENSE-PIMD2-001,prospective,DiMethylEther,LCGLNKUTAGEVQW-UHFFFAOYSA-N,COC,Ethers,0.6,7,False,/home/galoren/Freecurve_AI_Solvation/release/SolvAI/active_solvai/simulations/dense_pimd2/prospective/dimethylether/lambda_0p60,/home/galoren/Freecurve_AI_Solvation/release/SolvAI/active_solvai/simulations/dense_pimd2/prospective/dimethylether/lambda_0p60/conf.xml,8cf18aa4417fe8b7199adfd2e80f74d423a88c5e9436b864da124c4e1e2cb853,/home/galoren/Freecurve_AI_Solvation/release/SolvAI/active_solvai/simulations/dense_pimd2/prospective/dimethylether/lambda_0p60/output/PENDING_SYSTEM.ene,5.0,2
AS-P2-DENSE-PIMD2-001,prospective,DiMethylEther,LCGLNKUTAGEVQW-UHFFFAOYSA-N,COC,Ethers,0.7,8,False,/home/galoren/Freecurve_AI_Solvation/release/SolvAI/active_solvai/simulations/dense_pimd2/prospective/dimethylether/lambda_0p70,/home/galoren/Freecurve_AI_Solvation/release/SolvAI/active_solvai/simulations/dense_pimd2/prospective/dimethylether/lambda_0p70/conf.xml,588ee4fbcf6eddce9b7fd9d0fa8811db3b3ce399275c815b76b9173aaa3bd428,/home/galoren/Freecurve_AI_Solvation/release/SolvAI/active_solvai/simulations/dense_pimd2/prospective/dimethylether/lambda_0p70/output/PENDING_SYSTEM.ene,5.0,2
AS-P2-DENSE-PIMD2-001,prospective,DiMethylEther,LCGLNKUTAGEVQW-UHFFFAOYSA-N,COC,Ethers,0.75,9,False,/home/galoren/Freecurve_AI_Solvation/release/SolvAI/active_solvai/simulations/dense_pimd2/prospective/dimethylether/lambda_0p75,/home/galoren/Freecurve_AI_Solvation/release/SolvAI/active_solvai/simulations/dense_pimd2/prospective/dimethylether/lambda_0p75/conf.xml,85d4ba48e1717f382c35eb6bc6a0887ec56f86fe59e85320fc8405e6249c9a9f,/home/galoren/Freecurve_AI_Solvation/release/SolvAI/active_solvai/simulations/dense_pimd2/prospective/dimethylether/lambda_0p75/output/PENDING_SYSTEM.ene,5.0,2
AS-P2-DENSE-PIMD2-001,prospective,DiMethylEther,LCGLNKUTAGEVQW-UHFFFAOYSA-N,COC,Ethers,0.8,10,False,/home/galoren/Freecurve_AI_Solvation/release/SolvAI/active_solvai/simulations/dense_pimd2/prospective/dimethylether/lambda_0p80,/home/galoren/Freecurve_AI_Solvation/release/SolvAI/active_solvai/simulations/dense_pimd2/prospective/dimethylether/lambda_0p80/conf.xml,0a08c59d963ce5c2796f365f70d46a51187b5aa32e3c8e8a7444d2e61fbb2176,/home/galoren/Freecurve_AI_Solvation/release/SolvAI/active_solvai/simulations/dense_pimd2/prospective/dimethylether/lambda_0p80/output/PENDING_SYSTEM.ene,5.0,2
AS-P2-DENSE-PIMD2-001,prospective,DiMethylEther,LCGLNKUTAGEVQW-UHFFFAOYSA-N,COC,Ethers,0.85,11,False,/home/galoren/Freecurve_AI_Solvation/release/SolvAI/active_solvai/simulations/dense_pimd2/prospective/dimethylether/lambda_0p85,/home/galoren/Freecurve_AI_Solvation/release/SolvAI/active_solvai/simulations/dense_pimd2/prospective/dimethylether/lambda_0p85/conf.xml,0f79e9bde21f703c57f6269f275ee78f2018d2026cfb877afbd2f6aef2953c9f,/home/galoren/Freecurve_AI_Solvation/release/SolvAI/active_solvai/simulations/dense_pimd2/prospective/dimethylether/lambda_0p85/output/PENDING_SYSTEM.ene,5.0,2
AS-P2-DENSE-PIMD2-001,prospective,DiMethylEther,LCGLNKUTAGEVQW-UHFFFAOYSA-N,COC,Ethers,0.9,12,True,/home/galoren/Freecurve_AI_Solvation/results/physics_probes/pimd2_lambda09_5ps/dimethylether,/home/galoren/Freecurve_AI_Solvation/results/physics_probes/pimd2_lambda09_5ps/dimethylether/conf.xml,34e909b00d72d2617399a2492a137bfd5e422388b18ba8aa1d0f4e6c1ade5d61,/home/galoren/Freecurve_AI_Solvation/results/physics_probes/pimd2_lambda09_5ps/dimethylether/output/Task5_MD_Transition_LIGAnnihilation_12__SYSTEM.ene,5.0,2
AS-P2-DENSE-PIMD2-001,prospective,DiMethylEther,LCGLNKUTAGEVQW-UHFFFAOYSA-N,COC,Ethers,0.95,13,False,/home/galoren/Freecurve_AI_Solvation/release/SolvAI/active_solvai/simulations/dense_pimd2/prospective/dimethylether/lambda_0p95,/home/galoren/Freecurve_AI_Solvation/release/SolvAI/active_solvai/simulations/dense_pimd2/prospective/dimethylether/lambda_0p95/conf.xml,12de6271ae5024743567e953e6b6b7c809f9b8c0a96cefab7e7bc550a4d15be4,/home/galoren/Freecurve_AI_Solvation/release/SolvAI/active_solvai/simulations/dense_pimd2/prospective/dimethylether/lambda_0p95/output/PENDING_SYSTEM.ene,5.0,2
AS-P2-DENSE-PIMD2-001,prospective,DiMethylEther,LCGLNKUTAGEVQW-UHFFFAOYSA-N,COC,Ethers,1.0,14,False,/home/galoren/Freecurve_AI_Solvation/release/SolvAI/active_solvai/simulations/dense_pimd2/prospective/dimethylether/lambda_1p00,/home/galoren/Freecurve_AI_Solvation/release/SolvAI/active_solvai/simulations/dense_pimd2/prospective/dimethylether/lambda_1p00/conf.xml,a1b56453799235d74ddb131a481ddf6864489d65296c2aec07fe82f805e308fa,/home/galoren/Freecurve_AI_Solvation/release/SolvAI/active_solvai/simulations/dense_pimd2/prospective/dimethylether/lambda_1p00/output/PENDING_SYSTEM.ene,5.0,2
AS-P2-DENSE-PIMD2-001,prospective,EthylAcetate,XEKOWRVHYACXOJ-UHFFFAOYSA-N,CCOC(C)=O,Esters,0.0,0,False,/home/galoren/Freecurve_AI_Solvation/release/SolvAI/active_solvai/simulations/dense_pimd2/prospective/ethylacetate/lambda_0p00,/home/galoren/Freecurve_AI_Solvation/release/SolvAI/active_solvai/simulations/dense_pimd2/prospective/ethylacetate/lambda_0p00/conf.xml,a370563d92e68068b1a9d6611a2ee55081c32d3eefb404a6adae757925f176dc,/home/galoren/Freecurve_AI_Solvation/release/SolvAI/active_solvai/simulations/dense_pimd2/prospective/ethylacetate/lambda_0p00/output/PENDING_SYSTEM.ene,5.0,2
AS-P2-DENSE-PIMD2-001,prospective,EthylAcetate,XEKOWRVHYACXOJ-UHFFFAOYSA-N,CCOC(C)=O,Esters,0.05,1,False,/home/galoren/Freecurve_AI_Solvation/release/SolvAI/active_solvai/simulations/dense_pimd2/prospective/ethylacetate/lambda_0p05,/home/galoren/Freecurve_AI_Solvation/release/SolvAI/active_solvai/simulations/dense_pimd2/prospective/ethylacetate/lambda_0p05/conf.xml,4173404f03009572b79a1e7ad54cfd129032dffdf6540cce7c58d3f59534a8eb,/home/galoren/Freecurve_AI_Solvation/release/SolvAI/active_solvai/simulations/dense_pimd2/prospective/ethylacetate/lambda_0p05/output/PENDING_SYSTEM.ene,5.0,2
AS-P2-DENSE-PIMD2-001,prospective,EthylAcetate,XEKOWRVHYACXOJ-UHFFFAOYSA-N,CCOC(C)=O,Esters,0.1,2,True,/home/galoren/Freecurve_AI_Solvation/results/physics_probes/pimd2_lambda01_5ps/ethylacetate,/home/galoren/Freecurve_AI_Solvation/results/physics_probes/pimd2_lambda01_5ps/ethylacetate/conf.xml,44096d871eea3d3f034cba9ff5b2f40d1756aa851705d2f7caa6eac62e206b16,/home/galoren/Freecurve_AI_Solvation/results/physics_probes/pimd2_lambda01_5ps/ethylacetate/output/Task5_MD_Transition_LIGAnnihilation_2__SYSTEM.ene,5.0,2
AS-P2-DENSE-PIMD2-001,prospective,EthylAcetate,XEKOWRVHYACXOJ-UHFFFAOYSA-N,CCOC(C)=O,Esters,0.2,3,False,/home/galoren/Freecurve_AI_Solvation/release/SolvAI/active_solvai/simulations/dense_pimd2/prospective/ethylacetate/lambda_0p20,/home/galoren/Freecurve_AI_Solvation/release/SolvAI/active_solvai/simulations/dense_pimd2/prospective/ethylacetate/lambda_0p20/conf.xml,4c2eccd47a6d988363bc2e10d99e544ba98e8cf84e1c1349e5c821b6d527172d,/home/galoren/Freecurve_AI_Solvation/release/SolvAI/active_solvai/simulations/dense_pimd2/prospective/ethylacetate/lambda_0p20/output/PENDING_SYSTEM.ene,5.0,2
AS-P2-DENSE-PIMD2-001,prospective,EthylAcetate,XEKOWRVHYACXOJ-UHFFFAOYSA-N,CCOC(C)=O,Esters,0.3,4,False,/home/galoren/Freecurve_AI_Solvation/release/SolvAI/active_solvai/simulations/dense_pimd2/prospective/ethylacetate/lambda_0p30,/home/galoren/Freecurve_AI_Solvation/release/SolvAI/active_solvai/simulations/dense_pimd2/prospective/ethylacetate/lambda_0p30/conf.xml,5d997c32d8ebe9146856ae52a598bb42d2496a1bd89cd4a82eaa11984e71e428,/home/galoren/Freecurve_AI_Solvation/release/SolvAI/active_solvai/simulations/dense_pimd2/prospective/ethylacetate/lambda_0p30/output/PENDING_SYSTEM.ene,5.0,2
AS-P2-DENSE-PIMD2-001,prospective,EthylAcetate,XEKOWRVHYACXOJ-UHFFFAOYSA-N,CCOC(C)=O,Esters,0.4,5,False,/home/galoren/Freecurve_AI_Solvation/release/SolvAI/active_solvai/simulations/dense_pimd2/prospective/ethylacetate/lambda_0p40,/home/galoren/Freecurve_AI_Solvation/release/SolvAI/active_solvai/simulations/dense_pimd2/prospective/ethylacetate/lambda_0p40/conf.xml,7feb8b2d5696fd242ad86c6ffb5898831894107e2011bd829ee4860e8e52315b,/home/galoren/Freecurve_AI_Solvation/release/SolvAI/active_solvai/simulations/dense_pimd2/prospective/ethylacetate/lambda_0p40/output/PENDING_SYSTEM.ene,5.0,2
AS-P2-DENSE-PIMD2-001,prospective,EthylAcetate,XEKOWRVHYACXOJ-UHFFFAOYSA-N,CCOC(C)=O,Esters,0.5,6,True,/home/galoren/Freecurve_AI_Solvation/results/physics_probes/pimd2_lambda05_5ps/ethylacetate,/home/galoren/Freecurve_AI_Solvation/results/physics_probes/pimd2_lambda05_5ps/ethylacetate/conf.xml,561f8c557ed6a30ecbd7ea425dc65c57661b28ae5ae2aeb30cd811c11c6d536f,/home/galoren/Freecurve_AI_Solvation/results/physics_probes/pimd2_lambda05_5ps/ethylacetate/output/Task5_MD_Transition_LIGAnnihilation_6__SYSTEM.ene,5.0,2
AS-P2-DENSE-PIMD2-001,prospective,EthylAcetate,XEKOWRVHYACXOJ-UHFFFAOYSA-N,CCOC(C)=O,Esters,0.6,7,False,/home/galoren/Freecurve_AI_Solvation/release/SolvAI/active_solvai/simulations/dense_pimd2/prospective/ethylacetate/lambda_0p60,/home/galoren/Freecurve_AI_Solvation/release/SolvAI/active_solvai/simulations/dense_pimd2/prospective/ethylacetate/lambda_0p60/conf.xml,f0eaedcd190e4ccd2311dd8a7f58e42353b633ebc083a9ad03b3fc0a97f73dfe,/home/galoren/Freecurve_AI_Solvation/release/SolvAI/active_solvai/simulations/dense_pimd2/prospective/ethylacetate/lambda_0p60/output/PENDING_SYSTEM.ene,5.0,2
AS-P2-DENSE-PIMD2-001,prospective,EthylAcetate,XEKOWRVHYACXOJ-UHFFFAOYSA-N,CCOC(C)=O,Esters,0.7,8,False,/home/galoren/Freecurve_AI_Solvation/release/SolvAI/active_solvai/simulations/dense_pimd2/prospective/ethylacetate/lambda_0p70,/home/galoren/Freecurve_AI_Solvation/release/SolvAI/active_solvai/simulations/dense_pimd2/prospective/ethylacetate/lambda_0p70/conf.xml,2607c64d8f3a054c5d333f42775e93a84a4b8f63d3e8f5e503cdb50e831898b8,/home/galoren/Freecurve_AI_Solvation/release/SolvAI/active_solvai/simulations/dense_pimd2/prospective/ethylacetate/lambda_0p70/output/PENDING_SYSTEM.ene,5.0,2
AS-P2-DENSE-PIMD2-001,prospective,EthylAcetate,XEKOWRVHYACXOJ-UHFFFAOYSA-N,CCOC(C)=O,Esters,0.75,9,False,/home/galoren/Freecurve_AI_Solvation/release/SolvAI/active_solvai/simulations/dense_pimd2/prospective/ethylacetate/lambda_0p75,/home/galoren/Freecurve_AI_Solvation/release/SolvAI/active_solvai/simulations/dense_pimd2/prospective/ethylacetate/lambda_0p75/conf.xml,b8ecca9dac53d01948ee6159b509a3c990bc4b9df1abd8d4fff3b9c84c836c75,/home/galoren/Freecurve_AI_Solvation/release/SolvAI/active_solvai/simulations/dense_pimd2/prospective/ethylacetate/lambda_0p75/output/PENDING_SYSTEM.ene,5.0,2
AS-P2-DENSE-PIMD2-001,prospective,EthylAcetate,XEKOWRVHYACXOJ-UHFFFAOYSA-N,CCOC(C)=O,Esters,0.8,10,False,/home/galoren/Freecurve_AI_Solvation/release/SolvAI/active_solvai/simulations/dense_pimd2/prospective/ethylacetate/lambda_0p80,/home/galoren/Freecurve_AI_Solvation/release/SolvAI/active_solvai/simulations/dense_pimd2/prospective/ethylacetate/lambda_0p80/conf.xml,e7bd046b9fe983f99a11aa3181bc7a99c8c9a455c94dd88ed11e315edd9183fb,/home/galoren/Freecurve_AI_Solvation/release/SolvAI/active_solvai/simulations/dense_pimd2/prospective/ethylacetate/lambda_0p80/output/PENDING_SYSTEM.ene,5.0,2
AS-P2-DENSE-PIMD2-001,prospective,EthylAcetate,XEKOWRVHYACXOJ-UHFFFAOYSA-N,CCOC(C)=O,Esters,0.85,11,False,/home/galoren/Freecurve_AI_Solvation/release/SolvAI/active_solvai/simulations/dense_pimd2/prospective/ethylacetate/lambda_0p85,/home/galoren/Freecurve_AI_Solvation/release/SolvAI/active_solvai/simulations/dense_pimd2/prospective/ethylacetate/lambda_0p85/conf.xml,33df542d6f2366cfbefbcc4044cad89079f913bb3a09e0dbf97e17bff85524c1,/home/galoren/Freecurve_AI_Solvation/release/SolvAI/active_solvai/simulations/dense_pimd2/prospective/ethylacetate/lambda_0p85/output/PENDING_SYSTEM.ene,5.0,2
AS-P2-DENSE-PIMD2-001,prospective,EthylAcetate,XEKOWRVHYACXOJ-UHFFFAOYSA-N,CCOC(C)=O,Esters,0.9,12,True,/home/galoren/Freecurve_AI_Solvation/results/physics_probes/pimd2_lambda09_5ps/ethylacetate,/home/galoren/Freecurve_AI_Solvation/results/physics_probes/pimd2_lambda09_5ps/ethylacetate/conf.xml,6615075d5a8a7d07ebf74dd6726c994206c98f58590312d026a283c6acf2917c,/home/galoren/Freecurve_AI_Solvation/results/physics_probes/pimd2_lambda09_5ps/ethylacetate/output/Task5_MD_Transition_LIGAnnihilation_12__SYSTEM.ene,5.0,2
AS-P2-DENSE-PIMD2-001,prospective,EthylAcetate,XEKOWRVHYACXOJ-UHFFFAOYSA-N,CCOC(C)=O,Esters,0.95,13,False,/home/galoren/Freecurve_AI_Solvation/release/SolvAI/active_solvai/simulations/dense_pimd2/prospective/ethylacetate/lambda_0p95,/home/galoren/Freecurve_AI_Solvation/release/SolvAI/active_solvai/simulations/dense_pimd2/prospective/ethylacetate/lambda_0p95/conf.xml,460b24c3c4f1c81b927c640d27e5b261201e928976e98fa34d4c2b3ab48d6eca,/home/galoren/Freecurve_AI_Solvation/release/SolvAI/active_solvai/simulations/dense_pimd2/prospective/ethylacetate/lambda_0p95/output/PENDING_SYSTEM.ene,5.0,2
AS-P2-DENSE-PIMD2-001,prospective,EthylAcetate,XEKOWRVHYACXOJ-UHFFFAOYSA-N,CCOC(C)=O,Esters,1.0,14,False,/home/galoren/Freecurve_AI_Solvation/release/SolvAI/active_solvai/simulations/dense_pimd2/prospective/ethylacetate/lambda_1p00,/home/galoren/Freecurve_AI_Solvation/release/SolvAI/active_solvai/simulations/dense_pimd2/prospective/ethylacetate/lambda_1p00/conf.xml,f45d7384f2850428ae2e7a37f6c7864420c795b1cdd6cbe1fa295c432045ef43,/home/galoren/Freecurve_AI_Solvation/release/SolvAI/active_solvai/simulations/dense_pimd2/prospective/ethylacetate/lambda_1p00/output/PENDING_SYSTEM.ene,5.0,2
AS-P2-DENSE-PIMD2-001,prospective,Octane,TVMXDCGIABBOFY-UHFFFAOYSA-N,CCCCCCCC,Alkanes,0.0,0,False,/home/galoren/Freecurve_AI_Solvation/release/SolvAI/active_solvai/simulations/dense_pimd2/prospective/octane/lambda_0p00,/home/galoren/Freecurve_AI_Solvation/release/SolvAI/active_solvai/simulations/dense_pimd2/prospective/octane/lambda_0p00/conf.xml,fd1ad106663bafe3849ce5cf3a35daced4efda56b0241cd9e91d6a2431c2fa25,/home/galoren/Freecurve_AI_Solvation/release/SolvAI/active_solvai/simulations/dense_pimd2/prospective/octane/lambda_0p00/output/PENDING_SYSTEM.ene,5.0,2
AS-P2-DENSE-PIMD2-001,prospective,Octane,TVMXDCGIABBOFY-UHFFFAOYSA-N,CCCCCCCC,Alkanes,0.05,1,False,/home/galoren/Freecurve_AI_Solvation/release/SolvAI/active_solvai/simulations/dense_pimd2/prospective/octane/lambda_0p05,/home/galoren/Freecurve_AI_Solvation/release/SolvAI/active_solvai/simulations/dense_pimd2/prospective/octane/lambda_0p05/conf.xml,533e072ee3be6345e0c911f6d314d1629377b20deee5aa41832ce196a8dac277,/home/galoren/Freecurve_AI_Solvation/release/SolvAI/active_solvai/simulations/dense_pimd2/prospective/octane/lambda_0p05/output/PENDING_SYSTEM.ene,5.0,2
AS-P2-DENSE-PIMD2-001,prospective,Octane,TVMXDCGIABBOFY-UHFFFAOYSA-N,CCCCCCCC,Alkanes,0.1,2,True,/home/galoren/Freecurve_AI_Solvation/results/physics_probes/pimd2_lambda01_5ps/octane,/home/galoren/Freecurve_AI_Solvation/results/physics_probes/pimd2_lambda01_5ps/octane/conf.xml,196c9c047975e6f78ad5b76b9e1c204064b8c474aef40c7131f7a181a5404aa6,/home/galoren/Freecurve_AI_Solvation/results/physics_probes/pimd2_lambda01_5ps/octane/output/Task5_MD_Transition_LIGAnnihilation_2__SYSTEM.ene,5.0,2
AS-P2-DENSE-PIMD2-001,prospective,Octane,TVMXDCGIABBOFY-UHFFFAOYSA-N,CCCCCCCC,Alkanes,0.2,3,False,/home/galoren/Freecurve_AI_Solvation/release/SolvAI/active_solvai/simulations/dense_pimd2/prospective/octane/lambda_0p20,/home/galoren/Freecurve_AI_Solvation/release/SolvAI/active_solvai/simulations/dense_pimd2/prospective/octane/lambda_0p20/conf.xml,97858c40faa5b3b9a90303649c123bdaea09ae37370efe64b55fef7a3ae00f28,/home/galoren/Freecurve_AI_Solvation/release/SolvAI/active_solvai/simulations/dense_pimd2/prospective/octane/lambda_0p20/output/PENDING_SYSTEM.ene,5.0,2
AS-P2-DENSE-PIMD2-001,prospective,Octane,TVMXDCGIABBOFY-UHFFFAOYSA-N,CCCCCCCC,Alkanes,0.3,4,False,/home/galoren/Freecurve_AI_Solvation/release/SolvAI/active_solvai/simulations/dense_pimd2/prospective/octane/lambda_0p30,/home/galoren/Freecurve_AI_Solvation/release/SolvAI/active_solvai/simulations/dense_pimd2/prospective/octane/lambda_0p30/conf.xml,033373bf4ed1a662e1622eca6932ee08068f6a4b473c199bae0a826378762012,/home/galoren/Freecurve_AI_Solvation/release/SolvAI/active_solvai/simulations/dense_pimd2/prospective/octane/lambda_0p30/output/PENDING_SYSTEM.ene,5.0,2
AS-P2-DENSE-PIMD2-001,prospective,Octane,TVMXDCGIABBOFY-UHFFFAOYSA-N,CCCCCCCC,Alkanes,0.4,5,False,/home/galoren/Freecurve_AI_Solvation/release/SolvAI/active_solvai/simulations/dense_pimd2/prospective/octane/lambda_0p40,/home/galoren/Freecurve_AI_Solvation/release/SolvAI/active_solvai/simulations/dense_pimd2/prospective/octane/lambda_0p40/conf.xml,36c0951cc286d7f7a637657ac0a51ea10619fae76a35a73558c7408ae95091b0,/home/galoren/Freecurve_AI_Solvation/release/SolvAI/active_solvai/simulations/dense_pimd2/prospective/octane/lambda_0p40/output/PENDING_SYSTEM.ene,5.0,2
AS-P2-DENSE-PIMD2-001,prospective,Octane,TVMXDCGIABBOFY-UHFFFAOYSA-N,CCCCCCCC,Alkanes,0.5,6,True,/home/galoren/Freecurve_AI_Solvation/results/physics_probes/pimd2_lambda05_5ps/octane,/home/galoren/Freecurve_AI_Solvation/results/physics_probes/pimd2_lambda05_5ps/octane/conf.xml,b73623a52d54330b53058beccb4f1b7cc6964d377af2e18efe2713a5dcd23714,/home/galoren/Freecurve_AI_Solvation/results/physics_probes/pimd2_lambda05_5ps/octane/output/Task5_MD_Transition_LIGAnnihilation_6__SYSTEM.ene,5.0,2
AS-P2-DENSE-PIMD2-001,prospective,Octane,TVMXDCGIABBOFY-UHFFFAOYSA-N,CCCCCCCC,Alkanes,0.6,7,False,/home/galoren/Freecurve_AI_Solvation/release/SolvAI/active_solvai/simulations/dense_pimd2/prospective/octane/lambda_0p60,/home/galoren/Freecurve_AI_Solvation/release/SolvAI/active_solvai/simulations/dense_pimd2/prospective/octane/lambda_0p60/conf.xml,48c6656a147520c9bd4e9a1c99c256b08cf5b87def09dafe9aa3aea64c3dc675,/home/galoren/Freecurve_AI_Solvation/release/SolvAI/active_solvai/simulations/dense_pimd2/prospective/octane/lambda_0p60/output/PENDING_SYSTEM.ene,5.0,2
AS-P2-DENSE-PIMD2-001,prospective,Octane,TVMXDCGIABBOFY-UHFFFAOYSA-N,CCCCCCCC,Alkanes,0.7,8,False,/home/galoren/Freecurve_AI_Solvation/release/SolvAI/active_solvai/simulations/dense_pimd2/prospective/octane/lambda_0p70,/home/galoren/Freecurve_AI_Solvation/release/SolvAI/active_solvai/simulations/dense_pimd2/prospective/octane/lambda_0p70/conf.xml,b98aff793eec7e06c0ae04dc2cb33218c2752b83e9250d58ba006372634ff4bc,/home/galoren/Freecurve_AI_Solvation/release/SolvAI/active_solvai/simulations/dense_pimd2/prospective/octane/lambda_0p70/output/PENDING_SYSTEM.ene,5.0,2
AS-P2-DENSE-PIMD2-001,prospective,Octane,TVMXDCGIABBOFY-UHFFFAOYSA-N,CCCCCCCC,Alkanes,0.75,9,False,/home/galoren/Freecurve_AI_Solvation/release/SolvAI/active_solvai/simulations/dense_pimd2/prospective/octane/lambda_0p75,/home/galoren/Freecurve_AI_Solvation/release/SolvAI/active_solvai/simulations/dense_pimd2/prospective/octane/lambda_0p75/conf.xml,6586d9f54bbb8933024fef20b0072ea1542d97129fa0066484a2c260c53cd5b9,/home/galoren/Freecurve_AI_Solvation/release/SolvAI/active_solvai/simulations/dense_pimd2/prospective/octane/lambda_0p75/output/PENDING_SYSTEM.ene,5.0,2
AS-P2-DENSE-PIMD2-001,prospective,Octane,TVMXDCGIABBOFY-UHFFFAOYSA-N,CCCCCCCC,Alkanes,0.8,10,False,/home/galoren/Freecurve_AI_Solvation/release/SolvAI/active_solvai/simulations/dense_pimd2/prospective/octane/lambda_0p80,/home/galoren/Freecurve_AI_Solvation/release/SolvAI/active_solvai/simulations/dense_pimd2/prospective/octane/lambda_0p80/conf.xml,6a9c2ab073f613732e5efaec0a696bd618843221432be5a31d11e0919a3ebb34,/home/galoren/Freecurve_AI_Solvation/release/SolvAI/active_solvai/simulations/dense_pimd2/prospective/octane/lambda_0p80/output/PENDING_SYSTEM.ene,5.0,2
AS-P2-DENSE-PIMD2-001,prospective,Octane,TVMXDCGIABBOFY-UHFFFAOYSA-N,CCCCCCCC,Alkanes,0.85,11,False,/home/galoren/Freecurve_AI_Solvation/release/SolvAI/active_solvai/simulations/dense_pimd2/prospective/octane/lambda_0p85,/home/galoren/Freecurve_AI_Solvation/release/SolvAI/active_solvai/simulations/dense_pimd2/prospective/octane/lambda_0p85/conf.xml,c95d6fbb9280f576e707da91a3c840a2d98761f5e425a3fbe7d2172f82c02041,/home/galoren/Freecurve_AI_Solvation/release/SolvAI/active_solvai/simulations/dense_pimd2/prospective/octane/lambda_0p85/output/PENDING_SYSTEM.ene,5.0,2
AS-P2-DENSE-PIMD2-001,prospective,Octane,TVMXDCGIABBOFY-UHFFFAOYSA-N,CCCCCCCC,Alkanes,0.9,12,True,/home/galoren/Freecurve_AI_Solvation/results/physics_probes/pimd2_lambda09_5ps/octane,/home/galoren/Freecurve_AI_Solvation/results/physics_probes/pimd2_lambda09_5ps/octane/conf.xml,28513402ae596aed83298bbf0cb2dff3d8951165040f5e1c44c7806d0dd35466,/home/galoren/Freecurve_AI_Solvation/results/physics_probes/pimd2_lambda09_5ps/octane/output/Task5_MD_Transition_LIGAnnihilation_12__SYSTEM.ene,5.0,2
AS-P2-DENSE-PIMD2-001,prospective,Octane,TVMXDCGIABBOFY-UHFFFAOYSA-N,CCCCCCCC,Alkanes,0.95,13,False,/home/galoren/Freecurve_AI_Solvation/release/SolvAI/active_solvai/simulations/dense_pimd2/prospective/octane/lambda_0p95,/home/galoren/Freecurve_AI_Solvation/release/SolvAI/active_solvai/simulations/dense_pimd2/prospective/octane/lambda_0p95/conf.xml,bdf60543806dd0a5399baaad1d00c38142f0bf2299a946cde1e3cdbafe4ba275,/home/galoren/Freecurve_AI_Solvation/release/SolvAI/active_solvai/simulations/dense_pimd2/prospective/octane/lambda_0p95/output/PENDING_SYSTEM.ene,5.0,2
AS-P2-DENSE-PIMD2-001,prospective,Octane,TVMXDCGIABBOFY-UHFFFAOYSA-N,CCCCCCCC,Alkanes,1.0,14,False,/home/galoren/Freecurve_AI_Solvation/release/SolvAI/active_solvai/simulations/dense_pimd2/prospective/octane/lambda_1p00,/home/galoren/Freecurve_AI_Solvation/release/SolvAI/active_solvai/simulations/dense_pimd2/prospective/octane/lambda_1p00/conf.xml,18dd69747d6354d9171c966ef4e429e1930e608e3972a639731629cf47c79b51,/home/galoren/Freecurve_AI_Solvation/release/SolvAI/active_solvai/simulations/dense_pimd2/prospective/octane/lambda_1p00/output/PENDING_SYSTEM.ene,5.0,2
AS-P2-DENSE-PIMD2-001,prospective,Octanol,KBPLFHHGFOOTCA-UHFFFAOYSA-N,CCCCCCCCO,Alcohols,0.0,0,False,/home/galoren/Freecurve_AI_Solvation/release/SolvAI/active_solvai/simulations/dense_pimd2/prospective/octanol/lambda_0p00,/home/galoren/Freecurve_AI_Solvation/release/SolvAI/active_solvai/simulations/dense_pimd2/prospective/octanol/lambda_0p00/conf.xml,38e3be930e6c300d7a97e41f284595914427fb368e2f06faf313bacc5279323b,/home/galoren/Freecurve_AI_Solvation/release/SolvAI/active_solvai/simulations/dense_pimd2/prospective/octanol/lambda_0p00/output/PENDING_SYSTEM.ene,5.0,2
AS-P2-DENSE-PIMD2-001,prospective,Octanol,KBPLFHHGFOOTCA-UHFFFAOYSA-N,CCCCCCCCO,Alcohols,0.05,1,False,/home/galoren/Freecurve_AI_Solvation/release/SolvAI/active_solvai/simulations/dense_pimd2/prospective/octanol/lambda_0p05,/home/galoren/Freecurve_AI_Solvation/release/SolvAI/active_solvai/simulations/dense_pimd2/prospective/octanol/lambda_0p05/conf.xml,996f0825da58c1231aa2032d38042adc92e8ab560fb2e513160cbd3ca4a06bb8,/home/galoren/Freecurve_AI_Solvation/release/SolvAI/active_solvai/simulations/dense_pimd2/prospective/octanol/lambda_0p05/output/PENDING_SYSTEM.ene,5.0,2
AS-P2-DENSE-PIMD2-001,prospective,Octanol,KBPLFHHGFOOTCA-UHFFFAOYSA-N,CCCCCCCCO,Alcohols,0.1,2,True,/home/galoren/Freecurve_AI_Solvation/results/physics_probes/pimd2_lambda01_5ps/octanol,/home/galoren/Freecurve_AI_Solvation/results/physics_probes/pimd2_lambda01_5ps/octanol/conf.xml,cfb387b8511a0afb747c2e086afbc824e87411d7690ec8336a47c6dca9626775,/home/galoren/Freecurve_AI_Solvation/results/physics_probes/pimd2_lambda01_5ps/octanol/output/Task5_MD_Transition_LIGAnnihilation_2__SYSTEM.ene,5.0,2
AS-P2-DENSE-PIMD2-001,prospective,Octanol,KBPLFHHGFOOTCA-UHFFFAOYSA-N,CCCCCCCCO,Alcohols,0.2,3,False,/home/galoren/Freecurve_AI_Solvation/release/SolvAI/active_solvai/simulations/dense_pimd2/prospective/octanol/lambda_0p20,/home/galoren/Freecurve_AI_Solvation/release/SolvAI/active_solvai/simulations/dense_pimd2/prospective/octanol/lambda_0p20/conf.xml,488ed8aa1d1fbad1a2c5f643ca0506347c5f913d62dcefe832ad22153d01974b,/home/galoren/Freecurve_AI_Solvation/release/SolvAI/active_solvai/simulations/dense_pimd2/prospective/octanol/lambda_0p20/output/PENDING_SYSTEM.ene,5.0,2
AS-P2-DENSE-PIMD2-001,prospective,Octanol,KBPLFHHGFOOTCA-UHFFFAOYSA-N,CCCCCCCCO,Alcohols,0.3,4,False,/home/galoren/Freecurve_AI_Solvation/release/SolvAI/active_solvai/simulations/dense_pimd2/prospective/octanol/lambda_0p30,/home/galoren/Freecurve_AI_Solvation/release/SolvAI/active_solvai/simulations/dense_pimd2/prospective/octanol/lambda_0p30/conf.xml,312924645d90ccf083055cda9915c133252777dbb42f38de00b892875433a641,/home/galoren/Freecurve_AI_Solvation/release/SolvAI/active_solvai/simulations/dense_pimd2/prospective/octanol/lambda_0p30/output/PENDING_SYSTEM.ene,5.0,2
AS-P2-DENSE-PIMD2-001,prospective,Octanol,KBPLFHHGFOOTCA-UHFFFAOYSA-N,CCCCCCCCO,Alcohols,0.4,5,False,/home/galoren/Freecurve_AI_Solvation/release/SolvAI/active_solvai/simulations/dense_pimd2/prospective/octanol/lambda_0p40,/home/galoren/Freecurve_AI_Solvation/release/SolvAI/active_solvai/simulations/dense_pimd2/prospective/octanol/lambda_0p40/conf.xml,2702786e160edf1ebd6b8ab2255bedfd539bf79c7d8ae7b2d14c4133d3abc08b,/home/galoren/Freecurve_AI_Solvation/release/SolvAI/active_solvai/simulations/dense_pimd2/prospective/octanol/lambda_0p40/output/PENDING_SYSTEM.ene,5.0,2
AS-P2-DENSE-PIMD2-001,prospective,Octanol,KBPLFHHGFOOTCA-UHFFFAOYSA-N,CCCCCCCCO,Alcohols,0.5,6,True,/home/galoren/Freecurve_AI_Solvation/results/physics_probes/pimd2_lambda05_5ps/octanol,/home/galoren/Freecurve_AI_Solvation/results/physics_probes/pimd2_lambda05_5ps/octanol/conf.xml,221656236b5f5e36d84133087f6ccf2fe9565769fa11a6d6b63c52c882e82af6,/home/galoren/Freecurve_AI_Solvation/results/physics_probes/pimd2_lambda05_5ps/octanol/output/Task5_MD_Transition_LIGAnnihilation_6__SYSTEM.ene,5.0,2
AS-P2-DENSE-PIMD2-001,prospective,Octanol,KBPLFHHGFOOTCA-UHFFFAOYSA-N,CCCCCCCCO,Alcohols,0.6,7,False,/home/galoren/Freecurve_AI_Solvation/release/SolvAI/active_solvai/simulations/dense_pimd2/prospective/octanol/lambda_0p60,/home/galoren/Freecurve_AI_Solvation/release/SolvAI/active_solvai/simulations/dense_pimd2/prospective/octanol/lambda_0p60/conf.xml,4e5ab9ab3e734300d18d5e67c75e0688495da0cea91b1eaa7c3a85def2f20c52,/home/galoren/Freecurve_AI_Solvation/release/SolvAI/active_solvai/simulations/dense_pimd2/prospective/octanol/lambda_0p60/output/PENDING_SYSTEM.ene,5.0,2
AS-P2-DENSE-PIMD2-001,prospective,Octanol,KBPLFHHGFOOTCA-UHFFFAOYSA-N,CCCCCCCCO,Alcohols,0.7,8,False,/home/galoren/Freecurve_AI_Solvation/release/SolvAI/active_solvai/simulations/dense_pimd2/prospective/octanol/lambda_0p70,/home/galoren/Freecurve_AI_Solvation/release/SolvAI/active_solvai/simulations/dense_pimd2/prospective/octanol/lambda_0p70/conf.xml,dd7251a399dcd0d6deabf4c544abc6167dfdfc6c5bcccf63f8e1c75d135aea76,/home/galoren/Freecurve_AI_Solvation/release/SolvAI/active_solvai/simulations/dense_pimd2/prospective/octanol/lambda_0p70/output/PENDING_SYSTEM.ene,5.0,2
AS-P2-DENSE-PIMD2-001,prospective,Octanol,KBPLFHHGFOOTCA-UHFFFAOYSA-N,CCCCCCCCO,Alcohols,0.75,9,False,/home/galoren/Freecurve_AI_Solvation/release/SolvAI/active_solvai/simulations/dense_pimd2/prospective/octanol/lambda_0p75,/home/galoren/Freecurve_AI_Solvation/release/SolvAI/active_solvai/simulations/dense_pimd2/prospective/octanol/lambda_0p75/conf.xml,a298bdd4697892a72b58fad8608921849b21005ef7af79300952984d5ed0d872,/home/galoren/Freecurve_AI_Solvation/release/SolvAI/active_solvai/simulations/dense_pimd2/prospective/octanol/lambda_0p75/output/PENDING_SYSTEM.ene,5.0,2
AS-P2-DENSE-PIMD2-001,prospective,Octanol,KBPLFHHGFOOTCA-UHFFFAOYSA-N,CCCCCCCCO,Alcohols,0.8,10,False,/home/galoren/Freecurve_AI_Solvation/release/SolvAI/active_solvai/simulations/dense_pimd2/prospective/octanol/lambda_0p80,/home/galoren/Freecurve_AI_Solvation/release/SolvAI/active_solvai/simulations/dense_pimd2/prospective/octanol/lambda_0p80/conf.xml,7c067ff37784634734799d55e61ff6d0dae496e8eae3f7822114f9c3ebcf687b,/home/galoren/Freecurve_AI_Solvation/release/SolvAI/active_solvai/simulations/dense_pimd2/prospective/octanol/lambda_0p80/output/PENDING_SYSTEM.ene,5.0,2
AS-P2-DENSE-PIMD2-001,prospective,Octanol,KBPLFHHGFOOTCA-UHFFFAOYSA-N,CCCCCCCCO,Alcohols,0.85,11,False,/home/galoren/Freecurve_AI_Solvation/release/SolvAI/active_solvai/simulations/dense_pimd2/prospective/octanol/lambda_0p85,/home/galoren/Freecurve_AI_Solvation/release/SolvAI/active_solvai/simulations/dense_pimd2/prospective/octanol/lambda_0p85/conf.xml,aec6c13a872cca245eef96dfd43a2383c5b73dd0fa694ab4c86e84f1eec455a6,/home/galoren/Freecurve_AI_Solvation/release/SolvAI/active_solvai/simulations/dense_pimd2/prospective/octanol/lambda_0p85/output/PENDING_SYSTEM.ene,5.0,2
AS-P2-DENSE-PIMD2-001,prospective,Octanol,KBPLFHHGFOOTCA-UHFFFAOYSA-N,CCCCCCCCO,Alcohols,0.9,12,True,/home/galoren/Freecurve_AI_Solvation/results/physics_probes/pimd2_lambda09_5ps/octanol,/home/galoren/Freecurve_AI_Solvation/results/physics_probes/pimd2_lambda09_5ps/octanol/conf.xml,7a78226f737f50008f7637de5571d44eeb65dc5c57d4cffe45fa03211b5994d5,/home/galoren/Freecurve_AI_Solvation/results/physics_probes/pimd2_lambda09_5ps/octanol/output/Task5_MD_Transition_LIGAnnihilation_12__SYSTEM.ene,5.0,2
AS-P2-DENSE-PIMD2-001,prospective,Octanol,KBPLFHHGFOOTCA-UHFFFAOYSA-N,CCCCCCCCO,Alcohols,0.95,13,False,/home/galoren/Freecurve_AI_Solvation/release/SolvAI/active_solvai/simulations/dense_pimd2/prospective/octanol/lambda_0p95,/home/galoren/Freecurve_AI_Solvation/release/SolvAI/active_solvai/simulations/dense_pimd2/prospective/octanol/lambda_0p95/conf.xml,ccf79191771112d0ca94dc416931e1143c4d3834bfce1a3b53bb9ff836e9eb42,/home/galoren/Freecurve_AI_Solvation/release/SolvAI/active_solvai/simulations/dense_pimd2/prospective/octanol/lambda_0p95/output/PENDING_SYSTEM.ene,5.0,2
AS-P2-DENSE-PIMD2-001,prospective,Octanol,KBPLFHHGFOOTCA-UHFFFAOYSA-N,CCCCCCCCO,Alcohols,1.0,14,False,/home/galoren/Freecurve_AI_Solvation/release/SolvAI/active_solvai/simulations/dense_pimd2/prospective/octanol/lambda_1p00,/home/galoren/Freecurve_AI_Solvation/release/SolvAI/active_solvai/simulations/dense_pimd2/prospective/octanol/lambda_1p00/conf.xml,9f42d35ff2e1ace2f6038081478b7b6712711eae073be1bd46e9ae6c7ab29ebc,/home/galoren/Freecurve_AI_Solvation/release/SolvAI/active_solvai/simulations/dense_pimd2/prospective/octanol/lambda_1p00/output/PENDING_SYSTEM.ene,5.0,2
