run_id,timestamp_utc,campaign,stage,role,molecule_name,molecule_id,lambda,ti_point,case_directory,config_sha256,command,attempt,status,passed,exit_status,timed_out,quality_control,wall_seconds,gpu_hours,cpu_hours,production_ps,simulated_time_ps,beads,bead_windows,nominal_bead_steps,force_evaluations,force_evaluation_note,freeze_commit
AS-P2-PROSPECTIVE-acetamide-L00-A01,2026-09-03T03:28:24.702472+00:00,AS-P2-DENSE-PIMD2-001,phase2_dense_prospective,prospective,Acetamide,DLFVBJFMPXGRIB-UHFFFAOYSA-N,0.0,0,/home/galoren/Freecurve_AI_Solvation/release/SolvAI/active_solvai/simulations/dense_pimd2/prospective/acetamide/lambda_0p00,267b89f32f8ded1ea2a34559ebd8d7358310d96168e5d8e229279c5835aace35,"['/home/galoren/Freecurve_AI_Solvation/repositories/arbalest/build_solvation_gcc10/ARBALEST/ARBALEST', '--gpu', 'true', '--gpudeviceid', '0', '--omp', '8', '--outTS', '0', '--log', 'Arbalest_attempt_01.log', '-C', 'conf.xml']",1,completed,True,0,False,"{'success_marker': True, 'system_energy_file': '/home/galoren/Freecurve_AI_Solvation/release/SolvAI/active_solvai/simulations/dense_pimd2/prospective/acetamide/lambda_0p00/output/Task5_MD_Transition_LIGAnnihilation_0__SYSTEM.ene', 'frames': 51, 'finite_response': True, 'mean_temperature_kelvin': 300.52266115196073, 'mean_density_g_cm3': 1.0158364530294117, 'energy_sha256': '6b9774a93f130cabdb624ab2ffa1d869403a5aeb61f50f756e3a28edb6212c89', 'passed': True}",50.26675186888315,0.01396298663024532,0.11170389304196256,5.0,5.0,2,2,6250,,Arbalest does not expose exact fast/slow kernel call counts; nominal bead-steps are reported instead.,512aad3d46c25c28d590e76ebbd6cd2dc9be7186
AS-P2-PROSPECTIVE-acetamide-L01-A01,2026-09-03T03:29:16.254549+00:00,AS-P2-DENSE-PIMD2-001,phase2_dense_prospective,prospective,Acetamide,DLFVBJFMPXGRIB-UHFFFAOYSA-N,0.05,1,/home/galoren/Freecurve_AI_Solvation/release/SolvAI/active_solvai/simulations/dense_pimd2/prospective/acetamide/lambda_0p05,1caa8622e35a539762bd3df43421f5d38124ecf4062428767b754d04c15f2715,"['/home/galoren/Freecurve_AI_Solvation/repositories/arbalest/build_solvation_gcc10/ARBALEST/ARBALEST', '--gpu', 'true', '--gpudeviceid', '0', '--omp', '8', '--outTS', '0', '--log', 'Arbalest_attempt_01.log', '-C', 'conf.xml']",1,completed,True,0,False,"{'success_marker': True, 'system_energy_file': '/home/galoren/Freecurve_AI_Solvation/release/SolvAI/active_solvai/simulations/dense_pimd2/prospective/acetamide/lambda_0p05/output/Task5_MD_Transition_LIGAnnihilation_1__SYSTEM.ene', 'frames': 51, 'finite_response': True, 'mean_temperature_kelvin': 298.9395605388235, 'mean_density_g_cm3': 1.0334552498941176, 'energy_sha256': '1d536433458cf4ba015a5ea84d2c28ed7fe2b81f1d4b92f9ad2fc827b67d97f4', 'passed': True}",51.54077941086143,0.014316883169683731,0.11453506535746985,5.0,5.0,2,2,6250,,Arbalest does not expose exact fast/slow kernel call counts; nominal bead-steps are reported instead.,512aad3d46c25c28d590e76ebbd6cd2dc9be7186
AS-P2-PROSPECTIVE-acetamide-L03-A01,2026-09-03T03:30:00.556138+00:00,AS-P2-DENSE-PIMD2-001,phase2_dense_prospective,prospective,Acetamide,DLFVBJFMPXGRIB-UHFFFAOYSA-N,0.2,3,/home/galoren/Freecurve_AI_Solvation/release/SolvAI/active_solvai/simulations/dense_pimd2/prospective/acetamide/lambda_0p20,f52a4a628e53342225ec84298ba8591976f931a2719a3a595f55e3900b46b51a,"['/home/galoren/Freecurve_AI_Solvation/repositories/arbalest/build_solvation_gcc10/ARBALEST/ARBALEST', '--gpu', 'true', '--gpudeviceid', '0', '--omp', '8', '--outTS', '0', '--log', 'Arbalest_attempt_01.log', '-C', 'conf.xml']",1,completed,True,0,False,"{'success_marker': True, 'system_energy_file': '/home/galoren/Freecurve_AI_Solvation/release/SolvAI/active_solvai/simulations/dense_pimd2/prospective/acetamide/lambda_0p20/output/Task5_MD_Transition_LIGAnnihilation_3__SYSTEM.ene', 'frames': 51, 'finite_response': True, 'mean_temperature_kelvin': 301.0402759131373, 'mean_density_g_cm3': 1.0141193873809804, 'energy_sha256': 'd8cf3c2440e8bc152005f472ca9495a3b53c2c767dc072e720826d388b1f933f', 'passed': True}",44.28826126107015,0.012302294794741708,0.09841835835793367,5.0,5.0,2,2,6250,,Arbalest does not expose exact fast/slow kernel call counts; nominal bead-steps are reported instead.,512aad3d46c25c28d590e76ebbd6cd2dc9be7186
AS-P2-PROSPECTIVE-acetamide-L04-A01,2026-09-03T03:30:45.424922+00:00,AS-P2-DENSE-PIMD2-001,phase2_dense_prospective,prospective,Acetamide,DLFVBJFMPXGRIB-UHFFFAOYSA-N,0.3,4,/home/galoren/Freecurve_AI_Solvation/release/SolvAI/active_solvai/simulations/dense_pimd2/prospective/acetamide/lambda_0p30,88ef9c6659fa889ad99081534456be24604391321fb0b6e32c009482b48386e3,"['/home/galoren/Freecurve_AI_Solvation/repositories/arbalest/build_solvation_gcc10/ARBALEST/ARBALEST', '--gpu', 'true', '--gpudeviceid', '0', '--omp', '8', '--outTS', '0', '--log', 'Arbalest_attempt_01.log', '-C', 'conf.xml']",1,completed,True,0,False,"{'success_marker': True, 'system_energy_file': '/home/galoren/Freecurve_AI_Solvation/release/SolvAI/active_solvai/simulations/dense_pimd2/prospective/acetamide/lambda_0p30/output/Task5_MD_Transition_LIGAnnihilation_4__SYSTEM.ene', 'frames': 51, 'finite_response': True, 'mean_temperature_kelvin': 300.0450924162745, 'mean_density_g_cm3': 1.0165750981590196, 'energy_sha256': 'c0bbbdaafb0ffd3b4ae3b99e2c424803be60c1597a6900f05207af43fedfe52c', 'passed': True}",44.846316586015746,0.012457310162782152,0.09965848130225721,5.0,5.0,2,2,6250,,Arbalest does not expose exact fast/slow kernel call counts; nominal bead-steps are reported instead.,512aad3d46c25c28d590e76ebbd6cd2dc9be7186
AS-P2-PROSPECTIVE-acetamide-L05-A01,2026-09-03T03:31:41.275676+00:00,AS-P2-DENSE-PIMD2-001,phase2_dense_prospective,prospective,Acetamide,DLFVBJFMPXGRIB-UHFFFAOYSA-N,0.4,5,/home/galoren/Freecurve_AI_Solvation/release/SolvAI/active_solvai/simulations/dense_pimd2/prospective/acetamide/lambda_0p40,acf5710df455749a1900a74f71dfa464fdac81f9fe6639c97d7342e9567d0ab3,"['/home/galoren/Freecurve_AI_Solvation/repositories/arbalest/build_solvation_gcc10/ARBALEST/ARBALEST', '--gpu', 'true', '--gpudeviceid', '0', '--omp', '8', '--outTS', '0', '--log', 'Arbalest_attempt_01.log', '-C', 'conf.xml']",1,completed,True,0,False,"{'success_marker': True, 'system_energy_file': '/home/galoren/Freecurve_AI_Solvation/release/SolvAI/active_solvai/simulations/dense_pimd2/prospective/acetamide/lambda_0p40/output/Task5_MD_Transition_LIGAnnihilation_5__SYSTEM.ene', 'frames': 51, 'finite_response': True, 'mean_temperature_kelvin': 299.0672312229412, 'mean_density_g_cm3': 1.0243317716068627, 'energy_sha256': '7c27f21d8275ea8b66daec6fa104a4f3aa1c96cfb379aff87225d06c3ae2131a', 'passed': True}",55.82669015112333,0.015507413930867592,0.12405931144694074,5.0,5.0,2,2,6250,,Arbalest does not expose exact fast/slow kernel call counts; nominal bead-steps are reported instead.,512aad3d46c25c28d590e76ebbd6cd2dc9be7186
AS-P2-PROSPECTIVE-acetamide-L07-A01,2026-09-03T03:32:26.834556+00:00,AS-P2-DENSE-PIMD2-001,phase2_dense_prospective,prospective,Acetamide,DLFVBJFMPXGRIB-UHFFFAOYSA-N,0.6,7,/home/galoren/Freecurve_AI_Solvation/release/SolvAI/active_solvai/simulations/dense_pimd2/prospective/acetamide/lambda_0p60,2e05da231d5ec38fd023a7e10ca78c95b21a66897b48894cf72296650f5bb34d,"['/home/galoren/Freecurve_AI_Solvation/repositories/arbalest/build_solvation_gcc10/ARBALEST/ARBALEST', '--gpu', 'true', '--gpudeviceid', '0', '--omp', '8', '--outTS', '0', '--log', 'Arbalest_attempt_01.log', '-C', 'conf.xml']",1,completed,True,0,False,"{'success_marker': True, 'system_energy_file': '/home/galoren/Freecurve_AI_Solvation/release/SolvAI/active_solvai/simulations/dense_pimd2/prospective/acetamide/lambda_0p60/output/Task5_MD_Transition_LIGAnnihilation_7__SYSTEM.ene', 'frames': 51, 'finite_response': True, 'mean_temperature_kelvin': 300.32141703588235, 'mean_density_g_cm3': 1.0110413353096077, 'energy_sha256': 'e14823afcab109ab91dca04c7a04908f522debf24fa0145eacdecb1b21852349', 'passed': True}",45.53820016188547,0.012649500044968186,0.10119600035974549,5.0,5.0,2,2,6250,,Arbalest does not expose exact fast/slow kernel call counts; nominal bead-steps are reported instead.,512aad3d46c25c28d590e76ebbd6cd2dc9be7186
AS-P2-PROSPECTIVE-acetamide-L08-A01,2026-09-03T03:33:12.617705+00:00,AS-P2-DENSE-PIMD2-001,phase2_dense_prospective,prospective,Acetamide,DLFVBJFMPXGRIB-UHFFFAOYSA-N,0.7,8,/home/galoren/Freecurve_AI_Solvation/release/SolvAI/active_solvai/simulations/dense_pimd2/prospective/acetamide/lambda_0p70,42dc519c21f709481d72a517edef6bfebdaf0f92011a2d6ef48517fe77205554,"['/home/galoren/Freecurve_AI_Solvation/repositories/arbalest/build_solvation_gcc10/ARBALEST/ARBALEST', '--gpu', 'true', '--gpudeviceid', '0', '--omp', '8', '--outTS', '0', '--log', 'Arbalest_attempt_01.log', '-C', 'conf.xml']",1,completed,True,0,False,"{'success_marker': True, 'system_energy_file': '/home/galoren/Freecurve_AI_Solvation/release/SolvAI/active_solvai/simulations/dense_pimd2/prospective/acetamide/lambda_0p70/output/Task5_MD_Transition_LIGAnnihilation_8__SYSTEM.ene', 'frames': 51, 'finite_response': True, 'mean_temperature_kelvin': 299.5437312135294, 'mean_density_g_cm3': 1.0290531948311763, 'energy_sha256': 'f89953072decbfe2d9d7870c3b410b6bcc33f1f018e03154b6241e00023c989a', 'passed': True}",45.75636593205854,0.01271010164779404,0.10168081318235232,5.0,5.0,2,2,6250,,Arbalest does not expose exact fast/slow kernel call counts; nominal bead-steps are reported instead.,512aad3d46c25c28d590e76ebbd6cd2dc9be7186
AS-P2-PROSPECTIVE-acetamide-L09-A01,2026-09-03T03:33:58.192599+00:00,AS-P2-DENSE-PIMD2-001,phase2_dense_prospective,prospective,Acetamide,DLFVBJFMPXGRIB-UHFFFAOYSA-N,0.75,9,/home/galoren/Freecurve_AI_Solvation/release/SolvAI/active_solvai/simulations/dense_pimd2/prospective/acetamide/lambda_0p75,4b2032964d7e809bba207d254d5d82332bb2871eb846c1b848f5e338e968fcc0,"['/home/galoren/Freecurve_AI_Solvation/repositories/arbalest/build_solvation_gcc10/ARBALEST/ARBALEST', '--gpu', 'true', '--gpudeviceid', '0', '--omp', '8', '--outTS', '0', '--log', 'Arbalest_attempt_01.log', '-C', 'conf.xml']",1,completed,True,0,False,"{'success_marker': True, 'system_energy_file': '/home/galoren/Freecurve_AI_Solvation/release/SolvAI/active_solvai/simulations/dense_pimd2/prospective/acetamide/lambda_0p75/output/Task5_MD_Transition_LIGAnnihilation_9__SYSTEM.ene', 'frames': 51, 'finite_response': True, 'mean_temperature_kelvin': 299.6978971227451, 'mean_density_g_cm3': 1.0237717881658823, 'energy_sha256': '1f3a73c9d84a792bc37e29c6bc8b108d77780fe305da5aca7f7315cc3d1e81bf', 'passed': True}",45.55795100214891,0.012654986389485808,0.10123989111588647,5.0,5.0,2,2,6250,,Arbalest does not expose exact fast/slow kernel call counts; nominal bead-steps are reported instead.,512aad3d46c25c28d590e76ebbd6cd2dc9be7186
AS-P2-PROSPECTIVE-acetamide-L10-A01,2026-09-03T03:34:43.791537+00:00,AS-P2-DENSE-PIMD2-001,phase2_dense_prospective,prospective,Acetamide,DLFVBJFMPXGRIB-UHFFFAOYSA-N,0.8,10,/home/galoren/Freecurve_AI_Solvation/release/SolvAI/active_solvai/simulations/dense_pimd2/prospective/acetamide/lambda_0p80,4e9742ebc941c1230b459455d9d2cb962796b29bb7ad0f4a8eee153cbf852d3d,"['/home/galoren/Freecurve_AI_Solvation/repositories/arbalest/build_solvation_gcc10/ARBALEST/ARBALEST', '--gpu', 'true', '--gpudeviceid', '0', '--omp', '8', '--outTS', '0', '--log', 'Arbalest_attempt_01.log', '-C', 'conf.xml']",1,completed,True,0,False,"{'success_marker': True, 'system_energy_file': '/home/galoren/Freecurve_AI_Solvation/release/SolvAI/active_solvai/simulations/dense_pimd2/prospective/acetamide/lambda_0p80/output/Task5_MD_Transition_LIGAnnihilation_10__SYSTEM.ene', 'frames': 51, 'finite_response': True, 'mean_temperature_kelvin': 300.03590743294114, 'mean_density_g_cm3': 1.026359032189804, 'energy_sha256': 'b09620f3d6361023b6f7a3e9e486044df3b12ae70c89d4621b3d3fd912e26d01', 'passed': True}",45.58809014619328,0.012663358373942578,0.10130686699154062,5.0,5.0,2,2,6250,,Arbalest does not expose exact fast/slow kernel call counts; nominal bead-steps are reported instead.,512aad3d46c25c28d590e76ebbd6cd2dc9be7186
AS-P2-PROSPECTIVE-acetamide-L11-A01,2026-09-03T03:35:40.161983+00:00,AS-P2-DENSE-PIMD2-001,phase2_dense_prospective,prospective,Acetamide,DLFVBJFMPXGRIB-UHFFFAOYSA-N,0.85,11,/home/galoren/Freecurve_AI_Solvation/release/SolvAI/active_solvai/simulations/dense_pimd2/prospective/acetamide/lambda_0p85,cca9844765cfd5f1b2cebd82bbb33de5a97fd77485cf6891aa99aec4b5218d7c,"['/home/galoren/Freecurve_AI_Solvation/repositories/arbalest/build_solvation_gcc10/ARBALEST/ARBALEST', '--gpu', 'true', '--gpudeviceid', '0', '--omp', '8', '--outTS', '0', '--log', 'Arbalest_attempt_01.log', '-C', 'conf.xml']",1,completed,True,0,False,"{'success_marker': True, 'system_energy_file': '/home/galoren/Freecurve_AI_Solvation/release/SolvAI/active_solvai/simulations/dense_pimd2/prospective/acetamide/lambda_0p85/output/Task5_MD_Transition_LIGAnnihilation_11__SYSTEM.ene', 'frames': 51, 'finite_response': True, 'mean_temperature_kelvin': 299.58541278, 'mean_density_g_cm3': 1.0180051303709805, 'energy_sha256': 'fd1379dcc840b8dbaa29fa7975015afc335d2131f9384a3a8c2eb5db44429893', 'passed': True}",56.35965692391619,0.015655460256643387,0.1252436820531471,5.0,5.0,2,2,6250,,Arbalest does not expose exact fast/slow kernel call counts; nominal bead-steps are reported instead.,512aad3d46c25c28d590e76ebbd6cd2dc9be7186
AS-P2-PROSPECTIVE-acetamide-L13-A01,2026-09-03T03:36:24.319106+00:00,AS-P2-DENSE-PIMD2-001,phase2_dense_prospective,prospective,Acetamide,DLFVBJFMPXGRIB-UHFFFAOYSA-N,0.95,13,/home/galoren/Freecurve_AI_Solvation/release/SolvAI/active_solvai/simulations/dense_pimd2/prospective/acetamide/lambda_0p95,7e2293d4ad90f4b60b3cf6ea462aaef22c817269e1b07dcad084a76ff8eaf37a,"['/home/galoren/Freecurve_AI_Solvation/repositories/arbalest/build_solvation_gcc10/ARBALEST/ARBALEST', '--gpu', 'true', '--gpudeviceid', '0', '--omp', '8', '--outTS', '0', '--log', 'Arbalest_attempt_01.log', '-C', 'conf.xml']",1,completed,True,0,False,"{'success_marker': True, 'system_energy_file': '/home/galoren/Freecurve_AI_Solvation/release/SolvAI/active_solvai/simulations/dense_pimd2/prospective/acetamide/lambda_0p95/output/Task5_MD_Transition_LIGAnnihilation_13__SYSTEM.ene', 'frames': 51, 'finite_response': True, 'mean_temperature_kelvin': 300.01969971901957, 'mean_density_g_cm3': 1.014785171755098, 'energy_sha256': 'ce51458c124fb7e609f8c4cd4cac8b1f43d5af67f535d658e53ba43f193711f4', 'passed': True}",44.145935320993885,0.01226275981138719,0.09810207849109752,5.0,5.0,2,2,6250,,Arbalest does not expose exact fast/slow kernel call counts; nominal bead-steps are reported instead.,512aad3d46c25c28d590e76ebbd6cd2dc9be7186
AS-P2-PROSPECTIVE-acetamide-L14-A01,2026-09-03T03:37:10.348581+00:00,AS-P2-DENSE-PIMD2-001,phase2_dense_prospective,prospective,Acetamide,DLFVBJFMPXGRIB-UHFFFAOYSA-N,1.0,14,/home/galoren/Freecurve_AI_Solvation/release/SolvAI/active_solvai/simulations/dense_pimd2/prospective/acetamide/lambda_1p00,1d762362fbfd4dc8af4437604349a7b0cd1655e49a28b9ed88d2c4bface1e15e,"['/home/galoren/Freecurve_AI_Solvation/repositories/arbalest/build_solvation_gcc10/ARBALEST/ARBALEST', '--gpu', 'true', '--gpudeviceid', '0', '--omp', '8', '--outTS', '0', '--log', 'Arbalest_attempt_01.log', '-C', 'conf.xml']",1,completed,True,0,False,"{'success_marker': True, 'system_energy_file': '/home/galoren/Freecurve_AI_Solvation/release/SolvAI/active_solvai/simulations/dense_pimd2/prospective/acetamide/lambda_1p00/output/Task5_MD_Transition_LIGAnnihilation_14__SYSTEM.ene', 'frames': 51, 'finite_response': True, 'mean_temperature_kelvin': 299.1543574429412, 'mean_density_g_cm3': 1.0298004332323527, 'energy_sha256': '65ee421236187decf6615858992920c208106dc52f41ce3a37e160ea38642e7b', 'passed': True}",46.00869134697132,0.012780192040825367,0.10224153632660293,5.0,5.0,2,2,6250,,Arbalest does not expose exact fast/slow kernel call counts; nominal bead-steps are reported instead.,512aad3d46c25c28d590e76ebbd6cd2dc9be7186
AS-P2-PROSPECTIVE-aceticacid-L00-A01,2026-09-03T03:37:54.359769+00:00,AS-P2-DENSE-PIMD2-001,phase2_dense_prospective,prospective,AceticAcid,QTBSBXVTEAMEQO-UHFFFAOYSA-N,0.0,0,/home/galoren/Freecurve_AI_Solvation/release/SolvAI/active_solvai/simulations/dense_pimd2/prospective/aceticacid/lambda_0p00,c2a8e2a781a52ec01f859971c5be2b506aef5e5fda57476088a9f52a95c9ebaa,"['/home/galoren/Freecurve_AI_Solvation/repositories/arbalest/build_solvation_gcc10/ARBALEST/ARBALEST', '--gpu', 'true', '--gpudeviceid', '0', '--omp', '8', '--outTS', '0', '--log', 'Arbalest_attempt_01.log', '-C', 'conf.xml']",1,completed,True,0,False,"{'success_marker': True, 'system_energy_file': '/home/galoren/Freecurve_AI_Solvation/release/SolvAI/active_solvai/simulations/dense_pimd2/prospective/aceticacid/lambda_0p00/output/Task5_MD_Transition_LIGAnnihilation_0__SYSTEM.ene', 'frames': 51, 'finite_response': True, 'mean_temperature_kelvin': 300.14149159882356, 'mean_density_g_cm3': 1.018469060277059, 'energy_sha256': 'cf8ee675a34eec47daaff8a1881bfb34429cba45d698d3fee05117fa5f7ea014', 'passed': True}",43.992050299886614,0.012220013972190726,0.0977601117775258,5.0,5.0,2,2,6250,,Arbalest does not expose exact fast/slow kernel call counts; nominal bead-steps are reported instead.,512aad3d46c25c28d590e76ebbd6cd2dc9be7186
AS-P2-PROSPECTIVE-aceticacid-L01-A01,2026-09-03T03:38:39.071477+00:00,AS-P2-DENSE-PIMD2-001,phase2_dense_prospective,prospective,AceticAcid,QTBSBXVTEAMEQO-UHFFFAOYSA-N,0.05,1,/home/galoren/Freecurve_AI_Solvation/release/SolvAI/active_solvai/simulations/dense_pimd2/prospective/aceticacid/lambda_0p05,02fb0bbf3142431e7e667e744bdea3be6d9545689a2fe125a767e5bfd3aee01b,"['/home/galoren/Freecurve_AI_Solvation/repositories/arbalest/build_solvation_gcc10/ARBALEST/ARBALEST', '--gpu', 'true', '--gpudeviceid', '0', '--omp', '8', '--outTS', '0', '--log', 'Arbalest_attempt_01.log', '-C', 'conf.xml']",1,completed,True,0,False,"{'success_marker': True, 'system_energy_file': '/home/galoren/Freecurve_AI_Solvation/release/SolvAI/active_solvai/simulations/dense_pimd2/prospective/aceticacid/lambda_0p05/output/Task5_MD_Transition_LIGAnnihilation_1__SYSTEM.ene', 'frames': 51, 'finite_response': True, 'mean_temperature_kelvin': 299.7229464860784, 'mean_density_g_cm3': 1.0247827122192155, 'energy_sha256': 'be4443233aef02a79b1e6da8126de261c2e07b85ff6d8244a8aba6cc3feb2f0c', 'passed': True}",44.69095333805308,0.012414153705014743,0.09931322964011795,5.0,5.0,2,2,6250,,Arbalest does not expose exact fast/slow kernel call counts; nominal bead-steps are reported instead.,512aad3d46c25c28d590e76ebbd6cd2dc9be7186
AS-P2-PROSPECTIVE-aceticacid-L03-A01,2026-09-03T03:39:32.912768+00:00,AS-P2-DENSE-PIMD2-001,phase2_dense_prospective,prospective,AceticAcid,QTBSBXVTEAMEQO-UHFFFAOYSA-N,0.2,3,/home/galoren/Freecurve_AI_Solvation/release/SolvAI/active_solvai/simulations/dense_pimd2/prospective/aceticacid/lambda_0p20,fe8cb2835a33282bedf214160b5d1bf5f079fcd35807da1d2250e119bcbb3c8d,"['/home/galoren/Freecurve_AI_Solvation/repositories/arbalest/build_solvation_gcc10/ARBALEST/ARBALEST', '--gpu', 'true', '--gpudeviceid', '0', '--omp', '8', '--outTS', '0', '--log', 'Arbalest_attempt_01.log', '-C', 'conf.xml']",1,completed,True,0,False,"{'success_marker': True, 'system_energy_file': '/home/galoren/Freecurve_AI_Solvation/release/SolvAI/active_solvai/simulations/dense_pimd2/prospective/aceticacid/lambda_0p20/output/Task5_MD_Transition_LIGAnnihilation_3__SYSTEM.ene', 'frames': 51, 'finite_response': True, 'mean_temperature_kelvin': 301.25106659607843, 'mean_density_g_cm3': 1.006349870100196, 'energy_sha256': 'ebca77a1f483e847d5cf50c0a14aa94f98bdb8d002a0147a68e9a7074b9b4851', 'passed': True}",53.81492376001552,0.014948589933337643,0.11958871946670115,5.0,5.0,2,2,6250,,Arbalest does not expose exact fast/slow kernel call counts; nominal bead-steps are reported instead.,512aad3d46c25c28d590e76ebbd6cd2dc9be7186
AS-P2-PROSPECTIVE-aceticacid-L04-A01,2026-09-03T03:40:30.088690+00:00,AS-P2-DENSE-PIMD2-001,phase2_dense_prospective,prospective,AceticAcid,QTBSBXVTEAMEQO-UHFFFAOYSA-N,0.3,4,/home/galoren/Freecurve_AI_Solvation/release/SolvAI/active_solvai/simulations/dense_pimd2/prospective/aceticacid/lambda_0p30,7ebbdc73a22a59c41debbd1488385f0b325ed6caadd0e8e713fc80b41ebbf065,"['/home/galoren/Freecurve_AI_Solvation/repositories/arbalest/build_solvation_gcc10/ARBALEST/ARBALEST', '--gpu', 'true', '--gpudeviceid', '0', '--omp', '8', '--outTS', '0', '--log', 'Arbalest_attempt_01.log', '-C', 'conf.xml']",1,completed,True,0,False,"{'success_marker': True, 'system_energy_file': '/home/galoren/Freecurve_AI_Solvation/release/SolvAI/active_solvai/simulations/dense_pimd2/prospective/aceticacid/lambda_0p30/output/Task5_MD_Transition_LIGAnnihilation_4__SYSTEM.ene', 'frames': 51, 'finite_response': True, 'mean_temperature_kelvin': 303.03991154490194, 'mean_density_g_cm3': 1.0244326752088235, 'energy_sha256': '9fd456ed7eb2f4c43ed034c9c5cd864ba2f8b0064b4ae040526dbbec27c5c827', 'passed': True}",57.15805331105366,0.01587723703084824,0.12701789624678592,5.0,5.0,2,2,6250,,Arbalest does not expose exact fast/slow kernel call counts; nominal bead-steps are reported instead.,512aad3d46c25c28d590e76ebbd6cd2dc9be7186
AS-P2-PROSPECTIVE-aceticacid-L05-A01,2026-09-03T03:41:13.540673+00:00,AS-P2-DENSE-PIMD2-001,phase2_dense_prospective,prospective,AceticAcid,QTBSBXVTEAMEQO-UHFFFAOYSA-N,0.4,5,/home/galoren/Freecurve_AI_Solvation/release/SolvAI/active_solvai/simulations/dense_pimd2/prospective/aceticacid/lambda_0p40,8c81027dac5dc0cabb16d026c3d712bbeec81b03b090e1c9d5291bceda9d4400,"['/home/galoren/Freecurve_AI_Solvation/repositories/arbalest/build_solvation_gcc10/ARBALEST/ARBALEST', '--gpu', 'true', '--gpudeviceid', '0', '--omp', '8', '--outTS', '0', '--log', 'Arbalest_attempt_01.log', '-C', 'conf.xml']",1,completed,True,0,False,"{'success_marker': True, 'system_energy_file': '/home/galoren/Freecurve_AI_Solvation/release/SolvAI/active_solvai/simulations/dense_pimd2/prospective/aceticacid/lambda_0p40/output/Task5_MD_Transition_LIGAnnihilation_5__SYSTEM.ene', 'frames': 51, 'finite_response': True, 'mean_temperature_kelvin': 301.3886668078431, 'mean_density_g_cm3': 1.019367325177451, 'energy_sha256': '5bfe559fa0bb13e6122e1140d3918f64a5b53643576a2a43740a6720e159e3f5', 'passed': True}",43.44035417982377,0.012066765049951047,0.09653412039960838,5.0,5.0,2,2,6250,,Arbalest does not expose exact fast/slow kernel call counts; nominal bead-steps are reported instead.,512aad3d46c25c28d590e76ebbd6cd2dc9be7186
AS-P2-PROSPECTIVE-aceticacid-L07-A01,2026-09-03T03:42:08.158044+00:00,AS-P2-DENSE-PIMD2-001,phase2_dense_prospective,prospective,AceticAcid,QTBSBXVTEAMEQO-UHFFFAOYSA-N,0.6,7,/home/galoren/Freecurve_AI_Solvation/release/SolvAI/active_solvai/simulations/dense_pimd2/prospective/aceticacid/lambda_0p60,8689ded13351f0c51282c3341f96eb37081258ffdc8c80101c415806bca8062b,"['/home/galoren/Freecurve_AI_Solvation/repositories/arbalest/build_solvation_gcc10/ARBALEST/ARBALEST', '--gpu', 'true', '--gpudeviceid', '0', '--omp', '8', '--outTS', '0', '--log', 'Arbalest_attempt_01.log', '-C', 'conf.xml']",1,completed,True,0,False,"{'success_marker': True, 'system_energy_file': '/home/galoren/Freecurve_AI_Solvation/release/SolvAI/active_solvai/simulations/dense_pimd2/prospective/aceticacid/lambda_0p60/output/Task5_MD_Transition_LIGAnnihilation_7__SYSTEM.ene', 'frames': 51, 'finite_response': True, 'mean_temperature_kelvin': 301.5907961203922, 'mean_density_g_cm3': 1.017909119392157, 'energy_sha256': '9c667ca557fe1c063beb8d2223711d7e94ab852de2decd60b100beb395269e47', 'passed': True}",54.603232404915616,0.015167564556921004,0.12134051645536803,5.0,5.0,2,2,6250,,Arbalest does not expose exact fast/slow kernel call counts; nominal bead-steps are reported instead.,512aad3d46c25c28d590e76ebbd6cd2dc9be7186
AS-P2-PROSPECTIVE-aceticacid-L08-A01,2026-09-03T03:42:53.467571+00:00,AS-P2-DENSE-PIMD2-001,phase2_dense_prospective,prospective,AceticAcid,QTBSBXVTEAMEQO-UHFFFAOYSA-N,0.7,8,/home/galoren/Freecurve_AI_Solvation/release/SolvAI/active_solvai/simulations/dense_pimd2/prospective/aceticacid/lambda_0p70,04ebead99817731ba84a5066ce86d630aa75dce5f5d0ed4502f201cbf4c7c548,"['/home/galoren/Freecurve_AI_Solvation/repositories/arbalest/build_solvation_gcc10/ARBALEST/ARBALEST', '--gpu', 'true', '--gpudeviceid', '0', '--omp', '8', '--outTS', '0', '--log', 'Arbalest_attempt_01.log', '-C', 'conf.xml']",1,completed,True,0,False,"{'success_marker': True, 'system_energy_file': '/home/galoren/Freecurve_AI_Solvation/release/SolvAI/active_solvai/simulations/dense_pimd2/prospective/aceticacid/lambda_0p70/output/Task5_MD_Transition_LIGAnnihilation_8__SYSTEM.ene', 'frames': 51, 'finite_response': True, 'mean_temperature_kelvin': 302.0936837672549, 'mean_density_g_cm3': 1.0064353636360786, 'energy_sha256': '743391bdd684837e57088c7139eefe402939b4356aae1596c53e62617c3f6391', 'passed': True}",45.28633129200898,0.012579536470002494,0.10063629176001995,5.0,5.0,2,2,6250,,Arbalest does not expose exact fast/slow kernel call counts; nominal bead-steps are reported instead.,512aad3d46c25c28d590e76ebbd6cd2dc9be7186
AS-P2-PROSPECTIVE-aceticacid-L09-A01,2026-09-03T03:43:50.151022+00:00,AS-P2-DENSE-PIMD2-001,phase2_dense_prospective,prospective,AceticAcid,QTBSBXVTEAMEQO-UHFFFAOYSA-N,0.75,9,/home/galoren/Freecurve_AI_Solvation/release/SolvAI/active_solvai/simulations/dense_pimd2/prospective/aceticacid/lambda_0p75,77eeb2a1461dc24f23f7a1124838a645c83e1b2df554cf66b3de5da0dbccbd92,"['/home/galoren/Freecurve_AI_Solvation/repositories/arbalest/build_solvation_gcc10/ARBALEST/ARBALEST', '--gpu', 'true', '--gpudeviceid', '0', '--omp', '8', '--outTS', '0', '--log', 'Arbalest_attempt_01.log', '-C', 'conf.xml']",1,completed,True,0,False,"{'success_marker': True, 'system_energy_file': '/home/galoren/Freecurve_AI_Solvation/release/SolvAI/active_solvai/simulations/dense_pimd2/prospective/aceticacid/lambda_0p75/output/Task5_MD_Transition_LIGAnnihilation_9__SYSTEM.ene', 'frames': 51, 'finite_response': True, 'mean_temperature_kelvin': 301.7070229945098, 'mean_density_g_cm3': 1.0095553992731372, 'energy_sha256': '2f9461a1cfb519d8469eae1a6433f2c8ed24b1137d779e78f6623f952f3288dc', 'passed': True}",56.66468207584694,0.01574018946551304,0.12592151572410432,5.0,5.0,2,2,6250,,Arbalest does not expose exact fast/slow kernel call counts; nominal bead-steps are reported instead.,512aad3d46c25c28d590e76ebbd6cd2dc9be7186
AS-P2-PROSPECTIVE-aceticacid-L10-A01,2026-09-03T03:44:36.760835+00:00,AS-P2-DENSE-PIMD2-001,phase2_dense_prospective,prospective,AceticAcid,QTBSBXVTEAMEQO-UHFFFAOYSA-N,0.8,10,/home/galoren/Freecurve_AI_Solvation/release/SolvAI/active_solvai/simulations/dense_pimd2/prospective/aceticacid/lambda_0p80,680606c51c06698bc469367f43e867c3e2cec907533a46a3d194be26411521f2,"['/home/galoren/Freecurve_AI_Solvation/repositories/arbalest/build_solvation_gcc10/ARBALEST/ARBALEST', '--gpu', 'true', '--gpudeviceid', '0', '--omp', '8', '--outTS', '0', '--log', 'Arbalest_attempt_01.log', '-C', 'conf.xml']",1,completed,True,0,False,"{'success_marker': True, 'system_energy_file': '/home/galoren/Freecurve_AI_Solvation/release/SolvAI/active_solvai/simulations/dense_pimd2/prospective/aceticacid/lambda_0p80/output/Task5_MD_Transition_LIGAnnihilation_10__SYSTEM.ene', 'frames': 51, 'finite_response': True, 'mean_temperature_kelvin': 300.63317197666663, 'mean_density_g_cm3': 1.0322950628723528, 'energy_sha256': '59b0733b19f306b4bed7ff8e0e41cda1cdd1573a927d223c7341641aca770f80', 'passed': True}",46.58794641820714,0.01294109622727976,0.10352876981823808,5.0,5.0,2,2,6250,,Arbalest does not expose exact fast/slow kernel call counts; nominal bead-steps are reported instead.,512aad3d46c25c28d590e76ebbd6cd2dc9be7186
AS-P2-PROSPECTIVE-aceticacid-L11-A01,2026-09-03T03:45:28.536720+00:00,AS-P2-DENSE-PIMD2-001,phase2_dense_prospective,prospective,AceticAcid,QTBSBXVTEAMEQO-UHFFFAOYSA-N,0.85,11,/home/galoren/Freecurve_AI_Solvation/release/SolvAI/active_solvai/simulations/dense_pimd2/prospective/aceticacid/lambda_0p85,8352d02226e3e07118dc29f38861eb7a99b3a84e7471806328870ac1eec4a29a,"['/home/galoren/Freecurve_AI_Solvation/repositories/arbalest/build_solvation_gcc10/ARBALEST/ARBALEST', '--gpu', 'true', '--gpudeviceid', '0', '--omp', '8', '--outTS', '0', '--log', 'Arbalest_attempt_01.log', '-C', 'conf.xml']",1,completed,True,0,False,"{'success_marker': True, 'system_energy_file': '/home/galoren/Freecurve_AI_Solvation/release/SolvAI/active_solvai/simulations/dense_pimd2/prospective/aceticacid/lambda_0p85/output/Task5_MD_Transition_LIGAnnihilation_11__SYSTEM.ene', 'frames': 51, 'finite_response': True, 'mean_temperature_kelvin': 302.84127071784314, 'mean_density_g_cm3': 1.0264359048858822, 'energy_sha256': '1f95e5a6d5084ad3da6883cb76bb3f3bc6e3047b9e12ed6748279c5b1fbd4c04', 'passed': True}",51.74925582599826,0.014374793284999517,0.11499834627999614,5.0,5.0,2,2,6250,,Arbalest does not expose exact fast/slow kernel call counts; nominal bead-steps are reported instead.,512aad3d46c25c28d590e76ebbd6cd2dc9be7186
AS-P2-PROSPECTIVE-aceticacid-L13-A01,2026-09-03T03:46:12.352341+00:00,AS-P2-DENSE-PIMD2-001,phase2_dense_prospective,prospective,AceticAcid,QTBSBXVTEAMEQO-UHFFFAOYSA-N,0.95,13,/home/galoren/Freecurve_AI_Solvation/release/SolvAI/active_solvai/simulations/dense_pimd2/prospective/aceticacid/lambda_0p95,50ec0d38e006612eadd90048799e5cac0795c3eb2032941c69d663f7588c244e,"['/home/galoren/Freecurve_AI_Solvation/repositories/arbalest/build_solvation_gcc10/ARBALEST/ARBALEST', '--gpu', 'true', '--gpudeviceid', '0', '--omp', '8', '--outTS', '0', '--log', 'Arbalest_attempt_01.log', '-C', 'conf.xml']",1,completed,True,0,False,"{'success_marker': True, 'system_energy_file': '/home/galoren/Freecurve_AI_Solvation/release/SolvAI/active_solvai/simulations/dense_pimd2/prospective/aceticacid/lambda_0p95/output/Task5_MD_Transition_LIGAnnihilation_13__SYSTEM.ene', 'frames': 51, 'finite_response': True, 'mean_temperature_kelvin': 301.52216000411767, 'mean_density_g_cm3': 1.0213206587005883, 'energy_sha256': '4486e87e87502bdeeaf23b70e1e5d984cfee0ad3048381a1e59b9debb07a2f97', 'passed': True}",43.797027786960825,0.012165841051933562,0.0973267284154685,5.0,5.0,2,2,6250,,Arbalest does not expose exact fast/slow kernel call counts; nominal bead-steps are reported instead.,512aad3d46c25c28d590e76ebbd6cd2dc9be7186
AS-P2-PROSPECTIVE-aceticacid-L14-A01,2026-09-03T03:47:02.205971+00:00,AS-P2-DENSE-PIMD2-001,phase2_dense_prospective,prospective,AceticAcid,QTBSBXVTEAMEQO-UHFFFAOYSA-N,1.0,14,/home/galoren/Freecurve_AI_Solvation/release/SolvAI/active_solvai/simulations/dense_pimd2/prospective/aceticacid/lambda_1p00,addb491c5bfd1e08ec236f43b24a02501e680fc1bce5954f49229e09c719d436,"['/home/galoren/Freecurve_AI_Solvation/repositories/arbalest/build_solvation_gcc10/ARBALEST/ARBALEST', '--gpu', 'true', '--gpudeviceid', '0', '--omp', '8', '--outTS', '0', '--log', 'Arbalest_attempt_01.log', '-C', 'conf.xml']",1,completed,True,0,False,"{'success_marker': True, 'system_energy_file': '/home/galoren/Freecurve_AI_Solvation/release/SolvAI/active_solvai/simulations/dense_pimd2/prospective/aceticacid/lambda_1p00/output/Task5_MD_Transition_LIGAnnihilation_14__SYSTEM.ene', 'frames': 51, 'finite_response': True, 'mean_temperature_kelvin': 300.6908580631373, 'mean_density_g_cm3': 1.030175033860392, 'energy_sha256': 'bb4079bcfdc662f8739213a1995c3086a86c7ffa98f7e93cfce572058cb19263', 'passed': True}",49.84160664607771,0.013844890735021586,0.11075912588017268,5.0,5.0,2,2,6250,,Arbalest does not expose exact fast/slow kernel call counts; nominal bead-steps are reported instead.,512aad3d46c25c28d590e76ebbd6cd2dc9be7186
AS-P2-PROSPECTIVE-anthracene-L00-A01,2026-09-03T03:47:50.526680+00:00,AS-P2-DENSE-PIMD2-001,phase2_dense_prospective,prospective,Anthracene,MWPLVEDNUUSJAV-UHFFFAOYSA-N,0.0,0,/home/galoren/Freecurve_AI_Solvation/release/SolvAI/active_solvai/simulations/dense_pimd2/prospective/anthracene/lambda_0p00,ec4c5350664ea4376ef77eee44ce3ed8280d352c08bca5eb4cf6a1e16ab092de,"['/home/galoren/Freecurve_AI_Solvation/repositories/arbalest/build_solvation_gcc10/ARBALEST/ARBALEST', '--gpu', 'true', '--gpudeviceid', '0', '--omp', '8', '--outTS', '0', '--log', 'Arbalest_attempt_01.log', '-C', 'conf.xml']",1,completed,True,0,False,"{'success_marker': True, 'system_energy_file': '/home/galoren/Freecurve_AI_Solvation/release/SolvAI/active_solvai/simulations/dense_pimd2/prospective/anthracene/lambda_0p00/output/Task5_MD_Transition_LIGAnnihilation_0__SYSTEM.ene', 'frames': 51, 'finite_response': True, 'mean_temperature_kelvin': 299.8430688272549, 'mean_density_g_cm3': 1.0246190301064706, 'energy_sha256': '9e7009aecc258ed0090f6614708f9adad47d2c407cf663d880a8f18b6a7c0a67', 'passed': True}",48.30942226201296,0.013419283961670267,0.10735427169336213,5.0,5.0,2,2,6250,,Arbalest does not expose exact fast/slow kernel call counts; nominal bead-steps are reported instead.,512aad3d46c25c28d590e76ebbd6cd2dc9be7186
AS-P2-PROSPECTIVE-anthracene-L01-A01,2026-09-03T03:48:38.454286+00:00,AS-P2-DENSE-PIMD2-001,phase2_dense_prospective,prospective,Anthracene,MWPLVEDNUUSJAV-UHFFFAOYSA-N,0.05,1,/home/galoren/Freecurve_AI_Solvation/release/SolvAI/active_solvai/simulations/dense_pimd2/prospective/anthracene/lambda_0p05,bccd455cd115c46648f6474f488e9df51ffe609fefefb1eed48080258382bd20,"['/home/galoren/Freecurve_AI_Solvation/repositories/arbalest/build_solvation_gcc10/ARBALEST/ARBALEST', '--gpu', 'true', '--gpudeviceid', '0', '--omp', '8', '--outTS', '0', '--log', 'Arbalest_attempt_01.log', '-C', 'conf.xml']",1,completed,True,0,False,"{'success_marker': True, 'system_energy_file': '/home/galoren/Freecurve_AI_Solvation/release/SolvAI/active_solvai/simulations/dense_pimd2/prospective/anthracene/lambda_0p05/output/Task5_MD_Transition_LIGAnnihilation_1__SYSTEM.ene', 'frames': 51, 'finite_response': True, 'mean_temperature_kelvin': 302.1005309, 'mean_density_g_cm3': 1.0107887869288235, 'energy_sha256': '139ac292de68018a4bcbed8c5f3b7ff59c640cc0d25408e192b8fb6753f88932', 'passed': True}",47.91608032002114,0.013310022311116982,0.10648017848893586,5.0,5.0,2,2,6250,,Arbalest does not expose exact fast/slow kernel call counts; nominal bead-steps are reported instead.,512aad3d46c25c28d590e76ebbd6cd2dc9be7186
AS-P2-PROSPECTIVE-anthracene-L03-A01,2026-09-03T03:49:22.611576+00:00,AS-P2-DENSE-PIMD2-001,phase2_dense_prospective,prospective,Anthracene,MWPLVEDNUUSJAV-UHFFFAOYSA-N,0.2,3,/home/galoren/Freecurve_AI_Solvation/release/SolvAI/active_solvai/simulations/dense_pimd2/prospective/anthracene/lambda_0p20,81d4ba4de42bcba9b17150cbf345f8206e4e8fc1659c02659a92efa264a38a70,"['/home/galoren/Freecurve_AI_Solvation/repositories/arbalest/build_solvation_gcc10/ARBALEST/ARBALEST', '--gpu', 'true', '--gpudeviceid', '0', '--omp', '8', '--outTS', '0', '--log', 'Arbalest_attempt_01.log', '-C', 'conf.xml']",1,completed,True,0,False,"{'success_marker': True, 'system_energy_file': '/home/galoren/Freecurve_AI_Solvation/release/SolvAI/active_solvai/simulations/dense_pimd2/prospective/anthracene/lambda_0p20/output/Task5_MD_Transition_LIGAnnihilation_3__SYSTEM.ene', 'frames': 51, 'finite_response': True, 'mean_temperature_kelvin': 300.93277348529415, 'mean_density_g_cm3': 1.02172804365549, 'energy_sha256': '89e31956852436d7d09333ac7b0c85de3540723af8af85ab3f7853aa1e0d0be2', 'passed': True}",44.135655276011676,0.012259904243336577,0.09807923394669261,5.0,5.0,2,2,6250,,Arbalest does not expose exact fast/slow kernel call counts; nominal bead-steps are reported instead.,512aad3d46c25c28d590e76ebbd6cd2dc9be7186
AS-P2-PROSPECTIVE-anthracene-L04-A01,2026-09-03T03:50:19.343894+00:00,AS-P2-DENSE-PIMD2-001,phase2_dense_prospective,prospective,Anthracene,MWPLVEDNUUSJAV-UHFFFAOYSA-N,0.3,4,/home/galoren/Freecurve_AI_Solvation/release/SolvAI/active_solvai/simulations/dense_pimd2/prospective/anthracene/lambda_0p30,4a25b131831e18a70d4c5203d691e056f65fa5bd36d9a183e1d0c0d43a8a70d5,"['/home/galoren/Freecurve_AI_Solvation/repositories/arbalest/build_solvation_gcc10/ARBALEST/ARBALEST', '--gpu', 'true', '--gpudeviceid', '0', '--omp', '8', '--outTS', '0', '--log', 'Arbalest_attempt_01.log', '-C', 'conf.xml']",1,completed,True,0,False,"{'success_marker': True, 'system_energy_file': '/home/galoren/Freecurve_AI_Solvation/release/SolvAI/active_solvai/simulations/dense_pimd2/prospective/anthracene/lambda_0p30/output/Task5_MD_Transition_LIGAnnihilation_4__SYSTEM.ene', 'frames': 51, 'finite_response': True, 'mean_temperature_kelvin': 301.4215400758823, 'mean_density_g_cm3': 1.0240420349088235, 'energy_sha256': '218f84ac8f4b2211ade61d2cc5f5620e32deb1e2e7b01c9e432feaeace6d0774', 'passed': True}",56.71402394818142,0.015753895541161505,0.12603116432929204,5.0,5.0,2,2,6250,,Arbalest does not expose exact fast/slow kernel call counts; nominal bead-steps are reported instead.,512aad3d46c25c28d590e76ebbd6cd2dc9be7186
AS-P2-PROSPECTIVE-anthracene-L05-A01,2026-09-03T03:51:03.061873+00:00,AS-P2-DENSE-PIMD2-001,phase2_dense_prospective,prospective,Anthracene,MWPLVEDNUUSJAV-UHFFFAOYSA-N,0.4,5,/home/galoren/Freecurve_AI_Solvation/release/SolvAI/active_solvai/simulations/dense_pimd2/prospective/anthracene/lambda_0p40,b582bd6c1018ef24893670caa7ff9faf5d7980da07e4c626ad4adf765d88a960,"['/home/galoren/Freecurve_AI_Solvation/repositories/arbalest/build_solvation_gcc10/ARBALEST/ARBALEST', '--gpu', 'true', '--gpudeviceid', '0', '--omp', '8', '--outTS', '0', '--log', 'Arbalest_attempt_01.log', '-C', 'conf.xml']",1,completed,True,0,False,"{'success_marker': True, 'system_energy_file': '/home/galoren/Freecurve_AI_Solvation/release/SolvAI/active_solvai/simulations/dense_pimd2/prospective/anthracene/lambda_0p40/output/Task5_MD_Transition_LIGAnnihilation_5__SYSTEM.ene', 'frames': 51, 'finite_response': True, 'mean_temperature_kelvin': 299.2347558545098, 'mean_density_g_cm3': 1.0199725917452942, 'energy_sha256': '0caebe02026e41dbf6cbc9fd63f42f6738c18abdd44653c79b7b2c17dbfaa447', 'passed': True}",43.69649522379041,0.01213791533994178,0.09710332271953424,5.0,5.0,2,2,6250,,Arbalest does not expose exact fast/slow kernel call counts; nominal bead-steps are reported instead.,512aad3d46c25c28d590e76ebbd6cd2dc9be7186
AS-P2-PROSPECTIVE-anthracene-L07-A01,2026-09-03T03:51:56.409545+00:00,AS-P2-DENSE-PIMD2-001,phase2_dense_prospective,prospective,Anthracene,MWPLVEDNUUSJAV-UHFFFAOYSA-N,0.6,7,/home/galoren/Freecurve_AI_Solvation/release/SolvAI/active_solvai/simulations/dense_pimd2/prospective/anthracene/lambda_0p60,349dfbf4bb3e45db20a92b5657011c9df7a9b6ce15baf7771a4cfe065641fd6a,"['/home/galoren/Freecurve_AI_Solvation/repositories/arbalest/build_solvation_gcc10/ARBALEST/ARBALEST', '--gpu', 'true', '--gpudeviceid', '0', '--omp', '8', '--outTS', '0', '--log', 'Arbalest_attempt_01.log', '-C', 'conf.xml']",1,completed,True,0,False,"{'success_marker': True, 'system_energy_file': '/home/galoren/Freecurve_AI_Solvation/release/SolvAI/active_solvai/simulations/dense_pimd2/prospective/anthracene/lambda_0p60/output/Task5_MD_Transition_LIGAnnihilation_7__SYSTEM.ene', 'frames': 51, 'finite_response': True, 'mean_temperature_kelvin': 302.0408807384314, 'mean_density_g_cm3': 1.0106638117566666, 'energy_sha256': '82b53e5233e56272bdff9ef5d9e16f28e57cd6b032aec45621975a699acd9994', 'passed': True}",53.31884939898737,0.014810791499718713,0.1184863319977497,5.0,5.0,2,2,6250,,Arbalest does not expose exact fast/slow kernel call counts; nominal bead-steps are reported instead.,512aad3d46c25c28d590e76ebbd6cd2dc9be7186
AS-P2-PROSPECTIVE-anthracene-L08-A01,2026-09-03T03:52:40.399751+00:00,AS-P2-DENSE-PIMD2-001,phase2_dense_prospective,prospective,Anthracene,MWPLVEDNUUSJAV-UHFFFAOYSA-N,0.7,8,/home/galoren/Freecurve_AI_Solvation/release/SolvAI/active_solvai/simulations/dense_pimd2/prospective/anthracene/lambda_0p70,f6cc0e6de7da34bc692ac06b699a0f84cd233d0a48f13ec96da7966344c86d04,"['/home/galoren/Freecurve_AI_Solvation/repositories/arbalest/build_solvation_gcc10/ARBALEST/ARBALEST', '--gpu', 'true', '--gpudeviceid', '0', '--omp', '8', '--outTS', '0', '--log', 'Arbalest_attempt_01.log', '-C', 'conf.xml']",1,completed,True,0,False,"{'success_marker': True, 'system_energy_file': '/home/galoren/Freecurve_AI_Solvation/release/SolvAI/active_solvai/simulations/dense_pimd2/prospective/anthracene/lambda_0p70/output/Task5_MD_Transition_LIGAnnihilation_8__SYSTEM.ene', 'frames': 51, 'finite_response': True, 'mean_temperature_kelvin': 301.0050178105883, 'mean_density_g_cm3': 1.0197815961584313, 'energy_sha256': '2169feec2bdcda2f380b236f8b0178708cdbd7602d375839f470a070f28a6ee6', 'passed': True}",43.96156724705361,0.01221154645751489,0.09769237166011913,5.0,5.0,2,2,6250,,Arbalest does not expose exact fast/slow kernel call counts; nominal bead-steps are reported instead.,512aad3d46c25c28d590e76ebbd6cd2dc9be7186
AS-P2-PROSPECTIVE-anthracene-L09-A01,2026-09-03T03:53:37.637531+00:00,AS-P2-DENSE-PIMD2-001,phase2_dense_prospective,prospective,Anthracene,MWPLVEDNUUSJAV-UHFFFAOYSA-N,0.75,9,/home/galoren/Freecurve_AI_Solvation/release/SolvAI/active_solvai/simulations/dense_pimd2/prospective/anthracene/lambda_0p75,8c23771b8dedeaa17897d113bc1a9dcc8dec6fc3fe7f170889b5c5b104968669,"['/home/galoren/Freecurve_AI_Solvation/repositories/arbalest/build_solvation_gcc10/ARBALEST/ARBALEST', '--gpu', 'true', '--gpudeviceid', '0', '--omp', '8', '--outTS', '0', '--log', 'Arbalest_attempt_01.log', '-C', 'conf.xml']",1,completed,True,0,False,"{'success_marker': True, 'system_energy_file': '/home/galoren/Freecurve_AI_Solvation/release/SolvAI/active_solvai/simulations/dense_pimd2/prospective/anthracene/lambda_0p75/output/Task5_MD_Transition_LIGAnnihilation_9__SYSTEM.ene', 'frames': 51, 'finite_response': True, 'mean_temperature_kelvin': 300.2139417939216, 'mean_density_g_cm3': 1.0236825878190194, 'energy_sha256': 'f84c5754a8ac6f4f888b82b6c6a03defb22cfe334a84dc7b4ec234142fc0e71e', 'passed': True}",57.21410050895065,0.015892805696930735,0.12714244557544588,5.0,5.0,2,2,6250,,Arbalest does not expose exact fast/slow kernel call counts; nominal bead-steps are reported instead.,512aad3d46c25c28d590e76ebbd6cd2dc9be7186
AS-P2-PROSPECTIVE-anthracene-L10-A01,2026-09-03T03:54:34.976743+00:00,AS-P2-DENSE-PIMD2-001,phase2_dense_prospective,prospective,Anthracene,MWPLVEDNUUSJAV-UHFFFAOYSA-N,0.8,10,/home/galoren/Freecurve_AI_Solvation/release/SolvAI/active_solvai/simulations/dense_pimd2/prospective/anthracene/lambda_0p80,31ef20cf35eac08444cb651eeeae606fdcc506554a899186510fe590ab9a7c70,"['/home/galoren/Freecurve_AI_Solvation/repositories/arbalest/build_solvation_gcc10/ARBALEST/ARBALEST', '--gpu', 'true', '--gpudeviceid', '0', '--omp', '8', '--outTS', '0', '--log', 'Arbalest_attempt_01.log', '-C', 'conf.xml']",1,completed,True,0,False,"{'success_marker': True, 'system_energy_file': '/home/galoren/Freecurve_AI_Solvation/release/SolvAI/active_solvai/simulations/dense_pimd2/prospective/anthracene/lambda_0p80/output/Task5_MD_Transition_LIGAnnihilation_10__SYSTEM.ene', 'frames': 51, 'finite_response': True, 'mean_temperature_kelvin': 300.77265989509806, 'mean_density_g_cm3': 1.0279452195113725, 'energy_sha256': '729641601de210a995cd35526f69aff6534e48d3372eeb45ad71e11080889f23', 'passed': True}",57.3091361799743,0.015919204494437306,0.12735363595549845,5.0,5.0,2,2,6250,,Arbalest does not expose exact fast/slow kernel call counts; nominal bead-steps are reported instead.,512aad3d46c25c28d590e76ebbd6cd2dc9be7186
AS-P2-PROSPECTIVE-anthracene-L11-A01,2026-09-03T03:55:21.500027+00:00,AS-P2-DENSE-PIMD2-001,phase2_dense_prospective,prospective,Anthracene,MWPLVEDNUUSJAV-UHFFFAOYSA-N,0.85,11,/home/galoren/Freecurve_AI_Solvation/release/SolvAI/active_solvai/simulations/dense_pimd2/prospective/anthracene/lambda_0p85,abaf5e45b463fa71ab61a139b2cf126f1c63d5c932743adecb643d1286fbf3a2,"['/home/galoren/Freecurve_AI_Solvation/repositories/arbalest/build_solvation_gcc10/ARBALEST/ARBALEST', '--gpu', 'true', '--gpudeviceid', '0', '--omp', '8', '--outTS', '0', '--log', 'Arbalest_attempt_01.log', '-C', 'conf.xml']",1,completed,True,0,False,"{'success_marker': True, 'system_energy_file': '/home/galoren/Freecurve_AI_Solvation/release/SolvAI/active_solvai/simulations/dense_pimd2/prospective/anthracene/lambda_0p85/output/Task5_MD_Transition_LIGAnnihilation_11__SYSTEM.ene', 'frames': 51, 'finite_response': True, 'mean_temperature_kelvin': 299.9164097423529, 'mean_density_g_cm3': 1.0270495388747058, 'energy_sha256': 'da43236d78ddc31752e9b8349d000f0fd3484c5099dca6ad0a383639a6ac39c6', 'passed': True}",46.50397471501492,0.012917770754170811,0.10334216603336649,5.0,5.0,2,2,6250,,Arbalest does not expose exact fast/slow kernel call counts; nominal bead-steps are reported instead.,512aad3d46c25c28d590e76ebbd6cd2dc9be7186
AS-P2-PROSPECTIVE-anthracene-L13-A01,2026-09-03T03:56:06.066483+00:00,AS-P2-DENSE-PIMD2-001,phase2_dense_prospective,prospective,Anthracene,MWPLVEDNUUSJAV-UHFFFAOYSA-N,0.95,13,/home/galoren/Freecurve_AI_Solvation/release/SolvAI/active_solvai/simulations/dense_pimd2/prospective/anthracene/lambda_0p95,ef4fcc1dfaf56ec577ccdd912cf30f1e116f9dbb5f36b003a8637cce16d4ef7f,"['/home/galoren/Freecurve_AI_Solvation/repositories/arbalest/build_solvation_gcc10/ARBALEST/ARBALEST', '--gpu', 'true', '--gpudeviceid', '0', '--omp', '8', '--outTS', '0', '--log', 'Arbalest_attempt_01.log', '-C', 'conf.xml']",1,completed,True,0,False,"{'success_marker': True, 'system_energy_file': '/home/galoren/Freecurve_AI_Solvation/release/SolvAI/active_solvai/simulations/dense_pimd2/prospective/anthracene/lambda_0p95/output/Task5_MD_Transition_LIGAnnihilation_13__SYSTEM.ene', 'frames': 51, 'finite_response': True, 'mean_temperature_kelvin': 302.29103163549024, 'mean_density_g_cm3': 1.026702175367451, 'energy_sha256': '883b3a6984d415c511560046d0219b8ad9cc187398375654f68403284ff0065b', 'passed': True}",44.54446026799269,0.012373461185553524,0.0989876894844282,5.0,5.0,2,2,6250,,Arbalest does not expose exact fast/slow kernel call counts; nominal bead-steps are reported instead.,512aad3d46c25c28d590e76ebbd6cd2dc9be7186
AS-P2-PROSPECTIVE-anthracene-L14-A01,2026-09-03T03:56:49.890467+00:00,AS-P2-DENSE-PIMD2-001,phase2_dense_prospective,prospective,Anthracene,MWPLVEDNUUSJAV-UHFFFAOYSA-N,1.0,14,/home/galoren/Freecurve_AI_Solvation/release/SolvAI/active_solvai/simulations/dense_pimd2/prospective/anthracene/lambda_1p00,1625b53078c219c02b4f35d6f73736a61059f08d5bb7c2b8ddb12cbe9c2d2c88,"['/home/galoren/Freecurve_AI_Solvation/repositories/arbalest/build_solvation_gcc10/ARBALEST/ARBALEST', '--gpu', 'true', '--gpudeviceid', '0', '--omp', '8', '--outTS', '0', '--log', 'Arbalest_attempt_01.log', '-C', 'conf.xml']",1,completed,True,0,False,"{'success_marker': True, 'system_energy_file': '/home/galoren/Freecurve_AI_Solvation/release/SolvAI/active_solvai/simulations/dense_pimd2/prospective/anthracene/lambda_1p00/output/Task5_MD_Transition_LIGAnnihilation_14__SYSTEM.ene', 'frames': 51, 'finite_response': True, 'mean_temperature_kelvin': 301.75775268156866, 'mean_density_g_cm3': 1.025890028199608, 'energy_sha256': 'b83491baf6a4b4d4cfcfa53c573f45c7b7ae33c631886bf354e64b90cf617ea7', 'passed': True}",43.80403485591523,0.012167787459976454,0.09734229967981163,5.0,5.0,2,2,6250,,Arbalest does not expose exact fast/slow kernel call counts; nominal bead-steps are reported instead.,512aad3d46c25c28d590e76ebbd6cd2dc9be7186
AS-P2-PROSPECTIVE-cyclohexane-L00-A01,2026-09-03T03:57:44.260658+00:00,AS-P2-DENSE-PIMD2-001,phase2_dense_prospective,prospective,Cyclohexane,XDTMQSROBMDMFD-UHFFFAOYSA-N,0.0,0,/home/galoren/Freecurve_AI_Solvation/release/SolvAI/active_solvai/simulations/dense_pimd2/prospective/cyclohexane/lambda_0p00,6b2c99ce2a9da4ba3afcaf3db8bc891969d5a4ddd6026aafb18906ac11ae1cd8,"['/home/galoren/Freecurve_AI_Solvation/repositories/arbalest/build_solvation_gcc10/ARBALEST/ARBALEST', '--gpu', 'true', '--gpudeviceid', '0', '--omp', '8', '--outTS', '0', '--log', 'Arbalest_attempt_01.log', '-C', 'conf.xml']",1,completed,True,0,False,"{'success_marker': True, 'system_energy_file': '/home/galoren/Freecurve_AI_Solvation/release/SolvAI/active_solvai/simulations/dense_pimd2/prospective/cyclohexane/lambda_0p00/output/Task5_MD_Transition_LIGAnnihilation_0__SYSTEM.ene', 'frames': 51, 'finite_response': True, 'mean_temperature_kelvin': 300.30993653431375, 'mean_density_g_cm3': 1.0139570368058823, 'energy_sha256': '1a39bd2e01419d2823f08f7ac74119b57c15bf69919c36b9d4343bd643f50a55', 'passed': True}",54.357761760940775,0.015099378266927994,0.12079502613542395,5.0,5.0,2,2,6250,,Arbalest does not expose exact fast/slow kernel call counts; nominal bead-steps are reported instead.,512aad3d46c25c28d590e76ebbd6cd2dc9be7186
AS-P2-PROSPECTIVE-cyclohexane-L01-A01,2026-09-03T03:58:28.364552+00:00,AS-P2-DENSE-PIMD2-001,phase2_dense_prospective,prospective,Cyclohexane,XDTMQSROBMDMFD-UHFFFAOYSA-N,0.05,1,/home/galoren/Freecurve_AI_Solvation/release/SolvAI/active_solvai/simulations/dense_pimd2/prospective/cyclohexane/lambda_0p05,821257f22ec3fe6cc8f0ee709014e7b0d15d98ee799179d1740c10ad381f7fea,"['/home/galoren/Freecurve_AI_Solvation/repositories/arbalest/build_solvation_gcc10/ARBALEST/ARBALEST', '--gpu', 'true', '--gpudeviceid', '0', '--omp', '8', '--outTS', '0', '--log', 'Arbalest_attempt_01.log', '-C', 'conf.xml']",1,completed,True,0,False,"{'success_marker': True, 'system_energy_file': '/home/galoren/Freecurve_AI_Solvation/release/SolvAI/active_solvai/simulations/dense_pimd2/prospective/cyclohexane/lambda_0p05/output/Task5_MD_Transition_LIGAnnihilation_1__SYSTEM.ene', 'frames': 51, 'finite_response': True, 'mean_temperature_kelvin': 299.6345325819608, 'mean_density_g_cm3': 1.021789241822941, 'energy_sha256': '101ff69c8fd6a2cdb21a7cc44eb66bba848a847deeacf910ba6d7116dded86c5', 'passed': True}",44.0915049391333,0.01224764026087036,0.09798112208696289,5.0,5.0,2,2,6250,,Arbalest does not expose exact fast/slow kernel call counts; nominal bead-steps are reported instead.,512aad3d46c25c28d590e76ebbd6cd2dc9be7186
AS-P2-PROSPECTIVE-cyclohexane-L03-A01,2026-09-03T03:59:20.734625+00:00,AS-P2-DENSE-PIMD2-001,phase2_dense_prospective,prospective,Cyclohexane,XDTMQSROBMDMFD-UHFFFAOYSA-N,0.2,3,/home/galoren/Freecurve_AI_Solvation/release/SolvAI/active_solvai/simulations/dense_pimd2/prospective/cyclohexane/lambda_0p20,708975ac1eff6ba17f7e8e774f2b4975ad10708f20a76d5011c7f6267942def1,"['/home/galoren/Freecurve_AI_Solvation/repositories/arbalest/build_solvation_gcc10/ARBALEST/ARBALEST', '--gpu', 'true', '--gpudeviceid', '0', '--omp', '8', '--outTS', '0', '--log', 'Arbalest_attempt_01.log', '-C', 'conf.xml']",1,completed,True,0,False,"{'success_marker': True, 'system_energy_file': '/home/galoren/Freecurve_AI_Solvation/release/SolvAI/active_solvai/simulations/dense_pimd2/prospective/cyclohexane/lambda_0p20/output/Task5_MD_Transition_LIGAnnihilation_3__SYSTEM.ene', 'frames': 51, 'finite_response': True, 'mean_temperature_kelvin': 299.65701721078426, 'mean_density_g_cm3': 1.015788355721961, 'energy_sha256': 'd0760315d5e53a550d4d9bdfe3c7b203a1cdc5db5abea2c71c03207540211523', 'passed': True}",52.35833581793122,0.014543982171647561,0.11635185737318049,5.0,5.0,2,2,6250,,Arbalest does not expose exact fast/slow kernel call counts; nominal bead-steps are reported instead.,512aad3d46c25c28d590e76ebbd6cd2dc9be7186
AS-P2-PROSPECTIVE-cyclohexane-L04-A01,2026-09-03T04:00:05.760710+00:00,AS-P2-DENSE-PIMD2-001,phase2_dense_prospective,prospective,Cyclohexane,XDTMQSROBMDMFD-UHFFFAOYSA-N,0.3,4,/home/galoren/Freecurve_AI_Solvation/release/SolvAI/active_solvai/simulations/dense_pimd2/prospective/cyclohexane/lambda_0p30,f0da5312c5cea1070f087be034cf739ef92b4c1ea19e5bd3044747be12707703,"['/home/galoren/Freecurve_AI_Solvation/repositories/arbalest/build_solvation_gcc10/ARBALEST/ARBALEST', '--gpu', 'true', '--gpudeviceid', '0', '--omp', '8', '--outTS', '0', '--log', 'Arbalest_attempt_01.log', '-C', 'conf.xml']",1,completed,True,0,False,"{'success_marker': True, 'system_energy_file': '/home/galoren/Freecurve_AI_Solvation/release/SolvAI/active_solvai/simulations/dense_pimd2/prospective/cyclohexane/lambda_0p30/output/Task5_MD_Transition_LIGAnnihilation_4__SYSTEM.ene', 'frames': 51, 'finite_response': True, 'mean_temperature_kelvin': 300.2386174109804, 'mean_density_g_cm3': 1.027076980087255, 'energy_sha256': '654cf19c0cba7145c09e4e93e925710fe8886c1bc4c0664bb52bb5477838a143', 'passed': True}",45.00444236304611,0.01250123398973503,0.10000987191788024,5.0,5.0,2,2,6250,,Arbalest does not expose exact fast/slow kernel call counts; nominal bead-steps are reported instead.,512aad3d46c25c28d590e76ebbd6cd2dc9be7186
AS-P2-PROSPECTIVE-cyclohexane-L05-A01,2026-09-03T04:01:01.317024+00:00,AS-P2-DENSE-PIMD2-001,phase2_dense_prospective,prospective,Cyclohexane,XDTMQSROBMDMFD-UHFFFAOYSA-N,0.4,5,/home/galoren/Freecurve_AI_Solvation/release/SolvAI/active_solvai/simulations/dense_pimd2/prospective/cyclohexane/lambda_0p40,723a6e3bea209c44b4404a6365de151ea9ea0d591134b1fb0bab81039f498f05,"['/home/galoren/Freecurve_AI_Solvation/repositories/arbalest/build_solvation_gcc10/ARBALEST/ARBALEST', '--gpu', 'true', '--gpudeviceid', '0', '--omp', '8', '--outTS', '0', '--log', 'Arbalest_attempt_01.log', '-C', 'conf.xml']",1,completed,True,0,False,"{'success_marker': True, 'system_energy_file': '/home/galoren/Freecurve_AI_Solvation/release/SolvAI/active_solvai/simulations/dense_pimd2/prospective/cyclohexane/lambda_0p40/output/Task5_MD_Transition_LIGAnnihilation_5__SYSTEM.ene', 'frames': 51, 'finite_response': True, 'mean_temperature_kelvin': 299.42919850960783, 'mean_density_g_cm3': 1.0230624010552942, 'energy_sha256': 'e655e4f016fa0a17b0399e97552531de36dcec836e6189058ebff3d1f17aca19', 'passed': True}",55.52653232612647,0.015424036757257353,0.12339229405805882,5.0,5.0,2,2,6250,,Arbalest does not expose exact fast/slow kernel call counts; nominal bead-steps are reported instead.,512aad3d46c25c28d590e76ebbd6cd2dc9be7186
AS-P2-PROSPECTIVE-cyclohexane-L07-A01,2026-09-03T04:01:56.800493+00:00,AS-P2-DENSE-PIMD2-001,phase2_dense_prospective,prospective,Cyclohexane,XDTMQSROBMDMFD-UHFFFAOYSA-N,0.6,7,/home/galoren/Freecurve_AI_Solvation/release/SolvAI/active_solvai/simulations/dense_pimd2/prospective/cyclohexane/lambda_0p60,4b5b1806d11dafbc4f7c9ddee40cc5e58a05fb2e78cbff66a1b484ffeae6ba33,"['/home/galoren/Freecurve_AI_Solvation/repositories/arbalest/build_solvation_gcc10/ARBALEST/ARBALEST', '--gpu', 'true', '--gpudeviceid', '0', '--omp', '8', '--outTS', '0', '--log', 'Arbalest_attempt_01.log', '-C', 'conf.xml']",1,completed,True,0,False,"{'success_marker': True, 'system_energy_file': '/home/galoren/Freecurve_AI_Solvation/release/SolvAI/active_solvai/simulations/dense_pimd2/prospective/cyclohexane/lambda_0p60/output/Task5_MD_Transition_LIGAnnihilation_7__SYSTEM.ene', 'frames': 51, 'finite_response': True, 'mean_temperature_kelvin': 300.4259693492157, 'mean_density_g_cm3': 1.0204656232831375, 'energy_sha256': '51a4f76c59637eda436d6770072ef20bf4764f1cf48682c018cacc6ee7d42aef', 'passed': True}",55.46314865001477,0.01540643018055966,0.12325144144447728,5.0,5.0,2,2,6250,,Arbalest does not expose exact fast/slow kernel call counts; nominal bead-steps are reported instead.,512aad3d46c25c28d590e76ebbd6cd2dc9be7186
AS-P2-PROSPECTIVE-cyclohexane-L08-A01,2026-09-03T04:02:49.188529+00:00,AS-P2-DENSE-PIMD2-001,phase2_dense_prospective,prospective,Cyclohexane,XDTMQSROBMDMFD-UHFFFAOYSA-N,0.7,8,/home/galoren/Freecurve_AI_Solvation/release/SolvAI/active_solvai/simulations/dense_pimd2/prospective/cyclohexane/lambda_0p70,6f4429a40eac5f9cfee6bc4bb9e6e0916c5fb1cc54096531e884ec38a24437b6,"['/home/galoren/Freecurve_AI_Solvation/repositories/arbalest/build_solvation_gcc10/ARBALEST/ARBALEST', '--gpu', 'true', '--gpudeviceid', '0', '--omp', '8', '--outTS', '0', '--log', 'Arbalest_attempt_01.log', '-C', 'conf.xml']",1,completed,True,0,False,"{'success_marker': True, 'system_energy_file': '/home/galoren/Freecurve_AI_Solvation/release/SolvAI/active_solvai/simulations/dense_pimd2/prospective/cyclohexane/lambda_0p70/output/Task5_MD_Transition_LIGAnnihilation_8__SYSTEM.ene', 'frames': 51, 'finite_response': True, 'mean_temperature_kelvin': 301.0713736247059, 'mean_density_g_cm3': 1.0280019464513726, 'energy_sha256': '8d0dee16344e20433e0cbd76fbf79a5fe768cb7044fb6bc29b71d1247a83efc9', 'passed': True}",52.374699090840295,0.014548527525233416,0.11638822020186733,5.0,5.0,2,2,6250,,Arbalest does not expose exact fast/slow kernel call counts; nominal bead-steps are reported instead.,512aad3d46c25c28d590e76ebbd6cd2dc9be7186
AS-P2-PROSPECTIVE-cyclohexane-L09-A01,2026-09-03T04:03:37.209386+00:00,AS-P2-DENSE-PIMD2-001,phase2_dense_prospective,prospective,Cyclohexane,XDTMQSROBMDMFD-UHFFFAOYSA-N,0.75,9,/home/galoren/Freecurve_AI_Solvation/release/SolvAI/active_solvai/simulations/dense_pimd2/prospective/cyclohexane/lambda_0p75,a05241590fd11d98b9b379db22f5bcf34b3347e3403f8517e2d2dd186e113942,"['/home/galoren/Freecurve_AI_Solvation/repositories/arbalest/build_solvation_gcc10/ARBALEST/ARBALEST', '--gpu', 'true', '--gpudeviceid', '0', '--omp', '8', '--outTS', '0', '--log', 'Arbalest_attempt_01.log', '-C', 'conf.xml']",1,completed,True,0,False,"{'success_marker': True, 'system_energy_file': '/home/galoren/Freecurve_AI_Solvation/release/SolvAI/active_solvai/simulations/dense_pimd2/prospective/cyclohexane/lambda_0p75/output/Task5_MD_Transition_LIGAnnihilation_9__SYSTEM.ene', 'frames': 51, 'finite_response': True, 'mean_temperature_kelvin': 300.11381822176475, 'mean_density_g_cm3': 1.0344965811847058, 'energy_sha256': '4c740b70e9421b62ff6237a2197180844076be46d6b7f142876cd374c37c0ab3', 'passed': True}",48.00482832500711,0.013334674534724197,0.10667739627779357,5.0,5.0,2,2,6250,,Arbalest does not expose exact fast/slow kernel call counts; nominal bead-steps are reported instead.,512aad3d46c25c28d590e76ebbd6cd2dc9be7186
AS-P2-PROSPECTIVE-cyclohexane-L10-A01,2026-09-03T04:04:19.516754+00:00,AS-P2-DENSE-PIMD2-001,phase2_dense_prospective,prospective,Cyclohexane,XDTMQSROBMDMFD-UHFFFAOYSA-N,0.8,10,/home/galoren/Freecurve_AI_Solvation/release/SolvAI/active_solvai/simulations/dense_pimd2/prospective/cyclohexane/lambda_0p80,0bf751ba398eeec0623fb0058e5953b5f0bb4202c445defc5e7923120c28fe1e,"['/home/galoren/Freecurve_AI_Solvation/repositories/arbalest/build_solvation_gcc10/ARBALEST/ARBALEST', '--gpu', 'true', '--gpudeviceid', '0', '--omp', '8', '--outTS', '0', '--log', 'Arbalest_attempt_01.log', '-C', 'conf.xml']",1,completed,True,0,False,"{'success_marker': True, 'system_energy_file': '/home/galoren/Freecurve_AI_Solvation/release/SolvAI/active_solvai/simulations/dense_pimd2/prospective/cyclohexane/lambda_0p80/output/Task5_MD_Transition_LIGAnnihilation_10__SYSTEM.ene', 'frames': 51, 'finite_response': True, 'mean_temperature_kelvin': 300.07484596372547, 'mean_density_g_cm3': 1.0302904150180392, 'energy_sha256': 'bc5aef9ea4a866b6d07b1afdd29363ba7f402795b2917bb75d469abc788772da', 'passed': True}",42.292919907020405,0.011748033307505668,0.09398426646004535,5.0,5.0,2,2,6250,,Arbalest does not expose exact fast/slow kernel call counts; nominal bead-steps are reported instead.,512aad3d46c25c28d590e76ebbd6cd2dc9be7186
AS-P2-PROSPECTIVE-cyclohexane-L11-A01,2026-09-03T04:05:02.478170+00:00,AS-P2-DENSE-PIMD2-001,phase2_dense_prospective,prospective,Cyclohexane,XDTMQSROBMDMFD-UHFFFAOYSA-N,0.85,11,/home/galoren/Freecurve_AI_Solvation/release/SolvAI/active_solvai/simulations/dense_pimd2/prospective/cyclohexane/lambda_0p85,a19e149d79fda07773cbde337e2d0d5b3c99f81323072a62d8903254888c8fe9,"['/home/galoren/Freecurve_AI_Solvation/repositories/arbalest/build_solvation_gcc10/ARBALEST/ARBALEST', '--gpu', 'true', '--gpudeviceid', '0', '--omp', '8', '--outTS', '0', '--log', 'Arbalest_attempt_01.log', '-C', 'conf.xml']",1,completed,True,0,False,"{'success_marker': True, 'system_energy_file': '/home/galoren/Freecurve_AI_Solvation/release/SolvAI/active_solvai/simulations/dense_pimd2/prospective/cyclohexane/lambda_0p85/output/Task5_MD_Transition_LIGAnnihilation_11__SYSTEM.ene', 'frames': 51, 'finite_response': True, 'mean_temperature_kelvin': 302.09059580294115, 'mean_density_g_cm3': 1.0297996840199999, 'energy_sha256': 'f3249de589061d7a2c140cfdc410d0462342156ee5eb6ccb137796a0a155d42b', 'passed': True}",42.949767503887415,0.011930490973302059,0.09544392778641647,5.0,5.0,2,2,6250,,Arbalest does not expose exact fast/slow kernel call counts; nominal bead-steps are reported instead.,512aad3d46c25c28d590e76ebbd6cd2dc9be7186
AS-P2-PROSPECTIVE-cyclohexane-L13-A01,2026-09-03T04:05:58.262729+00:00,AS-P2-DENSE-PIMD2-001,phase2_dense_prospective,prospective,Cyclohexane,XDTMQSROBMDMFD-UHFFFAOYSA-N,0.95,13,/home/galoren/Freecurve_AI_Solvation/release/SolvAI/active_solvai/simulations/dense_pimd2/prospective/cyclohexane/lambda_0p95,11f070b57e6f1d7079ba45bbbefe2d156de33a854ccf92000da38102da8f4605,"['/home/galoren/Freecurve_AI_Solvation/repositories/arbalest/build_solvation_gcc10/ARBALEST/ARBALEST', '--gpu', 'true', '--gpudeviceid', '0', '--omp', '8', '--outTS', '0', '--log', 'Arbalest_attempt_01.log', '-C', 'conf.xml']",1,completed,True,0,False,"{'success_marker': True, 'system_energy_file': '/home/galoren/Freecurve_AI_Solvation/release/SolvAI/active_solvai/simulations/dense_pimd2/prospective/cyclohexane/lambda_0p95/output/Task5_MD_Transition_LIGAnnihilation_13__SYSTEM.ene', 'frames': 51, 'finite_response': True, 'mean_temperature_kelvin': 299.95695516294114, 'mean_density_g_cm3': 1.0360853024101961, 'energy_sha256': '9cdff615719e51399416b0f42741eaec8b5d5f226a4bdbccbb0bedd051f0b9af', 'passed': True}",55.76244344981387,0.015489567624948297,0.12391654099958638,5.0,5.0,2,2,6250,,Arbalest does not expose exact fast/slow kernel call counts; nominal bead-steps are reported instead.,512aad3d46c25c28d590e76ebbd6cd2dc9be7186
AS-P2-PROSPECTIVE-cyclohexane-L14-A01,2026-09-03T04:06:41.096394+00:00,AS-P2-DENSE-PIMD2-001,phase2_dense_prospective,prospective,Cyclohexane,XDTMQSROBMDMFD-UHFFFAOYSA-N,1.0,14,/home/galoren/Freecurve_AI_Solvation/release/SolvAI/active_solvai/simulations/dense_pimd2/prospective/cyclohexane/lambda_1p00,ab0501f0272507d881fb76d618adae1ebdca25c18961d5b7fd249f2ea53f242b,"['/home/galoren/Freecurve_AI_Solvation/repositories/arbalest/build_solvation_gcc10/ARBALEST/ARBALEST', '--gpu', 'true', '--gpudeviceid', '0', '--omp', '8', '--outTS', '0', '--log', 'Arbalest_attempt_01.log', '-C', 'conf.xml']",1,completed,True,0,False,"{'success_marker': True, 'system_energy_file': '/home/galoren/Freecurve_AI_Solvation/release/SolvAI/active_solvai/simulations/dense_pimd2/prospective/cyclohexane/lambda_1p00/output/Task5_MD_Transition_LIGAnnihilation_14__SYSTEM.ene', 'frames': 51, 'finite_response': True, 'mean_temperature_kelvin': 300.4657293331373, 'mean_density_g_cm3': 1.0369213501988235, 'energy_sha256': '3472c101f1bfbb2462f3b06204c669422735e73c8d54b23257ec116e380dba76', 'passed': True}",42.80258673778735,0.011889607427163154,0.09511685941730523,5.0,5.0,2,2,6250,,Arbalest does not expose exact fast/slow kernel call counts; nominal bead-steps are reported instead.,512aad3d46c25c28d590e76ebbd6cd2dc9be7186
AS-P2-PROSPECTIVE-dimethylether-L00-A01,2026-09-03T04:07:33.428126+00:00,AS-P2-DENSE-PIMD2-001,phase2_dense_prospective,prospective,DiMethylEther,LCGLNKUTAGEVQW-UHFFFAOYSA-N,0.0,0,/home/galoren/Freecurve_AI_Solvation/release/SolvAI/active_solvai/simulations/dense_pimd2/prospective/dimethylether/lambda_0p00,0eee78b047301c4147b576abedc951b9e06905697ba27155e7ce13ae8d66805d,"['/home/galoren/Freecurve_AI_Solvation/repositories/arbalest/build_solvation_gcc10/ARBALEST/ARBALEST', '--gpu', 'true', '--gpudeviceid', '0', '--omp', '8', '--outTS', '0', '--log', 'Arbalest_attempt_01.log', '-C', 'conf.xml']",1,completed,True,0,False,"{'success_marker': True, 'system_energy_file': '/home/galoren/Freecurve_AI_Solvation/release/SolvAI/active_solvai/simulations/dense_pimd2/prospective/dimethylether/lambda_0p00/output/Task5_MD_Transition_LIGAnnihilation_0__SYSTEM.ene', 'frames': 51, 'finite_response': True, 'mean_temperature_kelvin': 299.8018107621569, 'mean_density_g_cm3': 1.0242080222103922, 'energy_sha256': '6ab1ed8453de7d6fe93e2d3e4aa71ca8ca95ecaeac7865a2b31f83215bbac740', 'passed': True}",52.310895547037944,0.014530804318621651,0.11624643454897321,5.0,5.0,2,2,6250,,Arbalest does not expose exact fast/slow kernel call counts; nominal bead-steps are reported instead.,512aad3d46c25c28d590e76ebbd6cd2dc9be7186
AS-P2-PROSPECTIVE-dimethylether-L01-A01,2026-09-03T04:08:16.235040+00:00,AS-P2-DENSE-PIMD2-001,phase2_dense_prospective,prospective,DiMethylEther,LCGLNKUTAGEVQW-UHFFFAOYSA-N,0.05,1,/home/galoren/Freecurve_AI_Solvation/release/SolvAI/active_solvai/simulations/dense_pimd2/prospective/dimethylether/lambda_0p05,a621cc6817b080ec0fca253a07d2d98ac84b65a5ed3192b08a4fc90d0d4b8d45,"['/home/galoren/Freecurve_AI_Solvation/repositories/arbalest/build_solvation_gcc10/ARBALEST/ARBALEST', '--gpu', 'true', '--gpudeviceid', '0', '--omp', '8', '--outTS', '0', '--log', 'Arbalest_attempt_01.log', '-C', 'conf.xml']",1,completed,True,0,False,"{'success_marker': True, 'system_energy_file': '/home/galoren/Freecurve_AI_Solvation/release/SolvAI/active_solvai/simulations/dense_pimd2/prospective/dimethylether/lambda_0p05/output/Task5_MD_Transition_LIGAnnihilation_1__SYSTEM.ene', 'frames': 51, 'finite_response': True, 'mean_temperature_kelvin': 299.8572659117647, 'mean_density_g_cm3': 1.0230451395196078, 'energy_sha256': '9e3085a504977483a98049aef21d133713b5880d243c9e3f793fed1b68b70df4', 'passed': True}",42.79174476210028,0.011886595767250078,0.09509276613800062,5.0,5.0,2,2,6250,,Arbalest does not expose exact fast/slow kernel call counts; nominal bead-steps are reported instead.,512aad3d46c25c28d590e76ebbd6cd2dc9be7186
AS-P2-PROSPECTIVE-dimethylether-L03-A01,2026-09-03T04:08:59.051752+00:00,AS-P2-DENSE-PIMD2-001,phase2_dense_prospective,prospective,DiMethylEther,LCGLNKUTAGEVQW-UHFFFAOYSA-N,0.2,3,/home/galoren/Freecurve_AI_Solvation/release/SolvAI/active_solvai/simulations/dense_pimd2/prospective/dimethylether/lambda_0p20,15b7f6d4a81cf009e4b7d7c5f2df733889edbeb03e2ed3366c798806b91582e3,"['/home/galoren/Freecurve_AI_Solvation/repositories/arbalest/build_solvation_gcc10/ARBALEST/ARBALEST', '--gpu', 'true', '--gpudeviceid', '0', '--omp', '8', '--outTS', '0', '--log', 'Arbalest_attempt_01.log', '-C', 'conf.xml']",1,completed,True,0,False,"{'success_marker': True, 'system_energy_file': '/home/galoren/Freecurve_AI_Solvation/release/SolvAI/active_solvai/simulations/dense_pimd2/prospective/dimethylether/lambda_0p20/output/Task5_MD_Transition_LIGAnnihilation_3__SYSTEM.ene', 'frames': 51, 'finite_response': True, 'mean_temperature_kelvin': 299.9858948923529, 'mean_density_g_cm3': 1.0246004089023528, 'energy_sha256': 'a8b939c8ac9d37018364be5c0e60819709261ee706e07ec792cff9c82e4f06fb', 'passed': True}",42.79233609093353,0.011886760025259315,0.09509408020207452,5.0,5.0,2,2,6250,,Arbalest does not expose exact fast/slow kernel call counts; nominal bead-steps are reported instead.,512aad3d46c25c28d590e76ebbd6cd2dc9be7186
AS-P2-PROSPECTIVE-dimethylether-L04-A01,2026-09-03T04:09:43.792919+00:00,AS-P2-DENSE-PIMD2-001,phase2_dense_prospective,prospective,DiMethylEther,LCGLNKUTAGEVQW-UHFFFAOYSA-N,0.3,4,/home/galoren/Freecurve_AI_Solvation/release/SolvAI/active_solvai/simulations/dense_pimd2/prospective/dimethylether/lambda_0p30,b27357ec3270aaf70cac42544a23c3ea7729343585288c6219cd1159c4fc1c1e,"['/home/galoren/Freecurve_AI_Solvation/repositories/arbalest/build_solvation_gcc10/ARBALEST/ARBALEST', '--gpu', 'true', '--gpudeviceid', '0', '--omp', '8', '--outTS', '0', '--log', 'Arbalest_attempt_01.log', '-C', 'conf.xml']",1,completed,True,0,False,"{'success_marker': True, 'system_energy_file': '/home/galoren/Freecurve_AI_Solvation/release/SolvAI/active_solvai/simulations/dense_pimd2/prospective/dimethylether/lambda_0p30/output/Task5_MD_Transition_LIGAnnihilation_4__SYSTEM.ene', 'frames': 51, 'finite_response': True, 'mean_temperature_kelvin': 300.5034210827451, 'mean_density_g_cm3': 1.019363473362157, 'energy_sha256': 'a1b45d320994a733ace8fd20904ad5fadf3846bd016e5b8748f8bdfc1e82f285', 'passed': True}",44.70910278498195,0.012419195218050542,0.09935356174440434,5.0,5.0,2,2,6250,,Arbalest does not expose exact fast/slow kernel call counts; nominal bead-steps are reported instead.,512aad3d46c25c28d590e76ebbd6cd2dc9be7186
AS-P2-PROSPECTIVE-dimethylether-L05-A01,2026-09-03T04:10:37.983393+00:00,AS-P2-DENSE-PIMD2-001,phase2_dense_prospective,prospective,DiMethylEther,LCGLNKUTAGEVQW-UHFFFAOYSA-N,0.4,5,/home/galoren/Freecurve_AI_Solvation/release/SolvAI/active_solvai/simulations/dense_pimd2/prospective/dimethylether/lambda_0p40,2fcd0ff9c9d55fda6b34f733d555ad41f5e4d2aa2a9d0da7a524d9bc86398f0f,"['/home/galoren/Freecurve_AI_Solvation/repositories/arbalest/build_solvation_gcc10/ARBALEST/ARBALEST', '--gpu', 'true', '--gpudeviceid', '0', '--omp', '8', '--outTS', '0', '--log', 'Arbalest_attempt_01.log', '-C', 'conf.xml']",1,completed,True,0,False,"{'success_marker': True, 'system_energy_file': '/home/galoren/Freecurve_AI_Solvation/release/SolvAI/active_solvai/simulations/dense_pimd2/prospective/dimethylether/lambda_0p40/output/Task5_MD_Transition_LIGAnnihilation_5__SYSTEM.ene', 'frames': 51, 'finite_response': True, 'mean_temperature_kelvin': 299.5874761478431, 'mean_density_g_cm3': 1.0072611171611763, 'energy_sha256': '0b1756e17247281afba28617a0712d0922a68872625eb8c0c4ecc169d3ae354a', 'passed': True}",54.16242386796512,0.015045117741101422,0.12036094192881137,5.0,5.0,2,2,6250,,Arbalest does not expose exact fast/slow kernel call counts; nominal bead-steps are reported instead.,512aad3d46c25c28d590e76ebbd6cd2dc9be7186
AS-P2-PROSPECTIVE-dimethylether-L07-A01,2026-09-03T04:11:27.447880+00:00,AS-P2-DENSE-PIMD2-001,phase2_dense_prospective,prospective,DiMethylEther,LCGLNKUTAGEVQW-UHFFFAOYSA-N,0.6,7,/home/galoren/Freecurve_AI_Solvation/release/SolvAI/active_solvai/simulations/dense_pimd2/prospective/dimethylether/lambda_0p60,8cf18aa4417fe8b7199adfd2e80f74d423a88c5e9436b864da124c4e1e2cb853,"['/home/galoren/Freecurve_AI_Solvation/repositories/arbalest/build_solvation_gcc10/ARBALEST/ARBALEST', '--gpu', 'true', '--gpudeviceid', '0', '--omp', '8', '--outTS', '0', '--log', 'Arbalest_attempt_01.log', '-C', 'conf.xml']",1,completed,True,0,False,"{'success_marker': True, 'system_energy_file': '/home/galoren/Freecurve_AI_Solvation/release/SolvAI/active_solvai/simulations/dense_pimd2/prospective/dimethylether/lambda_0p60/output/Task5_MD_Transition_LIGAnnihilation_7__SYSTEM.ene', 'frames': 51, 'finite_response': True, 'mean_temperature_kelvin': 300.805310917451, 'mean_density_g_cm3': 1.0193086080405882, 'energy_sha256': '074c7574f03a0da3e65ac808550c0bf9f449ecaaddaa1198cd1de4abf7745326', 'passed': True}",49.439858897123486,0.013733294138089857,0.10986635310471886,5.0,5.0,2,2,6250,,Arbalest does not expose exact fast/slow kernel call counts; nominal bead-steps are reported instead.,512aad3d46c25c28d590e76ebbd6cd2dc9be7186
AS-P2-PROSPECTIVE-dimethylether-L08-A01,2026-09-03T04:12:09.824998+00:00,AS-P2-DENSE-PIMD2-001,phase2_dense_prospective,prospective,DiMethylEther,LCGLNKUTAGEVQW-UHFFFAOYSA-N,0.7,8,/home/galoren/Freecurve_AI_Solvation/release/SolvAI/active_solvai/simulations/dense_pimd2/prospective/dimethylether/lambda_0p70,588ee4fbcf6eddce9b7fd9d0fa8811db3b3ce399275c815b76b9173aaa3bd428,"['/home/galoren/Freecurve_AI_Solvation/repositories/arbalest/build_solvation_gcc10/ARBALEST/ARBALEST', '--gpu', 'true', '--gpudeviceid', '0', '--omp', '8', '--outTS', '0', '--log', 'Arbalest_attempt_01.log', '-C', 'conf.xml']",1,completed,True,0,False,"{'success_marker': True, 'system_energy_file': '/home/galoren/Freecurve_AI_Solvation/release/SolvAI/active_solvai/simulations/dense_pimd2/prospective/dimethylether/lambda_0p70/output/Task5_MD_Transition_LIGAnnihilation_8__SYSTEM.ene', 'frames': 51, 'finite_response': True, 'mean_temperature_kelvin': 299.9371545135294, 'mean_density_g_cm3': 1.0109955732427451, 'energy_sha256': '65a77b8c842773fc30784037894a8433a2649056c24752b1a752d58ba0df339f', 'passed': True}",42.35171177610755,0.011764364382252097,0.09411491505801678,5.0,5.0,2,2,6250,,Arbalest does not expose exact fast/slow kernel call counts; nominal bead-steps are reported instead.,512aad3d46c25c28d590e76ebbd6cd2dc9be7186
AS-P2-PROSPECTIVE-dimethylether-L09-A01,2026-09-03T04:12:58.758738+00:00,AS-P2-DENSE-PIMD2-001,phase2_dense_prospective,prospective,DiMethylEther,LCGLNKUTAGEVQW-UHFFFAOYSA-N,0.75,9,/home/galoren/Freecurve_AI_Solvation/release/SolvAI/active_solvai/simulations/dense_pimd2/prospective/dimethylether/lambda_0p75,85d4ba48e1717f382c35eb6bc6a0887ec56f86fe59e85320fc8405e6249c9a9f,"['/home/galoren/Freecurve_AI_Solvation/repositories/arbalest/build_solvation_gcc10/ARBALEST/ARBALEST', '--gpu', 'true', '--gpudeviceid', '0', '--omp', '8', '--outTS', '0', '--log', 'Arbalest_attempt_01.log', '-C', 'conf.xml']",1,completed,True,0,False,"{'success_marker': True, 'system_energy_file': '/home/galoren/Freecurve_AI_Solvation/release/SolvAI/active_solvai/simulations/dense_pimd2/prospective/dimethylether/lambda_0p75/output/Task5_MD_Transition_LIGAnnihilation_9__SYSTEM.ene', 'frames': 51, 'finite_response': True, 'mean_temperature_kelvin': 298.90448046627455, 'mean_density_g_cm3': 1.022995446949804, 'energy_sha256': '12cc6269882b58fc69928b79d23ec2bf0e54d93058a4aa5d313dba0dc9bfee5f', 'passed': True}",48.902448375942186,0.013584013437761718,0.10867210750209375,5.0,5.0,2,2,6250,,Arbalest does not expose exact fast/slow kernel call counts; nominal bead-steps are reported instead.,512aad3d46c25c28d590e76ebbd6cd2dc9be7186
AS-P2-PROSPECTIVE-dimethylether-L10-A01,2026-09-03T04:13:50.590563+00:00,AS-P2-DENSE-PIMD2-001,phase2_dense_prospective,prospective,DiMethylEther,LCGLNKUTAGEVQW-UHFFFAOYSA-N,0.8,10,/home/galoren/Freecurve_AI_Solvation/release/SolvAI/active_solvai/simulations/dense_pimd2/prospective/dimethylether/lambda_0p80,0a08c59d963ce5c2796f365f70d46a51187b5aa32e3c8e8a7444d2e61fbb2176,"['/home/galoren/Freecurve_AI_Solvation/repositories/arbalest/build_solvation_gcc10/ARBALEST/ARBALEST', '--gpu', 'true', '--gpudeviceid', '0', '--omp', '8', '--outTS', '0', '--log', 'Arbalest_attempt_01.log', '-C', 'conf.xml']",1,completed,True,0,False,"{'success_marker': True, 'system_energy_file': '/home/galoren/Freecurve_AI_Solvation/release/SolvAI/active_solvai/simulations/dense_pimd2/prospective/dimethylether/lambda_0p80/output/Task5_MD_Transition_LIGAnnihilation_10__SYSTEM.ene', 'frames': 51, 'finite_response': True, 'mean_temperature_kelvin': 300.19180690588234, 'mean_density_g_cm3': 1.0186531161058823, 'energy_sha256': '7ff3765cb2d763422693dd35a526d51ee0c4404e5352b287f7ef234cd4e2af7c', 'passed': True}",51.809723022859544,0.014391589728572095,0.11513271782857676,5.0,5.0,2,2,6250,,Arbalest does not expose exact fast/slow kernel call counts; nominal bead-steps are reported instead.,512aad3d46c25c28d590e76ebbd6cd2dc9be7186
AS-P2-PROSPECTIVE-dimethylether-L11-A01,2026-09-03T04:14:39.521375+00:00,AS-P2-DENSE-PIMD2-001,phase2_dense_prospective,prospective,DiMethylEther,LCGLNKUTAGEVQW-UHFFFAOYSA-N,0.85,11,/home/galoren/Freecurve_AI_Solvation/release/SolvAI/active_solvai/simulations/dense_pimd2/prospective/dimethylether/lambda_0p85,0f79e9bde21f703c57f6269f275ee78f2018d2026cfb877afbd2f6aef2953c9f,"['/home/galoren/Freecurve_AI_Solvation/repositories/arbalest/build_solvation_gcc10/ARBALEST/ARBALEST', '--gpu', 'true', '--gpudeviceid', '0', '--omp', '8', '--outTS', '0', '--log', 'Arbalest_attempt_01.log', '-C', 'conf.xml']",1,completed,True,0,False,"{'success_marker': True, 'system_energy_file': '/home/galoren/Freecurve_AI_Solvation/release/SolvAI/active_solvai/simulations/dense_pimd2/prospective/dimethylether/lambda_0p85/output/Task5_MD_Transition_LIGAnnihilation_11__SYSTEM.ene', 'frames': 51, 'finite_response': True, 'mean_temperature_kelvin': 299.4291161272549, 'mean_density_g_cm3': 1.0329370020937254, 'energy_sha256': 'ab30607f5b3a6b99472060c5dca1a8eee760d695467ddef0af7b4b72d3cc9b11', 'passed': True}",48.90825756615959,0.013585627101710997,0.10868501681368797,5.0,5.0,2,2,6250,,Arbalest does not expose exact fast/slow kernel call counts; nominal bead-steps are reported instead.,512aad3d46c25c28d590e76ebbd6cd2dc9be7186
AS-P2-PROSPECTIVE-dimethylether-L13-A01,2026-09-03T04:15:35.618229+00:00,AS-P2-DENSE-PIMD2-001,phase2_dense_prospective,prospective,DiMethylEther,LCGLNKUTAGEVQW-UHFFFAOYSA-N,0.95,13,/home/galoren/Freecurve_AI_Solvation/release/SolvAI/active_solvai/simulations/dense_pimd2/prospective/dimethylether/lambda_0p95,12de6271ae5024743567e953e6b6b7c809f9b8c0a96cefab7e7bc550a4d15be4,"['/home/galoren/Freecurve_AI_Solvation/repositories/arbalest/build_solvation_gcc10/ARBALEST/ARBALEST', '--gpu', 'true', '--gpudeviceid', '0', '--omp', '8', '--outTS', '0', '--log', 'Arbalest_attempt_01.log', '-C', 'conf.xml']",1,completed,True,0,False,"{'success_marker': True, 'system_energy_file': '/home/galoren/Freecurve_AI_Solvation/release/SolvAI/active_solvai/simulations/dense_pimd2/prospective/dimethylether/lambda_0p95/output/Task5_MD_Transition_LIGAnnihilation_13__SYSTEM.ene', 'frames': 51, 'finite_response': True, 'mean_temperature_kelvin': 300.00173860019606, 'mean_density_g_cm3': 1.0265948704698038, 'energy_sha256': '516eb86603e529ec9ef6ba76a0fb640ea41204491631c1354d1bc0696ab6859b', 'passed': True}",56.06522237602621,0.015573672882229503,0.12458938305783603,5.0,5.0,2,2,6250,,Arbalest does not expose exact fast/slow kernel call counts; nominal bead-steps are reported instead.,512aad3d46c25c28d590e76ebbd6cd2dc9be7186
AS-P2-PROSPECTIVE-dimethylether-L14-A01,2026-09-03T04:16:17.884509+00:00,AS-P2-DENSE-PIMD2-001,phase2_dense_prospective,prospective,DiMethylEther,LCGLNKUTAGEVQW-UHFFFAOYSA-N,1.0,14,/home/galoren/Freecurve_AI_Solvation/release/SolvAI/active_solvai/simulations/dense_pimd2/prospective/dimethylether/lambda_1p00,a1b56453799235d74ddb131a481ddf6864489d65296c2aec07fe82f805e308fa,"['/home/galoren/Freecurve_AI_Solvation/repositories/arbalest/build_solvation_gcc10/ARBALEST/ARBALEST', '--gpu', 'true', '--gpudeviceid', '0', '--omp', '8', '--outTS', '0', '--log', 'Arbalest_attempt_01.log', '-C', 'conf.xml']",1,completed,True,0,False,"{'success_marker': True, 'system_energy_file': '/home/galoren/Freecurve_AI_Solvation/release/SolvAI/active_solvai/simulations/dense_pimd2/prospective/dimethylether/lambda_1p00/output/Task5_MD_Transition_LIGAnnihilation_14__SYSTEM.ene', 'frames': 51, 'finite_response': True, 'mean_temperature_kelvin': 300.25362960843137, 'mean_density_g_cm3': 1.020347727337647, 'energy_sha256': '8b8afac140bf7c1685d375e6b9d5a145f0f3198d53548fa07544c4b046d0d444', 'passed': True}",42.23448638105765,0.011731801772516013,0.0938544141801281,5.0,5.0,2,2,6250,,Arbalest does not expose exact fast/slow kernel call counts; nominal bead-steps are reported instead.,512aad3d46c25c28d590e76ebbd6cd2dc9be7186
AS-P2-PROSPECTIVE-ethylacetate-L00-A01,2026-09-03T04:17:02.648384+00:00,AS-P2-DENSE-PIMD2-001,phase2_dense_prospective,prospective,EthylAcetate,XEKOWRVHYACXOJ-UHFFFAOYSA-N,0.0,0,/home/galoren/Freecurve_AI_Solvation/release/SolvAI/active_solvai/simulations/dense_pimd2/prospective/ethylacetate/lambda_0p00,a370563d92e68068b1a9d6611a2ee55081c32d3eefb404a6adae757925f176dc,"['/home/galoren/Freecurve_AI_Solvation/repositories/arbalest/build_solvation_gcc10/ARBALEST/ARBALEST', '--gpu', 'true', '--gpudeviceid', '0', '--omp', '8', '--outTS', '0', '--log', 'Arbalest_attempt_01.log', '-C', 'conf.xml']",1,completed,True,0,False,"{'success_marker': True, 'system_energy_file': '/home/galoren/Freecurve_AI_Solvation/release/SolvAI/active_solvai/simulations/dense_pimd2/prospective/ethylacetate/lambda_0p00/output/Task5_MD_Transition_LIGAnnihilation_0__SYSTEM.ene', 'frames': 51, 'finite_response': True, 'mean_temperature_kelvin': 299.92483435254906, 'mean_density_g_cm3': 1.014928279062157, 'energy_sha256': '31919774a7b034b25c5c87ec410bdeb3bc07be761044fa9939755ba6d65cf69e', 'passed': True}",44.74181796400808,0.012428282767780022,0.09942626214224018,5.0,5.0,2,2,6250,,Arbalest does not expose exact fast/slow kernel call counts; nominal bead-steps are reported instead.,512aad3d46c25c28d590e76ebbd6cd2dc9be7186
AS-P2-PROSPECTIVE-ethylacetate-L01-A01,2026-09-03T04:17:57.726513+00:00,AS-P2-DENSE-PIMD2-001,phase2_dense_prospective,prospective,EthylAcetate,XEKOWRVHYACXOJ-UHFFFAOYSA-N,0.05,1,/home/galoren/Freecurve_AI_Solvation/release/SolvAI/active_solvai/simulations/dense_pimd2/prospective/ethylacetate/lambda_0p05,4173404f03009572b79a1e7ad54cfd129032dffdf6540cce7c58d3f59534a8eb,"['/home/galoren/Freecurve_AI_Solvation/repositories/arbalest/build_solvation_gcc10/ARBALEST/ARBALEST', '--gpu', 'true', '--gpudeviceid', '0', '--omp', '8', '--outTS', '0', '--log', 'Arbalest_attempt_01.log', '-C', 'conf.xml']",1,completed,True,0,False,"{'success_marker': True, 'system_energy_file': '/home/galoren/Freecurve_AI_Solvation/release/SolvAI/active_solvai/simulations/dense_pimd2/prospective/ethylacetate/lambda_0p05/output/Task5_MD_Transition_LIGAnnihilation_1__SYSTEM.ene', 'frames': 51, 'finite_response': True, 'mean_temperature_kelvin': 302.3457043407843, 'mean_density_g_cm3': 1.0169648793298038, 'energy_sha256': '52ff10cd21000da1aecd768cf2d13db97cf49156d1cd9867ac7fb348f7f72932', 'passed': True}",55.05595990899019,0.01529332219694172,0.12234657757553376,5.0,5.0,2,2,6250,,Arbalest does not expose exact fast/slow kernel call counts; nominal bead-steps are reported instead.,512aad3d46c25c28d590e76ebbd6cd2dc9be7186
AS-P2-PROSPECTIVE-ethylacetate-L03-A01,2026-09-03T04:18:54.363435+00:00,AS-P2-DENSE-PIMD2-001,phase2_dense_prospective,prospective,EthylAcetate,XEKOWRVHYACXOJ-UHFFFAOYSA-N,0.2,3,/home/galoren/Freecurve_AI_Solvation/release/SolvAI/active_solvai/simulations/dense_pimd2/prospective/ethylacetate/lambda_0p20,4c2eccd47a6d988363bc2e10d99e544ba98e8cf84e1c1349e5c821b6d527172d,"['/home/galoren/Freecurve_AI_Solvation/repositories/arbalest/build_solvation_gcc10/ARBALEST/ARBALEST', '--gpu', 'true', '--gpudeviceid', '0', '--omp', '8', '--outTS', '0', '--log', 'Arbalest_attempt_01.log', '-C', 'conf.xml']",1,completed,True,0,False,"{'success_marker': True, 'system_energy_file': '/home/galoren/Freecurve_AI_Solvation/release/SolvAI/active_solvai/simulations/dense_pimd2/prospective/ethylacetate/lambda_0p20/output/Task5_MD_Transition_LIGAnnihilation_3__SYSTEM.ene', 'frames': 51, 'finite_response': True, 'mean_temperature_kelvin': 300.41663835509803, 'mean_density_g_cm3': 1.011131455895294, 'energy_sha256': '1b1931e1bcf6ae94f4844cfc212c6f4a9e22790c16d728884bdaa981da997c81', 'passed': True}",56.61145104910247,0.01572540306919513,0.12580322455356105,5.0,5.0,2,2,6250,,Arbalest does not expose exact fast/slow kernel call counts; nominal bead-steps are reported instead.,512aad3d46c25c28d590e76ebbd6cd2dc9be7186
AS-P2-PROSPECTIVE-ethylacetate-L04-A01,2026-09-03T04:19:49.173069+00:00,AS-P2-DENSE-PIMD2-001,phase2_dense_prospective,prospective,EthylAcetate,XEKOWRVHYACXOJ-UHFFFAOYSA-N,0.3,4,/home/galoren/Freecurve_AI_Solvation/release/SolvAI/active_solvai/simulations/dense_pimd2/prospective/ethylacetate/lambda_0p30,5d997c32d8ebe9146856ae52a598bb42d2496a1bd89cd4a82eaa11984e71e428,"['/home/galoren/Freecurve_AI_Solvation/repositories/arbalest/build_solvation_gcc10/ARBALEST/ARBALEST', '--gpu', 'true', '--gpudeviceid', '0', '--omp', '8', '--outTS', '0', '--log', 'Arbalest_attempt_01.log', '-C', 'conf.xml']",1,completed,True,0,False,"{'success_marker': True, 'system_energy_file': '/home/galoren/Freecurve_AI_Solvation/release/SolvAI/active_solvai/simulations/dense_pimd2/prospective/ethylacetate/lambda_0p30/output/Task5_MD_Transition_LIGAnnihilation_4__SYSTEM.ene', 'frames': 51, 'finite_response': True, 'mean_temperature_kelvin': 299.1071275754902, 'mean_density_g_cm3': 1.0142396762862744, 'energy_sha256': 'e78becb153be0cf664fa9340376dbc57fe14a65b70d87df6bec63598dc4eb9ab', 'passed': True}",54.77937603997998,0.015216493344438883,0.12173194675551106,5.0,5.0,2,2,6250,,Arbalest does not expose exact fast/slow kernel call counts; nominal bead-steps are reported instead.,512aad3d46c25c28d590e76ebbd6cd2dc9be7186
AS-P2-PROSPECTIVE-ethylacetate-L05-A01,2026-09-03T04:20:44.276615+00:00,AS-P2-DENSE-PIMD2-001,phase2_dense_prospective,prospective,EthylAcetate,XEKOWRVHYACXOJ-UHFFFAOYSA-N,0.4,5,/home/galoren/Freecurve_AI_Solvation/release/SolvAI/active_solvai/simulations/dense_pimd2/prospective/ethylacetate/lambda_0p40,7feb8b2d5696fd242ad86c6ffb5898831894107e2011bd829ee4860e8e52315b,"['/home/galoren/Freecurve_AI_Solvation/repositories/arbalest/build_solvation_gcc10/ARBALEST/ARBALEST', '--gpu', 'true', '--gpudeviceid', '0', '--omp', '8', '--outTS', '0', '--log', 'Arbalest_attempt_01.log', '-C', 'conf.xml']",1,completed,True,0,False,"{'success_marker': True, 'system_energy_file': '/home/galoren/Freecurve_AI_Solvation/release/SolvAI/active_solvai/simulations/dense_pimd2/prospective/ethylacetate/lambda_0p40/output/Task5_MD_Transition_LIGAnnihilation_5__SYSTEM.ene', 'frames': 51, 'finite_response': True, 'mean_temperature_kelvin': 300.4498102337255, 'mean_density_g_cm3': 1.0175675644643136, 'energy_sha256': 'bb481a67dce0988f5e45320d534b9e196bb607e07742d8c69ebbdec41ebd974b', 'passed': True}",55.07048216694966,0.015297356157486017,0.12237884925988814,5.0,5.0,2,2,6250,,Arbalest does not expose exact fast/slow kernel call counts; nominal bead-steps are reported instead.,512aad3d46c25c28d590e76ebbd6cd2dc9be7186
AS-P2-PROSPECTIVE-ethylacetate-L07-A01,2026-09-03T04:21:29.219783+00:00,AS-P2-DENSE-PIMD2-001,phase2_dense_prospective,prospective,EthylAcetate,XEKOWRVHYACXOJ-UHFFFAOYSA-N,0.6,7,/home/galoren/Freecurve_AI_Solvation/release/SolvAI/active_solvai/simulations/dense_pimd2/prospective/ethylacetate/lambda_0p60,f0eaedcd190e4ccd2311dd8a7f58e42353b633ebc083a9ad03b3fc0a97f73dfe,"['/home/galoren/Freecurve_AI_Solvation/repositories/arbalest/build_solvation_gcc10/ARBALEST/ARBALEST', '--gpu', 'true', '--gpudeviceid', '0', '--omp', '8', '--outTS', '0', '--log', 'Arbalest_attempt_01.log', '-C', 'conf.xml']",1,completed,True,0,False,"{'success_marker': True, 'system_energy_file': '/home/galoren/Freecurve_AI_Solvation/release/SolvAI/active_solvai/simulations/dense_pimd2/prospective/ethylacetate/lambda_0p60/output/Task5_MD_Transition_LIGAnnihilation_7__SYSTEM.ene', 'frames': 51, 'finite_response': True, 'mean_temperature_kelvin': 300.63627845274505, 'mean_density_g_cm3': 1.0293157988080393, 'energy_sha256': '935e1af0b85bc8cf75c22b97d8230fae233e8787499b000c592f817a4bb0f34b', 'passed': True}",44.91013117716648,0.0124750364381018,0.0998002915048144,5.0,5.0,2,2,6250,,Arbalest does not expose exact fast/slow kernel call counts; nominal bead-steps are reported instead.,512aad3d46c25c28d590e76ebbd6cd2dc9be7186
AS-P2-PROSPECTIVE-ethylacetate-L08-A01,2026-09-03T04:22:15.736372+00:00,AS-P2-DENSE-PIMD2-001,phase2_dense_prospective,prospective,EthylAcetate,XEKOWRVHYACXOJ-UHFFFAOYSA-N,0.7,8,/home/galoren/Freecurve_AI_Solvation/release/SolvAI/active_solvai/simulations/dense_pimd2/prospective/ethylacetate/lambda_0p70,2607c64d8f3a054c5d333f42775e93a84a4b8f63d3e8f5e503cdb50e831898b8,"['/home/galoren/Freecurve_AI_Solvation/repositories/arbalest/build_solvation_gcc10/ARBALEST/ARBALEST', '--gpu', 'true', '--gpudeviceid', '0', '--omp', '8', '--outTS', '0', '--log', 'Arbalest_attempt_01.log', '-C', 'conf.xml']",1,completed,True,0,False,"{'success_marker': True, 'system_energy_file': '/home/galoren/Freecurve_AI_Solvation/release/SolvAI/active_solvai/simulations/dense_pimd2/prospective/ethylacetate/lambda_0p70/output/Task5_MD_Transition_LIGAnnihilation_8__SYSTEM.ene', 'frames': 51, 'finite_response': True, 'mean_temperature_kelvin': 299.9584228088235, 'mean_density_g_cm3': 1.0322130488678434, 'energy_sha256': 'f34f20fcde1055ca8e63de57b923bd871bb3b5856e939037c2a261093eedf9e7', 'passed': True}",46.49314478505403,0.012914762440292786,0.10331809952234229,5.0,5.0,2,2,6250,,Arbalest does not expose exact fast/slow kernel call counts; nominal bead-steps are reported instead.,512aad3d46c25c28d590e76ebbd6cd2dc9be7186
AS-P2-PROSPECTIVE-ethylacetate-L09-A01,2026-09-03T04:23:04.861533+00:00,AS-P2-DENSE-PIMD2-001,phase2_dense_prospective,prospective,EthylAcetate,XEKOWRVHYACXOJ-UHFFFAOYSA-N,0.75,9,/home/galoren/Freecurve_AI_Solvation/release/SolvAI/active_solvai/simulations/dense_pimd2/prospective/ethylacetate/lambda_0p75,b8ecca9dac53d01948ee6159b509a3c990bc4b9df1abd8d4fff3b9c84c836c75,"['/home/galoren/Freecurve_AI_Solvation/repositories/arbalest/build_solvation_gcc10/ARBALEST/ARBALEST', '--gpu', 'true', '--gpudeviceid', '0', '--omp', '8', '--outTS', '0', '--log', 'Arbalest_attempt_01.log', '-C', 'conf.xml']",1,completed,True,0,False,"{'success_marker': True, 'system_energy_file': '/home/galoren/Freecurve_AI_Solvation/release/SolvAI/active_solvai/simulations/dense_pimd2/prospective/ethylacetate/lambda_0p75/output/Task5_MD_Transition_LIGAnnihilation_9__SYSTEM.ene', 'frames': 51, 'finite_response': True, 'mean_temperature_kelvin': 299.78778706647057, 'mean_density_g_cm3': 1.024825508212549, 'energy_sha256': '18a570f5697b8beb21eb512411feae72293cbc24230f87cf81efcc1514722347', 'passed': True}",49.11106909788214,0.013641963638300593,0.10913570910640474,5.0,5.0,2,2,6250,,Arbalest does not expose exact fast/slow kernel call counts; nominal bead-steps are reported instead.,512aad3d46c25c28d590e76ebbd6cd2dc9be7186
AS-P2-PROSPECTIVE-ethylacetate-L10-A01,2026-09-03T04:23:49.022480+00:00,AS-P2-DENSE-PIMD2-001,phase2_dense_prospective,prospective,EthylAcetate,XEKOWRVHYACXOJ-UHFFFAOYSA-N,0.8,10,/home/galoren/Freecurve_AI_Solvation/release/SolvAI/active_solvai/simulations/dense_pimd2/prospective/ethylacetate/lambda_0p80,e7bd046b9fe983f99a11aa3181bc7a99c8c9a455c94dd88ed11e315edd9183fb,"['/home/galoren/Freecurve_AI_Solvation/repositories/arbalest/build_solvation_gcc10/ARBALEST/ARBALEST', '--gpu', 'true', '--gpudeviceid', '0', '--omp', '8', '--outTS', '0', '--log', 'Arbalest_attempt_01.log', '-C', 'conf.xml']",1,completed,True,0,False,"{'success_marker': True, 'system_energy_file': '/home/galoren/Freecurve_AI_Solvation/release/SolvAI/active_solvai/simulations/dense_pimd2/prospective/ethylacetate/lambda_0p80/output/Task5_MD_Transition_LIGAnnihilation_10__SYSTEM.ene', 'frames': 51, 'finite_response': True, 'mean_temperature_kelvin': 298.48203718647056, 'mean_density_g_cm3': 1.0206509371241177, 'energy_sha256': 'e604b18535a4065c01115234a287c6f0bc339d1bf809c41af2ab021262f7cef0', 'passed': True}",44.13744888594374,0.012260402468317706,0.09808321974654165,5.0,5.0,2,2,6250,,Arbalest does not expose exact fast/slow kernel call counts; nominal bead-steps are reported instead.,512aad3d46c25c28d590e76ebbd6cd2dc9be7186
AS-P2-PROSPECTIVE-ethylacetate-L11-A01,2026-09-03T04:24:44.758818+00:00,AS-P2-DENSE-PIMD2-001,phase2_dense_prospective,prospective,EthylAcetate,XEKOWRVHYACXOJ-UHFFFAOYSA-N,0.85,11,/home/galoren/Freecurve_AI_Solvation/release/SolvAI/active_solvai/simulations/dense_pimd2/prospective/ethylacetate/lambda_0p85,33df542d6f2366cfbefbcc4044cad89079f913bb3a09e0dbf97e17bff85524c1,"['/home/galoren/Freecurve_AI_Solvation/repositories/arbalest/build_solvation_gcc10/ARBALEST/ARBALEST', '--gpu', 'true', '--gpudeviceid', '0', '--omp', '8', '--outTS', '0', '--log', 'Arbalest_attempt_01.log', '-C', 'conf.xml']",1,completed,True,0,False,"{'success_marker': True, 'system_energy_file': '/home/galoren/Freecurve_AI_Solvation/release/SolvAI/active_solvai/simulations/dense_pimd2/prospective/ethylacetate/lambda_0p85/output/Task5_MD_Transition_LIGAnnihilation_11__SYSTEM.ene', 'frames': 51, 'finite_response': True, 'mean_temperature_kelvin': 300.1865969476471, 'mean_density_g_cm3': 1.0276754324017647, 'energy_sha256': 'fe88df712e0660a45d8b2f8c0142dfc747a37dd20a974420065e758a48348697', 'passed': True}",55.70866241003387,0.01547462844723163,0.12379702757785303,5.0,5.0,2,2,6250,,Arbalest does not expose exact fast/slow kernel call counts; nominal bead-steps are reported instead.,512aad3d46c25c28d590e76ebbd6cd2dc9be7186
AS-P2-PROSPECTIVE-ethylacetate-L13-A01,2026-09-03T04:25:29.822807+00:00,AS-P2-DENSE-PIMD2-001,phase2_dense_prospective,prospective,EthylAcetate,XEKOWRVHYACXOJ-UHFFFAOYSA-N,0.95,13,/home/galoren/Freecurve_AI_Solvation/release/SolvAI/active_solvai/simulations/dense_pimd2/prospective/ethylacetate/lambda_0p95,460b24c3c4f1c81b927c640d27e5b261201e928976e98fa34d4c2b3ab48d6eca,"['/home/galoren/Freecurve_AI_Solvation/repositories/arbalest/build_solvation_gcc10/ARBALEST/ARBALEST', '--gpu', 'true', '--gpudeviceid', '0', '--omp', '8', '--outTS', '0', '--log', 'Arbalest_attempt_01.log', '-C', 'conf.xml']",1,completed,True,0,False,"{'success_marker': True, 'system_energy_file': '/home/galoren/Freecurve_AI_Solvation/release/SolvAI/active_solvai/simulations/dense_pimd2/prospective/ethylacetate/lambda_0p95/output/Task5_MD_Transition_LIGAnnihilation_13__SYSTEM.ene', 'frames': 51, 'finite_response': True, 'mean_temperature_kelvin': 301.8332503901961, 'mean_density_g_cm3': 1.025861632822941, 'energy_sha256': '7b9391330f4d83d000fb472f93fac9f5575b203c55137e0b29a76e4a55527077', 'passed': True}",45.047420646995306,0.01251317240194314,0.10010537921554512,5.0,5.0,2,2,6250,,Arbalest does not expose exact fast/slow kernel call counts; nominal bead-steps are reported instead.,512aad3d46c25c28d590e76ebbd6cd2dc9be7186
AS-P2-PROSPECTIVE-ethylacetate-L14-A01,2026-09-03T04:26:14.680211+00:00,AS-P2-DENSE-PIMD2-001,phase2_dense_prospective,prospective,EthylAcetate,XEKOWRVHYACXOJ-UHFFFAOYSA-N,1.0,14,/home/galoren/Freecurve_AI_Solvation/release/SolvAI/active_solvai/simulations/dense_pimd2/prospective/ethylacetate/lambda_1p00,f45d7384f2850428ae2e7a37f6c7864420c795b1cdd6cbe1fa295c432045ef43,"['/home/galoren/Freecurve_AI_Solvation/repositories/arbalest/build_solvation_gcc10/ARBALEST/ARBALEST', '--gpu', 'true', '--gpudeviceid', '0', '--omp', '8', '--outTS', '0', '--log', 'Arbalest_attempt_01.log', '-C', 'conf.xml']",1,completed,True,0,False,"{'success_marker': True, 'system_energy_file': '/home/galoren/Freecurve_AI_Solvation/release/SolvAI/active_solvai/simulations/dense_pimd2/prospective/ethylacetate/lambda_1p00/output/Task5_MD_Transition_LIGAnnihilation_14__SYSTEM.ene', 'frames': 51, 'finite_response': True, 'mean_temperature_kelvin': 300.26687889705886, 'mean_density_g_cm3': 1.0364673689207844, 'energy_sha256': 'e9ddc2da6fb2e030aaf20e95b3a308197c6e1bf5658459def8154411c9d8952a', 'passed': True}",44.840044900076464,0.012455568027799018,0.09964454422239215,5.0,5.0,2,2,6250,,Arbalest does not expose exact fast/slow kernel call counts; nominal bead-steps are reported instead.,512aad3d46c25c28d590e76ebbd6cd2dc9be7186
AS-P2-PROSPECTIVE-octane-L00-A01,2026-09-03T04:27:07.204365+00:00,AS-P2-DENSE-PIMD2-001,phase2_dense_prospective,prospective,Octane,TVMXDCGIABBOFY-UHFFFAOYSA-N,0.0,0,/home/galoren/Freecurve_AI_Solvation/release/SolvAI/active_solvai/simulations/dense_pimd2/prospective/octane/lambda_0p00,fd1ad106663bafe3849ce5cf3a35daced4efda56b0241cd9e91d6a2431c2fa25,"['/home/galoren/Freecurve_AI_Solvation/repositories/arbalest/build_solvation_gcc10/ARBALEST/ARBALEST', '--gpu', 'true', '--gpudeviceid', '0', '--omp', '8', '--outTS', '0', '--log', 'Arbalest_attempt_01.log', '-C', 'conf.xml']",1,completed,True,0,False,"{'success_marker': True, 'system_energy_file': '/home/galoren/Freecurve_AI_Solvation/release/SolvAI/active_solvai/simulations/dense_pimd2/prospective/octane/lambda_0p00/output/Task5_MD_Transition_LIGAnnihilation_0__SYSTEM.ene', 'frames': 51, 'finite_response': True, 'mean_temperature_kelvin': 300.20603671176474, 'mean_density_g_cm3': 1.0171764870029412, 'energy_sha256': '087015e814f935cc4d14461c4547abd5ac36bc97f156fea8a6a00381270b001d', 'passed': True}",52.5088438349776,0.014585789954160443,0.11668631963328355,5.0,5.0,2,2,6250,,Arbalest does not expose exact fast/slow kernel call counts; nominal bead-steps are reported instead.,512aad3d46c25c28d590e76ebbd6cd2dc9be7186
AS-P2-PROSPECTIVE-octane-L01-A01,2026-09-03T04:27:50.014120+00:00,AS-P2-DENSE-PIMD2-001,phase2_dense_prospective,prospective,Octane,TVMXDCGIABBOFY-UHFFFAOYSA-N,0.05,1,/home/galoren/Freecurve_AI_Solvation/release/SolvAI/active_solvai/simulations/dense_pimd2/prospective/octane/lambda_0p05,533e072ee3be6345e0c911f6d314d1629377b20deee5aa41832ce196a8dac277,"['/home/galoren/Freecurve_AI_Solvation/repositories/arbalest/build_solvation_gcc10/ARBALEST/ARBALEST', '--gpu', 'true', '--gpudeviceid', '0', '--omp', '8', '--outTS', '0', '--log', 'Arbalest_attempt_01.log', '-C', 'conf.xml']",1,completed,True,0,False,"{'success_marker': True, 'system_energy_file': '/home/galoren/Freecurve_AI_Solvation/release/SolvAI/active_solvai/simulations/dense_pimd2/prospective/octane/lambda_0p05/output/Task5_MD_Transition_LIGAnnihilation_1__SYSTEM.ene', 'frames': 51, 'finite_response': True, 'mean_temperature_kelvin': 299.7582641427451, 'mean_density_g_cm3': 1.0165279184762743, 'energy_sha256': '312c73a17e24d452ceadf8284dffe5f6fb03bb6f0c8e5c556bf4974eff33d676', 'passed': True}",42.78955871798098,0.011885988532772495,0.09508790826217996,5.0,5.0,2,2,6250,,Arbalest does not expose exact fast/slow kernel call counts; nominal bead-steps are reported instead.,512aad3d46c25c28d590e76ebbd6cd2dc9be7186
AS-P2-PROSPECTIVE-octane-L03-A01,2026-09-03T04:28:40.239172+00:00,AS-P2-DENSE-PIMD2-001,phase2_dense_prospective,prospective,Octane,TVMXDCGIABBOFY-UHFFFAOYSA-N,0.2,3,/home/galoren/Freecurve_AI_Solvation/release/SolvAI/active_solvai/simulations/dense_pimd2/prospective/octane/lambda_0p20,97858c40faa5b3b9a90303649c123bdaea09ae37370efe64b55fef7a3ae00f28,"['/home/galoren/Freecurve_AI_Solvation/repositories/arbalest/build_solvation_gcc10/ARBALEST/ARBALEST', '--gpu', 'true', '--gpudeviceid', '0', '--omp', '8', '--outTS', '0', '--log', 'Arbalest_attempt_01.log', '-C', 'conf.xml']",1,completed,True,0,False,"{'success_marker': True, 'system_energy_file': '/home/galoren/Freecurve_AI_Solvation/release/SolvAI/active_solvai/simulations/dense_pimd2/prospective/octane/lambda_0p20/output/Task5_MD_Transition_LIGAnnihilation_3__SYSTEM.ene', 'frames': 51, 'finite_response': True, 'mean_temperature_kelvin': 301.0683600017647, 'mean_density_g_cm3': 1.0155344194439215, 'energy_sha256': '3c124ec151c6de5eb50527b88338ac0a38d8925335fc63f9a266eb879c126008', 'passed': True}",50.195115893147886,0.013943087748096635,0.11154470198477308,5.0,5.0,2,2,6250,,Arbalest does not expose exact fast/slow kernel call counts; nominal bead-steps are reported instead.,512aad3d46c25c28d590e76ebbd6cd2dc9be7186
AS-P2-PROSPECTIVE-octane-L04-A01,2026-09-03T04:29:24.149153+00:00,AS-P2-DENSE-PIMD2-001,phase2_dense_prospective,prospective,Octane,TVMXDCGIABBOFY-UHFFFAOYSA-N,0.3,4,/home/galoren/Freecurve_AI_Solvation/release/SolvAI/active_solvai/simulations/dense_pimd2/prospective/octane/lambda_0p30,033373bf4ed1a662e1622eca6932ee08068f6a4b473c199bae0a826378762012,"['/home/galoren/Freecurve_AI_Solvation/repositories/arbalest/build_solvation_gcc10/ARBALEST/ARBALEST', '--gpu', 'true', '--gpudeviceid', '0', '--omp', '8', '--outTS', '0', '--log', 'Arbalest_attempt_01.log', '-C', 'conf.xml']",1,completed,True,0,False,"{'success_marker': True, 'system_energy_file': '/home/galoren/Freecurve_AI_Solvation/release/SolvAI/active_solvai/simulations/dense_pimd2/prospective/octane/lambda_0p30/output/Task5_MD_Transition_LIGAnnihilation_4__SYSTEM.ene', 'frames': 51, 'finite_response': True, 'mean_temperature_kelvin': 301.231956972549, 'mean_density_g_cm3': 1.0081815473278433, 'energy_sha256': '8288448080819710ce37b7ce53b0842c043c33cb2375992cec19fa9226ea678a', 'passed': True}",43.88543652603403,0.012190399035009451,0.09752319228007561,5.0,5.0,2,2,6250,,Arbalest does not expose exact fast/slow kernel call counts; nominal bead-steps are reported instead.,512aad3d46c25c28d590e76ebbd6cd2dc9be7186
AS-P2-PROSPECTIVE-octane-L05-A01,2026-09-03T04:30:16.280473+00:00,AS-P2-DENSE-PIMD2-001,phase2_dense_prospective,prospective,Octane,TVMXDCGIABBOFY-UHFFFAOYSA-N,0.4,5,/home/galoren/Freecurve_AI_Solvation/release/SolvAI/active_solvai/simulations/dense_pimd2/prospective/octane/lambda_0p40,36c0951cc286d7f7a637657ac0a51ea10619fae76a35a73558c7408ae95091b0,"['/home/galoren/Freecurve_AI_Solvation/repositories/arbalest/build_solvation_gcc10/ARBALEST/ARBALEST', '--gpu', 'true', '--gpudeviceid', '0', '--omp', '8', '--outTS', '0', '--log', 'Arbalest_attempt_01.log', '-C', 'conf.xml']",1,completed,True,0,False,"{'success_marker': True, 'system_energy_file': '/home/galoren/Freecurve_AI_Solvation/release/SolvAI/active_solvai/simulations/dense_pimd2/prospective/octane/lambda_0p40/output/Task5_MD_Transition_LIGAnnihilation_5__SYSTEM.ene', 'frames': 51, 'finite_response': True, 'mean_temperature_kelvin': 301.67360420254903, 'mean_density_g_cm3': 1.0166724286894118, 'energy_sha256': '00f7e6b9e527f2a2a683ba4db32626edef5c561c0ae5f521f2be27b0c5888baf', 'passed': True}",52.10756979486905,0.01447432494301918,0.11579459954415344,5.0,5.0,2,2,6250,,Arbalest does not expose exact fast/slow kernel call counts; nominal bead-steps are reported instead.,512aad3d46c25c28d590e76ebbd6cd2dc9be7186
AS-P2-PROSPECTIVE-octane-L07-A01,2026-09-03T04:31:00.701654+00:00,AS-P2-DENSE-PIMD2-001,phase2_dense_prospective,prospective,Octane,TVMXDCGIABBOFY-UHFFFAOYSA-N,0.6,7,/home/galoren/Freecurve_AI_Solvation/release/SolvAI/active_solvai/simulations/dense_pimd2/prospective/octane/lambda_0p60,48c6656a147520c9bd4e9a1c99c256b08cf5b87def09dafe9aa3aea64c3dc675,"['/home/galoren/Freecurve_AI_Solvation/repositories/arbalest/build_solvation_gcc10/ARBALEST/ARBALEST', '--gpu', 'true', '--gpudeviceid', '0', '--omp', '8', '--outTS', '0', '--log', 'Arbalest_attempt_01.log', '-C', 'conf.xml']",1,completed,True,0,False,"{'success_marker': True, 'system_energy_file': '/home/galoren/Freecurve_AI_Solvation/release/SolvAI/active_solvai/simulations/dense_pimd2/prospective/octane/lambda_0p60/output/Task5_MD_Transition_LIGAnnihilation_7__SYSTEM.ene', 'frames': 51, 'finite_response': True, 'mean_temperature_kelvin': 301.1534712703922, 'mean_density_g_cm3': 1.0243291385509803, 'energy_sha256': '0bbecadae4485b128395f76bba3b3fdde18ea673b9a5a6e77f4e87d8d55c6172', 'passed': True}",44.39687877590768,0.012332466326641022,0.09865973061312817,5.0,5.0,2,2,6250,,Arbalest does not expose exact fast/slow kernel call counts; nominal bead-steps are reported instead.,512aad3d46c25c28d590e76ebbd6cd2dc9be7186
AS-P2-PROSPECTIVE-octane-L08-A01,2026-09-03T04:31:55.478143+00:00,AS-P2-DENSE-PIMD2-001,phase2_dense_prospective,prospective,Octane,TVMXDCGIABBOFY-UHFFFAOYSA-N,0.7,8,/home/galoren/Freecurve_AI_Solvation/release/SolvAI/active_solvai/simulations/dense_pimd2/prospective/octane/lambda_0p70,b98aff793eec7e06c0ae04dc2cb33218c2752b83e9250d58ba006372634ff4bc,"['/home/galoren/Freecurve_AI_Solvation/repositories/arbalest/build_solvation_gcc10/ARBALEST/ARBALEST', '--gpu', 'true', '--gpudeviceid', '0', '--omp', '8', '--outTS', '0', '--log', 'Arbalest_attempt_01.log', '-C', 'conf.xml']",1,completed,True,0,False,"{'success_marker': True, 'system_energy_file': '/home/galoren/Freecurve_AI_Solvation/release/SolvAI/active_solvai/simulations/dense_pimd2/prospective/octane/lambda_0p70/output/Task5_MD_Transition_LIGAnnihilation_8__SYSTEM.ene', 'frames': 51, 'finite_response': True, 'mean_temperature_kelvin': 300.8093211335294, 'mean_density_g_cm3': 1.0249198181058823, 'energy_sha256': 'deb6785462343b062bf3414bdac41182df775130aac1c24e75637cba5af896e8', 'passed': True}",54.76221768488176,0.015211727134689379,0.12169381707751503,5.0,5.0,2,2,6250,,Arbalest does not expose exact fast/slow kernel call counts; nominal bead-steps are reported instead.,512aad3d46c25c28d590e76ebbd6cd2dc9be7186
AS-P2-PROSPECTIVE-octane-L09-A01,2026-09-03T04:32:38.029252+00:00,AS-P2-DENSE-PIMD2-001,phase2_dense_prospective,prospective,Octane,TVMXDCGIABBOFY-UHFFFAOYSA-N,0.75,9,/home/galoren/Freecurve_AI_Solvation/release/SolvAI/active_solvai/simulations/dense_pimd2/prospective/octane/lambda_0p75,6586d9f54bbb8933024fef20b0072ea1542d97129fa0066484a2c260c53cd5b9,"['/home/galoren/Freecurve_AI_Solvation/repositories/arbalest/build_solvation_gcc10/ARBALEST/ARBALEST', '--gpu', 'true', '--gpudeviceid', '0', '--omp', '8', '--outTS', '0', '--log', 'Arbalest_attempt_01.log', '-C', 'conf.xml']",1,completed,True,0,False,"{'success_marker': True, 'system_energy_file': '/home/galoren/Freecurve_AI_Solvation/release/SolvAI/active_solvai/simulations/dense_pimd2/prospective/octane/lambda_0p75/output/Task5_MD_Transition_LIGAnnihilation_9__SYSTEM.ene', 'frames': 51, 'finite_response': True, 'mean_temperature_kelvin': 300.8547472541176, 'mean_density_g_cm3': 1.0192559438529412, 'energy_sha256': 'd998d0498daff386e88854a895ec619f086b577fe0624568616ceca266a3777b', 'passed': True}",42.53628537803888,0.011815634827233024,0.09452507861786419,5.0,5.0,2,2,6250,,Arbalest does not expose exact fast/slow kernel call counts; nominal bead-steps are reported instead.,512aad3d46c25c28d590e76ebbd6cd2dc9be7186
AS-P2-PROSPECTIVE-octane-L10-A01,2026-09-03T04:33:33.363959+00:00,AS-P2-DENSE-PIMD2-001,phase2_dense_prospective,prospective,Octane,TVMXDCGIABBOFY-UHFFFAOYSA-N,0.8,10,/home/galoren/Freecurve_AI_Solvation/release/SolvAI/active_solvai/simulations/dense_pimd2/prospective/octane/lambda_0p80,6a9c2ab073f613732e5efaec0a696bd618843221432be5a31d11e0919a3ebb34,"['/home/galoren/Freecurve_AI_Solvation/repositories/arbalest/build_solvation_gcc10/ARBALEST/ARBALEST', '--gpu', 'true', '--gpudeviceid', '0', '--omp', '8', '--outTS', '0', '--log', 'Arbalest_attempt_01.log', '-C', 'conf.xml']",1,completed,True,0,False,"{'success_marker': True, 'system_energy_file': '/home/galoren/Freecurve_AI_Solvation/release/SolvAI/active_solvai/simulations/dense_pimd2/prospective/octane/lambda_0p80/output/Task5_MD_Transition_LIGAnnihilation_10__SYSTEM.ene', 'frames': 51, 'finite_response': True, 'mean_temperature_kelvin': 301.27309365921565, 'mean_density_g_cm3': 1.0331184293366666, 'energy_sha256': '318787aadd11129b82ca10b2bbe13b8ee85a8dec654a0d31b49a8b6bf3b8a58f', 'passed': True}",55.32010964793153,0.015366697124425425,0.1229335769954034,5.0,5.0,2,2,6250,,Arbalest does not expose exact fast/slow kernel call counts; nominal bead-steps are reported instead.,512aad3d46c25c28d590e76ebbd6cd2dc9be7186
AS-P2-PROSPECTIVE-octane-L11-A01,2026-09-03T04:34:19.067257+00:00,AS-P2-DENSE-PIMD2-001,phase2_dense_prospective,prospective,Octane,TVMXDCGIABBOFY-UHFFFAOYSA-N,0.85,11,/home/galoren/Freecurve_AI_Solvation/release/SolvAI/active_solvai/simulations/dense_pimd2/prospective/octane/lambda_0p85,c95d6fbb9280f576e707da91a3c840a2d98761f5e425a3fbe7d2172f82c02041,"['/home/galoren/Freecurve_AI_Solvation/repositories/arbalest/build_solvation_gcc10/ARBALEST/ARBALEST', '--gpu', 'true', '--gpudeviceid', '0', '--omp', '8', '--outTS', '0', '--log', 'Arbalest_attempt_01.log', '-C', 'conf.xml']",1,completed,True,0,False,"{'success_marker': True, 'system_energy_file': '/home/galoren/Freecurve_AI_Solvation/release/SolvAI/active_solvai/simulations/dense_pimd2/prospective/octane/lambda_0p85/output/Task5_MD_Transition_LIGAnnihilation_11__SYSTEM.ene', 'frames': 51, 'finite_response': True, 'mean_temperature_kelvin': 300.7005198756863, 'mean_density_g_cm3': 1.0235196953711765, 'energy_sha256': '7b3b84777e7d2074695821fb94de2d8e435cff488c181f16bd9e01de1f9eff5f', 'passed': True}",45.68629748001695,0.012690638188893596,0.10152510551114877,5.0,5.0,2,2,6250,,Arbalest does not expose exact fast/slow kernel call counts; nominal bead-steps are reported instead.,512aad3d46c25c28d590e76ebbd6cd2dc9be7186
AS-P2-PROSPECTIVE-octane-L13-A01,2026-09-03T04:35:10.796995+00:00,AS-P2-DENSE-PIMD2-001,phase2_dense_prospective,prospective,Octane,TVMXDCGIABBOFY-UHFFFAOYSA-N,0.95,13,/home/galoren/Freecurve_AI_Solvation/release/SolvAI/active_solvai/simulations/dense_pimd2/prospective/octane/lambda_0p95,bdf60543806dd0a5399baaad1d00c38142f0bf2299a946cde1e3cdbafe4ba275,"['/home/galoren/Freecurve_AI_Solvation/repositories/arbalest/build_solvation_gcc10/ARBALEST/ARBALEST', '--gpu', 'true', '--gpudeviceid', '0', '--omp', '8', '--outTS', '0', '--log', 'Arbalest_attempt_01.log', '-C', 'conf.xml']",1,completed,True,0,False,"{'success_marker': True, 'system_energy_file': '/home/galoren/Freecurve_AI_Solvation/release/SolvAI/active_solvai/simulations/dense_pimd2/prospective/octane/lambda_0p95/output/Task5_MD_Transition_LIGAnnihilation_13__SYSTEM.ene', 'frames': 51, 'finite_response': True, 'mean_temperature_kelvin': 300.53726378098037, 'mean_density_g_cm3': 1.0356477711958825, 'energy_sha256': '9c47865ff5a5b6165de85cd1af5a9600b76b033d16acfd111329a562815d915f', 'passed': True}",51.712689116131514,0.014364635865592086,0.11491708692473669,5.0,5.0,2,2,6250,,Arbalest does not expose exact fast/slow kernel call counts; nominal bead-steps are reported instead.,512aad3d46c25c28d590e76ebbd6cd2dc9be7186
AS-P2-PROSPECTIVE-octane-L14-A01,2026-09-03T04:36:02.519846+00:00,AS-P2-DENSE-PIMD2-001,phase2_dense_prospective,prospective,Octane,TVMXDCGIABBOFY-UHFFFAOYSA-N,1.0,14,/home/galoren/Freecurve_AI_Solvation/release/SolvAI/active_solvai/simulations/dense_pimd2/prospective/octane/lambda_1p00,18dd69747d6354d9171c966ef4e429e1930e608e3972a639731629cf47c79b51,"['/home/galoren/Freecurve_AI_Solvation/repositories/arbalest/build_solvation_gcc10/ARBALEST/ARBALEST', '--gpu', 'true', '--gpudeviceid', '0', '--omp', '8', '--outTS', '0', '--log', 'Arbalest_attempt_01.log', '-C', 'conf.xml']",1,completed,True,0,False,"{'success_marker': True, 'system_energy_file': '/home/galoren/Freecurve_AI_Solvation/release/SolvAI/active_solvai/simulations/dense_pimd2/prospective/octane/lambda_1p00/output/Task5_MD_Transition_LIGAnnihilation_14__SYSTEM.ene', 'frames': 51, 'finite_response': True, 'mean_temperature_kelvin': 301.35128604, 'mean_density_g_cm3': 1.015757918317451, 'energy_sha256': '1fead5f10bddf3fff5f3938b68d89e6269d0a2ffb5601d808acb2921a1635b0e', 'passed': True}",51.69928338495083,0.01436091205137523,0.11488729641100184,5.0,5.0,2,2,6250,,Arbalest does not expose exact fast/slow kernel call counts; nominal bead-steps are reported instead.,512aad3d46c25c28d590e76ebbd6cd2dc9be7186
AS-P2-PROSPECTIVE-octanol-L00-A01,2026-09-03T04:36:55.165397+00:00,AS-P2-DENSE-PIMD2-001,phase2_dense_prospective,prospective,Octanol,KBPLFHHGFOOTCA-UHFFFAOYSA-N,0.0,0,/home/galoren/Freecurve_AI_Solvation/release/SolvAI/active_solvai/simulations/dense_pimd2/prospective/octanol/lambda_0p00,38e3be930e6c300d7a97e41f284595914427fb368e2f06faf313bacc5279323b,"['/home/galoren/Freecurve_AI_Solvation/repositories/arbalest/build_solvation_gcc10/ARBALEST/ARBALEST', '--gpu', 'true', '--gpudeviceid', '0', '--omp', '8', '--outTS', '0', '--log', 'Arbalest_attempt_01.log', '-C', 'conf.xml']",1,completed,True,0,False,"{'success_marker': True, 'system_energy_file': '/home/galoren/Freecurve_AI_Solvation/release/SolvAI/active_solvai/simulations/dense_pimd2/prospective/octanol/lambda_0p00/output/Task5_MD_Transition_LIGAnnihilation_0__SYSTEM.ene', 'frames': 51, 'finite_response': True, 'mean_temperature_kelvin': 300.4415576296078, 'mean_density_g_cm3': 1.0231746207715684, 'energy_sha256': 'b7b5165c99f0ce2d5f2959ae227106ce2461d05ecc61768f2d01b39590661bc7', 'passed': True}",52.620026524877176,0.014616674034688104,0.11693339227750484,5.0,5.0,2,2,6250,,Arbalest does not expose exact fast/slow kernel call counts; nominal bead-steps are reported instead.,512aad3d46c25c28d590e76ebbd6cd2dc9be7186
AS-P2-PROSPECTIVE-octanol-L01-A01,2026-09-03T04:37:38.617210+00:00,AS-P2-DENSE-PIMD2-001,phase2_dense_prospective,prospective,Octanol,KBPLFHHGFOOTCA-UHFFFAOYSA-N,0.05,1,/home/galoren/Freecurve_AI_Solvation/release/SolvAI/active_solvai/simulations/dense_pimd2/prospective/octanol/lambda_0p05,996f0825da58c1231aa2032d38042adc92e8ab560fb2e513160cbd3ca4a06bb8,"['/home/galoren/Freecurve_AI_Solvation/repositories/arbalest/build_solvation_gcc10/ARBALEST/ARBALEST', '--gpu', 'true', '--gpudeviceid', '0', '--omp', '8', '--outTS', '0', '--log', 'Arbalest_attempt_01.log', '-C', 'conf.xml']",1,completed,True,0,False,"{'success_marker': True, 'system_energy_file': '/home/galoren/Freecurve_AI_Solvation/release/SolvAI/active_solvai/simulations/dense_pimd2/prospective/octanol/lambda_0p05/output/Task5_MD_Transition_LIGAnnihilation_1__SYSTEM.ene', 'frames': 51, 'finite_response': True, 'mean_temperature_kelvin': 302.3748364947059, 'mean_density_g_cm3': 1.0146767916288235, 'energy_sha256': '44d4c9de5cd85deb9fe8411725fa4b23f73fc7b7ae4ed081c62e289432145df2', 'passed': True}",43.43776042899117,0.012066044563608658,0.09652835650886926,5.0,5.0,2,2,6250,,Arbalest does not expose exact fast/slow kernel call counts; nominal bead-steps are reported instead.,512aad3d46c25c28d590e76ebbd6cd2dc9be7186
AS-P2-PROSPECTIVE-octanol-L03-A01,2026-09-03T04:38:23.737540+00:00,AS-P2-DENSE-PIMD2-001,phase2_dense_prospective,prospective,Octanol,KBPLFHHGFOOTCA-UHFFFAOYSA-N,0.2,3,/home/galoren/Freecurve_AI_Solvation/release/SolvAI/active_solvai/simulations/dense_pimd2/prospective/octanol/lambda_0p20,488ed8aa1d1fbad1a2c5f643ca0506347c5f913d62dcefe832ad22153d01974b,"['/home/galoren/Freecurve_AI_Solvation/repositories/arbalest/build_solvation_gcc10/ARBALEST/ARBALEST', '--gpu', 'true', '--gpudeviceid', '0', '--omp', '8', '--outTS', '0', '--log', 'Arbalest_attempt_01.log', '-C', 'conf.xml']",1,completed,True,0,False,"{'success_marker': True, 'system_energy_file': '/home/galoren/Freecurve_AI_Solvation/release/SolvAI/active_solvai/simulations/dense_pimd2/prospective/octanol/lambda_0p20/output/Task5_MD_Transition_LIGAnnihilation_3__SYSTEM.ene', 'frames': 51, 'finite_response': True, 'mean_temperature_kelvin': 302.01778240627453, 'mean_density_g_cm3': 1.019164823252549, 'energy_sha256': '48e6fb43f6f7864f657d1f5f34cc99a9d731aefd3c5effdce4b497868d18321a', 'passed': True}",45.09697016701102,0.012526936157503062,0.10021548926002449,5.0,5.0,2,2,6250,,Arbalest does not expose exact fast/slow kernel call counts; nominal bead-steps are reported instead.,512aad3d46c25c28d590e76ebbd6cd2dc9be7186
AS-P2-PROSPECTIVE-octanol-L04-A01,2026-09-03T04:39:16.634789+00:00,AS-P2-DENSE-PIMD2-001,phase2_dense_prospective,prospective,Octanol,KBPLFHHGFOOTCA-UHFFFAOYSA-N,0.3,4,/home/galoren/Freecurve_AI_Solvation/release/SolvAI/active_solvai/simulations/dense_pimd2/prospective/octanol/lambda_0p30,312924645d90ccf083055cda9915c133252777dbb42f38de00b892875433a641,"['/home/galoren/Freecurve_AI_Solvation/repositories/arbalest/build_solvation_gcc10/ARBALEST/ARBALEST', '--gpu', 'true', '--gpudeviceid', '0', '--omp', '8', '--outTS', '0', '--log', 'Arbalest_attempt_01.log', '-C', 'conf.xml']",1,completed,True,0,False,"{'success_marker': True, 'system_energy_file': '/home/galoren/Freecurve_AI_Solvation/release/SolvAI/active_solvai/simulations/dense_pimd2/prospective/octanol/lambda_0p30/output/Task5_MD_Transition_LIGAnnihilation_4__SYSTEM.ene', 'frames': 51, 'finite_response': True, 'mean_temperature_kelvin': 302.19191181098034, 'mean_density_g_cm3': 1.0129025970439216, 'energy_sha256': 'de9832611b6c59f50418b4aae827b4dca4b74a57806296c78f0d6269c6d396cd', 'passed': True}",52.87150376988575,0.014686528824968263,0.1174922305997461,5.0,5.0,2,2,6250,,Arbalest does not expose exact fast/slow kernel call counts; nominal bead-steps are reported instead.,512aad3d46c25c28d590e76ebbd6cd2dc9be7186
AS-P2-PROSPECTIVE-octanol-L05-A01,2026-09-03T04:40:02.351032+00:00,AS-P2-DENSE-PIMD2-001,phase2_dense_prospective,prospective,Octanol,KBPLFHHGFOOTCA-UHFFFAOYSA-N,0.4,5,/home/galoren/Freecurve_AI_Solvation/release/SolvAI/active_solvai/simulations/dense_pimd2/prospective/octanol/lambda_0p40,2702786e160edf1ebd6b8ab2255bedfd539bf79c7d8ae7b2d14c4133d3abc08b,"['/home/galoren/Freecurve_AI_Solvation/repositories/arbalest/build_solvation_gcc10/ARBALEST/ARBALEST', '--gpu', 'true', '--gpudeviceid', '0', '--omp', '8', '--outTS', '0', '--log', 'Arbalest_attempt_01.log', '-C', 'conf.xml']",1,completed,True,0,False,"{'success_marker': True, 'system_energy_file': '/home/galoren/Freecurve_AI_Solvation/release/SolvAI/active_solvai/simulations/dense_pimd2/prospective/octanol/lambda_0p40/output/Task5_MD_Transition_LIGAnnihilation_5__SYSTEM.ene', 'frames': 51, 'finite_response': True, 'mean_temperature_kelvin': 302.4383084601961, 'mean_density_g_cm3': 1.0156786232607842, 'energy_sha256': '5dc39c8f111e178197b3e8db6930256e23cbe73a5886e62cb6599f63e5906b86', 'passed': True}",45.69193530990742,0.012692204252752061,0.10153763402201649,5.0,5.0,2,2,6250,,Arbalest does not expose exact fast/slow kernel call counts; nominal bead-steps are reported instead.,512aad3d46c25c28d590e76ebbd6cd2dc9be7186
AS-P2-PROSPECTIVE-octanol-L07-A01,2026-09-03T04:40:47.395786+00:00,AS-P2-DENSE-PIMD2-001,phase2_dense_prospective,prospective,Octanol,KBPLFHHGFOOTCA-UHFFFAOYSA-N,0.6,7,/home/galoren/Freecurve_AI_Solvation/release/SolvAI/active_solvai/simulations/dense_pimd2/prospective/octanol/lambda_0p60,4e5ab9ab3e734300d18d5e67c75e0688495da0cea91b1eaa7c3a85def2f20c52,"['/home/galoren/Freecurve_AI_Solvation/repositories/arbalest/build_solvation_gcc10/ARBALEST/ARBALEST', '--gpu', 'true', '--gpudeviceid', '0', '--omp', '8', '--outTS', '0', '--log', 'Arbalest_attempt_01.log', '-C', 'conf.xml']",1,completed,True,0,False,"{'success_marker': True, 'system_energy_file': '/home/galoren/Freecurve_AI_Solvation/release/SolvAI/active_solvai/simulations/dense_pimd2/prospective/octanol/lambda_0p60/output/Task5_MD_Transition_LIGAnnihilation_7__SYSTEM.ene', 'frames': 51, 'finite_response': True, 'mean_temperature_kelvin': 301.3621195021568, 'mean_density_g_cm3': 1.033087212512745, 'energy_sha256': 'd144af60a9012dbd9b49b8689a65f17b0afaaa80911ef7737299a26690ebf21d', 'passed': True}",45.00893480586819,0.012502481890518943,0.10001985512415154,5.0,5.0,2,2,6250,,Arbalest does not expose exact fast/slow kernel call counts; nominal bead-steps are reported instead.,512aad3d46c25c28d590e76ebbd6cd2dc9be7186
AS-P2-PROSPECTIVE-octanol-L08-A01,2026-09-03T04:41:31.789786+00:00,AS-P2-DENSE-PIMD2-001,phase2_dense_prospective,prospective,Octanol,KBPLFHHGFOOTCA-UHFFFAOYSA-N,0.7,8,/home/galoren/Freecurve_AI_Solvation/release/SolvAI/active_solvai/simulations/dense_pimd2/prospective/octanol/lambda_0p70,dd7251a399dcd0d6deabf4c544abc6167dfdfc6c5bcccf63f8e1c75d135aea76,"['/home/galoren/Freecurve_AI_Solvation/repositories/arbalest/build_solvation_gcc10/ARBALEST/ARBALEST', '--gpu', 'true', '--gpudeviceid', '0', '--omp', '8', '--outTS', '0', '--log', 'Arbalest_attempt_01.log', '-C', 'conf.xml']",1,completed,True,0,False,"{'success_marker': True, 'system_energy_file': '/home/galoren/Freecurve_AI_Solvation/release/SolvAI/active_solvai/simulations/dense_pimd2/prospective/octanol/lambda_0p70/output/Task5_MD_Transition_LIGAnnihilation_8__SYSTEM.ene', 'frames': 51, 'finite_response': True, 'mean_temperature_kelvin': 302.09026095882354, 'mean_density_g_cm3': 1.0235307640266667, 'energy_sha256': 'b9467149505bb75399901883c9916a9d720d1f663a7c990d4d146bd8dda89bce', 'passed': True}",44.36871497798711,0.012324643049440864,0.09859714439552691,5.0,5.0,2,2,6250,,Arbalest does not expose exact fast/slow kernel call counts; nominal bead-steps are reported instead.,512aad3d46c25c28d590e76ebbd6cd2dc9be7186
AS-P2-PROSPECTIVE-octanol-L09-A01,2026-09-03T04:42:16.445084+00:00,AS-P2-DENSE-PIMD2-001,phase2_dense_prospective,prospective,Octanol,KBPLFHHGFOOTCA-UHFFFAOYSA-N,0.75,9,/home/galoren/Freecurve_AI_Solvation/release/SolvAI/active_solvai/simulations/dense_pimd2/prospective/octanol/lambda_0p75,a298bdd4697892a72b58fad8608921849b21005ef7af79300952984d5ed0d872,"['/home/galoren/Freecurve_AI_Solvation/repositories/arbalest/build_solvation_gcc10/ARBALEST/ARBALEST', '--gpu', 'true', '--gpudeviceid', '0', '--omp', '8', '--outTS', '0', '--log', 'Arbalest_attempt_01.log', '-C', 'conf.xml']",1,completed,True,0,False,"{'success_marker': True, 'system_energy_file': '/home/galoren/Freecurve_AI_Solvation/release/SolvAI/active_solvai/simulations/dense_pimd2/prospective/octanol/lambda_0p75/output/Task5_MD_Transition_LIGAnnihilation_9__SYSTEM.ene', 'frames': 51, 'finite_response': True, 'mean_temperature_kelvin': 303.93772734686274, 'mean_density_g_cm3': 1.0228783728362745, 'energy_sha256': 'f32ebe8ae6f59a2705a973687d349f0ac3ce6ecb89017fb64c6074aaba3c3935', 'passed': True}",44.638089176034555,0.012399469215565154,0.09919575372452123,5.0,5.0,2,2,6250,,Arbalest does not expose exact fast/slow kernel call counts; nominal bead-steps are reported instead.,512aad3d46c25c28d590e76ebbd6cd2dc9be7186
AS-P2-PROSPECTIVE-octanol-L10-A01,2026-09-03T04:43:07.229104+00:00,AS-P2-DENSE-PIMD2-001,phase2_dense_prospective,prospective,Octanol,KBPLFHHGFOOTCA-UHFFFAOYSA-N,0.8,10,/home/galoren/Freecurve_AI_Solvation/release/SolvAI/active_solvai/simulations/dense_pimd2/prospective/octanol/lambda_0p80,7c067ff37784634734799d55e61ff6d0dae496e8eae3f7822114f9c3ebcf687b,"['/home/galoren/Freecurve_AI_Solvation/repositories/arbalest/build_solvation_gcc10/ARBALEST/ARBALEST', '--gpu', 'true', '--gpudeviceid', '0', '--omp', '8', '--outTS', '0', '--log', 'Arbalest_attempt_01.log', '-C', 'conf.xml']",1,completed,True,0,False,"{'success_marker': True, 'system_energy_file': '/home/galoren/Freecurve_AI_Solvation/release/SolvAI/active_solvai/simulations/dense_pimd2/prospective/octanol/lambda_0p80/output/Task5_MD_Transition_LIGAnnihilation_10__SYSTEM.ene', 'frames': 51, 'finite_response': True, 'mean_temperature_kelvin': 301.4509647680392, 'mean_density_g_cm3': 1.0264947379499998, 'energy_sha256': 'd4669fa6b480f3705c2681bc11f3aa3cbe7e89d990878415899345d950e84bc8', 'passed': True}",50.75643980316818,0.014099011056435604,0.11279208845148483,5.0,5.0,2,2,6250,,Arbalest does not expose exact fast/slow kernel call counts; nominal bead-steps are reported instead.,512aad3d46c25c28d590e76ebbd6cd2dc9be7186
AS-P2-PROSPECTIVE-octanol-L11-A01,2026-09-03T04:43:51.908836+00:00,AS-P2-DENSE-PIMD2-001,phase2_dense_prospective,prospective,Octanol,KBPLFHHGFOOTCA-UHFFFAOYSA-N,0.85,11,/home/galoren/Freecurve_AI_Solvation/release/SolvAI/active_solvai/simulations/dense_pimd2/prospective/octanol/lambda_0p85,aec6c13a872cca245eef96dfd43a2383c5b73dd0fa694ab4c86e84f1eec455a6,"['/home/galoren/Freecurve_AI_Solvation/repositories/arbalest/build_solvation_gcc10/ARBALEST/ARBALEST', '--gpu', 'true', '--gpudeviceid', '0', '--omp', '8', '--outTS', '0', '--log', 'Arbalest_attempt_01.log', '-C', 'conf.xml']",1,completed,True,0,False,"{'success_marker': True, 'system_energy_file': '/home/galoren/Freecurve_AI_Solvation/release/SolvAI/active_solvai/simulations/dense_pimd2/prospective/octanol/lambda_0p85/output/Task5_MD_Transition_LIGAnnihilation_11__SYSTEM.ene', 'frames': 51, 'finite_response': True, 'mean_temperature_kelvin': 302.03548754823527, 'mean_density_g_cm3': 1.031164180759608, 'energy_sha256': '06ecc59c569966a1f0ecda0e34a7446a867e463e6e90361aeaf1ede53d3f22df', 'passed': True}",44.643832756904885,0.012401064654695801,0.09920851723756641,5.0,5.0,2,2,6250,,Arbalest does not expose exact fast/slow kernel call counts; nominal bead-steps are reported instead.,512aad3d46c25c28d590e76ebbd6cd2dc9be7186
AS-P2-PROSPECTIVE-octanol-L13-A01,2026-09-03T04:44:34.891939+00:00,AS-P2-DENSE-PIMD2-001,phase2_dense_prospective,prospective,Octanol,KBPLFHHGFOOTCA-UHFFFAOYSA-N,0.95,13,/home/galoren/Freecurve_AI_Solvation/release/SolvAI/active_solvai/simulations/dense_pimd2/prospective/octanol/lambda_0p95,ccf79191771112d0ca94dc416931e1143c4d3834bfce1a3b53bb9ff836e9eb42,"['/home/galoren/Freecurve_AI_Solvation/repositories/arbalest/build_solvation_gcc10/ARBALEST/ARBALEST', '--gpu', 'true', '--gpudeviceid', '0', '--omp', '8', '--outTS', '0', '--log', 'Arbalest_attempt_01.log', '-C', 'conf.xml']",1,completed,True,0,False,"{'success_marker': True, 'system_energy_file': '/home/galoren/Freecurve_AI_Solvation/release/SolvAI/active_solvai/simulations/dense_pimd2/prospective/octanol/lambda_0p95/output/Task5_MD_Transition_LIGAnnihilation_13__SYSTEM.ene', 'frames': 51, 'finite_response': True, 'mean_temperature_kelvin': 300.702456377647, 'mean_density_g_cm3': 1.0234470086686274, 'energy_sha256': 'b46148edac20e87cf8dee9350a6678972502336c92ba99662f3dac91ef22f0a2', 'passed': True}",42.94786021695472,0.011929961171376312,0.0954396893710105,5.0,5.0,2,2,6250,,Arbalest does not expose exact fast/slow kernel call counts; nominal bead-steps are reported instead.,512aad3d46c25c28d590e76ebbd6cd2dc9be7186
AS-P2-PROSPECTIVE-octanol-L14-A01,2026-09-03T04:45:27.988362+00:00,AS-P2-DENSE-PIMD2-001,phase2_dense_prospective,prospective,Octanol,KBPLFHHGFOOTCA-UHFFFAOYSA-N,1.0,14,/home/galoren/Freecurve_AI_Solvation/release/SolvAI/active_solvai/simulations/dense_pimd2/prospective/octanol/lambda_1p00,9f42d35ff2e1ace2f6038081478b7b6712711eae073be1bd46e9ae6c7ab29ebc,"['/home/galoren/Freecurve_AI_Solvation/repositories/arbalest/build_solvation_gcc10/ARBALEST/ARBALEST', '--gpu', 'true', '--gpudeviceid', '0', '--omp', '8', '--outTS', '0', '--log', 'Arbalest_attempt_01.log', '-C', 'conf.xml']",1,completed,True,0,False,"{'success_marker': True, 'system_energy_file': '/home/galoren/Freecurve_AI_Solvation/release/SolvAI/active_solvai/simulations/dense_pimd2/prospective/octanol/lambda_1p00/output/Task5_MD_Transition_LIGAnnihilation_14__SYSTEM.ene', 'frames': 51, 'finite_response': True, 'mean_temperature_kelvin': 300.6782591062745, 'mean_density_g_cm3': 1.0258829360692157, 'energy_sha256': '39a45c08876911fec3147b1e6c5427c660ab72dd1da9140224fe89d433272dfb', 'passed': True}",53.060138386208564,0.014738927329502379,0.11791141863601903,5.0,5.0,2,2,6250,,Arbalest does not expose exact fast/slow kernel call counts; nominal bead-steps are reported instead.,512aad3d46c25c28d590e76ebbd6cd2dc9be7186
