source_class,path,energy_sha256,config,config_sha256,beads,ti_point,lambda,time_step_ps,random_seed_fields,frames,observed_time_ps,has_dhdl,finite_dhdl,stream_id,independence_status,development_exposed,eligible_v3_development,eligible_v3_prospective_sentinel
active_v1_dense_pimd2,/home/galoren/Freecurve_AI_Solvation/release/SolvAI/active_solvai/simulations/dense_pimd2/calibration/acetone/lambda_0p00/output/Task5_MD_Transition_LIGAnnihilation_0__SYSTEM.ene,01c3a1063fd472166d30232b5ddfe71982ed065918f78271a1970f97856c78e8,/home/galoren/Freecurve_AI_Solvation/release/SolvAI/active_solvai/simulations/dense_pimd2/calibration/acetone/lambda_0p00/conf.xml,b76aef9b60ae497d8b4d39264280a9807fc72a98f3cbc2ad7a10e140280e6ec2,2.0,0.0,0.0,0.002,13253450,51,5.0000003123,True,True,single_inherited_stream,one trajectory; contiguous blocks are not replicas,True,True,False
active_v1_dense_pimd2,/home/galoren/Freecurve_AI_Solvation/release/SolvAI/active_solvai/simulations/dense_pimd2/calibration/acetone/lambda_0p05/output/Task5_MD_Transition_LIGAnnihilation_1__SYSTEM.ene,d0d9ab7a47ffb73429159d8fb3451956279e5aa53324b0ef46c4561ac58bbc5c,/home/galoren/Freecurve_AI_Solvation/release/SolvAI/active_solvai/simulations/dense_pimd2/calibration/acetone/lambda_0p05/conf.xml,b579d3e383e2d69a54ddd288ee9b8f8de24ff9811bb5038d21957f45951a1223,2.0,1.0,0.05,0.002,13253450,51,5.0000003123,True,True,single_inherited_stream,one trajectory; contiguous blocks are not replicas,True,True,False
active_v1_dense_pimd2,/home/galoren/Freecurve_AI_Solvation/release/SolvAI/active_solvai/simulations/dense_pimd2/calibration/acetone/lambda_0p20/output/Task5_MD_Transition_LIGAnnihilation_3__SYSTEM.ene,1ae04a734f48c16e397a46c4f04573f3a55e45039c1380d1775d844aff5c8def,/home/galoren/Freecurve_AI_Solvation/release/SolvAI/active_solvai/simulations/dense_pimd2/calibration/acetone/lambda_0p20/conf.xml,76234b2fddc4afb3cea1acb9150fce14c7e7a9b997e687329340f99f210e73b3,2.0,3.0,0.2,0.002,13253450,51,5.0000003123,True,True,single_inherited_stream,one trajectory; contiguous blocks are not replicas,True,True,False
active_v1_dense_pimd2,/home/galoren/Freecurve_AI_Solvation/release/SolvAI/active_solvai/simulations/dense_pimd2/calibration/acetone/lambda_0p30/output/Task5_MD_Transition_LIGAnnihilation_4__SYSTEM.ene,c14fdf2b9cc0975f0986bb8c565c94d7ca81d5020044515fcf6870095840ccc2,/home/galoren/Freecurve_AI_Solvation/release/SolvAI/active_solvai/simulations/dense_pimd2/calibration/acetone/lambda_0p30/conf.xml,612a8113f5762a319663b9f06c73b5c40bd06973d0242a6b5b9fae7855ed1f34,2.0,4.0,0.3,0.002,13253450,51,5.0000003123,True,True,single_inherited_stream,one trajectory; contiguous blocks are not replicas,True,True,False
active_v1_dense_pimd2,/home/galoren/Freecurve_AI_Solvation/release/SolvAI/active_solvai/simulations/dense_pimd2/calibration/acetone/lambda_0p40/output/Task5_MD_Transition_LIGAnnihilation_5__SYSTEM.ene,786e72428c8962ea141aba8260aba9db046e81513da02a92f63bb27800e1b4e8,/home/galoren/Freecurve_AI_Solvation/release/SolvAI/active_solvai/simulations/dense_pimd2/calibration/acetone/lambda_0p40/conf.xml,ced4d3a81655ecf18d0893b6c5e06400ce64c9dfeedeb91df748d7007c214414,2.0,5.0,0.4,0.002,13253450,51,5.0000003123,True,True,single_inherited_stream,one trajectory; contiguous blocks are not replicas,True,True,False
active_v1_dense_pimd2,/home/galoren/Freecurve_AI_Solvation/release/SolvAI/active_solvai/simulations/dense_pimd2/calibration/acetone/lambda_0p60/output/Task5_MD_Transition_LIGAnnihilation_7__SYSTEM.ene,76a6bac55655e67993c8c5be625862bba0ee36b871da0c2ac47fdc2692549b53,/home/galoren/Freecurve_AI_Solvation/release/SolvAI/active_solvai/simulations/dense_pimd2/calibration/acetone/lambda_0p60/conf.xml,51b6e328404bc3d736838f01e858fcf7cf8f78bbbc8cefbe35016c449ed268bb,2.0,7.0,0.6,0.002,13253450,51,5.0000003123,True,True,single_inherited_stream,one trajectory; contiguous blocks are not replicas,True,True,False
active_v1_dense_pimd2,/home/galoren/Freecurve_AI_Solvation/release/SolvAI/active_solvai/simulations/dense_pimd2/calibration/acetone/lambda_0p70/output/Task5_MD_Transition_LIGAnnihilation_8__SYSTEM.ene,683e9007eed31bee1ea18702bb9127cd0f37aedee048e36adc25242f5f7b2d65,/home/galoren/Freecurve_AI_Solvation/release/SolvAI/active_solvai/simulations/dense_pimd2/calibration/acetone/lambda_0p70/conf.xml,2abe2a3cff22a709c83ededcb29e510dd0a7d949a2fe232a5768c267dcf13bb9,2.0,8.0,0.7,0.002,13253450,51,5.0000003123,True,True,single_inherited_stream,one trajectory; contiguous blocks are not replicas,True,True,False
active_v1_dense_pimd2,/home/galoren/Freecurve_AI_Solvation/release/SolvAI/active_solvai/simulations/dense_pimd2/calibration/acetone/lambda_0p75/output/Task5_MD_Transition_LIGAnnihilation_9__SYSTEM.ene,36ab5a6b7d75bd9ae9ad073f66e28fdb08cf000f5e961dab91891226a8ae3ad7,/home/galoren/Freecurve_AI_Solvation/release/SolvAI/active_solvai/simulations/dense_pimd2/calibration/acetone/lambda_0p75/conf.xml,e534cb4257b963bfd162d4d0a5162dbfe2c872beaebaa0dba48e68323d9781fb,2.0,9.0,0.75,0.002,13253450,51,5.0000003123,True,True,single_inherited_stream,one trajectory; contiguous blocks are not replicas,True,True,False
active_v1_dense_pimd2,/home/galoren/Freecurve_AI_Solvation/release/SolvAI/active_solvai/simulations/dense_pimd2/calibration/acetone/lambda_0p80/output/Task5_MD_Transition_LIGAnnihilation_10__SYSTEM.ene,29017d55a178e09f466bc329556a54d41e7df897e017a2a819353bed019e2edb,/home/galoren/Freecurve_AI_Solvation/release/SolvAI/active_solvai/simulations/dense_pimd2/calibration/acetone/lambda_0p80/conf.xml,a81171a2a0d358272c4810d0c504b3f4ea01cc0171e874d7f66d4550059c91e5,2.0,10.0,0.8,0.002,13253450,51,5.0000003123,True,True,single_inherited_stream,one trajectory; contiguous blocks are not replicas,True,True,False
active_v1_dense_pimd2,/home/galoren/Freecurve_AI_Solvation/release/SolvAI/active_solvai/simulations/dense_pimd2/calibration/acetone/lambda_0p85/output/Task5_MD_Transition_LIGAnnihilation_11__SYSTEM.ene,f55002e192cc47799e6c1b1a6a89bc7f673da646105f40fcadc2ed934871cc6d,/home/galoren/Freecurve_AI_Solvation/release/SolvAI/active_solvai/simulations/dense_pimd2/calibration/acetone/lambda_0p85/conf.xml,838a51b40c2975f422f43294578057f7b9873f5eec22393672656baed2faf4b5,2.0,11.0,0.85,0.002,13253450,51,5.0000003123,True,True,single_inherited_stream,one trajectory; contiguous blocks are not replicas,True,True,False
active_v1_dense_pimd2,/home/galoren/Freecurve_AI_Solvation/release/SolvAI/active_solvai/simulations/dense_pimd2/calibration/acetone/lambda_0p95/output/Task5_MD_Transition_LIGAnnihilation_13__SYSTEM.ene,9b0cc7637b133f64a37e26ac3cad9c268ce055ae1346035386e005b2a9defef0,/home/galoren/Freecurve_AI_Solvation/release/SolvAI/active_solvai/simulations/dense_pimd2/calibration/acetone/lambda_0p95/conf.xml,89d12e9284e1fcae16f08c90024066006508d76101c0404f136a681cd142d981,2.0,13.0,0.95,0.002,13253450,51,5.0000003123,True,True,single_inherited_stream,one trajectory; contiguous blocks are not replicas,True,True,False
active_v1_dense_pimd2,/home/galoren/Freecurve_AI_Solvation/release/SolvAI/active_solvai/simulations/dense_pimd2/calibration/acetone/lambda_1p00/output/Task5_MD_Transition_LIGAnnihilation_14__SYSTEM.ene,4f992e3a614dad1968e6c1bbb07b6363b669f3eb19cb96964f12eca229e7e61f,/home/galoren/Freecurve_AI_Solvation/release/SolvAI/active_solvai/simulations/dense_pimd2/calibration/acetone/lambda_1p00/conf.xml,86cacc2b6131e3ea711e80590f11f3f173c55c6067816bca07f5bf645db1d565,2.0,14.0,1.0,0.002,13253450,51,5.0000003123,True,True,single_inherited_stream,one trajectory; contiguous blocks are not replicas,True,True,False
active_v1_dense_pimd2,/home/galoren/Freecurve_AI_Solvation/release/SolvAI/active_solvai/simulations/dense_pimd2/calibration/ethanol/lambda_0p00/output/Task5_MD_Transition_LIGAnnihilation_0__SYSTEM.ene,81fd1b1c9db0b46747a9083a94189747a70f95f64c14a7d65e9234ed5c2a0f7f,/home/galoren/Freecurve_AI_Solvation/release/SolvAI/active_solvai/simulations/dense_pimd2/calibration/ethanol/lambda_0p00/conf.xml,c9c56e191afcb9920f06ae03250cf9270529180f0bc414c72c16d931cd40ee45,2.0,0.0,0.0,0.002,14725246,51,5.0000003123,True,True,single_inherited_stream,one trajectory; contiguous blocks are not replicas,True,True,False
active_v1_dense_pimd2,/home/galoren/Freecurve_AI_Solvation/release/SolvAI/active_solvai/simulations/dense_pimd2/calibration/ethanol/lambda_0p05/output/Task5_MD_Transition_LIGAnnihilation_1__SYSTEM.ene,a25e267181be3dca546ed551e407e35f7b8a40349a35ed7b0ac328708c2cc518,/home/galoren/Freecurve_AI_Solvation/release/SolvAI/active_solvai/simulations/dense_pimd2/calibration/ethanol/lambda_0p05/conf.xml,4ff267eca09a613a9e945742628a6dc0046c1d6d8077cb283b73a0a3121b23e0,2.0,1.0,0.05,0.002,14725246,51,5.0000003123,True,True,single_inherited_stream,one trajectory; contiguous blocks are not replicas,True,True,False
active_v1_dense_pimd2,/home/galoren/Freecurve_AI_Solvation/release/SolvAI/active_solvai/simulations/dense_pimd2/calibration/ethanol/lambda_0p20/output/Task5_MD_Transition_LIGAnnihilation_3__SYSTEM.ene,4521ed9b445756557cadf7bfc6dd2c85ce93a760b8b82507c0a16ef9d8ad9faf,/home/galoren/Freecurve_AI_Solvation/release/SolvAI/active_solvai/simulations/dense_pimd2/calibration/ethanol/lambda_0p20/conf.xml,8ced74993ab490b3ceb21c784e07beac5b04152ff9035302b7140a0a021c5491,2.0,3.0,0.2,0.002,14725246,51,5.0000003123,True,True,single_inherited_stream,one trajectory; contiguous blocks are not replicas,True,True,False
active_v1_dense_pimd2,/home/galoren/Freecurve_AI_Solvation/release/SolvAI/active_solvai/simulations/dense_pimd2/calibration/ethanol/lambda_0p30/output/Task5_MD_Transition_LIGAnnihilation_4__SYSTEM.ene,18f31d2f516f77ccf113161794bb08d6a29a3d5aeda6731b1144034a65715f8c,/home/galoren/Freecurve_AI_Solvation/release/SolvAI/active_solvai/simulations/dense_pimd2/calibration/ethanol/lambda_0p30/conf.xml,194c1cb0ac1f00563993202c5d497f79d5a1d7bfe5db0a4006845330d22b337c,2.0,4.0,0.3,0.002,14725246,51,5.0000003123,True,True,single_inherited_stream,one trajectory; contiguous blocks are not replicas,True,True,False
active_v1_dense_pimd2,/home/galoren/Freecurve_AI_Solvation/release/SolvAI/active_solvai/simulations/dense_pimd2/calibration/ethanol/lambda_0p40/output/Task5_MD_Transition_LIGAnnihilation_5__SYSTEM.ene,6ab61265c9fc04365e22b6863ad41840abd89b3c715a9b507f555ccf86c9d00c,/home/galoren/Freecurve_AI_Solvation/release/SolvAI/active_solvai/simulations/dense_pimd2/calibration/ethanol/lambda_0p40/conf.xml,c5ff06b12882c09f1c3c9bc45ec83db2521bd4623f3f9c7d2775d806e6411ce3,2.0,5.0,0.4,0.002,14725246,51,5.0000003123,True,True,single_inherited_stream,one trajectory; contiguous blocks are not replicas,True,True,False
active_v1_dense_pimd2,/home/galoren/Freecurve_AI_Solvation/release/SolvAI/active_solvai/simulations/dense_pimd2/calibration/ethanol/lambda_0p60/output/Task5_MD_Transition_LIGAnnihilation_7__SYSTEM.ene,7c3f4c67ecf7ad9fafe57c78665c3f0f88cf2b69c9ed6e88f54f861df55eeb6d,/home/galoren/Freecurve_AI_Solvation/release/SolvAI/active_solvai/simulations/dense_pimd2/calibration/ethanol/lambda_0p60/conf.xml,9c22fb8c6e9445bf6c54fb9b9f57661c7c95dc09c0bcbd247c27f7bcd5c7d846,2.0,7.0,0.6,0.002,14725246,51,5.0000003123,True,True,single_inherited_stream,one trajectory; contiguous blocks are not replicas,True,True,False
active_v1_dense_pimd2,/home/galoren/Freecurve_AI_Solvation/release/SolvAI/active_solvai/simulations/dense_pimd2/calibration/ethanol/lambda_0p70/output/Task5_MD_Transition_LIGAnnihilation_8__SYSTEM.ene,f1646fcb811ff44423993d715557221550b0be3dc301cf5f7824e080bd1910eb,/home/galoren/Freecurve_AI_Solvation/release/SolvAI/active_solvai/simulations/dense_pimd2/calibration/ethanol/lambda_0p70/conf.xml,e980488a60a44d66b24ed54ed1588abbc1be7c6a37940e166fbc80fe04c045e6,2.0,8.0,0.7,0.002,14725246,51,5.0000003123,True,True,single_inherited_stream,one trajectory; contiguous blocks are not replicas,True,True,False
active_v1_dense_pimd2,/home/galoren/Freecurve_AI_Solvation/release/SolvAI/active_solvai/simulations/dense_pimd2/calibration/ethanol/lambda_0p75/output/Task5_MD_Transition_LIGAnnihilation_9__SYSTEM.ene,7fcc6932b31c659c54774b45a0b1a44c6fa396c865bcd2fdc802d06728534baf,/home/galoren/Freecurve_AI_Solvation/release/SolvAI/active_solvai/simulations/dense_pimd2/calibration/ethanol/lambda_0p75/conf.xml,28f293fd2733cbdde31ac32a16528b0e89f4f257f6e3dc1f938ca42c3de85050,2.0,9.0,0.75,0.002,14725246,51,5.0000003123,True,True,single_inherited_stream,one trajectory; contiguous blocks are not replicas,True,True,False
active_v1_dense_pimd2,/home/galoren/Freecurve_AI_Solvation/release/SolvAI/active_solvai/simulations/dense_pimd2/calibration/ethanol/lambda_0p80/output/Task5_MD_Transition_LIGAnnihilation_10__SYSTEM.ene,c5fd711c2f55f33016874098de9cdeedfe7b93c63fcaec000cf14ad3ca65f251,/home/galoren/Freecurve_AI_Solvation/release/SolvAI/active_solvai/simulations/dense_pimd2/calibration/ethanol/lambda_0p80/conf.xml,594b314bcc016d9f24e7f78de7e9e11c2958e1bd5ef5be6211f49fcba5a9c114,2.0,10.0,0.8,0.002,14725246,51,5.0000003123,True,True,single_inherited_stream,one trajectory; contiguous blocks are not replicas,True,True,False
active_v1_dense_pimd2,/home/galoren/Freecurve_AI_Solvation/release/SolvAI/active_solvai/simulations/dense_pimd2/calibration/ethanol/lambda_0p85/output/Task5_MD_Transition_LIGAnnihilation_11__SYSTEM.ene,cb382351a9a748fe5a9fa8fd7d185a578cdd8b05753801aa240074d38cd33bed,/home/galoren/Freecurve_AI_Solvation/release/SolvAI/active_solvai/simulations/dense_pimd2/calibration/ethanol/lambda_0p85/conf.xml,e9b707eb23c56ed131eb1b480b22030ef7b0ceffe1959b2638451b31ee4d572f,2.0,11.0,0.85,0.002,14725246,51,5.0000003123,True,True,single_inherited_stream,one trajectory; contiguous blocks are not replicas,True,True,False
active_v1_dense_pimd2,/home/galoren/Freecurve_AI_Solvation/release/SolvAI/active_solvai/simulations/dense_pimd2/calibration/ethanol/lambda_0p95/output/Task5_MD_Transition_LIGAnnihilation_13__SYSTEM.ene,e987ed218f6d40ff02222a63ac5c40ddbe29309242d12cafef3adcd8fa2124e8,/home/galoren/Freecurve_AI_Solvation/release/SolvAI/active_solvai/simulations/dense_pimd2/calibration/ethanol/lambda_0p95/conf.xml,e28a0e45f6feb5605953703f0667a0133b90c2934c1d7975e2a106b146b38d21,2.0,13.0,0.95,0.002,14725246,51,5.0000003123,True,True,single_inherited_stream,one trajectory; contiguous blocks are not replicas,True,True,False
active_v1_dense_pimd2,/home/galoren/Freecurve_AI_Solvation/release/SolvAI/active_solvai/simulations/dense_pimd2/calibration/ethanol/lambda_1p00/output/Task5_MD_Transition_LIGAnnihilation_14__SYSTEM.ene,a5e6337dc56ae816de0c9ce21c3f6690f58bd505a1040804473dc544a38492a2,/home/galoren/Freecurve_AI_Solvation/release/SolvAI/active_solvai/simulations/dense_pimd2/calibration/ethanol/lambda_1p00/conf.xml,ff429b6ff50780b4bdfe96ff88a93e6d38f5cd711e2ec0b3b0d42d8767d880b0,2.0,14.0,1.0,0.002,14725246,51,5.0000003123,True,True,single_inherited_stream,one trajectory; contiguous blocks are not replicas,True,True,False
active_v1_dense_pimd2,/home/galoren/Freecurve_AI_Solvation/release/SolvAI/active_solvai/simulations/dense_pimd2/calibration/propane/lambda_0p00/output/Task5_MD_Transition_LIGAnnihilation_0__SYSTEM.ene,9fd4b97f7c977315908631df18d3f6d11561293e0e6d6122d4768d0027c8bf7c,/home/galoren/Freecurve_AI_Solvation/release/SolvAI/active_solvai/simulations/dense_pimd2/calibration/propane/lambda_0p00/conf.xml,a943e4da7e8c74a34be6a1d346ce36a331997a75af3d57f2d60327a2487261d7,2.0,0.0,0.0,0.002,11433427,51,5.0000003123,True,True,single_inherited_stream,one trajectory; contiguous blocks are not replicas,True,True,False
active_v1_dense_pimd2,/home/galoren/Freecurve_AI_Solvation/release/SolvAI/active_solvai/simulations/dense_pimd2/calibration/propane/lambda_0p05/output/Task5_MD_Transition_LIGAnnihilation_1__SYSTEM.ene,37d07482e77d8b7a8b93449d359b7d68c2ba15b154cc7b78296308239a79ae43,/home/galoren/Freecurve_AI_Solvation/release/SolvAI/active_solvai/simulations/dense_pimd2/calibration/propane/lambda_0p05/conf.xml,0ab42ba0ec46d78e8b6f8ecd1f99e28af0c6c4303357d7673aa3376a9fb91953,2.0,1.0,0.05,0.002,11433427,51,5.0000003123,True,True,single_inherited_stream,one trajectory; contiguous blocks are not replicas,True,True,False
active_v1_dense_pimd2,/home/galoren/Freecurve_AI_Solvation/release/SolvAI/active_solvai/simulations/dense_pimd2/calibration/propane/lambda_0p20/output/Task5_MD_Transition_LIGAnnihilation_3__SYSTEM.ene,f347dd18241fc370a346d1cbced167ac8f62dee57b1def1a942c35bf224e1202,/home/galoren/Freecurve_AI_Solvation/release/SolvAI/active_solvai/simulations/dense_pimd2/calibration/propane/lambda_0p20/conf.xml,ddaf1e9e53150bb699e1bf81deb725f196acf75c3f0cb8f45830c613a6e140e8,2.0,3.0,0.2,0.002,11433427,51,5.0000003123,True,True,single_inherited_stream,one trajectory; contiguous blocks are not replicas,True,True,False
active_v1_dense_pimd2,/home/galoren/Freecurve_AI_Solvation/release/SolvAI/active_solvai/simulations/dense_pimd2/calibration/propane/lambda_0p30/output/Task5_MD_Transition_LIGAnnihilation_4__SYSTEM.ene,cece947ae41a453f3b7db9417a0f8c783c08d7e0dddd2d185875484dc3c3da55,/home/galoren/Freecurve_AI_Solvation/release/SolvAI/active_solvai/simulations/dense_pimd2/calibration/propane/lambda_0p30/conf.xml,38b406f01ef224126568c46c305f91d0e5191e1157842cc4db17a53dec8fc1d1,2.0,4.0,0.3,0.002,11433427,51,5.0000003123,True,True,single_inherited_stream,one trajectory; contiguous blocks are not replicas,True,True,False
active_v1_dense_pimd2,/home/galoren/Freecurve_AI_Solvation/release/SolvAI/active_solvai/simulations/dense_pimd2/calibration/propane/lambda_0p40/output/Task5_MD_Transition_LIGAnnihilation_5__SYSTEM.ene,571c3a2de7e68dd8965ccd95dfcb3d1cbb98a2648321d78c2345fc0e1f686c6f,/home/galoren/Freecurve_AI_Solvation/release/SolvAI/active_solvai/simulations/dense_pimd2/calibration/propane/lambda_0p40/conf.xml,3b0eb9d069b3bdde6641eb5fa444b408128f00ee4a1c3311261e3342fe5d06c6,2.0,5.0,0.4,0.002,11433427,51,5.0000003123,True,True,single_inherited_stream,one trajectory; contiguous blocks are not replicas,True,True,False
active_v1_dense_pimd2,/home/galoren/Freecurve_AI_Solvation/release/SolvAI/active_solvai/simulations/dense_pimd2/calibration/propane/lambda_0p60/output/Task5_MD_Transition_LIGAnnihilation_7__SYSTEM.ene,bdba9372ee132dce2e2a6850378b306b5a9bdf05b32dd64c9cdd0be164d1a122,/home/galoren/Freecurve_AI_Solvation/release/SolvAI/active_solvai/simulations/dense_pimd2/calibration/propane/lambda_0p60/conf.xml,480899e49b3eacba957b1bde15d23510661cc9bcc1c174366daeee1e2c7f3ed3,2.0,7.0,0.6,0.002,11433427,51,5.0000003123,True,True,single_inherited_stream,one trajectory; contiguous blocks are not replicas,True,True,False
active_v1_dense_pimd2,/home/galoren/Freecurve_AI_Solvation/release/SolvAI/active_solvai/simulations/dense_pimd2/calibration/propane/lambda_0p70/output/Task5_MD_Transition_LIGAnnihilation_8__SYSTEM.ene,8d1a992ea1522af7ce6de548380cc7b75fc8aaa81628dadf24dc92092d2e2f06,/home/galoren/Freecurve_AI_Solvation/release/SolvAI/active_solvai/simulations/dense_pimd2/calibration/propane/lambda_0p70/conf.xml,516dc5c11e0cd0a78f71b29982853186583912d23c692df2d45ebdfe0dcd95ac,2.0,8.0,0.7,0.002,11433427,51,5.0000003123,True,True,single_inherited_stream,one trajectory; contiguous blocks are not replicas,True,True,False
active_v1_dense_pimd2,/home/galoren/Freecurve_AI_Solvation/release/SolvAI/active_solvai/simulations/dense_pimd2/calibration/propane/lambda_0p75/output/Task5_MD_Transition_LIGAnnihilation_9__SYSTEM.ene,94d3b2891e88507181364076b32b92d84c4f002761f7371cef76cbec1632b279,/home/galoren/Freecurve_AI_Solvation/release/SolvAI/active_solvai/simulations/dense_pimd2/calibration/propane/lambda_0p75/conf.xml,1daa0e438a4ecfbecb0c6b87445f90c2f2dab0f98336e384a4a672cb71baef82,2.0,9.0,0.75,0.002,11433427,51,5.0000003123,True,True,single_inherited_stream,one trajectory; contiguous blocks are not replicas,True,True,False
active_v1_dense_pimd2,/home/galoren/Freecurve_AI_Solvation/release/SolvAI/active_solvai/simulations/dense_pimd2/calibration/propane/lambda_0p80/output/Task5_MD_Transition_LIGAnnihilation_10__SYSTEM.ene,549ed0f77163d61005c713832524098c3974df06a06bf95090c0019fb180ff4f,/home/galoren/Freecurve_AI_Solvation/release/SolvAI/active_solvai/simulations/dense_pimd2/calibration/propane/lambda_0p80/conf.xml,32f911c1c9e6da9b300e988d70eb643f2024a813e5af1ba6e95c793f0eb03729,2.0,10.0,0.8,0.002,11433427,51,5.0000003123,True,True,single_inherited_stream,one trajectory; contiguous blocks are not replicas,True,True,False
active_v1_dense_pimd2,/home/galoren/Freecurve_AI_Solvation/release/SolvAI/active_solvai/simulations/dense_pimd2/calibration/propane/lambda_0p85/output/Task5_MD_Transition_LIGAnnihilation_11__SYSTEM.ene,26acb59e5873587ad6daa8f24d49429854b8458cde6eb73f435491e2931cd3ae,/home/galoren/Freecurve_AI_Solvation/release/SolvAI/active_solvai/simulations/dense_pimd2/calibration/propane/lambda_0p85/conf.xml,fbd21490a40f2809ec3af9236a8fab6076f411401ba91f556f95c846c920cf3f,2.0,11.0,0.85,0.002,11433427,51,5.0000003123,True,True,single_inherited_stream,one trajectory; contiguous blocks are not replicas,True,True,False
active_v1_dense_pimd2,/home/galoren/Freecurve_AI_Solvation/release/SolvAI/active_solvai/simulations/dense_pimd2/calibration/propane/lambda_0p95/output/Task5_MD_Transition_LIGAnnihilation_13__SYSTEM.ene,268a4ab115e27620c9f2ccdf21494641c70522f978081951b0cd23ae6cc2504b,/home/galoren/Freecurve_AI_Solvation/release/SolvAI/active_solvai/simulations/dense_pimd2/calibration/propane/lambda_0p95/conf.xml,6acd9be613d49428d4f1f90f2856b1a064c6afa54171bc9c94949334792ff319,2.0,13.0,0.95,0.002,11433427,51,5.0000003123,True,True,single_inherited_stream,one trajectory; contiguous blocks are not replicas,True,True,False
active_v1_dense_pimd2,/home/galoren/Freecurve_AI_Solvation/release/SolvAI/active_solvai/simulations/dense_pimd2/calibration/propane/lambda_1p00/output/Task5_MD_Transition_LIGAnnihilation_14__SYSTEM.ene,a209d0759a01dc272e6f03560a4c7aed1e7b3ca63dac4d65ed1dd45eccab6a7a,/home/galoren/Freecurve_AI_Solvation/release/SolvAI/active_solvai/simulations/dense_pimd2/calibration/propane/lambda_1p00/conf.xml,f9f4f8ccf95cd6329adc151f2c1baf7240066507ac7fd224412df3e014e6566c,2.0,14.0,1.0,0.002,11433427,51,5.0000003123,True,True,single_inherited_stream,one trajectory; contiguous blocks are not replicas,True,True,False
active_v1_dense_pimd2,/home/galoren/Freecurve_AI_Solvation/release/SolvAI/active_solvai/simulations/dense_pimd2/calibration/pyridine/lambda_0p00/output/Task5_MD_Transition_LIGAnnihilation_0__SYSTEM.ene,d0b001c6c4252fa3905e7793b5864c957a0e14c03e41c43e472285b8c54379ac,/home/galoren/Freecurve_AI_Solvation/release/SolvAI/active_solvai/simulations/dense_pimd2/calibration/pyridine/lambda_0p00/conf.xml,61cbf704e6bfe02e9a225c99c02d8fa977eb342cb02b0f4dc19fd6a3e80b1be1,2.0,0.0,0.0,0.002,14671878,51,5.0000003123,True,True,single_inherited_stream,one trajectory; contiguous blocks are not replicas,True,True,False
active_v1_dense_pimd2,/home/galoren/Freecurve_AI_Solvation/release/SolvAI/active_solvai/simulations/dense_pimd2/calibration/pyridine/lambda_0p05/output/Task5_MD_Transition_LIGAnnihilation_1__SYSTEM.ene,fe0d9be44563135c5f7bdfe02b1f95f4b46a86b4a2f9cb8d388172531ae41bbc,/home/galoren/Freecurve_AI_Solvation/release/SolvAI/active_solvai/simulations/dense_pimd2/calibration/pyridine/lambda_0p05/conf.xml,b8e03437427cf40f071149e7061f624e1fcdcfa2bab32cd28446015da9453b24,2.0,1.0,0.05,0.002,14671878,51,5.0000003123,True,True,single_inherited_stream,one trajectory; contiguous blocks are not replicas,True,True,False
active_v1_dense_pimd2,/home/galoren/Freecurve_AI_Solvation/release/SolvAI/active_solvai/simulations/dense_pimd2/calibration/pyridine/lambda_0p20/output/Task5_MD_Transition_LIGAnnihilation_3__SYSTEM.ene,c124cd5564e5d7b93c263dff18883fab33be0cdb5331d03bd426d38d9b6064fe,/home/galoren/Freecurve_AI_Solvation/release/SolvAI/active_solvai/simulations/dense_pimd2/calibration/pyridine/lambda_0p20/conf.xml,dbe181f23e4d050069f34d934fd3eafe36aba61b1f104d19dae40ad97238c595,2.0,3.0,0.2,0.002,14671878,51,5.0000003123,True,True,single_inherited_stream,one trajectory; contiguous blocks are not replicas,True,True,False
active_v1_dense_pimd2,/home/galoren/Freecurve_AI_Solvation/release/SolvAI/active_solvai/simulations/dense_pimd2/calibration/pyridine/lambda_0p30/output/Task5_MD_Transition_LIGAnnihilation_4__SYSTEM.ene,42ff1945c63ff8c34268d596794b7c35e44f65458f58a8dcec6d55251b41087b,/home/galoren/Freecurve_AI_Solvation/release/SolvAI/active_solvai/simulations/dense_pimd2/calibration/pyridine/lambda_0p30/conf.xml,41f5b07122c812328a3d55c3f6d691c1e532f7a0428dd507ba575b76afaac360,2.0,4.0,0.3,0.002,14671878,51,5.0000003123,True,True,single_inherited_stream,one trajectory; contiguous blocks are not replicas,True,True,False
active_v1_dense_pimd2,/home/galoren/Freecurve_AI_Solvation/release/SolvAI/active_solvai/simulations/dense_pimd2/calibration/pyridine/lambda_0p40/output/Task5_MD_Transition_LIGAnnihilation_5__SYSTEM.ene,6313221e81df966afc64037dd29322602a963a124fdd5e29d5e44c65a6a98962,/home/galoren/Freecurve_AI_Solvation/release/SolvAI/active_solvai/simulations/dense_pimd2/calibration/pyridine/lambda_0p40/conf.xml,5a533f9bd2970e7aba663518acd4ccbb49a8a72bf41596e39199cda45d61b39e,2.0,5.0,0.4,0.002,14671878,51,5.0000003123,True,True,single_inherited_stream,one trajectory; contiguous blocks are not replicas,True,True,False
active_v1_dense_pimd2,/home/galoren/Freecurve_AI_Solvation/release/SolvAI/active_solvai/simulations/dense_pimd2/calibration/pyridine/lambda_0p60/output/Task5_MD_Transition_LIGAnnihilation_7__SYSTEM.ene,94a2f90fb7395d0fe9650786f19566a2aca02215d969144418c3dfb2e910bfdf,/home/galoren/Freecurve_AI_Solvation/release/SolvAI/active_solvai/simulations/dense_pimd2/calibration/pyridine/lambda_0p60/conf.xml,5bda5f3210a1f72edaa0b90d70016bca234573ffcfe080e9830c983ecbf76722,2.0,7.0,0.6,0.002,14671878,51,5.0000003123,True,True,single_inherited_stream,one trajectory; contiguous blocks are not replicas,True,True,False
active_v1_dense_pimd2,/home/galoren/Freecurve_AI_Solvation/release/SolvAI/active_solvai/simulations/dense_pimd2/calibration/pyridine/lambda_0p70/output/Task5_MD_Transition_LIGAnnihilation_8__SYSTEM.ene,24f344760d1b2614b809aa757a2be5ce4570e542ff2524ea4ca3fc9095ec11e7,/home/galoren/Freecurve_AI_Solvation/release/SolvAI/active_solvai/simulations/dense_pimd2/calibration/pyridine/lambda_0p70/conf.xml,10a17f6577cbc54ec64aa187b7e52452edccc886f3d4ffffa96ea8a6f622d0fb,2.0,8.0,0.7,0.002,14671878,51,5.0000003123,True,True,single_inherited_stream,one trajectory; contiguous blocks are not replicas,True,True,False
active_v1_dense_pimd2,/home/galoren/Freecurve_AI_Solvation/release/SolvAI/active_solvai/simulations/dense_pimd2/calibration/pyridine/lambda_0p75/output/Task5_MD_Transition_LIGAnnihilation_9__SYSTEM.ene,a0b9da8b99fbd1499d5c510cf7ce100c9089a4e0e4d7ac28be4a2eb3d941a1a1,/home/galoren/Freecurve_AI_Solvation/release/SolvAI/active_solvai/simulations/dense_pimd2/calibration/pyridine/lambda_0p75/conf.xml,a3f59583d4ff038f56dac7d210d727de56e56cb48b6639556bce62db210e173d,2.0,9.0,0.75,0.002,14671878,51,5.0000003123,True,True,single_inherited_stream,one trajectory; contiguous blocks are not replicas,True,True,False
active_v1_dense_pimd2,/home/galoren/Freecurve_AI_Solvation/release/SolvAI/active_solvai/simulations/dense_pimd2/calibration/pyridine/lambda_0p80/output/Task5_MD_Transition_LIGAnnihilation_10__SYSTEM.ene,005e61f1c5435fdf12dcb2d65841414c674dcd8ed9982ef8b45f8eec3d1d9419,/home/galoren/Freecurve_AI_Solvation/release/SolvAI/active_solvai/simulations/dense_pimd2/calibration/pyridine/lambda_0p80/conf.xml,fa3ab82e02b7db366bff7610df8354411f4af97a45f991173284c58ed6b535c5,2.0,10.0,0.8,0.002,14671878,51,5.0000003123,True,True,single_inherited_stream,one trajectory; contiguous blocks are not replicas,True,True,False
active_v1_dense_pimd2,/home/galoren/Freecurve_AI_Solvation/release/SolvAI/active_solvai/simulations/dense_pimd2/calibration/pyridine/lambda_0p85/output/Task5_MD_Transition_LIGAnnihilation_11__SYSTEM.ene,bc20ccbb8235d9e5f23e3c6e21a174b77ab966018fc6a3897b4bd523341d329c,/home/galoren/Freecurve_AI_Solvation/release/SolvAI/active_solvai/simulations/dense_pimd2/calibration/pyridine/lambda_0p85/conf.xml,278072316af2b6f64bffabeb8e3ab7a350757c2a7c5233df13f0a7b897b2cdab,2.0,11.0,0.85,0.002,14671878,51,5.0000003123,True,True,single_inherited_stream,one trajectory; contiguous blocks are not replicas,True,True,False
active_v1_dense_pimd2,/home/galoren/Freecurve_AI_Solvation/release/SolvAI/active_solvai/simulations/dense_pimd2/calibration/pyridine/lambda_0p95/output/Task5_MD_Transition_LIGAnnihilation_13__SYSTEM.ene,368cf71316add64d8ab79e4abae0d073ba18b400d1700f533ca46b44ab7e94d8,/home/galoren/Freecurve_AI_Solvation/release/SolvAI/active_solvai/simulations/dense_pimd2/calibration/pyridine/lambda_0p95/conf.xml,2ab954bc6119371df950faad8d1c186ef40842fa079aabdba839d7d44853f99f,2.0,13.0,0.95,0.002,14671878,51,5.0000003123,True,True,single_inherited_stream,one trajectory; contiguous blocks are not replicas,True,True,False
active_v1_dense_pimd2,/home/galoren/Freecurve_AI_Solvation/release/SolvAI/active_solvai/simulations/dense_pimd2/calibration/pyridine/lambda_1p00/output/Task5_MD_Transition_LIGAnnihilation_14__SYSTEM.ene,176311ccddc1e76387bff5238317516d495ef844dc86b19002a8ed6b94197952,/home/galoren/Freecurve_AI_Solvation/release/SolvAI/active_solvai/simulations/dense_pimd2/calibration/pyridine/lambda_1p00/conf.xml,9a92aea8563dbacb1f83c386a205a167ed4f7531a713d1745dffbcddbea234b1,2.0,14.0,1.0,0.002,14671878,51,5.0000003123,True,True,single_inherited_stream,one trajectory; contiguous blocks are not replicas,True,True,False
active_v1_dense_pimd2,/home/galoren/Freecurve_AI_Solvation/release/SolvAI/active_solvai/simulations/dense_pimd2/prospective/acetamide/lambda_0p00/output/Task5_MD_Transition_LIGAnnihilation_0__SYSTEM.ene,6b9774a93f130cabdb624ab2ffa1d869403a5aeb61f50f756e3a28edb6212c89,/home/galoren/Freecurve_AI_Solvation/release/SolvAI/active_solvai/simulations/dense_pimd2/prospective/acetamide/lambda_0p00/conf.xml,267b89f32f8ded1ea2a34559ebd8d7358310d96168e5d8e229279c5835aace35,2.0,0.0,0.0,0.002,2539924,51,5.0000003123,True,True,single_inherited_stream,one trajectory; contiguous blocks are not replicas,True,True,False
active_v1_dense_pimd2,/home/galoren/Freecurve_AI_Solvation/release/SolvAI/active_solvai/simulations/dense_pimd2/prospective/acetamide/lambda_0p05/output/Task5_MD_Transition_LIGAnnihilation_1__SYSTEM.ene,1d536433458cf4ba015a5ea84d2c28ed7fe2b81f1d4b92f9ad2fc827b67d97f4,/home/galoren/Freecurve_AI_Solvation/release/SolvAI/active_solvai/simulations/dense_pimd2/prospective/acetamide/lambda_0p05/conf.xml,1caa8622e35a539762bd3df43421f5d38124ecf4062428767b754d04c15f2715,2.0,1.0,0.05,0.002,2539924,51,5.0000003123,True,True,single_inherited_stream,one trajectory; contiguous blocks are not replicas,True,True,False
active_v1_dense_pimd2,/home/galoren/Freecurve_AI_Solvation/release/SolvAI/active_solvai/simulations/dense_pimd2/prospective/acetamide/lambda_0p20/output/Task5_MD_Transition_LIGAnnihilation_3__SYSTEM.ene,d8cf3c2440e8bc152005f472ca9495a3b53c2c767dc072e720826d388b1f933f,/home/galoren/Freecurve_AI_Solvation/release/SolvAI/active_solvai/simulations/dense_pimd2/prospective/acetamide/lambda_0p20/conf.xml,f52a4a628e53342225ec84298ba8591976f931a2719a3a595f55e3900b46b51a,2.0,3.0,0.2,0.002,2539924,51,5.0000003123,True,True,single_inherited_stream,one trajectory; contiguous blocks are not replicas,True,True,False
active_v1_dense_pimd2,/home/galoren/Freecurve_AI_Solvation/release/SolvAI/active_solvai/simulations/dense_pimd2/prospective/acetamide/lambda_0p30/output/Task5_MD_Transition_LIGAnnihilation_4__SYSTEM.ene,c0bbbdaafb0ffd3b4ae3b99e2c424803be60c1597a6900f05207af43fedfe52c,/home/galoren/Freecurve_AI_Solvation/release/SolvAI/active_solvai/simulations/dense_pimd2/prospective/acetamide/lambda_0p30/conf.xml,88ef9c6659fa889ad99081534456be24604391321fb0b6e32c009482b48386e3,2.0,4.0,0.3,0.002,2539924,51,5.0000003123,True,True,single_inherited_stream,one trajectory; contiguous blocks are not replicas,True,True,False
active_v1_dense_pimd2,/home/galoren/Freecurve_AI_Solvation/release/SolvAI/active_solvai/simulations/dense_pimd2/prospective/acetamide/lambda_0p40/output/Task5_MD_Transition_LIGAnnihilation_5__SYSTEM.ene,7c27f21d8275ea8b66daec6fa104a4f3aa1c96cfb379aff87225d06c3ae2131a,/home/galoren/Freecurve_AI_Solvation/release/SolvAI/active_solvai/simulations/dense_pimd2/prospective/acetamide/lambda_0p40/conf.xml,acf5710df455749a1900a74f71dfa464fdac81f9fe6639c97d7342e9567d0ab3,2.0,5.0,0.4,0.002,2539924,51,5.0000003123,True,True,single_inherited_stream,one trajectory; contiguous blocks are not replicas,True,True,False
active_v1_dense_pimd2,/home/galoren/Freecurve_AI_Solvation/release/SolvAI/active_solvai/simulations/dense_pimd2/prospective/acetamide/lambda_0p60/output/Task5_MD_Transition_LIGAnnihilation_7__SYSTEM.ene,e14823afcab109ab91dca04c7a04908f522debf24fa0145eacdecb1b21852349,/home/galoren/Freecurve_AI_Solvation/release/SolvAI/active_solvai/simulations/dense_pimd2/prospective/acetamide/lambda_0p60/conf.xml,2e05da231d5ec38fd023a7e10ca78c95b21a66897b48894cf72296650f5bb34d,2.0,7.0,0.6,0.002,2539924,51,5.0000003123,True,True,single_inherited_stream,one trajectory; contiguous blocks are not replicas,True,True,False
active_v1_dense_pimd2,/home/galoren/Freecurve_AI_Solvation/release/SolvAI/active_solvai/simulations/dense_pimd2/prospective/acetamide/lambda_0p70/output/Task5_MD_Transition_LIGAnnihilation_8__SYSTEM.ene,f89953072decbfe2d9d7870c3b410b6bcc33f1f018e03154b6241e00023c989a,/home/galoren/Freecurve_AI_Solvation/release/SolvAI/active_solvai/simulations/dense_pimd2/prospective/acetamide/lambda_0p70/conf.xml,42dc519c21f709481d72a517edef6bfebdaf0f92011a2d6ef48517fe77205554,2.0,8.0,0.7,0.002,2539924,51,5.0000003123,True,True,single_inherited_stream,one trajectory; contiguous blocks are not replicas,True,True,False
active_v1_dense_pimd2,/home/galoren/Freecurve_AI_Solvation/release/SolvAI/active_solvai/simulations/dense_pimd2/prospective/acetamide/lambda_0p75/output/Task5_MD_Transition_LIGAnnihilation_9__SYSTEM.ene,1f3a73c9d84a792bc37e29c6bc8b108d77780fe305da5aca7f7315cc3d1e81bf,/home/galoren/Freecurve_AI_Solvation/release/SolvAI/active_solvai/simulations/dense_pimd2/prospective/acetamide/lambda_0p75/conf.xml,4b2032964d7e809bba207d254d5d82332bb2871eb846c1b848f5e338e968fcc0,2.0,9.0,0.75,0.002,2539924,51,5.0000003123,True,True,single_inherited_stream,one trajectory; contiguous blocks are not replicas,True,True,False
active_v1_dense_pimd2,/home/galoren/Freecurve_AI_Solvation/release/SolvAI/active_solvai/simulations/dense_pimd2/prospective/acetamide/lambda_0p80/output/Task5_MD_Transition_LIGAnnihilation_10__SYSTEM.ene,b09620f3d6361023b6f7a3e9e486044df3b12ae70c89d4621b3d3fd912e26d01,/home/galoren/Freecurve_AI_Solvation/release/SolvAI/active_solvai/simulations/dense_pimd2/prospective/acetamide/lambda_0p80/conf.xml,4e9742ebc941c1230b459455d9d2cb962796b29bb7ad0f4a8eee153cbf852d3d,2.0,10.0,0.8,0.002,2539924,51,5.0000003123,True,True,single_inherited_stream,one trajectory; contiguous blocks are not replicas,True,True,False
active_v1_dense_pimd2,/home/galoren/Freecurve_AI_Solvation/release/SolvAI/active_solvai/simulations/dense_pimd2/prospective/acetamide/lambda_0p85/output/Task5_MD_Transition_LIGAnnihilation_11__SYSTEM.ene,fd1379dcc840b8dbaa29fa7975015afc335d2131f9384a3a8c2eb5db44429893,/home/galoren/Freecurve_AI_Solvation/release/SolvAI/active_solvai/simulations/dense_pimd2/prospective/acetamide/lambda_0p85/conf.xml,cca9844765cfd5f1b2cebd82bbb33de5a97fd77485cf6891aa99aec4b5218d7c,2.0,11.0,0.85,0.002,2539924,51,5.0000003123,True,True,single_inherited_stream,one trajectory; contiguous blocks are not replicas,True,True,False
active_v1_dense_pimd2,/home/galoren/Freecurve_AI_Solvation/release/SolvAI/active_solvai/simulations/dense_pimd2/prospective/acetamide/lambda_0p95/output/Task5_MD_Transition_LIGAnnihilation_13__SYSTEM.ene,ce51458c124fb7e609f8c4cd4cac8b1f43d5af67f535d658e53ba43f193711f4,/home/galoren/Freecurve_AI_Solvation/release/SolvAI/active_solvai/simulations/dense_pimd2/prospective/acetamide/lambda_0p95/conf.xml,7e2293d4ad90f4b60b3cf6ea462aaef22c817269e1b07dcad084a76ff8eaf37a,2.0,13.0,0.95,0.002,2539924,51,5.0000003123,True,True,single_inherited_stream,one trajectory; contiguous blocks are not replicas,True,True,False
active_v1_dense_pimd2,/home/galoren/Freecurve_AI_Solvation/release/SolvAI/active_solvai/simulations/dense_pimd2/prospective/acetamide/lambda_1p00/output/Task5_MD_Transition_LIGAnnihilation_14__SYSTEM.ene,65ee421236187decf6615858992920c208106dc52f41ce3a37e160ea38642e7b,/home/galoren/Freecurve_AI_Solvation/release/SolvAI/active_solvai/simulations/dense_pimd2/prospective/acetamide/lambda_1p00/conf.xml,1d762362fbfd4dc8af4437604349a7b0cd1655e49a28b9ed88d2c4bface1e15e,2.0,14.0,1.0,0.002,2539924,51,5.0000003123,True,True,single_inherited_stream,one trajectory; contiguous blocks are not replicas,True,True,False
active_v1_dense_pimd2,/home/galoren/Freecurve_AI_Solvation/release/SolvAI/active_solvai/simulations/dense_pimd2/prospective/aceticacid/lambda_0p00/output/Task5_MD_Transition_LIGAnnihilation_0__SYSTEM.ene,cf8ee675a34eec47daaff8a1881bfb34429cba45d698d3fee05117fa5f7ea014,/home/galoren/Freecurve_AI_Solvation/release/SolvAI/active_solvai/simulations/dense_pimd2/prospective/aceticacid/lambda_0p00/conf.xml,c2a8e2a781a52ec01f859971c5be2b506aef5e5fda57476088a9f52a95c9ebaa,2.0,0.0,0.0,0.002,5223755,51,5.0000003123,True,True,single_inherited_stream,one trajectory; contiguous blocks are not replicas,True,True,False
active_v1_dense_pimd2,/home/galoren/Freecurve_AI_Solvation/release/SolvAI/active_solvai/simulations/dense_pimd2/prospective/aceticacid/lambda_0p05/output/Task5_MD_Transition_LIGAnnihilation_1__SYSTEM.ene,be4443233aef02a79b1e6da8126de261c2e07b85ff6d8244a8aba6cc3feb2f0c,/home/galoren/Freecurve_AI_Solvation/release/SolvAI/active_solvai/simulations/dense_pimd2/prospective/aceticacid/lambda_0p05/conf.xml,02fb0bbf3142431e7e667e744bdea3be6d9545689a2fe125a767e5bfd3aee01b,2.0,1.0,0.05,0.002,5223755,51,5.0000003123,True,True,single_inherited_stream,one trajectory; contiguous blocks are not replicas,True,True,False
active_v1_dense_pimd2,/home/galoren/Freecurve_AI_Solvation/release/SolvAI/active_solvai/simulations/dense_pimd2/prospective/aceticacid/lambda_0p20/output/Task5_MD_Transition_LIGAnnihilation_3__SYSTEM.ene,ebca77a1f483e847d5cf50c0a14aa94f98bdb8d002a0147a68e9a7074b9b4851,/home/galoren/Freecurve_AI_Solvation/release/SolvAI/active_solvai/simulations/dense_pimd2/prospective/aceticacid/lambda_0p20/conf.xml,fe8cb2835a33282bedf214160b5d1bf5f079fcd35807da1d2250e119bcbb3c8d,2.0,3.0,0.2,0.002,5223755,51,5.0000003123,True,True,single_inherited_stream,one trajectory; contiguous blocks are not replicas,True,True,False
active_v1_dense_pimd2,/home/galoren/Freecurve_AI_Solvation/release/SolvAI/active_solvai/simulations/dense_pimd2/prospective/aceticacid/lambda_0p30/output/Task5_MD_Transition_LIGAnnihilation_4__SYSTEM.ene,9fd456ed7eb2f4c43ed034c9c5cd864ba2f8b0064b4ae040526dbbec27c5c827,/home/galoren/Freecurve_AI_Solvation/release/SolvAI/active_solvai/simulations/dense_pimd2/prospective/aceticacid/lambda_0p30/conf.xml,7ebbdc73a22a59c41debbd1488385f0b325ed6caadd0e8e713fc80b41ebbf065,2.0,4.0,0.3,0.002,5223755,51,5.0000003123,True,True,single_inherited_stream,one trajectory; contiguous blocks are not replicas,True,True,False
active_v1_dense_pimd2,/home/galoren/Freecurve_AI_Solvation/release/SolvAI/active_solvai/simulations/dense_pimd2/prospective/aceticacid/lambda_0p40/output/Task5_MD_Transition_LIGAnnihilation_5__SYSTEM.ene,5bfe559fa0bb13e6122e1140d3918f64a5b53643576a2a43740a6720e159e3f5,/home/galoren/Freecurve_AI_Solvation/release/SolvAI/active_solvai/simulations/dense_pimd2/prospective/aceticacid/lambda_0p40/conf.xml,8c81027dac5dc0cabb16d026c3d712bbeec81b03b090e1c9d5291bceda9d4400,2.0,5.0,0.4,0.002,5223755,51,5.0000003123,True,True,single_inherited_stream,one trajectory; contiguous blocks are not replicas,True,True,False
active_v1_dense_pimd2,/home/galoren/Freecurve_AI_Solvation/release/SolvAI/active_solvai/simulations/dense_pimd2/prospective/aceticacid/lambda_0p60/output/Task5_MD_Transition_LIGAnnihilation_7__SYSTEM.ene,9c667ca557fe1c063beb8d2223711d7e94ab852de2decd60b100beb395269e47,/home/galoren/Freecurve_AI_Solvation/release/SolvAI/active_solvai/simulations/dense_pimd2/prospective/aceticacid/lambda_0p60/conf.xml,8689ded13351f0c51282c3341f96eb37081258ffdc8c80101c415806bca8062b,2.0,7.0,0.6,0.002,5223755,51,5.0000003123,True,True,single_inherited_stream,one trajectory; contiguous blocks are not replicas,True,True,False
active_v1_dense_pimd2,/home/galoren/Freecurve_AI_Solvation/release/SolvAI/active_solvai/simulations/dense_pimd2/prospective/aceticacid/lambda_0p70/output/Task5_MD_Transition_LIGAnnihilation_8__SYSTEM.ene,743391bdd684837e57088c7139eefe402939b4356aae1596c53e62617c3f6391,/home/galoren/Freecurve_AI_Solvation/release/SolvAI/active_solvai/simulations/dense_pimd2/prospective/aceticacid/lambda_0p70/conf.xml,04ebead99817731ba84a5066ce86d630aa75dce5f5d0ed4502f201cbf4c7c548,2.0,8.0,0.7,0.002,5223755,51,5.0000003123,True,True,single_inherited_stream,one trajectory; contiguous blocks are not replicas,True,True,False
active_v1_dense_pimd2,/home/galoren/Freecurve_AI_Solvation/release/SolvAI/active_solvai/simulations/dense_pimd2/prospective/aceticacid/lambda_0p75/output/Task5_MD_Transition_LIGAnnihilation_9__SYSTEM.ene,2f9461a1cfb519d8469eae1a6433f2c8ed24b1137d779e78f6623f952f3288dc,/home/galoren/Freecurve_AI_Solvation/release/SolvAI/active_solvai/simulations/dense_pimd2/prospective/aceticacid/lambda_0p75/conf.xml,77eeb2a1461dc24f23f7a1124838a645c83e1b2df554cf66b3de5da0dbccbd92,2.0,9.0,0.75,0.002,5223755,51,5.0000003123,True,True,single_inherited_stream,one trajectory; contiguous blocks are not replicas,True,True,False
active_v1_dense_pimd2,/home/galoren/Freecurve_AI_Solvation/release/SolvAI/active_solvai/simulations/dense_pimd2/prospective/aceticacid/lambda_0p80/output/Task5_MD_Transition_LIGAnnihilation_10__SYSTEM.ene,59b0733b19f306b4bed7ff8e0e41cda1cdd1573a927d223c7341641aca770f80,/home/galoren/Freecurve_AI_Solvation/release/SolvAI/active_solvai/simulations/dense_pimd2/prospective/aceticacid/lambda_0p80/conf.xml,680606c51c06698bc469367f43e867c3e2cec907533a46a3d194be26411521f2,2.0,10.0,0.8,0.002,5223755,51,5.0000003123,True,True,single_inherited_stream,one trajectory; contiguous blocks are not replicas,True,True,False
active_v1_dense_pimd2,/home/galoren/Freecurve_AI_Solvation/release/SolvAI/active_solvai/simulations/dense_pimd2/prospective/aceticacid/lambda_0p85/output/Task5_MD_Transition_LIGAnnihilation_11__SYSTEM.ene,1f95e5a6d5084ad3da6883cb76bb3f3bc6e3047b9e12ed6748279c5b1fbd4c04,/home/galoren/Freecurve_AI_Solvation/release/SolvAI/active_solvai/simulations/dense_pimd2/prospective/aceticacid/lambda_0p85/conf.xml,8352d02226e3e07118dc29f38861eb7a99b3a84e7471806328870ac1eec4a29a,2.0,11.0,0.85,0.002,5223755,51,5.0000003123,True,True,single_inherited_stream,one trajectory; contiguous blocks are not replicas,True,True,False
active_v1_dense_pimd2,/home/galoren/Freecurve_AI_Solvation/release/SolvAI/active_solvai/simulations/dense_pimd2/prospective/aceticacid/lambda_0p95/output/Task5_MD_Transition_LIGAnnihilation_13__SYSTEM.ene,4486e87e87502bdeeaf23b70e1e5d984cfee0ad3048381a1e59b9debb07a2f97,/home/galoren/Freecurve_AI_Solvation/release/SolvAI/active_solvai/simulations/dense_pimd2/prospective/aceticacid/lambda_0p95/conf.xml,50ec0d38e006612eadd90048799e5cac0795c3eb2032941c69d663f7588c244e,2.0,13.0,0.95,0.002,5223755,51,5.0000003123,True,True,single_inherited_stream,one trajectory; contiguous blocks are not replicas,True,True,False
active_v1_dense_pimd2,/home/galoren/Freecurve_AI_Solvation/release/SolvAI/active_solvai/simulations/dense_pimd2/prospective/aceticacid/lambda_1p00/output/Task5_MD_Transition_LIGAnnihilation_14__SYSTEM.ene,bb4079bcfdc662f8739213a1995c3086a86c7ffa98f7e93cfce572058cb19263,/home/galoren/Freecurve_AI_Solvation/release/SolvAI/active_solvai/simulations/dense_pimd2/prospective/aceticacid/lambda_1p00/conf.xml,addb491c5bfd1e08ec236f43b24a02501e680fc1bce5954f49229e09c719d436,2.0,14.0,1.0,0.002,5223755,51,5.0000003123,True,True,single_inherited_stream,one trajectory; contiguous blocks are not replicas,True,True,False
active_v1_dense_pimd2,/home/galoren/Freecurve_AI_Solvation/release/SolvAI/active_solvai/simulations/dense_pimd2/prospective/anthracene/lambda_0p00/output/Task5_MD_Transition_LIGAnnihilation_0__SYSTEM.ene,9e7009aecc258ed0090f6614708f9adad47d2c407cf663d880a8f18b6a7c0a67,/home/galoren/Freecurve_AI_Solvation/release/SolvAI/active_solvai/simulations/dense_pimd2/prospective/anthracene/lambda_0p00/conf.xml,ec4c5350664ea4376ef77eee44ce3ed8280d352c08bca5eb4cf6a1e16ab092de,2.0,0.0,0.0,0.002,6990340,51,5.0000003123,True,True,single_inherited_stream,one trajectory; contiguous blocks are not replicas,True,True,False
active_v1_dense_pimd2,/home/galoren/Freecurve_AI_Solvation/release/SolvAI/active_solvai/simulations/dense_pimd2/prospective/anthracene/lambda_0p05/output/Task5_MD_Transition_LIGAnnihilation_1__SYSTEM.ene,139ac292de68018a4bcbed8c5f3b7ff59c640cc0d25408e192b8fb6753f88932,/home/galoren/Freecurve_AI_Solvation/release/SolvAI/active_solvai/simulations/dense_pimd2/prospective/anthracene/lambda_0p05/conf.xml,bccd455cd115c46648f6474f488e9df51ffe609fefefb1eed48080258382bd20,2.0,1.0,0.05,0.002,6990340,51,5.0000003123,True,True,single_inherited_stream,one trajectory; contiguous blocks are not replicas,True,True,False
active_v1_dense_pimd2,/home/galoren/Freecurve_AI_Solvation/release/SolvAI/active_solvai/simulations/dense_pimd2/prospective/anthracene/lambda_0p20/output/Task5_MD_Transition_LIGAnnihilation_3__SYSTEM.ene,89e31956852436d7d09333ac7b0c85de3540723af8af85ab3f7853aa1e0d0be2,/home/galoren/Freecurve_AI_Solvation/release/SolvAI/active_solvai/simulations/dense_pimd2/prospective/anthracene/lambda_0p20/conf.xml,81d4ba4de42bcba9b17150cbf345f8206e4e8fc1659c02659a92efa264a38a70,2.0,3.0,0.2,0.002,6990340,51,5.0000003123,True,True,single_inherited_stream,one trajectory; contiguous blocks are not replicas,True,True,False
active_v1_dense_pimd2,/home/galoren/Freecurve_AI_Solvation/release/SolvAI/active_solvai/simulations/dense_pimd2/prospective/anthracene/lambda_0p30/output/Task5_MD_Transition_LIGAnnihilation_4__SYSTEM.ene,218f84ac8f4b2211ade61d2cc5f5620e32deb1e2e7b01c9e432feaeace6d0774,/home/galoren/Freecurve_AI_Solvation/release/SolvAI/active_solvai/simulations/dense_pimd2/prospective/anthracene/lambda_0p30/conf.xml,4a25b131831e18a70d4c5203d691e056f65fa5bd36d9a183e1d0c0d43a8a70d5,2.0,4.0,0.3,0.002,6990340,51,5.0000003123,True,True,single_inherited_stream,one trajectory; contiguous blocks are not replicas,True,True,False
active_v1_dense_pimd2,/home/galoren/Freecurve_AI_Solvation/release/SolvAI/active_solvai/simulations/dense_pimd2/prospective/anthracene/lambda_0p40/output/Task5_MD_Transition_LIGAnnihilation_5__SYSTEM.ene,0caebe02026e41dbf6cbc9fd63f42f6738c18abdd44653c79b7b2c17dbfaa447,/home/galoren/Freecurve_AI_Solvation/release/SolvAI/active_solvai/simulations/dense_pimd2/prospective/anthracene/lambda_0p40/conf.xml,b582bd6c1018ef24893670caa7ff9faf5d7980da07e4c626ad4adf765d88a960,2.0,5.0,0.4,0.002,6990340,51,5.0000003123,True,True,single_inherited_stream,one trajectory; contiguous blocks are not replicas,True,True,False
active_v1_dense_pimd2,/home/galoren/Freecurve_AI_Solvation/release/SolvAI/active_solvai/simulations/dense_pimd2/prospective/anthracene/lambda_0p60/output/Task5_MD_Transition_LIGAnnihilation_7__SYSTEM.ene,82b53e5233e56272bdff9ef5d9e16f28e57cd6b032aec45621975a699acd9994,/home/galoren/Freecurve_AI_Solvation/release/SolvAI/active_solvai/simulations/dense_pimd2/prospective/anthracene/lambda_0p60/conf.xml,349dfbf4bb3e45db20a92b5657011c9df7a9b6ce15baf7771a4cfe065641fd6a,2.0,7.0,0.6,0.002,6990340,51,5.0000003123,True,True,single_inherited_stream,one trajectory; contiguous blocks are not replicas,True,True,False
active_v1_dense_pimd2,/home/galoren/Freecurve_AI_Solvation/release/SolvAI/active_solvai/simulations/dense_pimd2/prospective/anthracene/lambda_0p70/output/Task5_MD_Transition_LIGAnnihilation_8__SYSTEM.ene,2169feec2bdcda2f380b236f8b0178708cdbd7602d375839f470a070f28a6ee6,/home/galoren/Freecurve_AI_Solvation/release/SolvAI/active_solvai/simulations/dense_pimd2/prospective/anthracene/lambda_0p70/conf.xml,f6cc0e6de7da34bc692ac06b699a0f84cd233d0a48f13ec96da7966344c86d04,2.0,8.0,0.7,0.002,6990340,51,5.0000003123,True,True,single_inherited_stream,one trajectory; contiguous blocks are not replicas,True,True,False
active_v1_dense_pimd2,/home/galoren/Freecurve_AI_Solvation/release/SolvAI/active_solvai/simulations/dense_pimd2/prospective/anthracene/lambda_0p75/output/Task5_MD_Transition_LIGAnnihilation_9__SYSTEM.ene,f84c5754a8ac6f4f888b82b6c6a03defb22cfe334a84dc7b4ec234142fc0e71e,/home/galoren/Freecurve_AI_Solvation/release/SolvAI/active_solvai/simulations/dense_pimd2/prospective/anthracene/lambda_0p75/conf.xml,8c23771b8dedeaa17897d113bc1a9dcc8dec6fc3fe7f170889b5c5b104968669,2.0,9.0,0.75,0.002,6990340,51,5.0000003123,True,True,single_inherited_stream,one trajectory; contiguous blocks are not replicas,True,True,False
active_v1_dense_pimd2,/home/galoren/Freecurve_AI_Solvation/release/SolvAI/active_solvai/simulations/dense_pimd2/prospective/anthracene/lambda_0p80/output/Task5_MD_Transition_LIGAnnihilation_10__SYSTEM.ene,729641601de210a995cd35526f69aff6534e48d3372eeb45ad71e11080889f23,/home/galoren/Freecurve_AI_Solvation/release/SolvAI/active_solvai/simulations/dense_pimd2/prospective/anthracene/lambda_0p80/conf.xml,31ef20cf35eac08444cb651eeeae606fdcc506554a899186510fe590ab9a7c70,2.0,10.0,0.8,0.002,6990340,51,5.0000003123,True,True,single_inherited_stream,one trajectory; contiguous blocks are not replicas,True,True,False
active_v1_dense_pimd2,/home/galoren/Freecurve_AI_Solvation/release/SolvAI/active_solvai/simulations/dense_pimd2/prospective/anthracene/lambda_0p85/output/Task5_MD_Transition_LIGAnnihilation_11__SYSTEM.ene,da43236d78ddc31752e9b8349d000f0fd3484c5099dca6ad0a383639a6ac39c6,/home/galoren/Freecurve_AI_Solvation/release/SolvAI/active_solvai/simulations/dense_pimd2/prospective/anthracene/lambda_0p85/conf.xml,abaf5e45b463fa71ab61a139b2cf126f1c63d5c932743adecb643d1286fbf3a2,2.0,11.0,0.85,0.002,6990340,51,5.0000003123,True,True,single_inherited_stream,one trajectory; contiguous blocks are not replicas,True,True,False
active_v1_dense_pimd2,/home/galoren/Freecurve_AI_Solvation/release/SolvAI/active_solvai/simulations/dense_pimd2/prospective/anthracene/lambda_0p95/output/Task5_MD_Transition_LIGAnnihilation_13__SYSTEM.ene,883b3a6984d415c511560046d0219b8ad9cc187398375654f68403284ff0065b,/home/galoren/Freecurve_AI_Solvation/release/SolvAI/active_solvai/simulations/dense_pimd2/prospective/anthracene/lambda_0p95/conf.xml,ef4fcc1dfaf56ec577ccdd912cf30f1e116f9dbb5f36b003a8637cce16d4ef7f,2.0,13.0,0.95,0.002,6990340,51,5.0000003123,True,True,single_inherited_stream,one trajectory; contiguous blocks are not replicas,True,True,False
active_v1_dense_pimd2,/home/galoren/Freecurve_AI_Solvation/release/SolvAI/active_solvai/simulations/dense_pimd2/prospective/anthracene/lambda_1p00/output/Task5_MD_Transition_LIGAnnihilation_14__SYSTEM.ene,b83491baf6a4b4d4cfcfa53c573f45c7b7ae33c631886bf354e64b90cf617ea7,/home/galoren/Freecurve_AI_Solvation/release/SolvAI/active_solvai/simulations/dense_pimd2/prospective/anthracene/lambda_1p00/conf.xml,1625b53078c219c02b4f35d6f73736a61059f08d5bb7c2b8ddb12cbe9c2d2c88,2.0,14.0,1.0,0.002,6990340,51,5.0000003123,True,True,single_inherited_stream,one trajectory; contiguous blocks are not replicas,True,True,False
active_v1_dense_pimd2,/home/galoren/Freecurve_AI_Solvation/release/SolvAI/active_solvai/simulations/dense_pimd2/prospective/cyclohexane/lambda_0p00/output/Task5_MD_Transition_LIGAnnihilation_0__SYSTEM.ene,1a39bd2e01419d2823f08f7ac74119b57c15bf69919c36b9d4343bd643f50a55,/home/galoren/Freecurve_AI_Solvation/release/SolvAI/active_solvai/simulations/dense_pimd2/prospective/cyclohexane/lambda_0p00/conf.xml,6b2c99ce2a9da4ba3afcaf3db8bc891969d5a4ddd6026aafb18906ac11ae1cd8,2.0,0.0,0.0,0.002,2854606,51,5.0000003123,True,True,single_inherited_stream,one trajectory; contiguous blocks are not replicas,True,True,False
active_v1_dense_pimd2,/home/galoren/Freecurve_AI_Solvation/release/SolvAI/active_solvai/simulations/dense_pimd2/prospective/cyclohexane/lambda_0p05/output/Task5_MD_Transition_LIGAnnihilation_1__SYSTEM.ene,101ff69c8fd6a2cdb21a7cc44eb66bba848a847deeacf910ba6d7116dded86c5,/home/galoren/Freecurve_AI_Solvation/release/SolvAI/active_solvai/simulations/dense_pimd2/prospective/cyclohexane/lambda_0p05/conf.xml,821257f22ec3fe6cc8f0ee709014e7b0d15d98ee799179d1740c10ad381f7fea,2.0,1.0,0.05,0.002,2854606,51,5.0000003123,True,True,single_inherited_stream,one trajectory; contiguous blocks are not replicas,True,True,False
active_v1_dense_pimd2,/home/galoren/Freecurve_AI_Solvation/release/SolvAI/active_solvai/simulations/dense_pimd2/prospective/cyclohexane/lambda_0p20/output/Task5_MD_Transition_LIGAnnihilation_3__SYSTEM.ene,d0760315d5e53a550d4d9bdfe3c7b203a1cdc5db5abea2c71c03207540211523,/home/galoren/Freecurve_AI_Solvation/release/SolvAI/active_solvai/simulations/dense_pimd2/prospective/cyclohexane/lambda_0p20/conf.xml,708975ac1eff6ba17f7e8e774f2b4975ad10708f20a76d5011c7f6267942def1,2.0,3.0,0.2,0.002,2854606,51,5.0000003123,True,True,single_inherited_stream,one trajectory; contiguous blocks are not replicas,True,True,False
active_v1_dense_pimd2,/home/galoren/Freecurve_AI_Solvation/release/SolvAI/active_solvai/simulations/dense_pimd2/prospective/cyclohexane/lambda_0p30/output/Task5_MD_Transition_LIGAnnihilation_4__SYSTEM.ene,654cf19c0cba7145c09e4e93e925710fe8886c1bc4c0664bb52bb5477838a143,/home/galoren/Freecurve_AI_Solvation/release/SolvAI/active_solvai/simulations/dense_pimd2/prospective/cyclohexane/lambda_0p30/conf.xml,f0da5312c5cea1070f087be034cf739ef92b4c1ea19e5bd3044747be12707703,2.0,4.0,0.3,0.002,2854606,51,5.0000003123,True,True,single_inherited_stream,one trajectory; contiguous blocks are not replicas,True,True,False
active_v1_dense_pimd2,/home/galoren/Freecurve_AI_Solvation/release/SolvAI/active_solvai/simulations/dense_pimd2/prospective/cyclohexane/lambda_0p40/output/Task5_MD_Transition_LIGAnnihilation_5__SYSTEM.ene,e655e4f016fa0a17b0399e97552531de36dcec836e6189058ebff3d1f17aca19,/home/galoren/Freecurve_AI_Solvation/release/SolvAI/active_solvai/simulations/dense_pimd2/prospective/cyclohexane/lambda_0p40/conf.xml,723a6e3bea209c44b4404a6365de151ea9ea0d591134b1fb0bab81039f498f05,2.0,5.0,0.4,0.002,2854606,51,5.0000003123,True,True,single_inherited_stream,one trajectory; contiguous blocks are not replicas,True,True,False
active_v1_dense_pimd2,/home/galoren/Freecurve_AI_Solvation/release/SolvAI/active_solvai/simulations/dense_pimd2/prospective/cyclohexane/lambda_0p60/output/Task5_MD_Transition_LIGAnnihilation_7__SYSTEM.ene,51a4f76c59637eda436d6770072ef20bf4764f1cf48682c018cacc6ee7d42aef,/home/galoren/Freecurve_AI_Solvation/release/SolvAI/active_solvai/simulations/dense_pimd2/prospective/cyclohexane/lambda_0p60/conf.xml,4b5b1806d11dafbc4f7c9ddee40cc5e58a05fb2e78cbff66a1b484ffeae6ba33,2.0,7.0,0.6,0.002,2854606,51,5.0000003123,True,True,single_inherited_stream,one trajectory; contiguous blocks are not replicas,True,True,False
active_v1_dense_pimd2,/home/galoren/Freecurve_AI_Solvation/release/SolvAI/active_solvai/simulations/dense_pimd2/prospective/cyclohexane/lambda_0p70/output/Task5_MD_Transition_LIGAnnihilation_8__SYSTEM.ene,8d0dee16344e20433e0cbd76fbf79a5fe768cb7044fb6bc29b71d1247a83efc9,/home/galoren/Freecurve_AI_Solvation/release/SolvAI/active_solvai/simulations/dense_pimd2/prospective/cyclohexane/lambda_0p70/conf.xml,6f4429a40eac5f9cfee6bc4bb9e6e0916c5fb1cc54096531e884ec38a24437b6,2.0,8.0,0.7,0.002,2854606,51,5.0000003123,True,True,single_inherited_stream,one trajectory; contiguous blocks are not replicas,True,True,False
active_v1_dense_pimd2,/home/galoren/Freecurve_AI_Solvation/release/SolvAI/active_solvai/simulations/dense_pimd2/prospective/cyclohexane/lambda_0p75/output/Task5_MD_Transition_LIGAnnihilation_9__SYSTEM.ene,4c740b70e9421b62ff6237a2197180844076be46d6b7f142876cd374c37c0ab3,/home/galoren/Freecurve_AI_Solvation/release/SolvAI/active_solvai/simulations/dense_pimd2/prospective/cyclohexane/lambda_0p75/conf.xml,a05241590fd11d98b9b379db22f5bcf34b3347e3403f8517e2d2dd186e113942,2.0,9.0,0.75,0.002,2854606,51,5.0000003123,True,True,single_inherited_stream,one trajectory; contiguous blocks are not replicas,True,True,False
active_v1_dense_pimd2,/home/galoren/Freecurve_AI_Solvation/release/SolvAI/active_solvai/simulations/dense_pimd2/prospective/cyclohexane/lambda_0p80/output/Task5_MD_Transition_LIGAnnihilation_10__SYSTEM.ene,bc5aef9ea4a866b6d07b1afdd29363ba7f402795b2917bb75d469abc788772da,/home/galoren/Freecurve_AI_Solvation/release/SolvAI/active_solvai/simulations/dense_pimd2/prospective/cyclohexane/lambda_0p80/conf.xml,0bf751ba398eeec0623fb0058e5953b5f0bb4202c445defc5e7923120c28fe1e,2.0,10.0,0.8,0.002,2854606,51,5.0000003123,True,True,single_inherited_stream,one trajectory; contiguous blocks are not replicas,True,True,False
active_v1_dense_pimd2,/home/galoren/Freecurve_AI_Solvation/release/SolvAI/active_solvai/simulations/dense_pimd2/prospective/cyclohexane/lambda_0p85/output/Task5_MD_Transition_LIGAnnihilation_11__SYSTEM.ene,f3249de589061d7a2c140cfdc410d0462342156ee5eb6ccb137796a0a155d42b,/home/galoren/Freecurve_AI_Solvation/release/SolvAI/active_solvai/simulations/dense_pimd2/prospective/cyclohexane/lambda_0p85/conf.xml,a19e149d79fda07773cbde337e2d0d5b3c99f81323072a62d8903254888c8fe9,2.0,11.0,0.85,0.002,2854606,51,5.0000003123,True,True,single_inherited_stream,one trajectory; contiguous blocks are not replicas,True,True,False
active_v1_dense_pimd2,/home/galoren/Freecurve_AI_Solvation/release/SolvAI/active_solvai/simulations/dense_pimd2/prospective/cyclohexane/lambda_0p95/output/Task5_MD_Transition_LIGAnnihilation_13__SYSTEM.ene,9cdff615719e51399416b0f42741eaec8b5d5f226a4bdbccbb0bedd051f0b9af,/home/galoren/Freecurve_AI_Solvation/release/SolvAI/active_solvai/simulations/dense_pimd2/prospective/cyclohexane/lambda_0p95/conf.xml,11f070b57e6f1d7079ba45bbbefe2d156de33a854ccf92000da38102da8f4605,2.0,13.0,0.95,0.002,2854606,51,5.0000003123,True,True,single_inherited_stream,one trajectory; contiguous blocks are not replicas,True,True,False
active_v1_dense_pimd2,/home/galoren/Freecurve_AI_Solvation/release/SolvAI/active_solvai/simulations/dense_pimd2/prospective/cyclohexane/lambda_1p00/output/Task5_MD_Transition_LIGAnnihilation_14__SYSTEM.ene,3472c101f1bfbb2462f3b06204c669422735e73c8d54b23257ec116e380dba76,/home/galoren/Freecurve_AI_Solvation/release/SolvAI/active_solvai/simulations/dense_pimd2/prospective/cyclohexane/lambda_1p00/conf.xml,ab0501f0272507d881fb76d618adae1ebdca25c18961d5b7fd249f2ea53f242b,2.0,14.0,1.0,0.002,2854606,51,5.0000003123,True,True,single_inherited_stream,one trajectory; contiguous blocks are not replicas,True,True,False
active_v1_dense_pimd2,/home/galoren/Freecurve_AI_Solvation/release/SolvAI/active_solvai/simulations/dense_pimd2/prospective/dimethylether/lambda_0p00/output/Task5_MD_Transition_LIGAnnihilation_0__SYSTEM.ene,6ab1ed8453de7d6fe93e2d3e4aa71ca8ca95ecaeac7865a2b31f83215bbac740,/home/galoren/Freecurve_AI_Solvation/release/SolvAI/active_solvai/simulations/dense_pimd2/prospective/dimethylether/lambda_0p00/conf.xml,0eee78b047301c4147b576abedc951b9e06905697ba27155e7ce13ae8d66805d,2.0,0.0,0.0,0.002,3130605,51,5.0000003123,True,True,single_inherited_stream,one trajectory; contiguous blocks are not replicas,True,True,False
active_v1_dense_pimd2,/home/galoren/Freecurve_AI_Solvation/release/SolvAI/active_solvai/simulations/dense_pimd2/prospective/dimethylether/lambda_0p05/output/Task5_MD_Transition_LIGAnnihilation_1__SYSTEM.ene,9e3085a504977483a98049aef21d133713b5880d243c9e3f793fed1b68b70df4,/home/galoren/Freecurve_AI_Solvation/release/SolvAI/active_solvai/simulations/dense_pimd2/prospective/dimethylether/lambda_0p05/conf.xml,a621cc6817b080ec0fca253a07d2d98ac84b65a5ed3192b08a4fc90d0d4b8d45,2.0,1.0,0.05,0.002,3130605,51,5.0000003123,True,True,single_inherited_stream,one trajectory; contiguous blocks are not replicas,True,True,False
active_v1_dense_pimd2,/home/galoren/Freecurve_AI_Solvation/release/SolvAI/active_solvai/simulations/dense_pimd2/prospective/dimethylether/lambda_0p20/output/Task5_MD_Transition_LIGAnnihilation_3__SYSTEM.ene,a8b939c8ac9d37018364be5c0e60819709261ee706e07ec792cff9c82e4f06fb,/home/galoren/Freecurve_AI_Solvation/release/SolvAI/active_solvai/simulations/dense_pimd2/prospective/dimethylether/lambda_0p20/conf.xml,15b7f6d4a81cf009e4b7d7c5f2df733889edbeb03e2ed3366c798806b91582e3,2.0,3.0,0.2,0.002,3130605,51,5.0000003123,True,True,single_inherited_stream,one trajectory; contiguous blocks are not replicas,True,True,False
active_v1_dense_pimd2,/home/galoren/Freecurve_AI_Solvation/release/SolvAI/active_solvai/simulations/dense_pimd2/prospective/dimethylether/lambda_0p30/output/Task5_MD_Transition_LIGAnnihilation_4__SYSTEM.ene,a1b45d320994a733ace8fd20904ad5fadf3846bd016e5b8748f8bdfc1e82f285,/home/galoren/Freecurve_AI_Solvation/release/SolvAI/active_solvai/simulations/dense_pimd2/prospective/dimethylether/lambda_0p30/conf.xml,b27357ec3270aaf70cac42544a23c3ea7729343585288c6219cd1159c4fc1c1e,2.0,4.0,0.3,0.002,3130605,51,5.0000003123,True,True,single_inherited_stream,one trajectory; contiguous blocks are not replicas,True,True,False
active_v1_dense_pimd2,/home/galoren/Freecurve_AI_Solvation/release/SolvAI/active_solvai/simulations/dense_pimd2/prospective/dimethylether/lambda_0p40/output/Task5_MD_Transition_LIGAnnihilation_5__SYSTEM.ene,0b1756e17247281afba28617a0712d0922a68872625eb8c0c4ecc169d3ae354a,/home/galoren/Freecurve_AI_Solvation/release/SolvAI/active_solvai/simulations/dense_pimd2/prospective/dimethylether/lambda_0p40/conf.xml,2fcd0ff9c9d55fda6b34f733d555ad41f5e4d2aa2a9d0da7a524d9bc86398f0f,2.0,5.0,0.4,0.002,3130605,51,5.0000003123,True,True,single_inherited_stream,one trajectory; contiguous blocks are not replicas,True,True,False
active_v1_dense_pimd2,/home/galoren/Freecurve_AI_Solvation/release/SolvAI/active_solvai/simulations/dense_pimd2/prospective/dimethylether/lambda_0p60/output/Task5_MD_Transition_LIGAnnihilation_7__SYSTEM.ene,074c7574f03a0da3e65ac808550c0bf9f449ecaaddaa1198cd1de4abf7745326,/home/galoren/Freecurve_AI_Solvation/release/SolvAI/active_solvai/simulations/dense_pimd2/prospective/dimethylether/lambda_0p60/conf.xml,8cf18aa4417fe8b7199adfd2e80f74d423a88c5e9436b864da124c4e1e2cb853,2.0,7.0,0.6,0.002,3130605,51,5.0000003123,True,True,single_inherited_stream,one trajectory; contiguous blocks are not replicas,True,True,False
active_v1_dense_pimd2,/home/galoren/Freecurve_AI_Solvation/release/SolvAI/active_solvai/simulations/dense_pimd2/prospective/dimethylether/lambda_0p70/output/Task5_MD_Transition_LIGAnnihilation_8__SYSTEM.ene,65a77b8c842773fc30784037894a8433a2649056c24752b1a752d58ba0df339f,/home/galoren/Freecurve_AI_Solvation/release/SolvAI/active_solvai/simulations/dense_pimd2/prospective/dimethylether/lambda_0p70/conf.xml,588ee4fbcf6eddce9b7fd9d0fa8811db3b3ce399275c815b76b9173aaa3bd428,2.0,8.0,0.7,0.002,3130605,51,5.0000003123,True,True,single_inherited_stream,one trajectory; contiguous blocks are not replicas,True,True,False
active_v1_dense_pimd2,/home/galoren/Freecurve_AI_Solvation/release/SolvAI/active_solvai/simulations/dense_pimd2/prospective/dimethylether/lambda_0p75/output/Task5_MD_Transition_LIGAnnihilation_9__SYSTEM.ene,12cc6269882b58fc69928b79d23ec2bf0e54d93058a4aa5d313dba0dc9bfee5f,/home/galoren/Freecurve_AI_Solvation/release/SolvAI/active_solvai/simulations/dense_pimd2/prospective/dimethylether/lambda_0p75/conf.xml,85d4ba48e1717f382c35eb6bc6a0887ec56f86fe59e85320fc8405e6249c9a9f,2.0,9.0,0.75,0.002,3130605,51,5.0000003123,True,True,single_inherited_stream,one trajectory; contiguous blocks are not replicas,True,True,False
active_v1_dense_pimd2,/home/galoren/Freecurve_AI_Solvation/release/SolvAI/active_solvai/simulations/dense_pimd2/prospective/dimethylether/lambda_0p80/output/Task5_MD_Transition_LIGAnnihilation_10__SYSTEM.ene,7ff3765cb2d763422693dd35a526d51ee0c4404e5352b287f7ef234cd4e2af7c,/home/galoren/Freecurve_AI_Solvation/release/SolvAI/active_solvai/simulations/dense_pimd2/prospective/dimethylether/lambda_0p80/conf.xml,0a08c59d963ce5c2796f365f70d46a51187b5aa32e3c8e8a7444d2e61fbb2176,2.0,10.0,0.8,0.002,3130605,51,5.0000003123,True,True,single_inherited_stream,one trajectory; contiguous blocks are not replicas,True,True,False
active_v1_dense_pimd2,/home/galoren/Freecurve_AI_Solvation/release/SolvAI/active_solvai/simulations/dense_pimd2/prospective/dimethylether/lambda_0p85/output/Task5_MD_Transition_LIGAnnihilation_11__SYSTEM.ene,ab30607f5b3a6b99472060c5dca1a8eee760d695467ddef0af7b4b72d3cc9b11,/home/galoren/Freecurve_AI_Solvation/release/SolvAI/active_solvai/simulations/dense_pimd2/prospective/dimethylether/lambda_0p85/conf.xml,0f79e9bde21f703c57f6269f275ee78f2018d2026cfb877afbd2f6aef2953c9f,2.0,11.0,0.85,0.002,3130605,51,5.0000003123,True,True,single_inherited_stream,one trajectory; contiguous blocks are not replicas,True,True,False
active_v1_dense_pimd2,/home/galoren/Freecurve_AI_Solvation/release/SolvAI/active_solvai/simulations/dense_pimd2/prospective/dimethylether/lambda_0p95/output/Task5_MD_Transition_LIGAnnihilation_13__SYSTEM.ene,516eb86603e529ec9ef6ba76a0fb640ea41204491631c1354d1bc0696ab6859b,/home/galoren/Freecurve_AI_Solvation/release/SolvAI/active_solvai/simulations/dense_pimd2/prospective/dimethylether/lambda_0p95/conf.xml,12de6271ae5024743567e953e6b6b7c809f9b8c0a96cefab7e7bc550a4d15be4,2.0,13.0,0.95,0.002,3130605,51,5.0000003123,True,True,single_inherited_stream,one trajectory; contiguous blocks are not replicas,True,True,False
active_v1_dense_pimd2,/home/galoren/Freecurve_AI_Solvation/release/SolvAI/active_solvai/simulations/dense_pimd2/prospective/dimethylether/lambda_1p00/output/Task5_MD_Transition_LIGAnnihilation_14__SYSTEM.ene,8b8afac140bf7c1685d375e6b9d5a145f0f3198d53548fa07544c4b046d0d444,/home/galoren/Freecurve_AI_Solvation/release/SolvAI/active_solvai/simulations/dense_pimd2/prospective/dimethylether/lambda_1p00/conf.xml,a1b56453799235d74ddb131a481ddf6864489d65296c2aec07fe82f805e308fa,2.0,14.0,1.0,0.002,3130605,51,5.0000003123,True,True,single_inherited_stream,one trajectory; contiguous blocks are not replicas,True,True,False
active_v1_dense_pimd2,/home/galoren/Freecurve_AI_Solvation/release/SolvAI/active_solvai/simulations/dense_pimd2/prospective/ethylacetate/lambda_0p00/output/Task5_MD_Transition_LIGAnnihilation_0__SYSTEM.ene,31919774a7b034b25c5c87ec410bdeb3bc07be761044fa9939755ba6d65cf69e,/home/galoren/Freecurve_AI_Solvation/release/SolvAI/active_solvai/simulations/dense_pimd2/prospective/ethylacetate/lambda_0p00/conf.xml,a370563d92e68068b1a9d6611a2ee55081c32d3eefb404a6adae757925f176dc,2.0,0.0,0.0,0.002,990252,51,5.0000003123,True,True,single_inherited_stream,one trajectory; contiguous blocks are not replicas,True,True,False
active_v1_dense_pimd2,/home/galoren/Freecurve_AI_Solvation/release/SolvAI/active_solvai/simulations/dense_pimd2/prospective/ethylacetate/lambda_0p05/output/Task5_MD_Transition_LIGAnnihilation_1__SYSTEM.ene,52ff10cd21000da1aecd768cf2d13db97cf49156d1cd9867ac7fb348f7f72932,/home/galoren/Freecurve_AI_Solvation/release/SolvAI/active_solvai/simulations/dense_pimd2/prospective/ethylacetate/lambda_0p05/conf.xml,4173404f03009572b79a1e7ad54cfd129032dffdf6540cce7c58d3f59534a8eb,2.0,1.0,0.05,0.002,990252,51,5.0000003123,True,True,single_inherited_stream,one trajectory; contiguous blocks are not replicas,True,True,False
active_v1_dense_pimd2,/home/galoren/Freecurve_AI_Solvation/release/SolvAI/active_solvai/simulations/dense_pimd2/prospective/ethylacetate/lambda_0p20/output/Task5_MD_Transition_LIGAnnihilation_3__SYSTEM.ene,1b1931e1bcf6ae94f4844cfc212c6f4a9e22790c16d728884bdaa981da997c81,/home/galoren/Freecurve_AI_Solvation/release/SolvAI/active_solvai/simulations/dense_pimd2/prospective/ethylacetate/lambda_0p20/conf.xml,4c2eccd47a6d988363bc2e10d99e544ba98e8cf84e1c1349e5c821b6d527172d,2.0,3.0,0.2,0.002,990252,51,5.0000003123,True,True,single_inherited_stream,one trajectory; contiguous blocks are not replicas,True,True,False
active_v1_dense_pimd2,/home/galoren/Freecurve_AI_Solvation/release/SolvAI/active_solvai/simulations/dense_pimd2/prospective/ethylacetate/lambda_0p30/output/Task5_MD_Transition_LIGAnnihilation_4__SYSTEM.ene,e78becb153be0cf664fa9340376dbc57fe14a65b70d87df6bec63598dc4eb9ab,/home/galoren/Freecurve_AI_Solvation/release/SolvAI/active_solvai/simulations/dense_pimd2/prospective/ethylacetate/lambda_0p30/conf.xml,5d997c32d8ebe9146856ae52a598bb42d2496a1bd89cd4a82eaa11984e71e428,2.0,4.0,0.3,0.002,990252,51,5.0000003123,True,True,single_inherited_stream,one trajectory; contiguous blocks are not replicas,True,True,False
active_v1_dense_pimd2,/home/galoren/Freecurve_AI_Solvation/release/SolvAI/active_solvai/simulations/dense_pimd2/prospective/ethylacetate/lambda_0p40/output/Task5_MD_Transition_LIGAnnihilation_5__SYSTEM.ene,bb481a67dce0988f5e45320d534b9e196bb607e07742d8c69ebbdec41ebd974b,/home/galoren/Freecurve_AI_Solvation/release/SolvAI/active_solvai/simulations/dense_pimd2/prospective/ethylacetate/lambda_0p40/conf.xml,7feb8b2d5696fd242ad86c6ffb5898831894107e2011bd829ee4860e8e52315b,2.0,5.0,0.4,0.002,990252,51,5.0000003123,True,True,single_inherited_stream,one trajectory; contiguous blocks are not replicas,True,True,False
active_v1_dense_pimd2,/home/galoren/Freecurve_AI_Solvation/release/SolvAI/active_solvai/simulations/dense_pimd2/prospective/ethylacetate/lambda_0p60/output/Task5_MD_Transition_LIGAnnihilation_7__SYSTEM.ene,935e1af0b85bc8cf75c22b97d8230fae233e8787499b000c592f817a4bb0f34b,/home/galoren/Freecurve_AI_Solvation/release/SolvAI/active_solvai/simulations/dense_pimd2/prospective/ethylacetate/lambda_0p60/conf.xml,f0eaedcd190e4ccd2311dd8a7f58e42353b633ebc083a9ad03b3fc0a97f73dfe,2.0,7.0,0.6,0.002,990252,51,5.0000003123,True,True,single_inherited_stream,one trajectory; contiguous blocks are not replicas,True,True,False
active_v1_dense_pimd2,/home/galoren/Freecurve_AI_Solvation/release/SolvAI/active_solvai/simulations/dense_pimd2/prospective/ethylacetate/lambda_0p70/output/Task5_MD_Transition_LIGAnnihilation_8__SYSTEM.ene,f34f20fcde1055ca8e63de57b923bd871bb3b5856e939037c2a261093eedf9e7,/home/galoren/Freecurve_AI_Solvation/release/SolvAI/active_solvai/simulations/dense_pimd2/prospective/ethylacetate/lambda_0p70/conf.xml,2607c64d8f3a054c5d333f42775e93a84a4b8f63d3e8f5e503cdb50e831898b8,2.0,8.0,0.7,0.002,990252,51,5.0000003123,True,True,single_inherited_stream,one trajectory; contiguous blocks are not replicas,True,True,False
active_v1_dense_pimd2,/home/galoren/Freecurve_AI_Solvation/release/SolvAI/active_solvai/simulations/dense_pimd2/prospective/ethylacetate/lambda_0p75/output/Task5_MD_Transition_LIGAnnihilation_9__SYSTEM.ene,18a570f5697b8beb21eb512411feae72293cbc24230f87cf81efcc1514722347,/home/galoren/Freecurve_AI_Solvation/release/SolvAI/active_solvai/simulations/dense_pimd2/prospective/ethylacetate/lambda_0p75/conf.xml,b8ecca9dac53d01948ee6159b509a3c990bc4b9df1abd8d4fff3b9c84c836c75,2.0,9.0,0.75,0.002,990252,51,5.0000003123,True,True,single_inherited_stream,one trajectory; contiguous blocks are not replicas,True,True,False
active_v1_dense_pimd2,/home/galoren/Freecurve_AI_Solvation/release/SolvAI/active_solvai/simulations/dense_pimd2/prospective/ethylacetate/lambda_0p80/output/Task5_MD_Transition_LIGAnnihilation_10__SYSTEM.ene,e604b18535a4065c01115234a287c6f0bc339d1bf809c41af2ab021262f7cef0,/home/galoren/Freecurve_AI_Solvation/release/SolvAI/active_solvai/simulations/dense_pimd2/prospective/ethylacetate/lambda_0p80/conf.xml,e7bd046b9fe983f99a11aa3181bc7a99c8c9a455c94dd88ed11e315edd9183fb,2.0,10.0,0.8,0.002,990252,51,5.0000003123,True,True,single_inherited_stream,one trajectory; contiguous blocks are not replicas,True,True,False
active_v1_dense_pimd2,/home/galoren/Freecurve_AI_Solvation/release/SolvAI/active_solvai/simulations/dense_pimd2/prospective/ethylacetate/lambda_0p85/output/Task5_MD_Transition_LIGAnnihilation_11__SYSTEM.ene,fe88df712e0660a45d8b2f8c0142dfc747a37dd20a974420065e758a48348697,/home/galoren/Freecurve_AI_Solvation/release/SolvAI/active_solvai/simulations/dense_pimd2/prospective/ethylacetate/lambda_0p85/conf.xml,33df542d6f2366cfbefbcc4044cad89079f913bb3a09e0dbf97e17bff85524c1,2.0,11.0,0.85,0.002,990252,51,5.0000003123,True,True,single_inherited_stream,one trajectory; contiguous blocks are not replicas,True,True,False
active_v1_dense_pimd2,/home/galoren/Freecurve_AI_Solvation/release/SolvAI/active_solvai/simulations/dense_pimd2/prospective/ethylacetate/lambda_0p95/output/Task5_MD_Transition_LIGAnnihilation_13__SYSTEM.ene,7b9391330f4d83d000fb472f93fac9f5575b203c55137e0b29a76e4a55527077,/home/galoren/Freecurve_AI_Solvation/release/SolvAI/active_solvai/simulations/dense_pimd2/prospective/ethylacetate/lambda_0p95/conf.xml,460b24c3c4f1c81b927c640d27e5b261201e928976e98fa34d4c2b3ab48d6eca,2.0,13.0,0.95,0.002,990252,51,5.0000003123,True,True,single_inherited_stream,one trajectory; contiguous blocks are not replicas,True,True,False
active_v1_dense_pimd2,/home/galoren/Freecurve_AI_Solvation/release/SolvAI/active_solvai/simulations/dense_pimd2/prospective/ethylacetate/lambda_1p00/output/Task5_MD_Transition_LIGAnnihilation_14__SYSTEM.ene,e9ddc2da6fb2e030aaf20e95b3a308197c6e1bf5658459def8154411c9d8952a,/home/galoren/Freecurve_AI_Solvation/release/SolvAI/active_solvai/simulations/dense_pimd2/prospective/ethylacetate/lambda_1p00/conf.xml,f45d7384f2850428ae2e7a37f6c7864420c795b1cdd6cbe1fa295c432045ef43,2.0,14.0,1.0,0.002,990252,51,5.0000003123,True,True,single_inherited_stream,one trajectory; contiguous blocks are not replicas,True,True,False
active_v1_dense_pimd2,/home/galoren/Freecurve_AI_Solvation/release/SolvAI/active_solvai/simulations/dense_pimd2/prospective/octane/lambda_0p00/output/Task5_MD_Transition_LIGAnnihilation_0__SYSTEM.ene,087015e814f935cc4d14461c4547abd5ac36bc97f156fea8a6a00381270b001d,/home/galoren/Freecurve_AI_Solvation/release/SolvAI/active_solvai/simulations/dense_pimd2/prospective/octane/lambda_0p00/conf.xml,fd1ad106663bafe3849ce5cf3a35daced4efda56b0241cd9e91d6a2431c2fa25,2.0,0.0,0.0,0.002,9078009,51,5.0000003123,True,True,single_inherited_stream,one trajectory; contiguous blocks are not replicas,True,True,False
active_v1_dense_pimd2,/home/galoren/Freecurve_AI_Solvation/release/SolvAI/active_solvai/simulations/dense_pimd2/prospective/octane/lambda_0p05/output/Task5_MD_Transition_LIGAnnihilation_1__SYSTEM.ene,312c73a17e24d452ceadf8284dffe5f6fb03bb6f0c8e5c556bf4974eff33d676,/home/galoren/Freecurve_AI_Solvation/release/SolvAI/active_solvai/simulations/dense_pimd2/prospective/octane/lambda_0p05/conf.xml,533e072ee3be6345e0c911f6d314d1629377b20deee5aa41832ce196a8dac277,2.0,1.0,0.05,0.002,9078009,51,5.0000003123,True,True,single_inherited_stream,one trajectory; contiguous blocks are not replicas,True,True,False
active_v1_dense_pimd2,/home/galoren/Freecurve_AI_Solvation/release/SolvAI/active_solvai/simulations/dense_pimd2/prospective/octane/lambda_0p20/output/Task5_MD_Transition_LIGAnnihilation_3__SYSTEM.ene,3c124ec151c6de5eb50527b88338ac0a38d8925335fc63f9a266eb879c126008,/home/galoren/Freecurve_AI_Solvation/release/SolvAI/active_solvai/simulations/dense_pimd2/prospective/octane/lambda_0p20/conf.xml,97858c40faa5b3b9a90303649c123bdaea09ae37370efe64b55fef7a3ae00f28,2.0,3.0,0.2,0.002,9078009,51,5.0000003123,True,True,single_inherited_stream,one trajectory; contiguous blocks are not replicas,True,True,False
active_v1_dense_pimd2,/home/galoren/Freecurve_AI_Solvation/release/SolvAI/active_solvai/simulations/dense_pimd2/prospective/octane/lambda_0p30/output/Task5_MD_Transition_LIGAnnihilation_4__SYSTEM.ene,8288448080819710ce37b7ce53b0842c043c33cb2375992cec19fa9226ea678a,/home/galoren/Freecurve_AI_Solvation/release/SolvAI/active_solvai/simulations/dense_pimd2/prospective/octane/lambda_0p30/conf.xml,033373bf4ed1a662e1622eca6932ee08068f6a4b473c199bae0a826378762012,2.0,4.0,0.3,0.002,9078009,51,5.0000003123,True,True,single_inherited_stream,one trajectory; contiguous blocks are not replicas,True,True,False
active_v1_dense_pimd2,/home/galoren/Freecurve_AI_Solvation/release/SolvAI/active_solvai/simulations/dense_pimd2/prospective/octane/lambda_0p40/output/Task5_MD_Transition_LIGAnnihilation_5__SYSTEM.ene,00f7e6b9e527f2a2a683ba4db32626edef5c561c0ae5f521f2be27b0c5888baf,/home/galoren/Freecurve_AI_Solvation/release/SolvAI/active_solvai/simulations/dense_pimd2/prospective/octane/lambda_0p40/conf.xml,36c0951cc286d7f7a637657ac0a51ea10619fae76a35a73558c7408ae95091b0,2.0,5.0,0.4,0.002,9078009,51,5.0000003123,True,True,single_inherited_stream,one trajectory; contiguous blocks are not replicas,True,True,False
active_v1_dense_pimd2,/home/galoren/Freecurve_AI_Solvation/release/SolvAI/active_solvai/simulations/dense_pimd2/prospective/octane/lambda_0p60/output/Task5_MD_Transition_LIGAnnihilation_7__SYSTEM.ene,0bbecadae4485b128395f76bba3b3fdde18ea673b9a5a6e77f4e87d8d55c6172,/home/galoren/Freecurve_AI_Solvation/release/SolvAI/active_solvai/simulations/dense_pimd2/prospective/octane/lambda_0p60/conf.xml,48c6656a147520c9bd4e9a1c99c256b08cf5b87def09dafe9aa3aea64c3dc675,2.0,7.0,0.6,0.002,9078009,51,5.0000003123,True,True,single_inherited_stream,one trajectory; contiguous blocks are not replicas,True,True,False
active_v1_dense_pimd2,/home/galoren/Freecurve_AI_Solvation/release/SolvAI/active_solvai/simulations/dense_pimd2/prospective/octane/lambda_0p70/output/Task5_MD_Transition_LIGAnnihilation_8__SYSTEM.ene,deb6785462343b062bf3414bdac41182df775130aac1c24e75637cba5af896e8,/home/galoren/Freecurve_AI_Solvation/release/SolvAI/active_solvai/simulations/dense_pimd2/prospective/octane/lambda_0p70/conf.xml,b98aff793eec7e06c0ae04dc2cb33218c2752b83e9250d58ba006372634ff4bc,2.0,8.0,0.7,0.002,9078009,51,5.0000003123,True,True,single_inherited_stream,one trajectory; contiguous blocks are not replicas,True,True,False
active_v1_dense_pimd2,/home/galoren/Freecurve_AI_Solvation/release/SolvAI/active_solvai/simulations/dense_pimd2/prospective/octane/lambda_0p75/output/Task5_MD_Transition_LIGAnnihilation_9__SYSTEM.ene,d998d0498daff386e88854a895ec619f086b577fe0624568616ceca266a3777b,/home/galoren/Freecurve_AI_Solvation/release/SolvAI/active_solvai/simulations/dense_pimd2/prospective/octane/lambda_0p75/conf.xml,6586d9f54bbb8933024fef20b0072ea1542d97129fa0066484a2c260c53cd5b9,2.0,9.0,0.75,0.002,9078009,51,5.0000003123,True,True,single_inherited_stream,one trajectory; contiguous blocks are not replicas,True,True,False
active_v1_dense_pimd2,/home/galoren/Freecurve_AI_Solvation/release/SolvAI/active_solvai/simulations/dense_pimd2/prospective/octane/lambda_0p80/output/Task5_MD_Transition_LIGAnnihilation_10__SYSTEM.ene,318787aadd11129b82ca10b2bbe13b8ee85a8dec654a0d31b49a8b6bf3b8a58f,/home/galoren/Freecurve_AI_Solvation/release/SolvAI/active_solvai/simulations/dense_pimd2/prospective/octane/lambda_0p80/conf.xml,6a9c2ab073f613732e5efaec0a696bd618843221432be5a31d11e0919a3ebb34,2.0,10.0,0.8,0.002,9078009,51,5.0000003123,True,True,single_inherited_stream,one trajectory; contiguous blocks are not replicas,True,True,False
active_v1_dense_pimd2,/home/galoren/Freecurve_AI_Solvation/release/SolvAI/active_solvai/simulations/dense_pimd2/prospective/octane/lambda_0p85/output/Task5_MD_Transition_LIGAnnihilation_11__SYSTEM.ene,7b3b84777e7d2074695821fb94de2d8e435cff488c181f16bd9e01de1f9eff5f,/home/galoren/Freecurve_AI_Solvation/release/SolvAI/active_solvai/simulations/dense_pimd2/prospective/octane/lambda_0p85/conf.xml,c95d6fbb9280f576e707da91a3c840a2d98761f5e425a3fbe7d2172f82c02041,2.0,11.0,0.85,0.002,9078009,51,5.0000003123,True,True,single_inherited_stream,one trajectory; contiguous blocks are not replicas,True,True,False
active_v1_dense_pimd2,/home/galoren/Freecurve_AI_Solvation/release/SolvAI/active_solvai/simulations/dense_pimd2/prospective/octane/lambda_0p95/output/Task5_MD_Transition_LIGAnnihilation_13__SYSTEM.ene,9c47865ff5a5b6165de85cd1af5a9600b76b033d16acfd111329a562815d915f,/home/galoren/Freecurve_AI_Solvation/release/SolvAI/active_solvai/simulations/dense_pimd2/prospective/octane/lambda_0p95/conf.xml,bdf60543806dd0a5399baaad1d00c38142f0bf2299a946cde1e3cdbafe4ba275,2.0,13.0,0.95,0.002,9078009,51,5.0000003123,True,True,single_inherited_stream,one trajectory; contiguous blocks are not replicas,True,True,False
active_v1_dense_pimd2,/home/galoren/Freecurve_AI_Solvation/release/SolvAI/active_solvai/simulations/dense_pimd2/prospective/octane/lambda_1p00/output/Task5_MD_Transition_LIGAnnihilation_14__SYSTEM.ene,1fead5f10bddf3fff5f3938b68d89e6269d0a2ffb5601d808acb2921a1635b0e,/home/galoren/Freecurve_AI_Solvation/release/SolvAI/active_solvai/simulations/dense_pimd2/prospective/octane/lambda_1p00/conf.xml,18dd69747d6354d9171c966ef4e429e1930e608e3972a639731629cf47c79b51,2.0,14.0,1.0,0.002,9078009,51,5.0000003123,True,True,single_inherited_stream,one trajectory; contiguous blocks are not replicas,True,True,False
active_v1_dense_pimd2,/home/galoren/Freecurve_AI_Solvation/release/SolvAI/active_solvai/simulations/dense_pimd2/prospective/octanol/lambda_0p00/output/Task5_MD_Transition_LIGAnnihilation_0__SYSTEM.ene,b7b5165c99f0ce2d5f2959ae227106ce2461d05ecc61768f2d01b39590661bc7,/home/galoren/Freecurve_AI_Solvation/release/SolvAI/active_solvai/simulations/dense_pimd2/prospective/octanol/lambda_0p00/conf.xml,38e3be930e6c300d7a97e41f284595914427fb368e2f06faf313bacc5279323b,2.0,0.0,0.0,0.002,13065161,51,5.0000003123,True,True,single_inherited_stream,one trajectory; contiguous blocks are not replicas,True,True,False
active_v1_dense_pimd2,/home/galoren/Freecurve_AI_Solvation/release/SolvAI/active_solvai/simulations/dense_pimd2/prospective/octanol/lambda_0p05/output/Task5_MD_Transition_LIGAnnihilation_1__SYSTEM.ene,44d4c9de5cd85deb9fe8411725fa4b23f73fc7b7ae4ed081c62e289432145df2,/home/galoren/Freecurve_AI_Solvation/release/SolvAI/active_solvai/simulations/dense_pimd2/prospective/octanol/lambda_0p05/conf.xml,996f0825da58c1231aa2032d38042adc92e8ab560fb2e513160cbd3ca4a06bb8,2.0,1.0,0.05,0.002,13065161,51,5.0000003123,True,True,single_inherited_stream,one trajectory; contiguous blocks are not replicas,True,True,False
active_v1_dense_pimd2,/home/galoren/Freecurve_AI_Solvation/release/SolvAI/active_solvai/simulations/dense_pimd2/prospective/octanol/lambda_0p20/output/Task5_MD_Transition_LIGAnnihilation_3__SYSTEM.ene,48e6fb43f6f7864f657d1f5f34cc99a9d731aefd3c5effdce4b497868d18321a,/home/galoren/Freecurve_AI_Solvation/release/SolvAI/active_solvai/simulations/dense_pimd2/prospective/octanol/lambda_0p20/conf.xml,488ed8aa1d1fbad1a2c5f643ca0506347c5f913d62dcefe832ad22153d01974b,2.0,3.0,0.2,0.002,13065161,51,5.0000003123,True,True,single_inherited_stream,one trajectory; contiguous blocks are not replicas,True,True,False
active_v1_dense_pimd2,/home/galoren/Freecurve_AI_Solvation/release/SolvAI/active_solvai/simulations/dense_pimd2/prospective/octanol/lambda_0p30/output/Task5_MD_Transition_LIGAnnihilation_4__SYSTEM.ene,de9832611b6c59f50418b4aae827b4dca4b74a57806296c78f0d6269c6d396cd,/home/galoren/Freecurve_AI_Solvation/release/SolvAI/active_solvai/simulations/dense_pimd2/prospective/octanol/lambda_0p30/conf.xml,312924645d90ccf083055cda9915c133252777dbb42f38de00b892875433a641,2.0,4.0,0.3,0.002,13065161,51,5.0000003123,True,True,single_inherited_stream,one trajectory; contiguous blocks are not replicas,True,True,False
active_v1_dense_pimd2,/home/galoren/Freecurve_AI_Solvation/release/SolvAI/active_solvai/simulations/dense_pimd2/prospective/octanol/lambda_0p40/output/Task5_MD_Transition_LIGAnnihilation_5__SYSTEM.ene,5dc39c8f111e178197b3e8db6930256e23cbe73a5886e62cb6599f63e5906b86,/home/galoren/Freecurve_AI_Solvation/release/SolvAI/active_solvai/simulations/dense_pimd2/prospective/octanol/lambda_0p40/conf.xml,2702786e160edf1ebd6b8ab2255bedfd539bf79c7d8ae7b2d14c4133d3abc08b,2.0,5.0,0.4,0.002,13065161,51,5.0000003123,True,True,single_inherited_stream,one trajectory; contiguous blocks are not replicas,True,True,False
active_v1_dense_pimd2,/home/galoren/Freecurve_AI_Solvation/release/SolvAI/active_solvai/simulations/dense_pimd2/prospective/octanol/lambda_0p60/output/Task5_MD_Transition_LIGAnnihilation_7__SYSTEM.ene,d144af60a9012dbd9b49b8689a65f17b0afaaa80911ef7737299a26690ebf21d,/home/galoren/Freecurve_AI_Solvation/release/SolvAI/active_solvai/simulations/dense_pimd2/prospective/octanol/lambda_0p60/conf.xml,4e5ab9ab3e734300d18d5e67c75e0688495da0cea91b1eaa7c3a85def2f20c52,2.0,7.0,0.6,0.002,13065161,51,5.0000003123,True,True,single_inherited_stream,one trajectory; contiguous blocks are not replicas,True,True,False
active_v1_dense_pimd2,/home/galoren/Freecurve_AI_Solvation/release/SolvAI/active_solvai/simulations/dense_pimd2/prospective/octanol/lambda_0p70/output/Task5_MD_Transition_LIGAnnihilation_8__SYSTEM.ene,b9467149505bb75399901883c9916a9d720d1f663a7c990d4d146bd8dda89bce,/home/galoren/Freecurve_AI_Solvation/release/SolvAI/active_solvai/simulations/dense_pimd2/prospective/octanol/lambda_0p70/conf.xml,dd7251a399dcd0d6deabf4c544abc6167dfdfc6c5bcccf63f8e1c75d135aea76,2.0,8.0,0.7,0.002,13065161,51,5.0000003123,True,True,single_inherited_stream,one trajectory; contiguous blocks are not replicas,True,True,False
active_v1_dense_pimd2,/home/galoren/Freecurve_AI_Solvation/release/SolvAI/active_solvai/simulations/dense_pimd2/prospective/octanol/lambda_0p75/output/Task5_MD_Transition_LIGAnnihilation_9__SYSTEM.ene,f32ebe8ae6f59a2705a973687d349f0ac3ce6ecb89017fb64c6074aaba3c3935,/home/galoren/Freecurve_AI_Solvation/release/SolvAI/active_solvai/simulations/dense_pimd2/prospective/octanol/lambda_0p75/conf.xml,a298bdd4697892a72b58fad8608921849b21005ef7af79300952984d5ed0d872,2.0,9.0,0.75,0.002,13065161,51,5.0000003123,True,True,single_inherited_stream,one trajectory; contiguous blocks are not replicas,True,True,False
active_v1_dense_pimd2,/home/galoren/Freecurve_AI_Solvation/release/SolvAI/active_solvai/simulations/dense_pimd2/prospective/octanol/lambda_0p80/output/Task5_MD_Transition_LIGAnnihilation_10__SYSTEM.ene,d4669fa6b480f3705c2681bc11f3aa3cbe7e89d990878415899345d950e84bc8,/home/galoren/Freecurve_AI_Solvation/release/SolvAI/active_solvai/simulations/dense_pimd2/prospective/octanol/lambda_0p80/conf.xml,7c067ff37784634734799d55e61ff6d0dae496e8eae3f7822114f9c3ebcf687b,2.0,10.0,0.8,0.002,13065161,51,5.0000003123,True,True,single_inherited_stream,one trajectory; contiguous blocks are not replicas,True,True,False
active_v1_dense_pimd2,/home/galoren/Freecurve_AI_Solvation/release/SolvAI/active_solvai/simulations/dense_pimd2/prospective/octanol/lambda_0p85/output/Task5_MD_Transition_LIGAnnihilation_11__SYSTEM.ene,06ecc59c569966a1f0ecda0e34a7446a867e463e6e90361aeaf1ede53d3f22df,/home/galoren/Freecurve_AI_Solvation/release/SolvAI/active_solvai/simulations/dense_pimd2/prospective/octanol/lambda_0p85/conf.xml,aec6c13a872cca245eef96dfd43a2383c5b73dd0fa694ab4c86e84f1eec455a6,2.0,11.0,0.85,0.002,13065161,51,5.0000003123,True,True,single_inherited_stream,one trajectory; contiguous blocks are not replicas,True,True,False
active_v1_dense_pimd2,/home/galoren/Freecurve_AI_Solvation/release/SolvAI/active_solvai/simulations/dense_pimd2/prospective/octanol/lambda_0p95/output/Task5_MD_Transition_LIGAnnihilation_13__SYSTEM.ene,b46148edac20e87cf8dee9350a6678972502336c92ba99662f3dac91ef22f0a2,/home/galoren/Freecurve_AI_Solvation/release/SolvAI/active_solvai/simulations/dense_pimd2/prospective/octanol/lambda_0p95/conf.xml,ccf79191771112d0ca94dc416931e1143c4d3834bfce1a3b53bb9ff836e9eb42,2.0,13.0,0.95,0.002,13065161,51,5.0000003123,True,True,single_inherited_stream,one trajectory; contiguous blocks are not replicas,True,True,False
active_v1_dense_pimd2,/home/galoren/Freecurve_AI_Solvation/release/SolvAI/active_solvai/simulations/dense_pimd2/prospective/octanol/lambda_1p00/output/Task5_MD_Transition_LIGAnnihilation_14__SYSTEM.ene,39a45c08876911fec3147b1e6c5427c660ab72dd1da9140224fe89d433272dfb,/home/galoren/Freecurve_AI_Solvation/release/SolvAI/active_solvai/simulations/dense_pimd2/prospective/octanol/lambda_1p00/conf.xml,9f42d35ff2e1ace2f6038081478b7b6712711eae073be1bd46e9ae6c7ab29ebc,2.0,14.0,1.0,0.002,13065161,51,5.0000003123,True,True,single_inherited_stream,one trajectory; contiguous blocks are not replicas,True,True,False
ancillary_unqualified_output,/home/galoren/Freecurve_AI_Solvation/repositories_recovered/arbalest-app-data/FF-NN/MDRUNS/NMA_MD/Output/Task2_MD_State_LIGSolvated_2020_08_03_18_29_17_SYSTEM.ene,341e870ed032ce22cbd195b7ddedb8bd90cef19d8d944852588bb2e9263f52e0,,,,,,,,34,6.6000004123,True,True,single_inherited_stream,one trajectory; contiguous blocks are not replicas,True,False,False
historical_three_point_pimd2,/home/galoren/Freecurve_AI_Solvation/results/physics_probes/pimd2_lambda01_5ps/1_butanethiol/output/Task5_MD_Transition_LIGAnnihilation_2__SYSTEM.ene,51a9eddc55216bc9b8d6af653838fd002d7dcbd946ac88c693460624e72c5940,/home/galoren/Freecurve_AI_Solvation/results/physics_probes/pimd2_lambda01_5ps/1_butanethiol/conf.xml,1125d500119208f03ef40ae0040c097a0088406cc8b7ece74b4256407c79b9c9,2.0,2.0,0.1,0.002,12371221,51,5.0000003123,True,True,single_inherited_stream,one trajectory; contiguous blocks are not replicas,True,True,False
historical_three_point_pimd2,/home/galoren/Freecurve_AI_Solvation/results/physics_probes/pimd2_lambda01_5ps/1_butanol/output/Task5_MD_Transition_LIGAnnihilation_2__SYSTEM.ene,f6fbc570bc71753d972768b52eb4f11689ca3eccde8373094473c8c6b6a90b99,/home/galoren/Freecurve_AI_Solvation/results/physics_probes/pimd2_lambda01_5ps/1_butanol/conf.xml,6a1ec2e91e47ea066fddc822a743cbc78a99a5063c85c062042d0ca218126a45,2.0,2.0,0.1,0.002,4477223,51,5.0000003123,True,True,single_inherited_stream,one trajectory; contiguous blocks are not replicas,True,True,False
historical_three_point_pimd2,/home/galoren/Freecurve_AI_Solvation/results/physics_probes/pimd2_lambda01_5ps/1_pentanol/output/Task5_MD_Transition_LIGAnnihilation_2__SYSTEM.ene,45ec903edb8fadafe70748bfb52d996348f0008e28509e1870dbb785ba85bebf,/home/galoren/Freecurve_AI_Solvation/results/physics_probes/pimd2_lambda01_5ps/1_pentanol/conf.xml,752c47e4adf3ffbf169e4ecc357ba328354e7db91a6b5df33ba2b4092d5c181a,2.0,2.0,0.1,0.002,13673617,35,3.4000002124,True,True,single_inherited_stream,one trajectory; contiguous blocks are not replicas,True,False,False
historical_three_point_pimd2,/home/galoren/Freecurve_AI_Solvation/results/physics_probes/pimd2_lambda01_5ps/2_butanone/output/Task5_MD_Transition_LIGAnnihilation_2__SYSTEM.ene,6680d903010e3d633763edbbe7b1b10af1af7903ffe6181f943baac391ca3c57,/home/galoren/Freecurve_AI_Solvation/results/physics_probes/pimd2_lambda01_5ps/2_butanone/conf.xml,4799a1d7ecce5ddd652ac5f922ddc7e52956736b4244aa869912dc8785e725eb,2.0,2.0,0.1,0.002,2247295,51,5.0000003123,True,True,single_inherited_stream,one trajectory; contiguous blocks are not replicas,True,True,False
historical_three_point_pimd2,/home/galoren/Freecurve_AI_Solvation/results/physics_probes/pimd2_lambda01_5ps/2_methyl_2_butanol/output/Task5_MD_Transition_LIGAnnihilation_2__SYSTEM.ene,f4e6dd8566163abcf67923cf56d89e4153426e240be640ba8a6bc29353509107,/home/galoren/Freecurve_AI_Solvation/results/physics_probes/pimd2_lambda01_5ps/2_methyl_2_butanol/conf.xml,f599238feb82a4fcb6541e212511f3984bb60dc24a93b00a185d072d408d9cf8,2.0,2.0,0.1,0.002,10800370,51,5.0000003123,True,True,single_inherited_stream,one trajectory; contiguous blocks are not replicas,True,True,False
historical_three_point_pimd2,/home/galoren/Freecurve_AI_Solvation/results/physics_probes/pimd2_lambda01_5ps/2_pentanol/output/Task5_MD_Transition_LIGAnnihilation_2__SYSTEM.ene,2a732c7957d86fab47fa8ef4bc15fec04194b045597834fbd854c42ff65a091f,/home/galoren/Freecurve_AI_Solvation/results/physics_probes/pimd2_lambda01_5ps/2_pentanol/conf.xml,7b1f6b9752febee4fee2bc846d7f5908041715d5d7b322097932513de0ffa822,2.0,2.0,0.1,0.002,11065691,51,5.0000003123,True,True,single_inherited_stream,one trajectory; contiguous blocks are not replicas,True,True,False
historical_three_point_pimd2,/home/galoren/Freecurve_AI_Solvation/results/physics_probes/pimd2_lambda01_5ps/2_pentanone/output/Task5_MD_Transition_LIGAnnihilation_2__SYSTEM.ene,79177136a664f8bcdd65968197f82319a1a639430eef141c086476a6270c2fad,/home/galoren/Freecurve_AI_Solvation/results/physics_probes/pimd2_lambda01_5ps/2_pentanone/conf.xml,0f690f997b475cf80f0f0e144d4c852a1df1d1e158714e07efcba7d38e17f0b0,2.0,2.0,0.1,0.002,878726,51,5.0000003123,True,True,single_inherited_stream,one trajectory; contiguous blocks are not replicas,True,True,False
historical_three_point_pimd2,/home/galoren/Freecurve_AI_Solvation/results/physics_probes/pimd2_lambda01_5ps/3_methyl_indole/output/Task5_MD_Transition_LIGAnnihilation_2__SYSTEM.ene,ec1febd3ec08ccb47896ca7073a1426e646a2cf6547738fb8fcedfa92d5404ab,/home/galoren/Freecurve_AI_Solvation/results/physics_probes/pimd2_lambda01_5ps/3_methyl_indole/conf.xml,386fc5427e3aff195c53dce2eca67de79cdff89ae52b7158cf0ffad56b7587d1,2.0,2.0,0.1,0.002,14961706,51,5.0000003123,True,True,single_inherited_stream,one trajectory; contiguous blocks are not replicas,True,True,False
historical_three_point_pimd2,/home/galoren/Freecurve_AI_Solvation/results/physics_probes/pimd2_lambda01_5ps/3_pentanol/output/Task5_MD_Transition_LIGAnnihilation_2__SYSTEM.ene,8416ab043386032ae872ad72ab575c913c181c6715c413e131ae5c5e608a999f,/home/galoren/Freecurve_AI_Solvation/results/physics_probes/pimd2_lambda01_5ps/3_pentanol/conf.xml,7db3d6d0d9e0e24f222be37cc058945a6bc1d167a919ce820f30c5fd30b50e2b,2.0,2.0,0.1,0.002,6524995,51,5.0000003123,True,True,single_inherited_stream,one trajectory; contiguous blocks are not replicas,True,True,False
historical_three_point_pimd2,/home/galoren/Freecurve_AI_Solvation/results/physics_probes/pimd2_lambda01_5ps/3_pentanone/output/Task5_MD_Transition_LIGAnnihilation_2__SYSTEM.ene,e2d93da899af8ef18c49366aef4021f95c91f186028b9ae4f354443456d94f19,/home/galoren/Freecurve_AI_Solvation/results/physics_probes/pimd2_lambda01_5ps/3_pentanone/conf.xml,5a876c39e48747d4ed39cc9fb4b2f0a0a9e3b79db0ded2d94716f23d887a7cd7,2.0,2.0,0.1,0.002,8302120,51,5.0000003123,True,True,single_inherited_stream,one trajectory; contiguous blocks are not replicas,True,True,False
historical_three_point_pimd2,/home/galoren/Freecurve_AI_Solvation/results/physics_probes/pimd2_lambda01_5ps/acetaldehyde/output/Task5_MD_Transition_LIGAnnihilation_2__SYSTEM.ene,d7ae7999d700616d5c8ecc2465be78ba92d3252735aef5e8cda6c215e6a88c0a,/home/galoren/Freecurve_AI_Solvation/results/physics_probes/pimd2_lambda01_5ps/acetaldehyde/conf.xml,3fdff171824dac3dc1cb2d049d16a5b77cbd6cee1561da35f2826cb7e9daf184,2.0,2.0,0.1,0.002,13485158,51,5.0000003123,True,True,single_inherited_stream,one trajectory; contiguous blocks are not replicas,True,True,False
historical_three_point_pimd2,/home/galoren/Freecurve_AI_Solvation/results/physics_probes/pimd2_lambda01_5ps/acetamide/output/Task5_MD_Transition_LIGAnnihilation_2__SYSTEM.ene,b5d1fdc7ba2899160f07d915d88a5c080495b311661b081726000296887fa4ff,/home/galoren/Freecurve_AI_Solvation/results/physics_probes/pimd2_lambda01_5ps/acetamide/conf.xml,1dbba4c111196a941171f9fa77f1f727c422e70d41f90531c0fa0d640b7c7b0c,2.0,2.0,0.1,0.002,2539924,51,5.0000003123,True,True,single_inherited_stream,one trajectory; contiguous blocks are not replicas,True,True,False
historical_three_point_pimd2,/home/galoren/Freecurve_AI_Solvation/results/physics_probes/pimd2_lambda01_5ps/aceticacid/output/Task5_MD_Transition_LIGAnnihilation_2__SYSTEM.ene,dd63b628fde4fabef7b651f7b5c0d498a4575115aedaefa621c6a818d20cf543,/home/galoren/Freecurve_AI_Solvation/results/physics_probes/pimd2_lambda01_5ps/aceticacid/conf.xml,9b2e28f6d55c472ae7c94624a60bcd1e34eeff361ca1e9b0ab2dff4e48d8a05a,2.0,2.0,0.1,0.002,5223755,51,5.0000003123,True,True,single_inherited_stream,one trajectory; contiguous blocks are not replicas,True,True,False
historical_three_point_pimd2,/home/galoren/Freecurve_AI_Solvation/results/physics_probes/pimd2_lambda01_5ps/acetone/output/Task5_MD_Transition_LIGAnnihilation_2__SYSTEM.ene,0681e4393be4c55ffdfe034790bb9d23a31be5d7e2563fa5594300773d940116,/home/galoren/Freecurve_AI_Solvation/results/physics_probes/pimd2_lambda01_5ps/acetone/conf.xml,b235e3cdca997d132179b42b586e7971d581ee49a6675a578b5604922d53cfd8,2.0,2.0,0.1,0.002,13253450,51,5.0000003123,True,True,single_inherited_stream,one trajectory; contiguous blocks are not replicas,True,True,False
historical_three_point_pimd2,/home/galoren/Freecurve_AI_Solvation/results/physics_probes/pimd2_lambda01_5ps/aniline/output/Task5_MD_Transition_LIGAnnihilation_2__SYSTEM.ene,f14343528fec401654edc577d1d119bed2c34741e05ddd146c6ef743df47fd1f,/home/galoren/Freecurve_AI_Solvation/results/physics_probes/pimd2_lambda01_5ps/aniline/conf.xml,a6f8aa6bafc09977c97874dfea67d893de608566bedd50c29779a2358b6a3118,2.0,2.0,0.1,0.002,10376810,51,5.0000003123,True,True,single_inherited_stream,one trajectory; contiguous blocks are not replicas,True,True,False
historical_three_point_pimd2,/home/galoren/Freecurve_AI_Solvation/results/physics_probes/pimd2_lambda01_5ps/anthracene/output/Task5_MD_Transition_LIGAnnihilation_2__SYSTEM.ene,f6bf9892502ff4a7a47beb0837cbf8550e6dad8cc65fd16cad2ddfa22d3fbe8f,/home/galoren/Freecurve_AI_Solvation/results/physics_probes/pimd2_lambda01_5ps/anthracene/conf.xml,b7228c23fbb6b70e82a27aaabc87dc15c724ccb329e680d21a1033e0adc4d004,2.0,2.0,0.1,0.002,6990340,51,5.0000003123,True,True,single_inherited_stream,one trajectory; contiguous blocks are not replicas,True,True,False
historical_three_point_pimd2,/home/galoren/Freecurve_AI_Solvation/results/physics_probes/pimd2_lambda01_5ps/benzene/output/Task5_MD_Transition_LIGAnnihilation_2__SYSTEM.ene,75f958125f1327eed5a33fe0d02f391fa1a434035dbba9f437b6098eeb43323c,/home/galoren/Freecurve_AI_Solvation/results/physics_probes/pimd2_lambda01_5ps/benzene/conf.xml,01ddb27017158bd14e48902c56149bc851d6c7b15e05eb3df1af5e8678a9c1c5,2.0,2.0,0.1,0.002,15244168,51,5.0000003123,True,True,single_inherited_stream,one trajectory; contiguous blocks are not replicas,True,True,False
historical_three_point_pimd2,/home/galoren/Freecurve_AI_Solvation/results/physics_probes/pimd2_lambda01_5ps/biphenyl/output/Task5_MD_Transition_LIGAnnihilation_2__SYSTEM.ene,912720327a89804bf266000f755025082b0e5c2c07a4f99ede35849fc9924e48,/home/galoren/Freecurve_AI_Solvation/results/physics_probes/pimd2_lambda01_5ps/biphenyl/conf.xml,a3ca8dc1ed3a5f3817fe3727c95b94310e72196c76c58fb177863e2740d6fc88,2.0,2.0,0.1,0.002,4745950,51,5.0000003123,True,True,single_inherited_stream,one trajectory; contiguous blocks are not replicas,True,True,False
historical_three_point_pimd2,/home/galoren/Freecurve_AI_Solvation/results/physics_probes/pimd2_lambda01_5ps/but_1_ene/output/Task5_MD_Transition_LIGAnnihilation_2__SYSTEM.ene,e8a7db75fdea8fad0818c0b42a1260be761a5974da002517b9e1011b2e406721,/home/galoren/Freecurve_AI_Solvation/results/physics_probes/pimd2_lambda01_5ps/but_1_ene/conf.xml,7b46f93ee07baed0cc5932daff45aa0c69eb5ba055f751ae190b2d17c6ba09f6,2.0,2.0,0.1,0.002,2137319,51,5.0000003123,True,True,single_inherited_stream,one trajectory; contiguous blocks are not replicas,True,True,False
historical_three_point_pimd2,/home/galoren/Freecurve_AI_Solvation/results/physics_probes/pimd2_lambda01_5ps/buta_13_diene/output/Task5_MD_Transition_LIGAnnihilation_2__SYSTEM.ene,ddf76757ce04325dac0840ed02b9dc0e8d14d9cef3c83c10e90de4902bc5ce1e,/home/galoren/Freecurve_AI_Solvation/results/physics_probes/pimd2_lambda01_5ps/buta_13_diene/conf.xml,920d7e81665af202653647733df762fbd4b9e13e27009e3c45f8bc5e85c28493,2.0,2.0,0.1,0.002,2186714,51,5.0000003123,True,True,single_inherited_stream,one trajectory; contiguous blocks are not replicas,True,True,False
historical_three_point_pimd2,/home/galoren/Freecurve_AI_Solvation/results/physics_probes/pimd2_lambda01_5ps/butanamine/output/Task5_MD_Transition_LIGAnnihilation_2__SYSTEM.ene,30dd363960f06963aad98c19832c9caf61fa27e27f0030170629fc59b357b716,/home/galoren/Freecurve_AI_Solvation/results/physics_probes/pimd2_lambda01_5ps/butanamine/conf.xml,cdada29161f6b74cdb2895fd17c9442e3dee19048a33e9530217b69411f26073,2.0,2.0,0.1,0.002,1149102,51,5.0000003123,True,True,single_inherited_stream,one trajectory; contiguous blocks are not replicas,True,True,False
historical_three_point_pimd2,/home/galoren/Freecurve_AI_Solvation/results/physics_probes/pimd2_lambda01_5ps/butane/output/Task5_MD_Transition_LIGAnnihilation_2__SYSTEM.ene,178d442fd22467875901e19ad83e7be090d23f2b141f5ba970803785158968f7,/home/galoren/Freecurve_AI_Solvation/results/physics_probes/pimd2_lambda01_5ps/butane/conf.xml,5ddaee432b4c0551e57454de7a84a3f417abae1638935654e86aa97e0d65ecd1,2.0,2.0,0.1,0.002,2739840,51,5.0000003123,True,True,single_inherited_stream,one trajectory; contiguous blocks are not replicas,True,True,False
historical_three_point_pimd2,/home/galoren/Freecurve_AI_Solvation/results/physics_probes/pimd2_lambda01_5ps/butylacetate/output/Task5_MD_Transition_LIGAnnihilation_2__SYSTEM.ene,9bf43a91cd7612e6d1bfcb9f36d61000f4638c36afc5596c7c01bbdc2b46e923,/home/galoren/Freecurve_AI_Solvation/results/physics_probes/pimd2_lambda01_5ps/butylacetate/conf.xml,d9ad1add8ee90779a9fb35b7a3cf98705b06628e6d3e31529f3b56b7a0ea3571,2.0,2.0,0.1,0.002,5095580,51,5.0000003123,True,True,single_inherited_stream,one trajectory; contiguous blocks are not replicas,True,True,False
historical_three_point_pimd2,/home/galoren/Freecurve_AI_Solvation/results/physics_probes/pimd2_lambda01_5ps/butyricacid/output/Task5_MD_Transition_LIGAnnihilation_2__SYSTEM.ene,8b8d0b25e5aa1cabff8eef732227fc30d48c433fa5ef9f39ecebbdb5b53ec46d,/home/galoren/Freecurve_AI_Solvation/results/physics_probes/pimd2_lambda01_5ps/butyricacid/conf.xml,3a57b1b1a6b3b557a9b58eb2eea316c25dbe4949c08873508f89ca666b4e293c,2.0,2.0,0.1,0.002,15714862,51,5.0000003123,True,True,single_inherited_stream,one trajectory; contiguous blocks are not replicas,True,True,False
historical_three_point_pimd2,/home/galoren/Freecurve_AI_Solvation/results/physics_probes/pimd2_lambda01_5ps/buytyraldehyde/output/Task5_MD_Transition_LIGAnnihilation_2__SYSTEM.ene,45615f43c4842cd3a8506988382991a8dc035728c09bcd7b6003be3672a0efae,/home/galoren/Freecurve_AI_Solvation/results/physics_probes/pimd2_lambda01_5ps/buytyraldehyde/conf.xml,34e26f27ebe8e5680fca444554e8c3dff5d9ed4a7799dc6f6d57047688d2faba,2.0,2.0,0.1,0.002,12698863,51,5.0000003123,True,True,single_inherited_stream,one trajectory; contiguous blocks are not replicas,True,True,False
historical_three_point_pimd2,/home/galoren/Freecurve_AI_Solvation/results/physics_probes/pimd2_lambda01_5ps/cycloheptane/output/Task5_MD_Transition_LIGAnnihilation_2__SYSTEM.ene,5602c917eb6cd04bfdf22321a5d6fc7b42630bcf915faee9fb5f0ef7713f196a,/home/galoren/Freecurve_AI_Solvation/results/physics_probes/pimd2_lambda01_5ps/cycloheptane/conf.xml,59ae5e4b4602cfbc8666a332d229ba734795f9933cb8725bf5c198c7e4ff3b4b,2.0,2.0,0.1,0.002,14389129,51,5.0000003123,True,True,single_inherited_stream,one trajectory; contiguous blocks are not replicas,True,True,False
historical_three_point_pimd2,/home/galoren/Freecurve_AI_Solvation/results/physics_probes/pimd2_lambda01_5ps/cyclohexane/output/Task5_MD_Transition_LIGAnnihilation_2__SYSTEM.ene,e687a015b8ba0380dfd39ec7407bf022748066f5c7bcd3a8822507fe838a318f,/home/galoren/Freecurve_AI_Solvation/results/physics_probes/pimd2_lambda01_5ps/cyclohexane/conf.xml,9f41ea067c2a9101acd49afca631526862538b4054eda6294303b4e98ca63427,2.0,2.0,0.1,0.002,2854606,51,5.0000003123,True,True,single_inherited_stream,one trajectory; contiguous blocks are not replicas,True,True,False
historical_three_point_pimd2,/home/galoren/Freecurve_AI_Solvation/results/physics_probes/pimd2_lambda01_5ps/cyclopentane/output/Task5_MD_Transition_LIGAnnihilation_2__SYSTEM.ene,3b678bb686789153dfc9939e9fa9a8e0e1abf9f324be2deb05ef35c307bc6699,/home/galoren/Freecurve_AI_Solvation/results/physics_probes/pimd2_lambda01_5ps/cyclopentane/conf.xml,d47897c28108cfca7c988068c90948a074df5676f566587a3a6a7b94923faa20,2.0,2.0,0.1,0.002,12502111,51,5.0000003123,True,True,single_inherited_stream,one trajectory; contiguous blocks are not replicas,True,True,False
historical_three_point_pimd2,/home/galoren/Freecurve_AI_Solvation/results/physics_probes/pimd2_lambda01_5ps/cyclopropane/output/Task5_MD_Transition_LIGAnnihilation_2__SYSTEM.ene,1b3ee274ca246d21cce04ab1ae6ac244a68144b7eeb1d0a86093f3ed691a41e1,/home/galoren/Freecurve_AI_Solvation/results/physics_probes/pimd2_lambda01_5ps/cyclopropane/conf.xml,52b88c511f48a97eca3c7b48bd10e38999dc86d720d87935d701f98a8140b838,2.0,2.0,0.1,0.002,4738026,51,5.0000003123,True,True,single_inherited_stream,one trajectory; contiguous blocks are not replicas,True,True,False
historical_three_point_pimd2,/home/galoren/Freecurve_AI_Solvation/results/physics_probes/pimd2_lambda01_5ps/diethylsulfide/output/Task5_MD_Transition_LIGAnnihilation_2__SYSTEM.ene,9fc242fe021377a41bfeb063547644cf95d192949c061e452494561013095a9d,/home/galoren/Freecurve_AI_Solvation/results/physics_probes/pimd2_lambda01_5ps/diethylsulfide/conf.xml,d9645ea9b39e8202beb7006dda5a164b50f6ebf07a3068a5dd853ae188f417b0,2.0,2.0,0.1,0.002,16126792,51,5.0000003123,True,True,single_inherited_stream,one trajectory; contiguous blocks are not replicas,True,True,False
historical_three_point_pimd2,/home/galoren/Freecurve_AI_Solvation/results/physics_probes/pimd2_lambda01_5ps/dimethylacetamide/output/Task5_MD_Transition_LIGAnnihilation_2__SYSTEM.ene,a6d0a1f48d85f5fc7a401a5dd490150b2f854e0f30c853157ecf7f3979936611,/home/galoren/Freecurve_AI_Solvation/results/physics_probes/pimd2_lambda01_5ps/dimethylacetamide/conf.xml,bb2f2eceb6da314d2ee8d07f0a379e06962298bc5581a37ecc292a6f38766d86,2.0,2.0,0.1,0.002,5194164,51,5.0000003123,True,True,single_inherited_stream,one trajectory; contiguous blocks are not replicas,True,True,False
historical_three_point_pimd2,/home/galoren/Freecurve_AI_Solvation/results/physics_probes/pimd2_lambda01_5ps/dimethylamine/output/Task5_MD_Transition_LIGAnnihilation_2__SYSTEM.ene,69c5420d1f9ad38ea72fa305116a5c391a11a9bcb3ecd0d3f56962d9ab6730bb,/home/galoren/Freecurve_AI_Solvation/results/physics_probes/pimd2_lambda01_5ps/dimethylamine/conf.xml,533f4f4479493ca6f8dd729ac44c10bd66eb891d2a6ef939af51d297b5c35ce4,2.0,2.0,0.1,0.002,2996490,51,5.0000003123,True,True,single_inherited_stream,one trajectory; contiguous blocks are not replicas,True,True,False
historical_three_point_pimd2,/home/galoren/Freecurve_AI_Solvation/results/physics_probes/pimd2_lambda01_5ps/dimethyldisulfide/output/Task5_MD_Transition_LIGAnnihilation_2__SYSTEM.ene,d72f4187aa299993be8decfcbcdc9ef342bc883991e5ec6d9329ecf09d361df7,/home/galoren/Freecurve_AI_Solvation/results/physics_probes/pimd2_lambda01_5ps/dimethyldisulfide/conf.xml,e88c2196784448dedb83fdee2ca260937d49b9a4ba2d80f6ee12aa0de9458291,2.0,2.0,0.1,0.002,16210803,51,5.0000003123,True,True,single_inherited_stream,one trajectory; contiguous blocks are not replicas,True,True,False
historical_three_point_pimd2,/home/galoren/Freecurve_AI_Solvation/results/physics_probes/pimd2_lambda01_5ps/dimethylether/output/Task5_MD_Transition_LIGAnnihilation_2__SYSTEM.ene,f1805c484355982587869fa80fcebc8b2bee289090da08b2d640326384eb1dab,/home/galoren/Freecurve_AI_Solvation/results/physics_probes/pimd2_lambda01_5ps/dimethylether/conf.xml,34ab710b023612dd8f9fff93417f3a4929936ac08f7d849e2318dcbd53f9b389,2.0,2.0,0.1,0.002,3130605,51,5.0000003123,True,True,single_inherited_stream,one trajectory; contiguous blocks are not replicas,True,True,False
historical_three_point_pimd2,/home/galoren/Freecurve_AI_Solvation/results/physics_probes/pimd2_lambda01_5ps/dimethylsulfide/output/Task5_MD_Transition_LIGAnnihilation_2__SYSTEM.ene,0996425cf19ef51cc82af3912b3ffeccb66faa7b77bf5eff5c11d6308ea15eb1,/home/galoren/Freecurve_AI_Solvation/results/physics_probes/pimd2_lambda01_5ps/dimethylsulfide/conf.xml,a3c9adfa5883a4d8c3b5474b466a35c30251d7d5da64c55ddba2172b60d1d443,2.0,2.0,0.1,0.002,9081681,51,5.0000003123,True,True,single_inherited_stream,one trajectory; contiguous blocks are not replicas,True,True,False
historical_three_point_pimd2,/home/galoren/Freecurve_AI_Solvation/results/physics_probes/pimd2_lambda01_5ps/ethane/output/Task5_MD_Transition_LIGAnnihilation_2__SYSTEM.ene,01a115c2ad445596c7475bc42a3e7d75342fb1af7d0043377c50a98242fed3b8,/home/galoren/Freecurve_AI_Solvation/results/physics_probes/pimd2_lambda01_5ps/ethane/conf.xml,a6aabc3a8d35447c01151bd4c7cc7de5c91794d189196a11e9f9ab4250029d5a,2.0,2.0,0.1,0.002,13086147,51,5.0000003123,True,True,single_inherited_stream,one trajectory; contiguous blocks are not replicas,True,True,False
historical_three_point_pimd2,/home/galoren/Freecurve_AI_Solvation/results/physics_probes/pimd2_lambda01_5ps/ethanethiol/output/Task5_MD_Transition_LIGAnnihilation_2__SYSTEM.ene,27090038d0a23af050c5a6c9b601db80fc749fae77787bc75342b84cdddd4cd8,/home/galoren/Freecurve_AI_Solvation/results/physics_probes/pimd2_lambda01_5ps/ethanethiol/conf.xml,99798e0d0b8f636a9f9f24988126dfd73425ea0306f89e9de6bba3837bd9b3a3,2.0,2.0,0.1,0.002,6845725,51,5.0000003123,True,True,single_inherited_stream,one trajectory; contiguous blocks are not replicas,True,True,False
historical_three_point_pimd2,/home/galoren/Freecurve_AI_Solvation/results/physics_probes/pimd2_lambda01_5ps/ethanol/output/Task5_MD_Transition_LIGAnnihilation_2__SYSTEM.ene,1b38b501b474872ea6bd0b71e6f812fe72852eee62ff7fe30cc8c5dc68c114dc,/home/galoren/Freecurve_AI_Solvation/results/physics_probes/pimd2_lambda01_5ps/ethanol/conf.xml,b7c5b390a56eb95360b67cf25cb3f9a349599d32f70bcc8a9a07989fc205fde4,2.0,2.0,0.1,0.002,14725246,51,5.0000003123,True,True,single_inherited_stream,one trajectory; contiguous blocks are not replicas,True,True,False
historical_three_point_pimd2,/home/galoren/Freecurve_AI_Solvation/results/physics_probes/pimd2_lambda01_5ps/ethene/output/Task5_MD_Transition_LIGAnnihilation_2__SYSTEM.ene,7f1263cacedbf93dcd79741bbb7a92cd8866b0c550d4f97bcaa1e213b08b8d52,/home/galoren/Freecurve_AI_Solvation/results/physics_probes/pimd2_lambda01_5ps/ethene/conf.xml,f6ce7db534003c0562f4ca6fdf4bc25c15485e73a2b2679383ca50ccad80ee10,2.0,2.0,0.1,0.002,9198246,51,5.0000003123,True,True,single_inherited_stream,one trajectory; contiguous blocks are not replicas,True,True,False
historical_three_point_pimd2,/home/galoren/Freecurve_AI_Solvation/results/physics_probes/pimd2_lambda01_5ps/ethylacetate/output/Task5_MD_Transition_LIGAnnihilation_2__SYSTEM.ene,0e501753fb07ae636466e59dc6b9223db115d60174549dae78fa43cd7d139082,/home/galoren/Freecurve_AI_Solvation/results/physics_probes/pimd2_lambda01_5ps/ethylacetate/conf.xml,44096d871eea3d3f034cba9ff5b2f40d1756aa851705d2f7caa6eac62e206b16,2.0,2.0,0.1,0.002,990252,51,5.0000003123,True,True,single_inherited_stream,one trajectory; contiguous blocks are not replicas,True,True,False
historical_three_point_pimd2,/home/galoren/Freecurve_AI_Solvation/results/physics_probes/pimd2_lambda01_5ps/ethylmethylsulfide/output/Task5_MD_Transition_LIGAnnihilation_2__SYSTEM.ene,a0c19bf8705ac82f9c8037726e631bf9311275eb76969c41449f83e976b0fee9,/home/galoren/Freecurve_AI_Solvation/results/physics_probes/pimd2_lambda01_5ps/ethylmethylsulfide/conf.xml,6b2a6e1acd7ebb07db684a0a812f748e1ae94f4eba1e2990814beeb6db2fec5d,2.0,2.0,0.1,0.002,7505146,51,5.0000003123,True,True,single_inherited_stream,one trajectory; contiguous blocks are not replicas,True,True,False
historical_three_point_pimd2,/home/galoren/Freecurve_AI_Solvation/results/physics_probes/pimd2_lambda01_5ps/hexa2none/output/Task5_MD_Transition_LIGAnnihilation_2__SYSTEM.ene,7d6040407f8193479040f80abb1b9034c220c08a6e01267f09fcaaee4d294154,/home/galoren/Freecurve_AI_Solvation/results/physics_probes/pimd2_lambda01_5ps/hexa2none/conf.xml,3aa1e3e83cde0a9e0a1af413acdbd1f96c396bd3cc3e8617699fdfac23080707,2.0,2.0,0.1,0.002,3831794,51,5.0000003123,True,True,single_inherited_stream,one trajectory; contiguous blocks are not replicas,True,True,False
historical_three_point_pimd2,/home/galoren/Freecurve_AI_Solvation/results/physics_probes/pimd2_lambda01_5ps/hexane/output/Task5_MD_Transition_LIGAnnihilation_2__SYSTEM.ene,138026d7d3e2c201faad32c760d500c96c31b98bebc45b77543f4dbcdf83162c,/home/galoren/Freecurve_AI_Solvation/results/physics_probes/pimd2_lambda01_5ps/hexane/conf.xml,70dc48d3fbe5149e330e6749d4281a91e8a92772a18f05a3e4ea235f168c3196,2.0,2.0,0.1,0.002,14158737,51,5.0000003123,True,True,single_inherited_stream,one trajectory; contiguous blocks are not replicas,True,True,False
historical_three_point_pimd2,/home/galoren/Freecurve_AI_Solvation/results/physics_probes/pimd2_lambda01_5ps/imidazole/output/Task5_MD_Transition_LIGAnnihilation_2__SYSTEM.ene,464264b5da5f9f220db5077629d074d10d4c5b0dac766956563af1f412f9df8f,/home/galoren/Freecurve_AI_Solvation/results/physics_probes/pimd2_lambda01_5ps/imidazole/conf.xml,738cd6fe98357c69c7c3edcc19aa2ab0416ed126549fccc53f80232bd2610fc0,2.0,2.0,0.1,0.002,4653282,51,5.0000003123,True,True,single_inherited_stream,one trajectory; contiguous blocks are not replicas,True,True,False
historical_three_point_pimd2,/home/galoren/Freecurve_AI_Solvation/results/physics_probes/pimd2_lambda01_5ps/isobutane/output/Task5_MD_Transition_LIGAnnihilation_2__SYSTEM.ene,51a5eaf4ea5f42651726d443c525f1a7354dd4f20500cd17b618bd3d7a67b4ad,/home/galoren/Freecurve_AI_Solvation/results/physics_probes/pimd2_lambda01_5ps/isobutane/conf.xml,ac80006cfeecab628706219f1a5c79377a1edea60423c99c31f96a0f7af1f458,2.0,2.0,0.1,0.002,6763174,51,5.0000003123,True,True,single_inherited_stream,one trajectory; contiguous blocks are not replicas,True,True,False
historical_three_point_pimd2,/home/galoren/Freecurve_AI_Solvation/results/physics_probes/pimd2_lambda01_5ps/m_cresol/output/Task5_MD_Transition_LIGAnnihilation_2__SYSTEM.ene,f96ce7c52229fc1a27cc2d12ea58395d4f78cff409cd220ab741e46ca8da617c,/home/galoren/Freecurve_AI_Solvation/results/physics_probes/pimd2_lambda01_5ps/m_cresol/conf.xml,1c86c4b999ba3b710410918423f3889edee3e7ba4e4b53fa2c9648de3089dd8a,2.0,2.0,0.1,0.002,16746833,51,5.0000003123,True,True,single_inherited_stream,one trajectory; contiguous blocks are not replicas,True,True,False
historical_three_point_pimd2,/home/galoren/Freecurve_AI_Solvation/results/physics_probes/pimd2_lambda01_5ps/methane/output/Task5_MD_Transition_LIGAnnihilation_2__SYSTEM.ene,582f0e1100e3dcadf19aad562ed7c7da906c07ea8a36e9acfb2f63196f468d58,/home/galoren/Freecurve_AI_Solvation/results/physics_probes/pimd2_lambda01_5ps/methane/conf.xml,ef7dd03f10b81a4296c7928a1ae225bef799cd07a2a90dd20abf9d4f96354535,2.0,2.0,0.1,0.002,7239716,51,5.0000003123,True,True,single_inherited_stream,one trajectory; contiguous blocks are not replicas,True,True,False
historical_three_point_pimd2,/home/galoren/Freecurve_AI_Solvation/results/physics_probes/pimd2_lambda01_5ps/methanethiol/output/Task5_MD_Transition_LIGAnnihilation_2__SYSTEM.ene,9448acd59c1ee60f7db428e3df1d0eea6148a0dce2fa2854390bcd87cbc8faa6,/home/galoren/Freecurve_AI_Solvation/results/physics_probes/pimd2_lambda01_5ps/methanethiol/conf.xml,4ba920a42a843ce9007009d67a8cd46359421913966cbe4176f4f92d9daa4965,2.0,2.0,0.1,0.002,6810849,51,5.0000003123,True,True,single_inherited_stream,one trajectory; contiguous blocks are not replicas,True,True,False
historical_three_point_pimd2,/home/galoren/Freecurve_AI_Solvation/results/physics_probes/pimd2_lambda01_5ps/methanol/output/Task5_MD_Transition_LIGAnnihilation_2__SYSTEM.ene,4f2c01a61218df20798841c5f35a0e02ffa2a94d3b9b863923271eac202f200b,/home/galoren/Freecurve_AI_Solvation/results/physics_probes/pimd2_lambda01_5ps/methanol/conf.xml,210055768a96fd05b19deac6bfd1b505c95c88adbd31bf8a84e00447cfa6491f,2.0,2.0,0.1,0.002,16325396,51,5.0000003123,True,True,single_inherited_stream,one trajectory; contiguous blocks are not replicas,True,True,False
historical_three_point_pimd2,/home/galoren/Freecurve_AI_Solvation/results/physics_probes/pimd2_lambda01_5ps/methylamine/output/Task5_MD_Transition_LIGAnnihilation_2__SYSTEM.ene,845f7f28b74190b75509d8f92937e6a030adf5a3e8bb326314d5a97055cc5a0b,/home/galoren/Freecurve_AI_Solvation/results/physics_probes/pimd2_lambda01_5ps/methylamine/conf.xml,031eff164a97c1b0eee18ade8c108649063e96d3e0176ae5078416e97203a787,2.0,2.0,0.1,0.002,3732387,51,5.0000003123,True,True,single_inherited_stream,one trajectory; contiguous blocks are not replicas,True,True,False
historical_three_point_pimd2,/home/galoren/Freecurve_AI_Solvation/results/physics_probes/pimd2_lambda01_5ps/methylpropionate/output/Task5_MD_Transition_LIGAnnihilation_2__SYSTEM.ene,405ff78f7c58c7fe3e2c12883f63e23b93de0fe43034c869e31f5d4f4d467149,/home/galoren/Freecurve_AI_Solvation/results/physics_probes/pimd2_lambda01_5ps/methylpropionate/conf.xml,e3d675e504e7450153cb22b08700da1e0c2d82e620b314414b7a6c00bb958c66,2.0,2.0,0.1,0.002,2463581,51,5.0000003123,True,True,single_inherited_stream,one trajectory; contiguous blocks are not replicas,True,True,False
historical_three_point_pimd2,/home/galoren/Freecurve_AI_Solvation/results/physics_probes/pimd2_lambda01_5ps/n_methylacetamide/output/Task5_MD_Transition_LIGAnnihilation_2__SYSTEM.ene,96de1aec6378d97835ef4cfaa4d0ad9fc4c5da32a50ee847e9452b607e4abec0,/home/galoren/Freecurve_AI_Solvation/results/physics_probes/pimd2_lambda01_5ps/n_methylacetamide/conf.xml,004e66e8f75bff3505e8eee6c29df6ddc622b76336ecb591056e1690266fa87d,2.0,2.0,0.1,0.002,14916,51,5.0000003123,True,True,single_inherited_stream,one trajectory; contiguous blocks are not replicas,True,True,False
historical_three_point_pimd2,/home/galoren/Freecurve_AI_Solvation/results/physics_probes/pimd2_lambda01_5ps/napthalene/output/Task5_MD_Transition_LIGAnnihilation_2__SYSTEM.ene,a826bc5b9f2c1c30b21314c0787f0bb5db8e91b9b29a956ee158d2fc60d8bdc1,/home/galoren/Freecurve_AI_Solvation/results/physics_probes/pimd2_lambda01_5ps/napthalene/conf.xml,74bcfcebcd87a16bfc788773dc040fecba7e4943076587ca7a8d86875049a646,2.0,2.0,0.1,0.002,9142851,51,5.0000003123,True,True,single_inherited_stream,one trajectory; contiguous blocks are not replicas,True,True,False
historical_three_point_pimd2,/home/galoren/Freecurve_AI_Solvation/results/physics_probes/pimd2_lambda01_5ps/neopentane/output/Task5_MD_Transition_LIGAnnihilation_2__SYSTEM.ene,6d77eac2fead7f25dee302287799220f344f7b9fd8efe31ef199b431c91595a3,/home/galoren/Freecurve_AI_Solvation/results/physics_probes/pimd2_lambda01_5ps/neopentane/conf.xml,1703166d524ba422a71608e22779b33bc33fb8c9ce2c0ae7329fa8a42b31e25e,2.0,2.0,0.1,0.002,2079838,51,5.0000003123,True,True,single_inherited_stream,one trajectory; contiguous blocks are not replicas,True,True,False
historical_three_point_pimd2,/home/galoren/Freecurve_AI_Solvation/results/physics_probes/pimd2_lambda01_5ps/o_cresol/output/Task5_MD_Transition_LIGAnnihilation_2__SYSTEM.ene,bd2bf85ac15c70be1713f2adde50facb357712eee4c6e1c5dcef6c5b5d0ea90a,/home/galoren/Freecurve_AI_Solvation/results/physics_probes/pimd2_lambda01_5ps/o_cresol/conf.xml,4ea7f3f6adfeac25aaa54e4b0086fa36fa98139f29bbc0018d01a4031bebb821,2.0,2.0,0.1,0.002,13771984,51,5.0000003123,True,True,single_inherited_stream,one trajectory; contiguous blocks are not replicas,True,True,False
historical_three_point_pimd2,/home/galoren/Freecurve_AI_Solvation/results/physics_probes/pimd2_lambda01_5ps/octane/output/Task5_MD_Transition_LIGAnnihilation_2__SYSTEM.ene,cf99d00f5db19892e06138027fa339be9b6bb007669c6bd22437d04d051a1bfb,/home/galoren/Freecurve_AI_Solvation/results/physics_probes/pimd2_lambda01_5ps/octane/conf.xml,196c9c047975e6f78ad5b76b9e1c204064b8c474aef40c7131f7a181a5404aa6,2.0,2.0,0.1,0.002,9078009,51,5.0000003123,True,True,single_inherited_stream,one trajectory; contiguous blocks are not replicas,True,True,False
historical_three_point_pimd2,/home/galoren/Freecurve_AI_Solvation/results/physics_probes/pimd2_lambda01_5ps/octanol/output/Task5_MD_Transition_LIGAnnihilation_2__SYSTEM.ene,5f968d16484b73ec85381c60d1623cdc21dfaac1972b8efbc725ba87fcdefe05,/home/galoren/Freecurve_AI_Solvation/results/physics_probes/pimd2_lambda01_5ps/octanol/conf.xml,cfb387b8511a0afb747c2e086afbc824e87411d7690ec8336a47c6dca9626775,2.0,2.0,0.1,0.002,13065161,51,5.0000003123,True,True,single_inherited_stream,one trajectory; contiguous blocks are not replicas,True,True,False
historical_three_point_pimd2,/home/galoren/Freecurve_AI_Solvation/results/physics_probes/pimd2_lambda01_5ps/p_cresol/output/Task5_MD_Transition_LIGAnnihilation_2__SYSTEM.ene,f55bf6a2f58b802b05c79d4f01dbf5e121891bafd18d1bb9503271c6e1bcf212,/home/galoren/Freecurve_AI_Solvation/results/physics_probes/pimd2_lambda01_5ps/p_cresol/conf.xml,1f29704c487a3b321590b261abd12bc1d7dd44a6a7f3866311e92e721aea21a5,2.0,2.0,0.1,0.002,12685109,51,5.0000003123,True,True,single_inherited_stream,one trajectory; contiguous blocks are not replicas,True,True,False
historical_three_point_pimd2,/home/galoren/Freecurve_AI_Solvation/results/physics_probes/pimd2_lambda01_5ps/pent_1_ene/output/Task5_MD_Transition_LIGAnnihilation_2__SYSTEM.ene,bc87d2678e033701cc6a7f660cb82bb97fd05c039b97429b0613ffec7ccee607,/home/galoren/Freecurve_AI_Solvation/results/physics_probes/pimd2_lambda01_5ps/pent_1_ene/conf.xml,e1b95eaf1da5b68166bc2cdf5dd90fefca4e84f0743b28840be319042ab7f72d,2.0,2.0,0.1,0.002,14541180,51,5.0000003123,True,True,single_inherited_stream,one trajectory; contiguous blocks are not replicas,True,True,False
historical_three_point_pimd2,/home/galoren/Freecurve_AI_Solvation/results/physics_probes/pimd2_lambda01_5ps/pentane/output/Task5_MD_Transition_LIGAnnihilation_2__SYSTEM.ene,d53e280c98dbf64049036503ca33b742569639d4d8651b975f8bb9774dfd0d2b,/home/galoren/Freecurve_AI_Solvation/results/physics_probes/pimd2_lambda01_5ps/pentane/conf.xml,88854b204b05b64af6d991faea67b56b666d1bd74e5923f74f936262c595eef6,2.0,2.0,0.1,0.002,3056326,51,5.0000003123,True,True,single_inherited_stream,one trajectory; contiguous blocks are not replicas,True,True,False
historical_three_point_pimd2,/home/galoren/Freecurve_AI_Solvation/results/physics_probes/pimd2_lambda01_5ps/phenanthrene/output/Task5_MD_Transition_LIGAnnihilation_2__SYSTEM.ene,1bdf274eb9b75f4f109dff675a91843465877a6269e00e886d953dc5eb38bac1,/home/galoren/Freecurve_AI_Solvation/results/physics_probes/pimd2_lambda01_5ps/phenanthrene/conf.xml,e28ee5a866cc995c0879eb9412170af0dd32c7ec78596b97b23cc2b024b8d125,2.0,2.0,0.1,0.002,12221011,51,5.0000003123,True,True,single_inherited_stream,one trajectory; contiguous blocks are not replicas,True,True,False
historical_three_point_pimd2,/home/galoren/Freecurve_AI_Solvation/results/physics_probes/pimd2_lambda01_5ps/propane/output/Task5_MD_Transition_LIGAnnihilation_2__SYSTEM.ene,977db1a582eeaaa884b45e966d85c6b9274d18fbbd0af73b8c80cf6b821a4ad1,/home/galoren/Freecurve_AI_Solvation/results/physics_probes/pimd2_lambda01_5ps/propane/conf.xml,1f61a85dd456d53affdb46f5784841d27de428fb2378d2c938da4e36d927be96,2.0,2.0,0.1,0.002,11433427,51,5.0000003123,True,True,single_inherited_stream,one trajectory; contiguous blocks are not replicas,True,True,False
historical_three_point_pimd2,/home/galoren/Freecurve_AI_Solvation/results/physics_probes/pimd2_lambda01_5ps/propanol/output/Task5_MD_Transition_LIGAnnihilation_2__SYSTEM.ene,c6450171504c4280632c832c73d4b586648167989b04f379648a87d0097b11b3,/home/galoren/Freecurve_AI_Solvation/results/physics_probes/pimd2_lambda01_5ps/propanol/conf.xml,6edc3ff79f57fa37034c0d1ba85c548bda8f0ae10b46c3f71937a503ec2a2d12,2.0,2.0,0.1,0.002,7931363,51,5.0000003123,True,True,single_inherited_stream,one trajectory; contiguous blocks are not replicas,True,True,False
historical_three_point_pimd2,/home/galoren/Freecurve_AI_Solvation/results/physics_probes/pimd2_lambda01_5ps/propene/output/Task5_MD_Transition_LIGAnnihilation_2__SYSTEM.ene,2b306c96f549de2c2dd7d353d874e19d7fe30c72a7a46b55a5a5391322f036f9,/home/galoren/Freecurve_AI_Solvation/results/physics_probes/pimd2_lambda01_5ps/propene/conf.xml,5e423c1d370e98e346fd96bc4fead40d7730a37a25c24c8f9b1a1729fdb401b9,2.0,2.0,0.1,0.002,12166383,51,5.0000003123,True,True,single_inherited_stream,one trajectory; contiguous blocks are not replicas,True,True,False
historical_three_point_pimd2,/home/galoren/Freecurve_AI_Solvation/results/physics_probes/pimd2_lambda01_5ps/propionaldehyde/output/Task5_MD_Transition_LIGAnnihilation_2__SYSTEM.ene,ffe20a9ce1343228a1d7acf0438414dbd3b3a11cc2f3a2506df77cec757d9082,/home/galoren/Freecurve_AI_Solvation/results/physics_probes/pimd2_lambda01_5ps/propionaldehyde/conf.xml,1249ea0a7335fbd602a391540d3a609bd4e89ae2d96049bdaa7e38123001448e,2.0,2.0,0.1,0.002,356440,51,5.0000003123,True,True,single_inherited_stream,one trajectory; contiguous blocks are not replicas,True,True,False
historical_three_point_pimd2,/home/galoren/Freecurve_AI_Solvation/results/physics_probes/pimd2_lambda01_5ps/propionicacid/output/Task5_MD_Transition_LIGAnnihilation_2__SYSTEM.ene,8c78d7b5becb0392391e31e99820f2d04e1e12a4b42d2bd93481c5f0579009e7,/home/galoren/Freecurve_AI_Solvation/results/physics_probes/pimd2_lambda01_5ps/propionicacid/conf.xml,3d439154143887a1ee9d8db20dea7fd1877aa90765d79cfff129cbeb4b6dcf60,2.0,2.0,0.1,0.002,3637444,51,5.0000003123,True,True,single_inherited_stream,one trajectory; contiguous blocks are not replicas,True,True,False
historical_three_point_pimd2,/home/galoren/Freecurve_AI_Solvation/results/physics_probes/pimd2_lambda01_5ps/propylacetate/output/Task5_MD_Transition_LIGAnnihilation_2__SYSTEM.ene,e5df4d0bc77c0e6c576fb187ec3968dfc67b1f4937cf29d9848c711649742677,/home/galoren/Freecurve_AI_Solvation/results/physics_probes/pimd2_lambda01_5ps/propylacetate/conf.xml,d7c6325ee52859bcd6398b9a155fc884a55869718298f23e3421afe95087fbcf,2.0,2.0,0.1,0.002,1842887,51,5.0000003123,True,True,single_inherited_stream,one trajectory; contiguous blocks are not replicas,True,True,False
historical_three_point_pimd2,/home/galoren/Freecurve_AI_Solvation/results/physics_probes/pimd2_lambda01_5ps/pyridine/output/Task5_MD_Transition_LIGAnnihilation_2__SYSTEM.ene,5a0ed59498fd3d92daeb48be7b8be7778d155da6733c7886adf207686d6655f9,/home/galoren/Freecurve_AI_Solvation/results/physics_probes/pimd2_lambda01_5ps/pyridine/conf.xml,57b8c708b5b362b4cd7eef610e5a84a64f0faf2ee7d4719514dffc44bf9a67db,2.0,2.0,0.1,0.002,14671878,51,5.0000003123,True,True,single_inherited_stream,one trajectory; contiguous blocks are not replicas,True,True,False
historical_three_point_pimd2,/home/galoren/Freecurve_AI_Solvation/results/physics_probes/pimd2_lambda01_5ps/pyrrole/output/Task5_MD_Transition_LIGAnnihilation_2__SYSTEM.ene,82947e64e9376b52005fd7261b9d231f02a15a88c7042c22313de8ed0aeac1ec,/home/galoren/Freecurve_AI_Solvation/results/physics_probes/pimd2_lambda01_5ps/pyrrole/conf.xml,9c4561152bba6c18d6e01abe47fe2ca134e977300e9a9657c68fb449232e49e9,2.0,2.0,0.1,0.002,6460364,51,5.0000003123,True,True,single_inherited_stream,one trajectory; contiguous blocks are not replicas,True,True,False
historical_three_point_pimd2,/home/galoren/Freecurve_AI_Solvation/results/physics_probes/pimd2_lambda01_5ps/tetracene/output/Task5_MD_Transition_LIGAnnihilation_2__SYSTEM.ene,af12c7f09fe57b78b3100a5d1d51e8e39b617358a74ed9c5dbe7f9bea1ba5cbc,/home/galoren/Freecurve_AI_Solvation/results/physics_probes/pimd2_lambda01_5ps/tetracene/conf.xml,5124c843a7382e9aa16ae88788e26a5f36b3d560b17f0329d9fc981e09522ed5,2.0,2.0,0.1,0.002,8809459,51,5.0000003123,True,True,single_inherited_stream,one trajectory; contiguous blocks are not replicas,True,True,False
historical_three_point_pimd2,/home/galoren/Freecurve_AI_Solvation/results/physics_probes/pimd2_lambda01_5ps/toluene/output/Task5_MD_Transition_LIGAnnihilation_2__SYSTEM.ene,e0f03fd249be3839c7409a5fa6dd0fb67f7ec4974384bdd307e784874da681ac,/home/galoren/Freecurve_AI_Solvation/results/physics_probes/pimd2_lambda01_5ps/toluene/conf.xml,8b4484d6a90ef9b0a2ba06bb3ceb8a59a3e7f9938e2398e8527d524613958398,2.0,2.0,0.1,0.002,10949482,51,5.0000003123,True,True,single_inherited_stream,one trajectory; contiguous blocks are not replicas,True,True,False
historical_three_point_pimd2,/home/galoren/Freecurve_AI_Solvation/results/physics_probes/pimd2_lambda01_5ps/trimethylamine/output/Task5_MD_Transition_LIGAnnihilation_2__SYSTEM.ene,39b01140088d45a0910bc75dd50e3b213e016bc33d479e2bf36f2064a2b683ce,/home/galoren/Freecurve_AI_Solvation/results/physics_probes/pimd2_lambda01_5ps/trimethylamine/conf.xml,c3dbf9c14feb3718f73b294908a07d7e9d626f12b5324f515b0cdecaae423647,2.0,2.0,0.1,0.002,1305192,51,5.0000003123,True,True,single_inherited_stream,one trajectory; contiguous blocks are not replicas,True,True,False
historical_three_point_pimd2,/home/galoren/Freecurve_AI_Solvation/results/physics_probes/pimd2_lambda01_5ps/water/output/Task5_MD_Transition_LIGAnnihilation_2__SYSTEM.ene,ed059ec3a61417d25208a8cb973a10c2b57870a9738503a9d5013ed52f64ebd5,/home/galoren/Freecurve_AI_Solvation/results/physics_probes/pimd2_lambda01_5ps/water/conf.xml,01093529715d94088c463f0c999caa33345bde9635bf0d6369e9bb195f81357d,2.0,2.0,0.1,0.002,14588699,51,5.0000003123,True,True,single_inherited_stream,one trajectory; contiguous blocks are not replicas,True,True,False
historical_three_point_pimd2,/home/galoren/Freecurve_AI_Solvation/results/physics_probes/pimd2_lambda05_5ps/1_butanethiol/output/Task5_MD_Transition_LIGAnnihilation_6__SYSTEM.ene,692dc8b4e1ea304424f574d190263135d07e6439ed340d9bd0c1104b4bcd0369,/home/galoren/Freecurve_AI_Solvation/results/physics_probes/pimd2_lambda05_5ps/1_butanethiol/conf.xml,f862dd476676f9bb671d9b7bb2daacc7570a6ab1fa45f2a06d812419be86d074,2.0,6.0,0.5,0.002,12371221,51,5.0000003123,True,True,single_inherited_stream,one trajectory; contiguous blocks are not replicas,True,True,False
historical_three_point_pimd2,/home/galoren/Freecurve_AI_Solvation/results/physics_probes/pimd2_lambda05_5ps/1_butanol/output/Task5_MD_Transition_LIGAnnihilation_6__SYSTEM.ene,792cd9118638262027ad5cba58ceeef493bb5e935285b34ec336eb5104546b2f,/home/galoren/Freecurve_AI_Solvation/results/physics_probes/pimd2_lambda05_5ps/1_butanol/conf.xml,37821bc625fa35fa4d4063a3d30ee5717e966f3ade5c60f3238e911b4c497303,2.0,6.0,0.5,0.002,4477223,51,5.0000003123,True,True,single_inherited_stream,one trajectory; contiguous blocks are not replicas,True,True,False
historical_three_point_pimd2,/home/galoren/Freecurve_AI_Solvation/results/physics_probes/pimd2_lambda05_5ps/1_pentanol/output/Task5_MD_Transition_LIGAnnihilation_6__SYSTEM.ene,bf779397a4f2b17256553e9d451e94e4a58ac0b4e70f6c4107b2b85e94e64e59,/home/galoren/Freecurve_AI_Solvation/results/physics_probes/pimd2_lambda05_5ps/1_pentanol/conf.xml,877c760da941be6e157682c23c4cff1e2b0df04dcb3b3385476eb2a47e118b46,2.0,6.0,0.5,0.002,13673617,51,5.0000003123,True,True,single_inherited_stream,one trajectory; contiguous blocks are not replicas,True,True,False
historical_three_point_pimd2,/home/galoren/Freecurve_AI_Solvation/results/physics_probes/pimd2_lambda05_5ps/2_butanone/output/Task5_MD_Transition_LIGAnnihilation_6__SYSTEM.ene,5ec309222f3480f4d67ac54dd0dc003eccaba6307ae094be0964ad05e1a194df,/home/galoren/Freecurve_AI_Solvation/results/physics_probes/pimd2_lambda05_5ps/2_butanone/conf.xml,5651bc78a2c777d54abaca8d047d8eed99f80a01498ff84b5a35e42872aea8b3,2.0,6.0,0.5,0.002,2247295,51,5.0000003123,True,True,single_inherited_stream,one trajectory; contiguous blocks are not replicas,True,True,False
historical_three_point_pimd2,/home/galoren/Freecurve_AI_Solvation/results/physics_probes/pimd2_lambda05_5ps/2_methyl_2_butanol/output/Task5_MD_Transition_LIGAnnihilation_6__SYSTEM.ene,6dafb6dea346fb65989d747ae8024890efa815d27c9c373c3dea1d130c4e761c,/home/galoren/Freecurve_AI_Solvation/results/physics_probes/pimd2_lambda05_5ps/2_methyl_2_butanol/conf.xml,232c96641df88d2bfa2c17ca32505ec7b054189b1d0aaef6a07cb7363466ec12,2.0,6.0,0.5,0.002,10800370,51,5.0000003123,True,True,single_inherited_stream,one trajectory; contiguous blocks are not replicas,True,True,False
historical_three_point_pimd2,/home/galoren/Freecurve_AI_Solvation/results/physics_probes/pimd2_lambda05_5ps/2_pentanol/output/Task5_MD_Transition_LIGAnnihilation_6__SYSTEM.ene,a2155ceae73095cf0065c2529d94d7f21aa6383b3909a41fee5793cc7e4ae5e4,/home/galoren/Freecurve_AI_Solvation/results/physics_probes/pimd2_lambda05_5ps/2_pentanol/conf.xml,0e7f6bc4712875c2363222f8b4e72f0523381cbf03b0309b2542af3bdb82092f,2.0,6.0,0.5,0.002,11065691,51,5.0000003123,True,True,single_inherited_stream,one trajectory; contiguous blocks are not replicas,True,True,False
historical_three_point_pimd2,/home/galoren/Freecurve_AI_Solvation/results/physics_probes/pimd2_lambda05_5ps/2_pentanone/output/Task5_MD_Transition_LIGAnnihilation_6__SYSTEM.ene,88cb4e270ae8b8a9604097363f7191ded4c4d62c5037e02b96214fd673f96d1b,/home/galoren/Freecurve_AI_Solvation/results/physics_probes/pimd2_lambda05_5ps/2_pentanone/conf.xml,dd2b2e8cfecc33efca84c246c36f1d567c975908cae0eba4ad0cb3c89d6f1b0d,2.0,6.0,0.5,0.002,878726,51,5.0000003123,True,True,single_inherited_stream,one trajectory; contiguous blocks are not replicas,True,True,False
historical_three_point_pimd2,/home/galoren/Freecurve_AI_Solvation/results/physics_probes/pimd2_lambda05_5ps/3_methyl_indole/output/Task5_MD_Transition_LIGAnnihilation_6__SYSTEM.ene,ee880df7d6da688d9de8822350aaf9cd664a7b99e2ba340a2fce6c0754a93a0c,/home/galoren/Freecurve_AI_Solvation/results/physics_probes/pimd2_lambda05_5ps/3_methyl_indole/conf.xml,5d76230367e1a6b3d3caa71fedf20037c86e7f6cbd3908e762346930d15fe4c0,2.0,6.0,0.5,0.002,14961706,51,5.0000003123,True,True,single_inherited_stream,one trajectory; contiguous blocks are not replicas,True,True,False
historical_three_point_pimd2,/home/galoren/Freecurve_AI_Solvation/results/physics_probes/pimd2_lambda05_5ps/3_pentanol/output/Task5_MD_Transition_LIGAnnihilation_6__SYSTEM.ene,b8757f003157ff8e70794653bf96149aa8975d831d18b3fe4a7a4079a61623d8,/home/galoren/Freecurve_AI_Solvation/results/physics_probes/pimd2_lambda05_5ps/3_pentanol/conf.xml,f498010ee0a80d6ca5d146c187aba7b0b829ad7da30d43c09084f784f7709c05,2.0,6.0,0.5,0.002,6524995,51,5.0000003123,True,True,single_inherited_stream,one trajectory; contiguous blocks are not replicas,True,True,False
historical_three_point_pimd2,/home/galoren/Freecurve_AI_Solvation/results/physics_probes/pimd2_lambda05_5ps/3_pentanone/output/Task5_MD_Transition_LIGAnnihilation_6__SYSTEM.ene,094085594b85578cce58c76d7e8dbb6f88b41f725ceb048bac9637b5a94d4de5,/home/galoren/Freecurve_AI_Solvation/results/physics_probes/pimd2_lambda05_5ps/3_pentanone/conf.xml,78d3e383f6a18b1268e484a05c17e3d2d738730a6e43cdcfb5d71815759021f8,2.0,6.0,0.5,0.002,8302120,51,5.0000003123,True,True,single_inherited_stream,one trajectory; contiguous blocks are not replicas,True,True,False
historical_three_point_pimd2,/home/galoren/Freecurve_AI_Solvation/results/physics_probes/pimd2_lambda05_5ps/acetaldehyde/output/Task5_MD_Transition_LIGAnnihilation_6__SYSTEM.ene,17e5cd1944c340521d20b2c8a3ace8e6fb6b45b8e690b3d65912a634daedabbb,/home/galoren/Freecurve_AI_Solvation/results/physics_probes/pimd2_lambda05_5ps/acetaldehyde/conf.xml,276eced9c201549ac6a161ce0b91ff854a031931793b83e1591a4babb01eefdf,2.0,6.0,0.5,0.002,13485158,51,5.0000003123,True,True,single_inherited_stream,one trajectory; contiguous blocks are not replicas,True,True,False
historical_three_point_pimd2,/home/galoren/Freecurve_AI_Solvation/results/physics_probes/pimd2_lambda05_5ps/acetamide/output/Task5_MD_Transition_LIGAnnihilation_6__SYSTEM.ene,c09d8dd65c8a043aaababe8048e8dcf29500516f1089662391f67894a2b0f695,/home/galoren/Freecurve_AI_Solvation/results/physics_probes/pimd2_lambda05_5ps/acetamide/conf.xml,a6f15e2792e7639ef4454aa09904b8f50409aaf817fd0d5e22c9ec9576eaf2d5,2.0,6.0,0.5,0.002,2539924,51,5.0000003123,True,True,single_inherited_stream,one trajectory; contiguous blocks are not replicas,True,True,False
historical_three_point_pimd2,/home/galoren/Freecurve_AI_Solvation/results/physics_probes/pimd2_lambda05_5ps/aceticacid/output/Task5_MD_Transition_LIGAnnihilation_6__SYSTEM.ene,3c351f7e9cca424e345fd520871c24050c4bd21fbf37c762a95f893dc364d38c,/home/galoren/Freecurve_AI_Solvation/results/physics_probes/pimd2_lambda05_5ps/aceticacid/conf.xml,f56a5a37b0223f98fa67177ea37ed7bec56363fa1f9a126e91068d07587c3515,2.0,6.0,0.5,0.002,5223755,51,5.0000003123,True,True,single_inherited_stream,one trajectory; contiguous blocks are not replicas,True,True,False
historical_three_point_pimd2,/home/galoren/Freecurve_AI_Solvation/results/physics_probes/pimd2_lambda05_5ps/acetone/output/Task5_MD_Transition_LIGAnnihilation_6__SYSTEM.ene,b79484152c0ee353f5a5c77ee5ba12db7c826b0b3ad000e9b13c5e2d88d61017,/home/galoren/Freecurve_AI_Solvation/results/physics_probes/pimd2_lambda05_5ps/acetone/conf.xml,60634d2163b1315ab899e26793d64cd49a6ec1e0404309036e7081c87165817c,2.0,6.0,0.5,0.002,13253450,51,5.0000003123,True,True,single_inherited_stream,one trajectory; contiguous blocks are not replicas,True,True,False
historical_three_point_pimd2,/home/galoren/Freecurve_AI_Solvation/results/physics_probes/pimd2_lambda05_5ps/aniline/output/Task5_MD_Transition_LIGAnnihilation_6__SYSTEM.ene,a17c126e992774a9e70bdf9fef8210f1678a14ce052150a45aefb10f92c49938,/home/galoren/Freecurve_AI_Solvation/results/physics_probes/pimd2_lambda05_5ps/aniline/conf.xml,2480563bef29410b82260823d12fcace3408e447322e2d34b22035a091330d9b,2.0,6.0,0.5,0.002,10376810,51,5.0000003123,True,True,single_inherited_stream,one trajectory; contiguous blocks are not replicas,True,True,False
historical_three_point_pimd2,/home/galoren/Freecurve_AI_Solvation/results/physics_probes/pimd2_lambda05_5ps/anthracene/output/Task5_MD_Transition_LIGAnnihilation_6__SYSTEM.ene,703ab33653413875c2a6229340c46ba3e6b11b2e55a6baef77acdea372066ea4,/home/galoren/Freecurve_AI_Solvation/results/physics_probes/pimd2_lambda05_5ps/anthracene/conf.xml,3a34060fd836406771fb3c2b6dcf86c5428299969093bbf5dcbb752323ba3914,2.0,6.0,0.5,0.002,6990340,51,5.0000003123,True,True,single_inherited_stream,one trajectory; contiguous blocks are not replicas,True,True,False
historical_three_point_pimd2,/home/galoren/Freecurve_AI_Solvation/results/physics_probes/pimd2_lambda05_5ps/benzene/output/Task5_MD_Transition_LIGAnnihilation_6__SYSTEM.ene,4964c7e888d874e0bbe87e3628b3b4b00d9f4a037ab00e02899c6feaddb1e688,/home/galoren/Freecurve_AI_Solvation/results/physics_probes/pimd2_lambda05_5ps/benzene/conf.xml,e1a99e402244a8647b8bae0de66847167ef29f31347b36bed568266745aff4dc,2.0,6.0,0.5,0.002,15244168,51,5.0000003123,True,True,single_inherited_stream,one trajectory; contiguous blocks are not replicas,True,True,False
historical_three_point_pimd2,/home/galoren/Freecurve_AI_Solvation/results/physics_probes/pimd2_lambda05_5ps/biphenyl/output/Task5_MD_Transition_LIGAnnihilation_6__SYSTEM.ene,dc7c2835c07696bda71678bb911fadfa6375f32a4c4b604e504982e4ee4c130d,/home/galoren/Freecurve_AI_Solvation/results/physics_probes/pimd2_lambda05_5ps/biphenyl/conf.xml,e3ff1805c230d9c6c057f43101ba4d45374ae65767b1e5bf19248d45b4b65413,2.0,6.0,0.5,0.002,4745950,51,5.0000003123,True,True,single_inherited_stream,one trajectory; contiguous blocks are not replicas,True,True,False
historical_three_point_pimd2,/home/galoren/Freecurve_AI_Solvation/results/physics_probes/pimd2_lambda05_5ps/but_1_ene/output/Task5_MD_Transition_LIGAnnihilation_6__SYSTEM.ene,6d6fad2017ed57e2ce0621fbc95d95e047c862aff8345ed1dde118af19af7932,/home/galoren/Freecurve_AI_Solvation/results/physics_probes/pimd2_lambda05_5ps/but_1_ene/conf.xml,8cd3d8a05c90b87f02fda79093b1db5d2c7a1a0d77fcd7c7c16326017e758f78,2.0,6.0,0.5,0.002,2137319,51,5.0000003123,True,True,single_inherited_stream,one trajectory; contiguous blocks are not replicas,True,True,False
historical_three_point_pimd2,/home/galoren/Freecurve_AI_Solvation/results/physics_probes/pimd2_lambda05_5ps/buta_13_diene/output/Task5_MD_Transition_LIGAnnihilation_6__SYSTEM.ene,a6246008a3349a34f98794a398b81892ebadc932fb2cef742753561d00164540,/home/galoren/Freecurve_AI_Solvation/results/physics_probes/pimd2_lambda05_5ps/buta_13_diene/conf.xml,c3b3a93c9cd19833a47ec016935f5b5e8ee48b0ea5a625921db3d05328fe1578,2.0,6.0,0.5,0.002,2186714,51,5.0000003123,True,True,single_inherited_stream,one trajectory; contiguous blocks are not replicas,True,True,False
historical_three_point_pimd2,/home/galoren/Freecurve_AI_Solvation/results/physics_probes/pimd2_lambda05_5ps/butanamine/output/Task5_MD_Transition_LIGAnnihilation_6__SYSTEM.ene,a1498d48e0b35bff9fe62ce542546f83d55906dada399dc24d61eb43d0c69b1a,/home/galoren/Freecurve_AI_Solvation/results/physics_probes/pimd2_lambda05_5ps/butanamine/conf.xml,b573dab1d64da3f3f836ec74a7d66b4b5ca8b7a5602e9191a8ac02b865c55190,2.0,6.0,0.5,0.002,1149102,51,5.0000003123,True,True,single_inherited_stream,one trajectory; contiguous blocks are not replicas,True,True,False
historical_three_point_pimd2,/home/galoren/Freecurve_AI_Solvation/results/physics_probes/pimd2_lambda05_5ps/butane/output/Task5_MD_Transition_LIGAnnihilation_6__SYSTEM.ene,94693c0d204b973fe4f8e540af03452d6f6ac8ccf5b487647d3396a222ab289d,/home/galoren/Freecurve_AI_Solvation/results/physics_probes/pimd2_lambda05_5ps/butane/conf.xml,52a40a7d3b95e4f1da5d7b05a0a6a1eaeea1092b92d1b6a6136055ff25dd6f4c,2.0,6.0,0.5,0.002,2739840,51,5.0000003123,True,True,single_inherited_stream,one trajectory; contiguous blocks are not replicas,True,True,False
historical_three_point_pimd2,/home/galoren/Freecurve_AI_Solvation/results/physics_probes/pimd2_lambda05_5ps/butylacetate/output/Task5_MD_Transition_LIGAnnihilation_6__SYSTEM.ene,c06b085a4ec5133b94e11641a94afc8ede3b7fb3d1243c9a364ad2917c1c22fd,/home/galoren/Freecurve_AI_Solvation/results/physics_probes/pimd2_lambda05_5ps/butylacetate/conf.xml,b65ac1c924453bf6f6a4785b88b11ae6bb742cc0a5c924014132149d67cc911f,2.0,6.0,0.5,0.002,5095580,51,5.0000003123,True,True,single_inherited_stream,one trajectory; contiguous blocks are not replicas,True,True,False
historical_three_point_pimd2,/home/galoren/Freecurve_AI_Solvation/results/physics_probes/pimd2_lambda05_5ps/butyricacid/output/Task5_MD_Transition_LIGAnnihilation_6__SYSTEM.ene,6fe894db3572204154a60868e2b5a2f4e3e05dd7e33b2f0da809322c34d066f8,/home/galoren/Freecurve_AI_Solvation/results/physics_probes/pimd2_lambda05_5ps/butyricacid/conf.xml,d0ce95ca6297ece1290a860f362cd00906811693565cd78f3bb324b522fc5f76,2.0,6.0,0.5,0.002,15714862,51,5.0000003123,True,True,single_inherited_stream,one trajectory; contiguous blocks are not replicas,True,True,False
historical_three_point_pimd2,/home/galoren/Freecurve_AI_Solvation/results/physics_probes/pimd2_lambda05_5ps/buytyraldehyde/output/Task5_MD_Transition_LIGAnnihilation_6__SYSTEM.ene,70cd1bc3ae53b6ce85890f15db2296effbf45deee9be29e1026c4036f856aac3,/home/galoren/Freecurve_AI_Solvation/results/physics_probes/pimd2_lambda05_5ps/buytyraldehyde/conf.xml,5d52689c95572dd7ee1618b73ed08f05e9df255f0604a32149c101eff80a1bfb,2.0,6.0,0.5,0.002,12698863,51,5.0000003123,True,True,single_inherited_stream,one trajectory; contiguous blocks are not replicas,True,True,False
historical_three_point_pimd2,/home/galoren/Freecurve_AI_Solvation/results/physics_probes/pimd2_lambda05_5ps/cycloheptane/output/Task5_MD_Transition_LIGAnnihilation_6__SYSTEM.ene,d94008a0235d0f7e77e0e863bb5a108ce80254ad64b3a8502b89265b1c0a9913,/home/galoren/Freecurve_AI_Solvation/results/physics_probes/pimd2_lambda05_5ps/cycloheptane/conf.xml,e6519d5cadb693e6dde2e008671db4785181c15346dbc65a76a1be8a068ee108,2.0,6.0,0.5,0.002,14389129,51,5.0000003123,True,True,single_inherited_stream,one trajectory; contiguous blocks are not replicas,True,True,False
historical_three_point_pimd2,/home/galoren/Freecurve_AI_Solvation/results/physics_probes/pimd2_lambda05_5ps/cyclohexane/output/Task5_MD_Transition_LIGAnnihilation_6__SYSTEM.ene,9a18807dd177ae39dba801b4756c14a57c40b984952cc49fca9a076b16532d3d,/home/galoren/Freecurve_AI_Solvation/results/physics_probes/pimd2_lambda05_5ps/cyclohexane/conf.xml,1f4bbbd27d6903b1741f063b5357dcc7cf49364dac8be1b51978c71b88711899,2.0,6.0,0.5,0.002,2854606,51,5.0000003123,True,True,single_inherited_stream,one trajectory; contiguous blocks are not replicas,True,True,False
historical_three_point_pimd2,/home/galoren/Freecurve_AI_Solvation/results/physics_probes/pimd2_lambda05_5ps/cyclopentane/output/Task5_MD_Transition_LIGAnnihilation_6__SYSTEM.ene,3ab2bc4c0ceba488e366131bdac27e89d441f3722eabae2bef5705f367365c10,/home/galoren/Freecurve_AI_Solvation/results/physics_probes/pimd2_lambda05_5ps/cyclopentane/conf.xml,ed2e465a9996bd60284d233f8abfab6e98fc5c487b0cd21395a003995b1dd51d,2.0,6.0,0.5,0.002,12502111,51,5.0000003123,True,True,single_inherited_stream,one trajectory; contiguous blocks are not replicas,True,True,False
historical_three_point_pimd2,/home/galoren/Freecurve_AI_Solvation/results/physics_probes/pimd2_lambda05_5ps/cyclopropane/output/Task5_MD_Transition_LIGAnnihilation_6__SYSTEM.ene,100c6b05d4fa1128704069393ea504fb8774896f58a861678a0419374cf70ca1,/home/galoren/Freecurve_AI_Solvation/results/physics_probes/pimd2_lambda05_5ps/cyclopropane/conf.xml,443bc37addf73256742b9052b5197eccd2ddaca818df077bda571b0a2bb171ff,2.0,6.0,0.5,0.002,4738026,51,5.0000003123,True,True,single_inherited_stream,one trajectory; contiguous blocks are not replicas,True,True,False
historical_three_point_pimd2,/home/galoren/Freecurve_AI_Solvation/results/physics_probes/pimd2_lambda05_5ps/diethylsulfide/output/Task5_MD_Transition_LIGAnnihilation_6__SYSTEM.ene,e445ec87eb286b01a627fb7d484c6008a9c875693fca435bb537ae53aa6f715b,/home/galoren/Freecurve_AI_Solvation/results/physics_probes/pimd2_lambda05_5ps/diethylsulfide/conf.xml,75e04059675ce188d27aabef95ec1917482b62f658bb4f4a7e78ca4cd2c7d139,2.0,6.0,0.5,0.002,16126792,51,5.0000003123,True,True,single_inherited_stream,one trajectory; contiguous blocks are not replicas,True,True,False
historical_three_point_pimd2,/home/galoren/Freecurve_AI_Solvation/results/physics_probes/pimd2_lambda05_5ps/dimethylacetamide/output/Task5_MD_Transition_LIGAnnihilation_6__SYSTEM.ene,d51b25ae5593daf1a3d661531d5757a54d056a3555046daf76908ae5d9b9d74d,/home/galoren/Freecurve_AI_Solvation/results/physics_probes/pimd2_lambda05_5ps/dimethylacetamide/conf.xml,8eee6301dd67535119bd270cd90378ea6a6fc3cfbc7a662cf2023e03c9eed091,2.0,6.0,0.5,0.002,5194164,51,5.0000003123,True,True,single_inherited_stream,one trajectory; contiguous blocks are not replicas,True,True,False
historical_three_point_pimd2,/home/galoren/Freecurve_AI_Solvation/results/physics_probes/pimd2_lambda05_5ps/dimethylamine/output/Task5_MD_Transition_LIGAnnihilation_6__SYSTEM.ene,ecd4f114828cce3872149d52c009cc2ff8204e9b1fbe0a8f95cd405b0b708ce4,/home/galoren/Freecurve_AI_Solvation/results/physics_probes/pimd2_lambda05_5ps/dimethylamine/conf.xml,cba22a2e3acbd049c9629de626cb8611e0d839d97a1152a46329454cbfb5b566,2.0,6.0,0.5,0.002,2996490,51,5.0000003123,True,True,single_inherited_stream,one trajectory; contiguous blocks are not replicas,True,True,False
historical_three_point_pimd2,/home/galoren/Freecurve_AI_Solvation/results/physics_probes/pimd2_lambda05_5ps/dimethyldisulfide/output/Task5_MD_Transition_LIGAnnihilation_6__SYSTEM.ene,c0f653d49943c7231343fc1c0de523154f8601bd9e8cc5b7a39d3824f2fb2403,/home/galoren/Freecurve_AI_Solvation/results/physics_probes/pimd2_lambda05_5ps/dimethyldisulfide/conf.xml,b494a1789adabbfeb299eee840ceb7f5399fbc0f0bcffee6dbe5bfde7658ceb6,2.0,6.0,0.5,0.002,16210803,51,5.0000003123,True,True,single_inherited_stream,one trajectory; contiguous blocks are not replicas,True,True,False
historical_three_point_pimd2,/home/galoren/Freecurve_AI_Solvation/results/physics_probes/pimd2_lambda05_5ps/dimethylether/output/Task5_MD_Transition_LIGAnnihilation_6__SYSTEM.ene,1bcb7e578ca9d9df2871a0c8edc17a13ec1f5d7dd520bfd8c58488e6cf11868a,/home/galoren/Freecurve_AI_Solvation/results/physics_probes/pimd2_lambda05_5ps/dimethylether/conf.xml,48825f8cdf67f440e4939f6ef13dad280f1efcbbfb37bab8c090183ca68392a1,2.0,6.0,0.5,0.002,3130605,51,5.0000003123,True,True,single_inherited_stream,one trajectory; contiguous blocks are not replicas,True,True,False
historical_three_point_pimd2,/home/galoren/Freecurve_AI_Solvation/results/physics_probes/pimd2_lambda05_5ps/dimethylsulfide/output/Task5_MD_Transition_LIGAnnihilation_6__SYSTEM.ene,518d803812e328810eeade316d0992b3b6ec1ebff7f60500017ed47c0a2db518,/home/galoren/Freecurve_AI_Solvation/results/physics_probes/pimd2_lambda05_5ps/dimethylsulfide/conf.xml,355748f948e0e0c6b349e42f8fa59a2cb4a4b19fd90501e72ca82e873e36162b,2.0,6.0,0.5,0.002,9081681,51,5.0000003123,True,True,single_inherited_stream,one trajectory; contiguous blocks are not replicas,True,True,False
historical_three_point_pimd2,/home/galoren/Freecurve_AI_Solvation/results/physics_probes/pimd2_lambda05_5ps/ethane/output/Task5_MD_Transition_LIGAnnihilation_6__SYSTEM.ene,cc148ee230ed4f92ea54c3b1dc28e064cac4f0b8ce2be6a5386eca59899c7500,/home/galoren/Freecurve_AI_Solvation/results/physics_probes/pimd2_lambda05_5ps/ethane/conf.xml,ffea2d6c3ff9e3f772754012b147f113ad33b7b23b3de0d7de889e820a1ce9e5,2.0,6.0,0.5,0.002,13086147,51,5.0000003123,True,True,single_inherited_stream,one trajectory; contiguous blocks are not replicas,True,True,False
historical_three_point_pimd2,/home/galoren/Freecurve_AI_Solvation/results/physics_probes/pimd2_lambda05_5ps/ethanethiol/output/Task5_MD_Transition_LIGAnnihilation_6__SYSTEM.ene,c6cb1a07cad2d1d7512fca504de03b882dc0be9484bf3d60f5741db3e8a312a4,/home/galoren/Freecurve_AI_Solvation/results/physics_probes/pimd2_lambda05_5ps/ethanethiol/conf.xml,cc8f3deda85a76e59f5543b27f9ad642ff9aaea970d6751bd734deb0bc89a371,2.0,6.0,0.5,0.002,6845725,51,5.0000003123,True,True,single_inherited_stream,one trajectory; contiguous blocks are not replicas,True,True,False
historical_three_point_pimd2,/home/galoren/Freecurve_AI_Solvation/results/physics_probes/pimd2_lambda05_5ps/ethanol/output/Task5_MD_Transition_LIGAnnihilation_6__SYSTEM.ene,c975f05c2815dd3520bb10867a245011e0c34e005e2ec182f65c057f73ed7ab8,/home/galoren/Freecurve_AI_Solvation/results/physics_probes/pimd2_lambda05_5ps/ethanol/conf.xml,1185303b0fc2bace0987d7a6022b31f23dc781ef803542aa0dd42adc12db8b9b,2.0,6.0,0.5,0.002,14725246,51,5.0000003123,True,True,single_inherited_stream,one trajectory; contiguous blocks are not replicas,True,True,False
historical_three_point_pimd2,/home/galoren/Freecurve_AI_Solvation/results/physics_probes/pimd2_lambda05_5ps/ethene/output/Task5_MD_Transition_LIGAnnihilation_6__SYSTEM.ene,f52b6d7ba1e163f313c1f47b6bf297e305c3be183fe66dba018c2dbbce0cb630,/home/galoren/Freecurve_AI_Solvation/results/physics_probes/pimd2_lambda05_5ps/ethene/conf.xml,a534b6b69581c2818ccabeb216bf5fe9e483e290cbc9fb053a20b880715d50b4,2.0,6.0,0.5,0.002,9198246,51,5.0000003123,True,True,single_inherited_stream,one trajectory; contiguous blocks are not replicas,True,True,False
historical_three_point_pimd2,/home/galoren/Freecurve_AI_Solvation/results/physics_probes/pimd2_lambda05_5ps/ethylacetate/output/Task5_MD_Transition_LIGAnnihilation_6__SYSTEM.ene,bf0ff1ffcad6e1365053bcd4a3eb4d1ad2cb6ac39a96637be1cdaf599ad0158c,/home/galoren/Freecurve_AI_Solvation/results/physics_probes/pimd2_lambda05_5ps/ethylacetate/conf.xml,561f8c557ed6a30ecbd7ea425dc65c57661b28ae5ae2aeb30cd811c11c6d536f,2.0,6.0,0.5,0.002,990252,51,5.0000003123,True,True,single_inherited_stream,one trajectory; contiguous blocks are not replicas,True,True,False
historical_three_point_pimd2,/home/galoren/Freecurve_AI_Solvation/results/physics_probes/pimd2_lambda05_5ps/ethylamine/output/Task5_MD_Transition_LIGAnnihilation_6__SYSTEM.ene,ae97c12d9f817a75595a31dda718802bbc5f9ad7090301dceb34007a892b302c,/home/galoren/Freecurve_AI_Solvation/results/physics_probes/pimd2_lambda05_5ps/ethylamine/conf.xml,4f4507be44177334cc46754dc244b33bbb503f3f53b21a2ad66e69a96c5af77f,2.0,6.0,0.5,0.002,1434896,51,5.0000003123,True,True,single_inherited_stream,one trajectory; contiguous blocks are not replicas,True,True,False
historical_three_point_pimd2,/home/galoren/Freecurve_AI_Solvation/results/physics_probes/pimd2_lambda05_5ps/ethylmethylsulfide/output/Task5_MD_Transition_LIGAnnihilation_6__SYSTEM.ene,f3e931a08b981fd4b004d241e691a59757ffe64b3305f0d8b04797484a50e7be,/home/galoren/Freecurve_AI_Solvation/results/physics_probes/pimd2_lambda05_5ps/ethylmethylsulfide/conf.xml,3909eb592ef1964a2e85f568bf25b793fccaa37c73d13708ce1dbf4a6e9721b8,2.0,6.0,0.5,0.002,7505146,51,5.0000003123,True,True,single_inherited_stream,one trajectory; contiguous blocks are not replicas,True,True,False
historical_three_point_pimd2,/home/galoren/Freecurve_AI_Solvation/results/physics_probes/pimd2_lambda05_5ps/hexa2none/output/Task5_MD_Transition_LIGAnnihilation_6__SYSTEM.ene,251e57420569e71b0a55175fbe5272e9b7e3dfd9253c53ad393bf080f5a866d7,/home/galoren/Freecurve_AI_Solvation/results/physics_probes/pimd2_lambda05_5ps/hexa2none/conf.xml,e14868789ab2fcd0dcec710f0f1192ea2d425cf782c5a8178ff892f20de34d3b,2.0,6.0,0.5,0.002,3831794,51,5.0000003123,True,True,single_inherited_stream,one trajectory; contiguous blocks are not replicas,True,True,False
historical_three_point_pimd2,/home/galoren/Freecurve_AI_Solvation/results/physics_probes/pimd2_lambda05_5ps/hexane/output/Task5_MD_Transition_LIGAnnihilation_6__SYSTEM.ene,eda0849572e86ddc1b0cda87dc9d56029195a8fdff754ee27068bcb852b47561,/home/galoren/Freecurve_AI_Solvation/results/physics_probes/pimd2_lambda05_5ps/hexane/conf.xml,d81a1535cd35795a66d01de25fad929da7f0c628fd876aa18b57e347db0c6881,2.0,6.0,0.5,0.002,14158737,51,5.0000003123,True,True,single_inherited_stream,one trajectory; contiguous blocks are not replicas,True,True,False
historical_three_point_pimd2,/home/galoren/Freecurve_AI_Solvation/results/physics_probes/pimd2_lambda05_5ps/imidazole/output/Task5_MD_Transition_LIGAnnihilation_6__SYSTEM.ene,fc23b74650752136b02d0f1a1b9827ff9b9fba3cb33b08360961707456087063,/home/galoren/Freecurve_AI_Solvation/results/physics_probes/pimd2_lambda05_5ps/imidazole/conf.xml,24674b11f041b43e40a418fae0b04b34f7b8d1391f05837376b147907cd313d9,2.0,6.0,0.5,0.002,4653282,51,5.0000003123,True,True,single_inherited_stream,one trajectory; contiguous blocks are not replicas,True,True,False
historical_three_point_pimd2,/home/galoren/Freecurve_AI_Solvation/results/physics_probes/pimd2_lambda05_5ps/isobutane/output/Task5_MD_Transition_LIGAnnihilation_6__SYSTEM.ene,28f02d89759f7d27e3df2513b2e7cc8f1420486a638aeb2605dfa43da831c182,/home/galoren/Freecurve_AI_Solvation/results/physics_probes/pimd2_lambda05_5ps/isobutane/conf.xml,3a22f5dcf2abc726bf3d6f1cdac1e31c60f458890a2fe420f85472ed00e9b348,2.0,6.0,0.5,0.002,6763174,51,5.0000003123,True,True,single_inherited_stream,one trajectory; contiguous blocks are not replicas,True,True,False
historical_three_point_pimd2,/home/galoren/Freecurve_AI_Solvation/results/physics_probes/pimd2_lambda05_5ps/m_cresol/output/Task5_MD_Transition_LIGAnnihilation_6__SYSTEM.ene,92180de07a615c0cb5daca94e9265adc455a7981fe847093bd168d06fb4a6e76,/home/galoren/Freecurve_AI_Solvation/results/physics_probes/pimd2_lambda05_5ps/m_cresol/conf.xml,44c0d1ee204d63ccef26329d8cd39879e599d23ba65e518094c1efbd4046de59,2.0,6.0,0.5,0.002,16746833,51,5.0000003123,True,True,single_inherited_stream,one trajectory; contiguous blocks are not replicas,True,True,False
historical_three_point_pimd2,/home/galoren/Freecurve_AI_Solvation/results/physics_probes/pimd2_lambda05_5ps/methane/output/Task5_MD_Transition_LIGAnnihilation_6__SYSTEM.ene,6f0025a58287a0205b7434d10023ab8af12fdc1ec76172cde102c8cb52143006,/home/galoren/Freecurve_AI_Solvation/results/physics_probes/pimd2_lambda05_5ps/methane/conf.xml,ae53d69f1da9f5fb4f896986dcfb2594105b2b1472421b8a552ca04ee8fa6c57,2.0,6.0,0.5,0.002,7239716,51,5.0000003123,True,True,single_inherited_stream,one trajectory; contiguous blocks are not replicas,True,True,False
historical_three_point_pimd2,/home/galoren/Freecurve_AI_Solvation/results/physics_probes/pimd2_lambda05_5ps/methanethiol/output/Task5_MD_Transition_LIGAnnihilation_6__SYSTEM.ene,08fba53e7d4396f5e97325ce6d10e5d224dfc446376759dae4867c2146117acf,/home/galoren/Freecurve_AI_Solvation/results/physics_probes/pimd2_lambda05_5ps/methanethiol/conf.xml,fea1617405a50dc0578f8daab2d4dc881f144359fd36cffc3fedba33bddc5306,2.0,6.0,0.5,0.002,6810849,51,5.0000003123,True,True,single_inherited_stream,one trajectory; contiguous blocks are not replicas,True,True,False
historical_three_point_pimd2,/home/galoren/Freecurve_AI_Solvation/results/physics_probes/pimd2_lambda05_5ps/methanol/output/Task5_MD_Transition_LIGAnnihilation_6__SYSTEM.ene,c4c50bfb2ce43a5be84d9b602d0794911880bdc83ecbca5763c3a76ae735c9e4,/home/galoren/Freecurve_AI_Solvation/results/physics_probes/pimd2_lambda05_5ps/methanol/conf.xml,3a3fb316bde1125d2d760e6e650246f2ab1386a712ab482955a6bcba5ae9021d,2.0,6.0,0.5,0.002,16325396,51,5.0000003123,True,True,single_inherited_stream,one trajectory; contiguous blocks are not replicas,True,True,False
historical_three_point_pimd2,/home/galoren/Freecurve_AI_Solvation/results/physics_probes/pimd2_lambda05_5ps/methylamine/output/Task5_MD_Transition_LIGAnnihilation_6__SYSTEM.ene,066bd0734e8e12a46385693a181aaa39d37cab15cc7a5ffbde33e8c0c576301e,/home/galoren/Freecurve_AI_Solvation/results/physics_probes/pimd2_lambda05_5ps/methylamine/conf.xml,56b5d7a8959789ed7b921ce4c54db63ab15c74623c2c846e0252eb67dfd9de14,2.0,6.0,0.5,0.002,3732387,51,5.0000003123,True,True,single_inherited_stream,one trajectory; contiguous blocks are not replicas,True,True,False
historical_three_point_pimd2,/home/galoren/Freecurve_AI_Solvation/results/physics_probes/pimd2_lambda05_5ps/methylpropionate/output/Task5_MD_Transition_LIGAnnihilation_6__SYSTEM.ene,3799a3bc9173babed8d36f9269cdc53b88d9e0c9ecf7c4f1b303da348bd0bc5c,/home/galoren/Freecurve_AI_Solvation/results/physics_probes/pimd2_lambda05_5ps/methylpropionate/conf.xml,de4c25db41025c1ef4b53729abbad04ab0ca276741912981e21309afb18e2426,2.0,6.0,0.5,0.002,2463581,51,5.0000003123,True,True,single_inherited_stream,one trajectory; contiguous blocks are not replicas,True,True,False
historical_three_point_pimd2,/home/galoren/Freecurve_AI_Solvation/results/physics_probes/pimd2_lambda05_5ps/n_methylacetamide/output/Task5_MD_Transition_LIGAnnihilation_6__SYSTEM.ene,dedcb578979e7f708c8f8e683cf916f46e3f8aea2dc9b46d2a91f16f14fc0e24,/home/galoren/Freecurve_AI_Solvation/results/physics_probes/pimd2_lambda05_5ps/n_methylacetamide/conf.xml,f979e581f3a5d8b162d7d5eae96451f9936b622d52a2bc1cad3f3cbd05024fe3,2.0,6.0,0.5,0.002,14916,51,5.0000003123,True,True,single_inherited_stream,one trajectory; contiguous blocks are not replicas,True,True,False
historical_three_point_pimd2,/home/galoren/Freecurve_AI_Solvation/results/physics_probes/pimd2_lambda05_5ps/napthalene/output/Task5_MD_Transition_LIGAnnihilation_6__SYSTEM.ene,59da2fd51e98f53d80866eb7b01fa9f65ee13b05a5a5bc4db5857e8c28eebde4,/home/galoren/Freecurve_AI_Solvation/results/physics_probes/pimd2_lambda05_5ps/napthalene/conf.xml,32b6e49abb5ab4d6d4d521c6639559c88a2630f27e716f5127d929eebb90e749,2.0,6.0,0.5,0.002,9142851,51,5.0000003123,True,True,single_inherited_stream,one trajectory; contiguous blocks are not replicas,True,True,False
historical_three_point_pimd2,/home/galoren/Freecurve_AI_Solvation/results/physics_probes/pimd2_lambda05_5ps/neopentane/output/Task5_MD_Transition_LIGAnnihilation_6__SYSTEM.ene,d48ba37b59d09f22d8a5ea99f39d6c0cfb63f4708d88efe3396e467470acf219,/home/galoren/Freecurve_AI_Solvation/results/physics_probes/pimd2_lambda05_5ps/neopentane/conf.xml,a574ddc4ed289871588c03ad43992d7de55f6cfc7e999ce69c4912870065316e,2.0,6.0,0.5,0.002,2079838,51,5.0000003123,True,True,single_inherited_stream,one trajectory; contiguous blocks are not replicas,True,True,False
historical_three_point_pimd2,/home/galoren/Freecurve_AI_Solvation/results/physics_probes/pimd2_lambda05_5ps/o_cresol/output/Task5_MD_Transition_LIGAnnihilation_6__SYSTEM.ene,8f4e1c0ec9d1148ed8b4dff711358376d790be8a9bf922bbb95fde5eceb20c85,/home/galoren/Freecurve_AI_Solvation/results/physics_probes/pimd2_lambda05_5ps/o_cresol/conf.xml,648fe89e2a222df7409f588df3c2088057059ac442d78270c6ab303a6fdb9ae0,2.0,6.0,0.5,0.002,13771984,51,5.0000003123,True,True,single_inherited_stream,one trajectory; contiguous blocks are not replicas,True,True,False
historical_three_point_pimd2,/home/galoren/Freecurve_AI_Solvation/results/physics_probes/pimd2_lambda05_5ps/octane/output/Task5_MD_Transition_LIGAnnihilation_6__SYSTEM.ene,8871ede8cd20b63bda11ed2afbbbab8a1d4e395b60d0d7e18d8d9e231ce8fc6e,/home/galoren/Freecurve_AI_Solvation/results/physics_probes/pimd2_lambda05_5ps/octane/conf.xml,b73623a52d54330b53058beccb4f1b7cc6964d377af2e18efe2713a5dcd23714,2.0,6.0,0.5,0.002,9078009,51,5.0000003123,True,True,single_inherited_stream,one trajectory; contiguous blocks are not replicas,True,True,False
historical_three_point_pimd2,/home/galoren/Freecurve_AI_Solvation/results/physics_probes/pimd2_lambda05_5ps/octanol/output/Task5_MD_Transition_LIGAnnihilation_6__SYSTEM.ene,84fc249c0d0da6dff1c29b04663b9fed2b14dcc3675771fba8fd264b0df76a8f,/home/galoren/Freecurve_AI_Solvation/results/physics_probes/pimd2_lambda05_5ps/octanol/conf.xml,221656236b5f5e36d84133087f6ccf2fe9565769fa11a6d6b63c52c882e82af6,2.0,6.0,0.5,0.002,13065161,51,5.0000003123,True,True,single_inherited_stream,one trajectory; contiguous blocks are not replicas,True,True,False
historical_three_point_pimd2,/home/galoren/Freecurve_AI_Solvation/results/physics_probes/pimd2_lambda05_5ps/p_cresol/output/Task5_MD_Transition_LIGAnnihilation_6__SYSTEM.ene,1f4946c957e972e2957a7420b3774567e7c572e3ff1278060bf61866bc1900e9,/home/galoren/Freecurve_AI_Solvation/results/physics_probes/pimd2_lambda05_5ps/p_cresol/conf.xml,9d5a4735ccb4648a4bca887ed808145e2c73226312d0c4bc3aec6bc9e36f1d7e,2.0,6.0,0.5,0.002,12685109,51,5.0000003123,True,True,single_inherited_stream,one trajectory; contiguous blocks are not replicas,True,True,False
historical_three_point_pimd2,/home/galoren/Freecurve_AI_Solvation/results/physics_probes/pimd2_lambda05_5ps/pent_1_ene/output/Task5_MD_Transition_LIGAnnihilation_6__SYSTEM.ene,2c648ddd2301600aa981f3b4b56973de80a7e20488abd647aab13b1f327b2db6,/home/galoren/Freecurve_AI_Solvation/results/physics_probes/pimd2_lambda05_5ps/pent_1_ene/conf.xml,2f7b6a45481ae355cd48753500a609b9545a6da48ab53334724ce160e93944b4,2.0,6.0,0.5,0.002,14541180,51,5.0000003123,True,True,single_inherited_stream,one trajectory; contiguous blocks are not replicas,True,True,False
historical_three_point_pimd2,/home/galoren/Freecurve_AI_Solvation/results/physics_probes/pimd2_lambda05_5ps/pentane/output/Task5_MD_Transition_LIGAnnihilation_6__SYSTEM.ene,6e6782ac61fd0640fd5786bb30b0e2c41600565c12cb14bbcbe98bb7a5b8e2a5,/home/galoren/Freecurve_AI_Solvation/results/physics_probes/pimd2_lambda05_5ps/pentane/conf.xml,50afe690c418faf92fd4c424f2fd416b0d32fa3de642ce0b888d09dde5aa49c6,2.0,6.0,0.5,0.002,3056326,51,5.0000003123,True,True,single_inherited_stream,one trajectory; contiguous blocks are not replicas,True,True,False
historical_three_point_pimd2,/home/galoren/Freecurve_AI_Solvation/results/physics_probes/pimd2_lambda05_5ps/phenanthrene/output/Task5_MD_Transition_LIGAnnihilation_6__SYSTEM.ene,b167edc87cc05948feccd92b0bdeb148af7daeac3bae7db9555702c952db43f3,/home/galoren/Freecurve_AI_Solvation/results/physics_probes/pimd2_lambda05_5ps/phenanthrene/conf.xml,1bac3e9862a1e57520bc34eba6063ecd89f5ad01338a018fd895981f8900ad58,2.0,6.0,0.5,0.002,12221011,51,5.0000003123,True,True,single_inherited_stream,one trajectory; contiguous blocks are not replicas,True,True,False
historical_three_point_pimd2,/home/galoren/Freecurve_AI_Solvation/results/physics_probes/pimd2_lambda05_5ps/propane/output/Task5_MD_Transition_LIGAnnihilation_6__SYSTEM.ene,fdd4f4bab525d7b9d3a17994a52739b16a6dea30cd551b3741164ad3527a3ce6,/home/galoren/Freecurve_AI_Solvation/results/physics_probes/pimd2_lambda05_5ps/propane/conf.xml,2c0a3f1b9c34e94e8a8840cb1d198e182869e14658bd86e0dc2045e1b8ee658a,2.0,6.0,0.5,0.002,11433427,51,5.0000003123,True,True,single_inherited_stream,one trajectory; contiguous blocks are not replicas,True,True,False
historical_three_point_pimd2,/home/galoren/Freecurve_AI_Solvation/results/physics_probes/pimd2_lambda05_5ps/propanol/output/Task5_MD_Transition_LIGAnnihilation_6__SYSTEM.ene,d5179d054b31a3df4e6f2947d2ae4e9a23b51ebc33af862dcbbe8d152b529d3b,/home/galoren/Freecurve_AI_Solvation/results/physics_probes/pimd2_lambda05_5ps/propanol/conf.xml,4103b6c98f8615de96f0c86da8a80dea4cab6394ab393ca05e5e67916ea3bb9d,2.0,6.0,0.5,0.002,7931363,51,5.0000003123,True,True,single_inherited_stream,one trajectory; contiguous blocks are not replicas,True,True,False
historical_three_point_pimd2,/home/galoren/Freecurve_AI_Solvation/results/physics_probes/pimd2_lambda05_5ps/propene/output/Task5_MD_Transition_LIGAnnihilation_6__SYSTEM.ene,4aeea9f6199dee2bef8a268f22ebdcf9bf2183402bcf2aa3407e3d8627fb4cc9,/home/galoren/Freecurve_AI_Solvation/results/physics_probes/pimd2_lambda05_5ps/propene/conf.xml,6fdb22d6460b49136dbdb373182b8824804807c26fab6feecc6bcac550f1ac7c,2.0,6.0,0.5,0.002,12166383,51,5.0000003123,True,True,single_inherited_stream,one trajectory; contiguous blocks are not replicas,True,True,False
historical_three_point_pimd2,/home/galoren/Freecurve_AI_Solvation/results/physics_probes/pimd2_lambda05_5ps/propionaldehyde/output/Task5_MD_Transition_LIGAnnihilation_6__SYSTEM.ene,51dc20d7a16aea2603094bb7253ceef54400d7e3e46cb20829dfba2f9607262a,/home/galoren/Freecurve_AI_Solvation/results/physics_probes/pimd2_lambda05_5ps/propionaldehyde/conf.xml,2436d1b88ff11e35081641c157d65419ceac7acf82b18f3536ff55506707480f,2.0,6.0,0.5,0.002,356440,51,5.0000003123,True,True,single_inherited_stream,one trajectory; contiguous blocks are not replicas,True,True,False
historical_three_point_pimd2,/home/galoren/Freecurve_AI_Solvation/results/physics_probes/pimd2_lambda05_5ps/propionicacid/output/Task5_MD_Transition_LIGAnnihilation_6__SYSTEM.ene,a7f9faac8eb1b3db38658c5da598fedc3f0e0cde53b774c8dd7842bb88874ba6,/home/galoren/Freecurve_AI_Solvation/results/physics_probes/pimd2_lambda05_5ps/propionicacid/conf.xml,84d003ca6e001a829fcb3c56c6bc95ad7d9df15537fad64093829be9b9308d39,2.0,6.0,0.5,0.002,3637444,51,5.0000003123,True,True,single_inherited_stream,one trajectory; contiguous blocks are not replicas,True,True,False
historical_three_point_pimd2,/home/galoren/Freecurve_AI_Solvation/results/physics_probes/pimd2_lambda05_5ps/propylacetate/output/Task5_MD_Transition_LIGAnnihilation_6__SYSTEM.ene,9a92e70cd304be33e93c1fae7cf630ecff99d4d6360e41c0a5a9631b3f5dc1d2,/home/galoren/Freecurve_AI_Solvation/results/physics_probes/pimd2_lambda05_5ps/propylacetate/conf.xml,b2039800516f37bed0942514e3c37ee9fd74f5182d373a77e593390820669ce6,2.0,6.0,0.5,0.002,1842887,51,5.0000003123,True,True,single_inherited_stream,one trajectory; contiguous blocks are not replicas,True,True,False
historical_three_point_pimd2,/home/galoren/Freecurve_AI_Solvation/results/physics_probes/pimd2_lambda05_5ps/pyridine/output/Task5_MD_Transition_LIGAnnihilation_6__SYSTEM.ene,7ed913715d88483abaa265c06fc1027f4ce81d4d1f5cfb75dd95dacb1a91f354,/home/galoren/Freecurve_AI_Solvation/results/physics_probes/pimd2_lambda05_5ps/pyridine/conf.xml,a9653fc9bb439b12f7051db104043ba2bd550a2c243a33666500fd719a887888,2.0,6.0,0.5,0.002,14671878,51,5.0000003123,True,True,single_inherited_stream,one trajectory; contiguous blocks are not replicas,True,True,False
historical_three_point_pimd2,/home/galoren/Freecurve_AI_Solvation/results/physics_probes/pimd2_lambda05_5ps/pyrrole/output/Task5_MD_Transition_LIGAnnihilation_6__SYSTEM.ene,1b1c7b5592ca593bca8e7e556de75a471a83301ade416beb1e5f836b45397d16,/home/galoren/Freecurve_AI_Solvation/results/physics_probes/pimd2_lambda05_5ps/pyrrole/conf.xml,3bae0b0bf2b22758614ca3950ee760f123ae0cdc428917e72967260b89e193ad,2.0,6.0,0.5,0.002,6460364,51,5.0000003123,True,True,single_inherited_stream,one trajectory; contiguous blocks are not replicas,True,True,False
historical_three_point_pimd2,/home/galoren/Freecurve_AI_Solvation/results/physics_probes/pimd2_lambda05_5ps/tetracene/output/Task5_MD_Transition_LIGAnnihilation_6__SYSTEM.ene,e3ced01adfba2119aaa8ab80ac42be08f5fab4db3b835bc196fa31a53f59f98e,/home/galoren/Freecurve_AI_Solvation/results/physics_probes/pimd2_lambda05_5ps/tetracene/conf.xml,f8552debe3a4db26448430458e0cb9f292c6295b1d3a41f364274e27cee35c8a,2.0,6.0,0.5,0.002,8809459,51,5.0000003123,True,True,single_inherited_stream,one trajectory; contiguous blocks are not replicas,True,True,False
historical_three_point_pimd2,/home/galoren/Freecurve_AI_Solvation/results/physics_probes/pimd2_lambda05_5ps/toluene/output/Task5_MD_Transition_LIGAnnihilation_6__SYSTEM.ene,b54cc62e5c4b0b273e696183a007ac2afd317f0163b7bb793d7c1b6d4bb12026,/home/galoren/Freecurve_AI_Solvation/results/physics_probes/pimd2_lambda05_5ps/toluene/conf.xml,071bac27728a4988a0cd8ec944f1c75d2958f098b23665e7d79d38a11407c031,2.0,6.0,0.5,0.002,10949482,51,5.0000003123,True,True,single_inherited_stream,one trajectory; contiguous blocks are not replicas,True,True,False
historical_three_point_pimd2,/home/galoren/Freecurve_AI_Solvation/results/physics_probes/pimd2_lambda05_5ps/trimethylamine/output/Task5_MD_Transition_LIGAnnihilation_6__SYSTEM.ene,b3aa984f1fb520f64ae7f1594f30d37359e8441a71e36d70e46ce9976fa60c69,/home/galoren/Freecurve_AI_Solvation/results/physics_probes/pimd2_lambda05_5ps/trimethylamine/conf.xml,44397e65293ad3c19bb6ac03b566a7a95a4e0e054db3f7d8f0acea31c977de42,2.0,6.0,0.5,0.002,1305192,51,5.0000003123,True,True,single_inherited_stream,one trajectory; contiguous blocks are not replicas,True,True,False
historical_three_point_pimd2,/home/galoren/Freecurve_AI_Solvation/results/physics_probes/pimd2_lambda05_5ps/water/output/Task5_MD_Transition_LIGAnnihilation_6__SYSTEM.ene,eb8118163f32dbea3bca82a729fc0ed9ecb0c65d7f1ffc0d7caa4013fcd97d64,/home/galoren/Freecurve_AI_Solvation/results/physics_probes/pimd2_lambda05_5ps/water/conf.xml,0fbc2e8aeec7e0120000c87ebbe2d809e7747fc892b5cf677230d4994f5b7f40,2.0,6.0,0.5,0.002,14588699,51,5.0000003123,True,True,single_inherited_stream,one trajectory; contiguous blocks are not replicas,True,True,False
historical_three_point_pimd2,/home/galoren/Freecurve_AI_Solvation/results/physics_probes/pimd2_lambda09_5ps/1_butanethiol/output/Task5_MD_Transition_LIGAnnihilation_12__SYSTEM.ene,4ef82cb13d14b308cd6af4b44bc7e0d30f80064ef038c504619d82483214937e,/home/galoren/Freecurve_AI_Solvation/results/physics_probes/pimd2_lambda09_5ps/1_butanethiol/conf.xml,ada5b3af4069c7e4fc54742bd2894067549c80ded89f926b6a949c93a6a55331,2.0,12.0,0.9,0.002,12371221,51,5.0000003123,True,True,single_inherited_stream,one trajectory; contiguous blocks are not replicas,True,True,False
historical_three_point_pimd2,/home/galoren/Freecurve_AI_Solvation/results/physics_probes/pimd2_lambda09_5ps/1_butanol/output/Task5_MD_Transition_LIGAnnihilation_12__SYSTEM.ene,942be7a036e3efd1bfa150b5f51564de76a8948787ad2ea8c8dc352758f932ab,/home/galoren/Freecurve_AI_Solvation/results/physics_probes/pimd2_lambda09_5ps/1_butanol/conf.xml,6c63579c48d0eb7d853544182e0bf03c8c9102437fbf6980417a947eceb8e7ec,2.0,12.0,0.9,0.002,4477223,51,5.0000003123,True,True,single_inherited_stream,one trajectory; contiguous blocks are not replicas,True,True,False
historical_three_point_pimd2,/home/galoren/Freecurve_AI_Solvation/results/physics_probes/pimd2_lambda09_5ps/1_pentanol/output/Task5_MD_Transition_LIGAnnihilation_12__SYSTEM.ene,9c1a5baa6831b9e5cad0551369dbe754837b95fc25bbb8a29d84ee65a4c8d709,/home/galoren/Freecurve_AI_Solvation/results/physics_probes/pimd2_lambda09_5ps/1_pentanol/conf.xml,b14d198ec1e1b2b34d8fa030ab2be1435de0bfb895dd0e8d9eea2cb08b6b2541,2.0,12.0,0.9,0.002,13673617,51,5.0000003123,True,True,single_inherited_stream,one trajectory; contiguous blocks are not replicas,True,True,False
historical_three_point_pimd2,/home/galoren/Freecurve_AI_Solvation/results/physics_probes/pimd2_lambda09_5ps/2_butanone/output/Task5_MD_Transition_LIGAnnihilation_12__SYSTEM.ene,1f97a50cf7ef721d6f1d85f9af3c1b257736e64ddbd096e3b58464512399582d,/home/galoren/Freecurve_AI_Solvation/results/physics_probes/pimd2_lambda09_5ps/2_butanone/conf.xml,66a2cea818c25c765219265435ec44b260eb9a4732690eedad5b429c378f3ea4,2.0,12.0,0.9,0.002,2247295,51,5.0000003123,True,True,single_inherited_stream,one trajectory; contiguous blocks are not replicas,True,True,False
historical_three_point_pimd2,/home/galoren/Freecurve_AI_Solvation/results/physics_probes/pimd2_lambda09_5ps/2_methyl_2_butanol/output/Task5_MD_Transition_LIGAnnihilation_12__SYSTEM.ene,25d4bcf096bedca1a049851d309a4e92bb3c7b1658caa30eb31f798c1c061cd6,/home/galoren/Freecurve_AI_Solvation/results/physics_probes/pimd2_lambda09_5ps/2_methyl_2_butanol/conf.xml,f6e96a790b4eb551bc5fd2b22cf230d8e748ce963099ef97834116a937b6203e,2.0,12.0,0.9,0.002,10800370,51,5.0000003123,True,True,single_inherited_stream,one trajectory; contiguous blocks are not replicas,True,True,False
historical_three_point_pimd2,/home/galoren/Freecurve_AI_Solvation/results/physics_probes/pimd2_lambda09_5ps/2_pentanol/output/Task5_MD_Transition_LIGAnnihilation_12__SYSTEM.ene,1eeac6c0c87017812897dd13210127a3a94b4b81c1f54556d26ff993ef2168a4,/home/galoren/Freecurve_AI_Solvation/results/physics_probes/pimd2_lambda09_5ps/2_pentanol/conf.xml,7b635db4e0072c6f3f21bbbf5721b095e5039ee4d18c2537c23db54891278c55,2.0,12.0,0.9,0.002,11065691,51,5.0000003123,True,True,single_inherited_stream,one trajectory; contiguous blocks are not replicas,True,True,False
historical_three_point_pimd2,/home/galoren/Freecurve_AI_Solvation/results/physics_probes/pimd2_lambda09_5ps/2_pentanone/output/Task5_MD_Transition_LIGAnnihilation_12__SYSTEM.ene,248dd0b5998af6dbcff66fdbf85fc300c73b23434ca2767f29c6aa2579e83538,/home/galoren/Freecurve_AI_Solvation/results/physics_probes/pimd2_lambda09_5ps/2_pentanone/conf.xml,09915c247b369c520870c8e6fe7b5e9d3635a6b941e13c111612764a9bda8b42,2.0,12.0,0.9,0.002,878726,51,5.0000003123,True,True,single_inherited_stream,one trajectory; contiguous blocks are not replicas,True,True,False
historical_three_point_pimd2,/home/galoren/Freecurve_AI_Solvation/results/physics_probes/pimd2_lambda09_5ps/3_methyl_indole/output/Task5_MD_Transition_LIGAnnihilation_12__SYSTEM.ene,17788fcf3b32affb0f79672da266fa3bce6f7444ea66ceea4f9d301096857e33,/home/galoren/Freecurve_AI_Solvation/results/physics_probes/pimd2_lambda09_5ps/3_methyl_indole/conf.xml,723c2ecbe65d06762962fcfffb3891e72f6c3243c5652f984043e051e288632a,2.0,12.0,0.9,0.002,14961706,51,5.0000003123,True,True,single_inherited_stream,one trajectory; contiguous blocks are not replicas,True,True,False
historical_three_point_pimd2,/home/galoren/Freecurve_AI_Solvation/results/physics_probes/pimd2_lambda09_5ps/3_pentanol/output/Task5_MD_Transition_LIGAnnihilation_12__SYSTEM.ene,927b1bb407b941d429df091579b4a03892fe7397224b170dbe9e603e1065c0ad,/home/galoren/Freecurve_AI_Solvation/results/physics_probes/pimd2_lambda09_5ps/3_pentanol/conf.xml,4a8879daf8cf275b371528978d9f8fe9c291144511610e95507466f4c3407ebd,2.0,12.0,0.9,0.002,6524995,51,5.0000003123,True,True,single_inherited_stream,one trajectory; contiguous blocks are not replicas,True,True,False
historical_three_point_pimd2,/home/galoren/Freecurve_AI_Solvation/results/physics_probes/pimd2_lambda09_5ps/3_pentanone/output/Task5_MD_Transition_LIGAnnihilation_12__SYSTEM.ene,b0738843274f21d936846b8aaabc460ac27becd25955297be3fd2fdc54eea286,/home/galoren/Freecurve_AI_Solvation/results/physics_probes/pimd2_lambda09_5ps/3_pentanone/conf.xml,f4fa83f1e7d3fb41b492296221509b5a67df074176234fb56ef22499f1f38458,2.0,12.0,0.9,0.002,8302120,51,5.0000003123,True,True,single_inherited_stream,one trajectory; contiguous blocks are not replicas,True,True,False
historical_three_point_pimd2,/home/galoren/Freecurve_AI_Solvation/results/physics_probes/pimd2_lambda09_5ps/acetaldehyde/output/Task5_MD_Transition_LIGAnnihilation_12__SYSTEM.ene,10946445dbdfea80d8f2b1202569a1c80bf242c1fc48e645a5cee64b62c0aa18,/home/galoren/Freecurve_AI_Solvation/results/physics_probes/pimd2_lambda09_5ps/acetaldehyde/conf.xml,d2c475de66e4fdc29cef4e42c6abbba939bea7d825f88e064b869bc8a687e2be,2.0,12.0,0.9,0.002,13485158,51,5.0000003123,True,True,single_inherited_stream,one trajectory; contiguous blocks are not replicas,True,True,False
historical_three_point_pimd2,/home/galoren/Freecurve_AI_Solvation/results/physics_probes/pimd2_lambda09_5ps/acetamide/output/Task5_MD_Transition_LIGAnnihilation_12__SYSTEM.ene,5659efbd37276d52a33e1a81d894e28bf6efa1b529aaa2d4e190facf40e33c40,/home/galoren/Freecurve_AI_Solvation/results/physics_probes/pimd2_lambda09_5ps/acetamide/conf.xml,a7ed07d82e9e29820a36c58c32294b63ef1f1c65e8e65635f12ecca3ee4ff142,2.0,12.0,0.9,0.002,2539924,51,5.0000003123,True,True,single_inherited_stream,one trajectory; contiguous blocks are not replicas,True,True,False
historical_three_point_pimd2,/home/galoren/Freecurve_AI_Solvation/results/physics_probes/pimd2_lambda09_5ps/aceticacid/output/Task5_MD_Transition_LIGAnnihilation_12__SYSTEM.ene,2c0232ae383ce8ff05005f948c1276f9c80ce5ec271cd6311fa3cf0ee88d2566,/home/galoren/Freecurve_AI_Solvation/results/physics_probes/pimd2_lambda09_5ps/aceticacid/conf.xml,36006a66881e73731db907f1ad68492337d8180423d05d26eab9ea1ea54e8003,2.0,12.0,0.9,0.002,5223755,51,5.0000003123,True,True,single_inherited_stream,one trajectory; contiguous blocks are not replicas,True,True,False
historical_three_point_pimd2,/home/galoren/Freecurve_AI_Solvation/results/physics_probes/pimd2_lambda09_5ps/acetone/output/Task5_MD_Transition_LIGAnnihilation_12__SYSTEM.ene,146674e49ada475232ff3bdd57f80c0d7dff212043b7152016fac170e2a1b860,/home/galoren/Freecurve_AI_Solvation/results/physics_probes/pimd2_lambda09_5ps/acetone/conf.xml,309b0506a5d3c91a346e7ae2488488b8e53fb14cb5ba3ff94aa9cda2bbbf9c61,2.0,12.0,0.9,0.002,13253450,51,5.0000003123,True,True,single_inherited_stream,one trajectory; contiguous blocks are not replicas,True,True,False
historical_three_point_pimd2,/home/galoren/Freecurve_AI_Solvation/results/physics_probes/pimd2_lambda09_5ps/aniline/output/Task5_MD_Transition_LIGAnnihilation_12__SYSTEM.ene,40249957209106548d8963760ce21a10474c0f669b775317c09fbeb8b8d8db75,/home/galoren/Freecurve_AI_Solvation/results/physics_probes/pimd2_lambda09_5ps/aniline/conf.xml,5faaef83f76cad694a94d653783825511853c66eeb0a920ef8c5de07a5b1391c,2.0,12.0,0.9,0.002,10376810,51,5.0000003123,True,True,single_inherited_stream,one trajectory; contiguous blocks are not replicas,True,True,False
historical_three_point_pimd2,/home/galoren/Freecurve_AI_Solvation/results/physics_probes/pimd2_lambda09_5ps/anthracene/output/Task5_MD_Transition_LIGAnnihilation_12__SYSTEM.ene,9e2b45244f41cd3c0ab22e49116bc4c864b55592b7b152ae80ad5c14b146a4a6,/home/galoren/Freecurve_AI_Solvation/results/physics_probes/pimd2_lambda09_5ps/anthracene/conf.xml,b27944edf6b4e709e397135419702fc2b7b659e5e94439f43b23198e2bed16b2,2.0,12.0,0.9,0.002,6990340,51,5.0000003123,True,True,single_inherited_stream,one trajectory; contiguous blocks are not replicas,True,True,False
historical_three_point_pimd2,/home/galoren/Freecurve_AI_Solvation/results/physics_probes/pimd2_lambda09_5ps/benzene/output/Task5_MD_Transition_LIGAnnihilation_12__SYSTEM.ene,cb41b8bf6e09a27038b7f6629d9bf7cca8bfe51a96d339a93d45823b3829b36e,/home/galoren/Freecurve_AI_Solvation/results/physics_probes/pimd2_lambda09_5ps/benzene/conf.xml,3334c9b494f86a7d3937abfeeb22fd2d6b8bc63bd7f4b125d216fcc1b6b9e986,2.0,12.0,0.9,0.002,15244168,51,5.0000003123,True,True,single_inherited_stream,one trajectory; contiguous blocks are not replicas,True,True,False
historical_three_point_pimd2,/home/galoren/Freecurve_AI_Solvation/results/physics_probes/pimd2_lambda09_5ps/biphenyl/output/Task5_MD_Transition_LIGAnnihilation_12__SYSTEM.ene,8ef62528372b08b9b9c489d916afc5596b8efdc7875d87d89c178d1ba0e05c2e,/home/galoren/Freecurve_AI_Solvation/results/physics_probes/pimd2_lambda09_5ps/biphenyl/conf.xml,7cae88f56000bc7d927e2cb80d2ccc7040ae19d7984fd708bb128be18411efe7,2.0,12.0,0.9,0.002,4745950,51,5.0000003123,True,True,single_inherited_stream,one trajectory; contiguous blocks are not replicas,True,True,False
historical_three_point_pimd2,/home/galoren/Freecurve_AI_Solvation/results/physics_probes/pimd2_lambda09_5ps/but_1_ene/output/Task5_MD_Transition_LIGAnnihilation_12__SYSTEM.ene,22d244bfb83cc1806d3c3e496874c2845846875b1c1470d26370093e753e8a7d,/home/galoren/Freecurve_AI_Solvation/results/physics_probes/pimd2_lambda09_5ps/but_1_ene/conf.xml,c725c4a0700b89838b254859970ead3ea41316d4b0372b66079a4640f6538fb4,2.0,12.0,0.9,0.002,2137319,51,5.0000003123,True,True,single_inherited_stream,one trajectory; contiguous blocks are not replicas,True,True,False
historical_three_point_pimd2,/home/galoren/Freecurve_AI_Solvation/results/physics_probes/pimd2_lambda09_5ps/buta_13_diene/output/Task5_MD_Transition_LIGAnnihilation_12__SYSTEM.ene,85612faa7bdf22785daa6defea2307e1a28d1f2841aaa6d3f73d3211736f377d,/home/galoren/Freecurve_AI_Solvation/results/physics_probes/pimd2_lambda09_5ps/buta_13_diene/conf.xml,8e34b704021a8cd14dd183073fb648042ae3187b1acc0428aa655fae3b684042,2.0,12.0,0.9,0.002,2186714,51,5.0000003123,True,True,single_inherited_stream,one trajectory; contiguous blocks are not replicas,True,True,False
historical_three_point_pimd2,/home/galoren/Freecurve_AI_Solvation/results/physics_probes/pimd2_lambda09_5ps/butanamine/output/Task5_MD_Transition_LIGAnnihilation_12__SYSTEM.ene,e8c2bf02a5cf6be9c9dec07cd9faf9b8c6e2276efdbcf589528618f5f5be95e9,/home/galoren/Freecurve_AI_Solvation/results/physics_probes/pimd2_lambda09_5ps/butanamine/conf.xml,357c689eba106821e2f58e902d6887edccbf9e2cf7bff33eb91fde56714edd33,2.0,12.0,0.9,0.002,1149102,51,5.0000003123,True,True,single_inherited_stream,one trajectory; contiguous blocks are not replicas,True,True,False
historical_three_point_pimd2,/home/galoren/Freecurve_AI_Solvation/results/physics_probes/pimd2_lambda09_5ps/butane/output/Task5_MD_Transition_LIGAnnihilation_12__SYSTEM.ene,fdc1603c282be870cfd35894cda747ecd9c3db449893106d0e04e1c046cca279,/home/galoren/Freecurve_AI_Solvation/results/physics_probes/pimd2_lambda09_5ps/butane/conf.xml,8247bc32caf32f351d6dd2c886e7c2ab6ad5ff2406656a78d67109302e701e65,2.0,12.0,0.9,0.002,2739840,51,5.0000003123,True,True,single_inherited_stream,one trajectory; contiguous blocks are not replicas,True,True,False
historical_three_point_pimd2,/home/galoren/Freecurve_AI_Solvation/results/physics_probes/pimd2_lambda09_5ps/butylacetate/output/Task5_MD_Transition_LIGAnnihilation_12__SYSTEM.ene,981edaaf82746fa603c4c3d28c07298fc911846459bd9e20b229ca76414b2771,/home/galoren/Freecurve_AI_Solvation/results/physics_probes/pimd2_lambda09_5ps/butylacetate/conf.xml,20012e66563a69f692f877b705bd46af9b2e8b23b3985e294eb25d5e6ab3b80a,2.0,12.0,0.9,0.002,5095580,51,5.0000003123,True,True,single_inherited_stream,one trajectory; contiguous blocks are not replicas,True,True,False
historical_three_point_pimd2,/home/galoren/Freecurve_AI_Solvation/results/physics_probes/pimd2_lambda09_5ps/butyricacid/output/Task5_MD_Transition_LIGAnnihilation_12__SYSTEM.ene,3e766cf403ee344148a6351e36cd1e807323f9c97f3909e0e8a0a942ea4035b8,/home/galoren/Freecurve_AI_Solvation/results/physics_probes/pimd2_lambda09_5ps/butyricacid/conf.xml,76154a7865fddc7dd1e9584862fe374656984806a517b394bd584e98bfedf4d5,2.0,12.0,0.9,0.002,15714862,51,5.0000003123,True,True,single_inherited_stream,one trajectory; contiguous blocks are not replicas,True,True,False
historical_three_point_pimd2,/home/galoren/Freecurve_AI_Solvation/results/physics_probes/pimd2_lambda09_5ps/buytyraldehyde/output/Task5_MD_Transition_LIGAnnihilation_12__SYSTEM.ene,8bfb83867af0e27d0a2b394e07b581d6e94406235a47b6aa38e09a74504de7d3,/home/galoren/Freecurve_AI_Solvation/results/physics_probes/pimd2_lambda09_5ps/buytyraldehyde/conf.xml,a773b655910f444c410cd3d3a0eab693a507220344aa9427f4b0ccf1ecf389a4,2.0,12.0,0.9,0.002,12698863,51,5.0000003123,True,True,single_inherited_stream,one trajectory; contiguous blocks are not replicas,True,True,False
historical_three_point_pimd2,/home/galoren/Freecurve_AI_Solvation/results/physics_probes/pimd2_lambda09_5ps/cycloheptane/output/Task5_MD_Transition_LIGAnnihilation_12__SYSTEM.ene,5d4a75e5d8f7ef25143c9887bf8fd9d54790aebfa946ad47d2ef54ef18acf89f,/home/galoren/Freecurve_AI_Solvation/results/physics_probes/pimd2_lambda09_5ps/cycloheptane/conf.xml,469e4eacc982779001974c70271d8c99bbaa1010dfcab1ced1e58d4142bad5b4,2.0,12.0,0.9,0.002,14389129,51,5.0000003123,True,True,single_inherited_stream,one trajectory; contiguous blocks are not replicas,True,True,False
historical_three_point_pimd2,/home/galoren/Freecurve_AI_Solvation/results/physics_probes/pimd2_lambda09_5ps/cyclohexane/output/Task5_MD_Transition_LIGAnnihilation_12__SYSTEM.ene,ecbcc9b62d452ec4b2906e44d592401117c156244847f83329fbfcb1e65d2997,/home/galoren/Freecurve_AI_Solvation/results/physics_probes/pimd2_lambda09_5ps/cyclohexane/conf.xml,0c3b4b193a650a440e3050080c1589ba922f8dd2f5b4f34814e50cbcf56e3873,2.0,12.0,0.9,0.002,2854606,51,5.0000003123,True,True,single_inherited_stream,one trajectory; contiguous blocks are not replicas,True,True,False
historical_three_point_pimd2,/home/galoren/Freecurve_AI_Solvation/results/physics_probes/pimd2_lambda09_5ps/cyclopentane/output/Task5_MD_Transition_LIGAnnihilation_12__SYSTEM.ene,e26db28e3b956e8f37e6ceda98bc367bb912fe90087b2945f70146aef52ab37b,/home/galoren/Freecurve_AI_Solvation/results/physics_probes/pimd2_lambda09_5ps/cyclopentane/conf.xml,12ac2fe46a5430b057edad25e86fdf72bd2fca353fe8d93759205ad33d321615,2.0,12.0,0.9,0.002,12502111,51,5.0000003123,True,True,single_inherited_stream,one trajectory; contiguous blocks are not replicas,True,True,False
historical_three_point_pimd2,/home/galoren/Freecurve_AI_Solvation/results/physics_probes/pimd2_lambda09_5ps/cyclopropane/output/Task5_MD_Transition_LIGAnnihilation_12__SYSTEM.ene,8c7a3522697ebac9f315f144e877a58d231cf870b45f2162361e9cf5015a6f2b,/home/galoren/Freecurve_AI_Solvation/results/physics_probes/pimd2_lambda09_5ps/cyclopropane/conf.xml,1ad1fd1cea898302c4bc780a2bf1ed940af83082aeeef5f0b23d7cb9ae8ed486,2.0,12.0,0.9,0.002,4738026,51,5.0000003123,True,True,single_inherited_stream,one trajectory; contiguous blocks are not replicas,True,True,False
historical_three_point_pimd2,/home/galoren/Freecurve_AI_Solvation/results/physics_probes/pimd2_lambda09_5ps/diethylsulfide/output/Task5_MD_Transition_LIGAnnihilation_12__SYSTEM.ene,09a9ede1f83fc3504b08808d78ac175126e8c5b2578f705305bc4dd02c5ba633,/home/galoren/Freecurve_AI_Solvation/results/physics_probes/pimd2_lambda09_5ps/diethylsulfide/conf.xml,3be413ebe5889ca56c8339bd0857e32c3f90faf89cf331fa07a22e6d0d383d9f,2.0,12.0,0.9,0.002,16126792,51,5.0000003123,True,True,single_inherited_stream,one trajectory; contiguous blocks are not replicas,True,True,False
historical_three_point_pimd2,/home/galoren/Freecurve_AI_Solvation/results/physics_probes/pimd2_lambda09_5ps/dimethylacetamide/output/Task5_MD_Transition_LIGAnnihilation_12__SYSTEM.ene,0100192561703e2b56f551f4be4f4607b1c82afc6751fbdb45f2aca2e2431f9e,/home/galoren/Freecurve_AI_Solvation/results/physics_probes/pimd2_lambda09_5ps/dimethylacetamide/conf.xml,99e26c27bc32e63c1cccfb3da80face72fde59a1c1e3a23de75be19302eeb234,2.0,12.0,0.9,0.002,5194164,51,5.0000003123,True,True,single_inherited_stream,one trajectory; contiguous blocks are not replicas,True,True,False
historical_three_point_pimd2,/home/galoren/Freecurve_AI_Solvation/results/physics_probes/pimd2_lambda09_5ps/dimethylamine/output/Task5_MD_Transition_LIGAnnihilation_12__SYSTEM.ene,36f0630a7b2a36e7aa27db87fc2f08559fdc7bd0ed0deebaadd952b634ee6cfa,/home/galoren/Freecurve_AI_Solvation/results/physics_probes/pimd2_lambda09_5ps/dimethylamine/conf.xml,2cae42297da3a822b6a32417a4886d9814fcc181dc004f956f991b885d33569f,2.0,12.0,0.9,0.002,2996490,51,5.0000003123,True,True,single_inherited_stream,one trajectory; contiguous blocks are not replicas,True,True,False
historical_three_point_pimd2,/home/galoren/Freecurve_AI_Solvation/results/physics_probes/pimd2_lambda09_5ps/dimethyldisulfide/output/Task5_MD_Transition_LIGAnnihilation_12__SYSTEM.ene,61ca391c9ee3d0bbc4c1a6be036b2b40be35ad2bd916a27e8bf08d85938a6dc7,/home/galoren/Freecurve_AI_Solvation/results/physics_probes/pimd2_lambda09_5ps/dimethyldisulfide/conf.xml,89c9d6eac7531958c9a41690f50ce4729ca183a358edd8467fdae63bdd5363f3,2.0,12.0,0.9,0.002,16210803,51,5.0000003123,True,True,single_inherited_stream,one trajectory; contiguous blocks are not replicas,True,True,False
historical_three_point_pimd2,/home/galoren/Freecurve_AI_Solvation/results/physics_probes/pimd2_lambda09_5ps/dimethylether/output/Task5_MD_Transition_LIGAnnihilation_12__SYSTEM.ene,21f64c050e7d492241bc6d4fd9f135665e06bcfb9b13dd2fd34f5eff37a5fd2c,/home/galoren/Freecurve_AI_Solvation/results/physics_probes/pimd2_lambda09_5ps/dimethylether/conf.xml,34e909b00d72d2617399a2492a137bfd5e422388b18ba8aa1d0f4e6c1ade5d61,2.0,12.0,0.9,0.002,3130605,51,5.0000003123,True,True,single_inherited_stream,one trajectory; contiguous blocks are not replicas,True,True,False
historical_three_point_pimd2,/home/galoren/Freecurve_AI_Solvation/results/physics_probes/pimd2_lambda09_5ps/dimethylsulfide/output/Task5_MD_Transition_LIGAnnihilation_12__SYSTEM.ene,60df9ab3b578abf69d3d68fbfa04b8ce71e423b6c22f6cba3b9b8637684edb8b,/home/galoren/Freecurve_AI_Solvation/results/physics_probes/pimd2_lambda09_5ps/dimethylsulfide/conf.xml,3b40df6adcf8413dde1140219ae53a627460aeb9e38470db9a369e77eab0c5ce,2.0,12.0,0.9,0.002,9081681,51,5.0000003123,True,True,single_inherited_stream,one trajectory; contiguous blocks are not replicas,True,True,False
historical_three_point_pimd2,/home/galoren/Freecurve_AI_Solvation/results/physics_probes/pimd2_lambda09_5ps/ethane/output/Task5_MD_Transition_LIGAnnihilation_12__SYSTEM.ene,52c15d53e37a45ef8fb7c2daec7184b42fb8b7e941825f76bdab4236f10f3766,/home/galoren/Freecurve_AI_Solvation/results/physics_probes/pimd2_lambda09_5ps/ethane/conf.xml,da11aa7917c5ec71a9705d1ad4528bb2671c4ce266516064a69f0f50a0eafa56,2.0,12.0,0.9,0.002,13086147,51,5.0000003123,True,True,single_inherited_stream,one trajectory; contiguous blocks are not replicas,True,True,False
historical_three_point_pimd2,/home/galoren/Freecurve_AI_Solvation/results/physics_probes/pimd2_lambda09_5ps/ethanethiol/output/Task5_MD_Transition_LIGAnnihilation_12__SYSTEM.ene,c23a04fbdff6991eecfe10efbd520652f865334dbb21c8ccbc5374248693cda7,/home/galoren/Freecurve_AI_Solvation/results/physics_probes/pimd2_lambda09_5ps/ethanethiol/conf.xml,fd45c7f474eebf6854b7981b84c6aea515a18ee688b5fb269e1e3279e22c7f80,2.0,12.0,0.9,0.002,6845725,51,5.0000003123,True,True,single_inherited_stream,one trajectory; contiguous blocks are not replicas,True,True,False
historical_three_point_pimd2,/home/galoren/Freecurve_AI_Solvation/results/physics_probes/pimd2_lambda09_5ps/ethanol/output/Task5_MD_Transition_LIGAnnihilation_12__SYSTEM.ene,3fe76bea87c3ad807434b55fdff38d63d6e9d4a968f8bd2315be0813cf61949d,/home/galoren/Freecurve_AI_Solvation/results/physics_probes/pimd2_lambda09_5ps/ethanol/conf.xml,b38f66c1cdef3c1f731d16db6b028aada9b17db813644c8d7a4ba7492f155f2f,2.0,12.0,0.9,0.002,14725246,51,5.0000003123,True,True,single_inherited_stream,one trajectory; contiguous blocks are not replicas,True,True,False
historical_three_point_pimd2,/home/galoren/Freecurve_AI_Solvation/results/physics_probes/pimd2_lambda09_5ps/ethene/output/Task5_MD_Transition_LIGAnnihilation_12__SYSTEM.ene,48073aa3dd43a3478fffa4a5fbf08d4fa5d982da4e131d8915ec2329a4d8f066,/home/galoren/Freecurve_AI_Solvation/results/physics_probes/pimd2_lambda09_5ps/ethene/conf.xml,8caabd57a1d7d3690ea3997e45cbfac0d4b50b0c404298856c9e670243fab2c4,2.0,12.0,0.9,0.002,9198246,51,5.0000003123,True,True,single_inherited_stream,one trajectory; contiguous blocks are not replicas,True,True,False
historical_three_point_pimd2,/home/galoren/Freecurve_AI_Solvation/results/physics_probes/pimd2_lambda09_5ps/ethylacetate/output/Task5_MD_Transition_LIGAnnihilation_12__SYSTEM.ene,8be9d0889a8835b6ecba6a3a4d9e461f37d55af7e757db30969e98f011336514,/home/galoren/Freecurve_AI_Solvation/results/physics_probes/pimd2_lambda09_5ps/ethylacetate/conf.xml,6615075d5a8a7d07ebf74dd6726c994206c98f58590312d026a283c6acf2917c,2.0,12.0,0.9,0.002,990252,51,5.0000003123,True,True,single_inherited_stream,one trajectory; contiguous blocks are not replicas,True,True,False
historical_three_point_pimd2,/home/galoren/Freecurve_AI_Solvation/results/physics_probes/pimd2_lambda09_5ps/ethylmethylsulfide/output/Task5_MD_Transition_LIGAnnihilation_12__SYSTEM.ene,10a16ad16cf9ead6bb05d2bb2735eed46510a6d1d5870c98ac5fe40e91ad0ece,/home/galoren/Freecurve_AI_Solvation/results/physics_probes/pimd2_lambda09_5ps/ethylmethylsulfide/conf.xml,361fc7541ae5bee2f54a8d48465d820803ad7f6bd9f622d80d4647166e4293a8,2.0,12.0,0.9,0.002,7505146,51,5.0000003123,True,True,single_inherited_stream,one trajectory; contiguous blocks are not replicas,True,True,False
historical_three_point_pimd2,/home/galoren/Freecurve_AI_Solvation/results/physics_probes/pimd2_lambda09_5ps/hexa2none/output/Task5_MD_Transition_LIGAnnihilation_12__SYSTEM.ene,3a2da972a9230ad98c47617315858d1d92da8667bd5c471634afbe4b702d9512,/home/galoren/Freecurve_AI_Solvation/results/physics_probes/pimd2_lambda09_5ps/hexa2none/conf.xml,bd4f31c0bedac57203da0969f71595319f9206c1c7275305e9738cb20fd5fd88,2.0,12.0,0.9,0.002,3831794,51,5.0000003123,True,True,single_inherited_stream,one trajectory; contiguous blocks are not replicas,True,True,False
historical_three_point_pimd2,/home/galoren/Freecurve_AI_Solvation/results/physics_probes/pimd2_lambda09_5ps/hexane/output/Task5_MD_Transition_LIGAnnihilation_12__SYSTEM.ene,d2bda588f39d0acd012a193d4bfea9123124c527a6f8a749be4ece7d19438126,/home/galoren/Freecurve_AI_Solvation/results/physics_probes/pimd2_lambda09_5ps/hexane/conf.xml,4dd5fc69a76b26fd1a65b1eb2e64c6e2c8703030729537cc2dd48e34b887a146,2.0,12.0,0.9,0.002,14158737,51,5.0000003123,True,True,single_inherited_stream,one trajectory; contiguous blocks are not replicas,True,True,False
historical_three_point_pimd2,/home/galoren/Freecurve_AI_Solvation/results/physics_probes/pimd2_lambda09_5ps/imidazole/output/Task5_MD_Transition_LIGAnnihilation_12__SYSTEM.ene,012c4999fa7c0578deb62262b4516a1b82ab210f2dbbfe0bde063db1cd49aa1d,/home/galoren/Freecurve_AI_Solvation/results/physics_probes/pimd2_lambda09_5ps/imidazole/conf.xml,335dfeece4512e350f94f6f61e659bb9ab53348db81a22714d5907062d8b9e2d,2.0,12.0,0.9,0.002,4653282,51,5.0000003123,True,True,single_inherited_stream,one trajectory; contiguous blocks are not replicas,True,True,False
historical_three_point_pimd2,/home/galoren/Freecurve_AI_Solvation/results/physics_probes/pimd2_lambda09_5ps/isobutane/output/Task5_MD_Transition_LIGAnnihilation_12__SYSTEM.ene,a17945a7190c1192bb42c3a7fecbde6273e272fcb6b0194f5b6ff999b33ca04d,/home/galoren/Freecurve_AI_Solvation/results/physics_probes/pimd2_lambda09_5ps/isobutane/conf.xml,7cb7dda69a7b487e5e8b8169a6e8a0b56591848e8a02dd5e2623f51b668860ae,2.0,12.0,0.9,0.002,6763174,51,5.0000003123,True,True,single_inherited_stream,one trajectory; contiguous blocks are not replicas,True,True,False
historical_three_point_pimd2,/home/galoren/Freecurve_AI_Solvation/results/physics_probes/pimd2_lambda09_5ps/m_cresol/output/Task5_MD_Transition_LIGAnnihilation_12__SYSTEM.ene,bd7fb87fb2e46bf311b3504dad6c36c53a4ef20c330b1bfd4c7261a05a364f88,/home/galoren/Freecurve_AI_Solvation/results/physics_probes/pimd2_lambda09_5ps/m_cresol/conf.xml,b2007504dbe998cf1ff0e9f8febec2fdf83a0cd998e65ed1575fd13d55a7894b,2.0,12.0,0.9,0.002,16746833,51,5.0000003123,True,True,single_inherited_stream,one trajectory; contiguous blocks are not replicas,True,True,False
historical_three_point_pimd2,/home/galoren/Freecurve_AI_Solvation/results/physics_probes/pimd2_lambda09_5ps/methane/output/Task5_MD_Transition_LIGAnnihilation_12__SYSTEM.ene,93783a2fca6bdcfa5a7315f8cef5e8f9ca9c7939b7ac4bb4ecebc6cc13bbf040,/home/galoren/Freecurve_AI_Solvation/results/physics_probes/pimd2_lambda09_5ps/methane/conf.xml,daeb66299b57b789edb3541d93d67a8dcd3fb5d924df1815b1f14a1be8ab125c,2.0,12.0,0.9,0.002,7239716,51,5.0000003123,True,True,single_inherited_stream,one trajectory; contiguous blocks are not replicas,True,True,False
historical_three_point_pimd2,/home/galoren/Freecurve_AI_Solvation/results/physics_probes/pimd2_lambda09_5ps/methanethiol/output/Task5_MD_Transition_LIGAnnihilation_12__SYSTEM.ene,f7c6d56b4f85995e741f9e216d487767ccfcef9eb1177329df757e73b76d22ca,/home/galoren/Freecurve_AI_Solvation/results/physics_probes/pimd2_lambda09_5ps/methanethiol/conf.xml,1666853bdf654df7288386a76ae18c9076329fb2dcbce4301b8feabd147d7569,2.0,12.0,0.9,0.002,6810849,51,5.0000003123,True,True,single_inherited_stream,one trajectory; contiguous blocks are not replicas,True,True,False
historical_three_point_pimd2,/home/galoren/Freecurve_AI_Solvation/results/physics_probes/pimd2_lambda09_5ps/methanol/output/Task5_MD_Transition_LIGAnnihilation_12__SYSTEM.ene,2b55026280128554c2d3ce391d13365530da8b035d326758c9e8e6812d1a29a4,/home/galoren/Freecurve_AI_Solvation/results/physics_probes/pimd2_lambda09_5ps/methanol/conf.xml,01de3a0b6c908c2a080af7b4db05681ba23c093087c6a76f5169ddf6552049a2,2.0,12.0,0.9,0.002,16325396,51,5.0000003123,True,True,single_inherited_stream,one trajectory; contiguous blocks are not replicas,True,True,False
historical_three_point_pimd2,/home/galoren/Freecurve_AI_Solvation/results/physics_probes/pimd2_lambda09_5ps/methylamine/output/Task5_MD_Transition_LIGAnnihilation_12__SYSTEM.ene,7e8be3bfd5c1eabcd3388a238baa6932d5cf33cf096830539cd5c2b1ad299768,/home/galoren/Freecurve_AI_Solvation/results/physics_probes/pimd2_lambda09_5ps/methylamine/conf.xml,00916c573be85ed77471c50ef1423cc7b5094fba13cc47864a73d64463d45669,2.0,12.0,0.9,0.002,3732387,51,5.0000003123,True,True,single_inherited_stream,one trajectory; contiguous blocks are not replicas,True,True,False
historical_three_point_pimd2,/home/galoren/Freecurve_AI_Solvation/results/physics_probes/pimd2_lambda09_5ps/methylpropionate/output/Task5_MD_Transition_LIGAnnihilation_12__SYSTEM.ene,dd192be691d5c261bd7cf0214d043a4098e073e2a7eb15e4130488ac5219f8da,/home/galoren/Freecurve_AI_Solvation/results/physics_probes/pimd2_lambda09_5ps/methylpropionate/conf.xml,18a2468e4ace89f670287d1f7f206dbc3f08749acd208a65088e74bb539efe23,2.0,12.0,0.9,0.002,2463581,51,5.0000003123,True,True,single_inherited_stream,one trajectory; contiguous blocks are not replicas,True,True,False
historical_three_point_pimd2,/home/galoren/Freecurve_AI_Solvation/results/physics_probes/pimd2_lambda09_5ps/n_methylacetamide/output/Task5_MD_Transition_LIGAnnihilation_12__SYSTEM.ene,351355b1faa7d1ad761247937012958b18fa1f9c3d828a56bfe3e70c5a0404af,/home/galoren/Freecurve_AI_Solvation/results/physics_probes/pimd2_lambda09_5ps/n_methylacetamide/conf.xml,3024af1e93e658da012d7f6f57c6f85cfea5d476beb90c0cdc3993a21e5604d0,2.0,12.0,0.9,0.002,14916,51,5.0000003123,True,True,single_inherited_stream,one trajectory; contiguous blocks are not replicas,True,True,False
historical_three_point_pimd2,/home/galoren/Freecurve_AI_Solvation/results/physics_probes/pimd2_lambda09_5ps/napthalene/output/Task5_MD_Transition_LIGAnnihilation_12__SYSTEM.ene,a0703d5b7c08a283d0de008bd606ab4aaa7b977bff71ed72439f514cde714a51,/home/galoren/Freecurve_AI_Solvation/results/physics_probes/pimd2_lambda09_5ps/napthalene/conf.xml,617920813066f6aa4f48a87bb0c2c397e537af4a53c888754ff43c74fb00c954,2.0,12.0,0.9,0.002,9142851,51,5.0000003123,True,True,single_inherited_stream,one trajectory; contiguous blocks are not replicas,True,True,False
historical_three_point_pimd2,/home/galoren/Freecurve_AI_Solvation/results/physics_probes/pimd2_lambda09_5ps/neopentane/output/Task5_MD_Transition_LIGAnnihilation_12__SYSTEM.ene,f42942fbd53b63339d93a51cdd194369eb214b9e5f3a121256979e73123f7205,/home/galoren/Freecurve_AI_Solvation/results/physics_probes/pimd2_lambda09_5ps/neopentane/conf.xml,a1784810abca4453b1938c3f3bddffaa22f12b343a9e81d05a1bfd4589e7e7b0,2.0,12.0,0.9,0.002,2079838,51,5.0000003123,True,True,single_inherited_stream,one trajectory; contiguous blocks are not replicas,True,True,False
historical_three_point_pimd2,/home/galoren/Freecurve_AI_Solvation/results/physics_probes/pimd2_lambda09_5ps/o_cresol/output/Task5_MD_Transition_LIGAnnihilation_12__SYSTEM.ene,8743a509c7b955ec62c71a366983c6b2bbe512ad6fc95b508af680afd9949528,/home/galoren/Freecurve_AI_Solvation/results/physics_probes/pimd2_lambda09_5ps/o_cresol/conf.xml,af8eb5b14a065dcc807feb64c74250512ba1a9d3685f0958c4eb53d616daff8d,2.0,12.0,0.9,0.002,13771984,51,5.0000003123,True,True,single_inherited_stream,one trajectory; contiguous blocks are not replicas,True,True,False
historical_three_point_pimd2,/home/galoren/Freecurve_AI_Solvation/results/physics_probes/pimd2_lambda09_5ps/octane/output/Task5_MD_Transition_LIGAnnihilation_12__SYSTEM.ene,658746eabad8b3d3c6a7460552b9efb507f39625d42bc2083c07d99c57333f7f,/home/galoren/Freecurve_AI_Solvation/results/physics_probes/pimd2_lambda09_5ps/octane/conf.xml,28513402ae596aed83298bbf0cb2dff3d8951165040f5e1c44c7806d0dd35466,2.0,12.0,0.9,0.002,9078009,51,5.0000003123,True,True,single_inherited_stream,one trajectory; contiguous blocks are not replicas,True,True,False
historical_three_point_pimd2,/home/galoren/Freecurve_AI_Solvation/results/physics_probes/pimd2_lambda09_5ps/octanol/output/Task5_MD_Transition_LIGAnnihilation_12__SYSTEM.ene,d6a742d0d5b0e0a7c244601900b0cf5c8045359f7dd0a9606436bf4abef3948b,/home/galoren/Freecurve_AI_Solvation/results/physics_probes/pimd2_lambda09_5ps/octanol/conf.xml,7a78226f737f50008f7637de5571d44eeb65dc5c57d4cffe45fa03211b5994d5,2.0,12.0,0.9,0.002,13065161,51,5.0000003123,True,True,single_inherited_stream,one trajectory; contiguous blocks are not replicas,True,True,False
historical_three_point_pimd2,/home/galoren/Freecurve_AI_Solvation/results/physics_probes/pimd2_lambda09_5ps/p_cresol/output/Task5_MD_Transition_LIGAnnihilation_12__SYSTEM.ene,ba13a5ed27bdf5e2e5ea0c19a55cbc322f0275bc1460f4d5e7914821f342406c,/home/galoren/Freecurve_AI_Solvation/results/physics_probes/pimd2_lambda09_5ps/p_cresol/conf.xml,d3c747af030fb8c7cc0bb34f6a919140472b4245e2c22bc85b0f5cc7fab67e31,2.0,12.0,0.9,0.002,12685109,51,5.0000003123,True,True,single_inherited_stream,one trajectory; contiguous blocks are not replicas,True,True,False
historical_three_point_pimd2,/home/galoren/Freecurve_AI_Solvation/results/physics_probes/pimd2_lambda09_5ps/pent_1_ene/output/Task5_MD_Transition_LIGAnnihilation_12__SYSTEM.ene,3e1291e715bbe358eb9d395dc0d5bff457074bc3fd1e71b1e0954ecedbfd2dce,/home/galoren/Freecurve_AI_Solvation/results/physics_probes/pimd2_lambda09_5ps/pent_1_ene/conf.xml,4d7ac9f3b1a6d7ac88124d952234b7316aa2e5b3c6b3f56e169e83beec820588,2.0,12.0,0.9,0.002,14541180,51,5.0000003123,True,True,single_inherited_stream,one trajectory; contiguous blocks are not replicas,True,True,False
historical_three_point_pimd2,/home/galoren/Freecurve_AI_Solvation/results/physics_probes/pimd2_lambda09_5ps/pentane/output/Task5_MD_Transition_LIGAnnihilation_12__SYSTEM.ene,e7ba41f1ac33f59033021099a612ed5e2c798956968c13dd7dc0602338e91075,/home/galoren/Freecurve_AI_Solvation/results/physics_probes/pimd2_lambda09_5ps/pentane/conf.xml,2afc5cef397af0a203e79c9beb56b1beeb3936e8480910a558185449e1486336,2.0,12.0,0.9,0.002,3056326,51,5.0000003123,True,True,single_inherited_stream,one trajectory; contiguous blocks are not replicas,True,True,False
historical_three_point_pimd2,/home/galoren/Freecurve_AI_Solvation/results/physics_probes/pimd2_lambda09_5ps/phenanthrene/output/Task5_MD_Transition_LIGAnnihilation_12__SYSTEM.ene,030db7f1ff4c52948cc857d677cde6a62501cd41dcb78548896d5035e64ea7d0,/home/galoren/Freecurve_AI_Solvation/results/physics_probes/pimd2_lambda09_5ps/phenanthrene/conf.xml,0444303def8ad7fdc74ed7e028b3bd8f41352f413a200425ee5570a0605e286a,2.0,12.0,0.9,0.002,12221011,51,5.0000003123,True,True,single_inherited_stream,one trajectory; contiguous blocks are not replicas,True,True,False
historical_three_point_pimd2,/home/galoren/Freecurve_AI_Solvation/results/physics_probes/pimd2_lambda09_5ps/propane/output/Task5_MD_Transition_LIGAnnihilation_12__SYSTEM.ene,f088ff60abfbcabcdff6bed4d98575ba2ea4cdc5eb25f0dcc493fa46b35a5946,/home/galoren/Freecurve_AI_Solvation/results/physics_probes/pimd2_lambda09_5ps/propane/conf.xml,5e217d0034f34a478354c6a47efc526e71a6cc6b4e0c3eea0921f8d32a364227,2.0,12.0,0.9,0.002,11433427,51,5.0000003123,True,True,single_inherited_stream,one trajectory; contiguous blocks are not replicas,True,True,False
historical_three_point_pimd2,/home/galoren/Freecurve_AI_Solvation/results/physics_probes/pimd2_lambda09_5ps/propanol/output/Task5_MD_Transition_LIGAnnihilation_12__SYSTEM.ene,17aa139dc150800149ea79b0b98acd92d8e0448edadbe777915f99e6b70657ba,/home/galoren/Freecurve_AI_Solvation/results/physics_probes/pimd2_lambda09_5ps/propanol/conf.xml,dc6564d5b7c086a25556a907427d0eba95e8dfc630218f00bcbeb3200936438d,2.0,12.0,0.9,0.002,7931363,51,5.0000003123,True,True,single_inherited_stream,one trajectory; contiguous blocks are not replicas,True,True,False
historical_three_point_pimd2,/home/galoren/Freecurve_AI_Solvation/results/physics_probes/pimd2_lambda09_5ps/propene/output/Task5_MD_Transition_LIGAnnihilation_12__SYSTEM.ene,5b8ef8a81ed486e8f992b69c14c145afc6969412c679057682977be757a31f2a,/home/galoren/Freecurve_AI_Solvation/results/physics_probes/pimd2_lambda09_5ps/propene/conf.xml,3528eec3e3f98d98f0090da4c7c56ef66f2b319b5f3eb08eccf30eebd144c0b3,2.0,12.0,0.9,0.002,12166383,51,5.0000003123,True,True,single_inherited_stream,one trajectory; contiguous blocks are not replicas,True,True,False
historical_three_point_pimd2,/home/galoren/Freecurve_AI_Solvation/results/physics_probes/pimd2_lambda09_5ps/propionaldehyde/output/Task5_MD_Transition_LIGAnnihilation_12__SYSTEM.ene,f68ed7edf31722f4a0bcc614be142b146037997ac2c799713e24385baddae216,/home/galoren/Freecurve_AI_Solvation/results/physics_probes/pimd2_lambda09_5ps/propionaldehyde/conf.xml,1a03b571c118c62af7fbdeac831c0247c29a8c85e0a68624c547e36996108a66,2.0,12.0,0.9,0.002,356440,51,5.0000003123,True,True,single_inherited_stream,one trajectory; contiguous blocks are not replicas,True,True,False
historical_three_point_pimd2,/home/galoren/Freecurve_AI_Solvation/results/physics_probes/pimd2_lambda09_5ps/propionicacid/output/Task5_MD_Transition_LIGAnnihilation_12__SYSTEM.ene,c66e97bd08c3b71dada082187d2015c0664fdf465afdf35dff01a4cad4f0125d,/home/galoren/Freecurve_AI_Solvation/results/physics_probes/pimd2_lambda09_5ps/propionicacid/conf.xml,0e8d8ee31ed2fdaf485a9a4445de7c866d81e308fc42a6e6fe7fbd18664924eb,2.0,12.0,0.9,0.002,3637444,51,5.0000003123,True,True,single_inherited_stream,one trajectory; contiguous blocks are not replicas,True,True,False
historical_three_point_pimd2,/home/galoren/Freecurve_AI_Solvation/results/physics_probes/pimd2_lambda09_5ps/propylacetate/output/Task5_MD_Transition_LIGAnnihilation_12__SYSTEM.ene,9ebf774975c36b4afd75ab7c5eab0b3e1e8c155c6773264c0f294aea8aec7be0,/home/galoren/Freecurve_AI_Solvation/results/physics_probes/pimd2_lambda09_5ps/propylacetate/conf.xml,cc1a9aad02bde1ca7d16ca8a69cf02005d900fabcd297711602de77e9199dd86,2.0,12.0,0.9,0.002,1842887,51,5.0000003123,True,True,single_inherited_stream,one trajectory; contiguous blocks are not replicas,True,True,False
historical_three_point_pimd2,/home/galoren/Freecurve_AI_Solvation/results/physics_probes/pimd2_lambda09_5ps/pyridine/output/Task5_MD_Transition_LIGAnnihilation_12__SYSTEM.ene,2d2381e54168d2d371c4e9b82fa2bc7dfc2b6083a4991bb3a30e5594307e7803,/home/galoren/Freecurve_AI_Solvation/results/physics_probes/pimd2_lambda09_5ps/pyridine/conf.xml,69a237114b788714ea6ae767785058382c4c17977bfb1e48b4cb7b414c80c9c6,2.0,12.0,0.9,0.002,14671878,51,5.0000003123,True,True,single_inherited_stream,one trajectory; contiguous blocks are not replicas,True,True,False
historical_three_point_pimd2,/home/galoren/Freecurve_AI_Solvation/results/physics_probes/pimd2_lambda09_5ps/pyrrole/output/Task5_MD_Transition_LIGAnnihilation_12__SYSTEM.ene,c2914a2baa23a9e6826dc8488ba6724a16aca66579729032c8fbef40650b460a,/home/galoren/Freecurve_AI_Solvation/results/physics_probes/pimd2_lambda09_5ps/pyrrole/conf.xml,5a20a1ab00abb1be31790b85fa158b6bd6b3e44e8e2c786272ccde24bf3ffeee,2.0,12.0,0.9,0.002,6460364,51,5.0000003123,True,True,single_inherited_stream,one trajectory; contiguous blocks are not replicas,True,True,False
historical_three_point_pimd2,/home/galoren/Freecurve_AI_Solvation/results/physics_probes/pimd2_lambda09_5ps/tetracene/output/Task5_MD_Transition_LIGAnnihilation_12__SYSTEM.ene,fbe5d8a5ff4b21a28d2baa5fd3bbdc946427e0861ea5cc4bb0e9df8d47166fc0,/home/galoren/Freecurve_AI_Solvation/results/physics_probes/pimd2_lambda09_5ps/tetracene/conf.xml,0af9c87ef8bb15b6f9e9b76c48a61a5d523349a7c3d9decd04e077e7aea84379,2.0,12.0,0.9,0.002,8809459,51,5.0000003123,True,True,single_inherited_stream,one trajectory; contiguous blocks are not replicas,True,True,False
historical_three_point_pimd2,/home/galoren/Freecurve_AI_Solvation/results/physics_probes/pimd2_lambda09_5ps/toluene/output/Task5_MD_Transition_LIGAnnihilation_12__SYSTEM.ene,b50bffcbf46429408d4c44b7edad3cadf5ccf022ba569c081c8621bec04428ea,/home/galoren/Freecurve_AI_Solvation/results/physics_probes/pimd2_lambda09_5ps/toluene/conf.xml,9c4987977a6e94aba77c2c8fe41eaa72914ef1924e82673bb1073cff57af42de,2.0,12.0,0.9,0.002,10949482,51,5.0000003123,True,True,single_inherited_stream,one trajectory; contiguous blocks are not replicas,True,True,False
historical_three_point_pimd2,/home/galoren/Freecurve_AI_Solvation/results/physics_probes/pimd2_lambda09_5ps/trimethylamine/output/Task5_MD_Transition_LIGAnnihilation_12__SYSTEM.ene,2e82826445a1fcc0cd725955595b4e20ee81a76732431ec39dd016d2e52651aa,/home/galoren/Freecurve_AI_Solvation/results/physics_probes/pimd2_lambda09_5ps/trimethylamine/conf.xml,902862abbfd8ac7d8da5705239a80300a0d89b146f383a1789135a6c8a7a1cab,2.0,12.0,0.9,0.002,1305192,51,5.0000003123,True,True,single_inherited_stream,one trajectory; contiguous blocks are not replicas,True,True,False
historical_three_point_pimd2,/home/galoren/Freecurve_AI_Solvation/results/physics_probes/pimd2_lambda09_5ps/water/output/Task5_MD_Transition_LIGAnnihilation_12__SYSTEM.ene,4141676f4812e2501fbb606c738273b7e38f8b0c5f1b269617447804bdd6cc45,/home/galoren/Freecurve_AI_Solvation/results/physics_probes/pimd2_lambda09_5ps/water/conf.xml,f9505a605b5d26c8804dec637c052be27f8932216aba6a87c49b7115b9fbb6a3,2.0,12.0,0.9,0.002,14588699,51,5.0000003123,True,True,single_inherited_stream,one trajectory; contiguous blocks are not replicas,True,True,False
legacy_unqualified_output,/home/galoren/Freecurve_AI_Solvation/repositories_recovered/scripts/arbalest/ene-temp/Task5_MD_Transition_LIGAnnihilation_0_2016_10_16_10_46_12_SYSTEM.ene,fa368fff94cb8e63cbacd0ccb3657d7204d0fa12b417e2a4e98b492427240ba9,,,,,,,,40001,1000.0,True,True,single_inherited_stream,one trajectory; contiguous blocks are not replicas,True,False,False
legacy_unqualified_output,/home/galoren/Freecurve_AI_Solvation/repositories_recovered/scripts/arbalest/ene-temp/Task5_MD_Transition_LIGAnnihilation_10_2016_10_16_11_15_42_SYSTEM.ene,4bfaa92898aee815cc0fd17b9ec5354f8f22c97f012690990a9eae398a4ad81c,,,,,,,,40001,1000.0,True,True,single_inherited_stream,one trajectory; contiguous blocks are not replicas,True,False,False
legacy_unqualified_output,/home/galoren/Freecurve_AI_Solvation/repositories_recovered/scripts/arbalest/ene-temp/Task5_MD_Transition_LIGAnnihilation_11_2016_10_16_11_22_42_SYSTEM.ene,b3d5750cf60da8d7c0a49d0187b3140d02cd776e74a70d8dd8603139e715bb49,,,,,,,,40001,1000.0,True,True,single_inherited_stream,one trajectory; contiguous blocks are not replicas,True,False,False
legacy_unqualified_output,/home/galoren/Freecurve_AI_Solvation/repositories_recovered/scripts/arbalest/ene-temp/Task5_MD_Transition_LIGAnnihilation_12_2016_10_16_11_24_27_SYSTEM.ene,cf04e2d0e299a8d57bbc9d306b0ce0cdc7447ed5d8239bd14ce9fe1eca6b9e83,,,,,,,,40001,1000.0,True,True,single_inherited_stream,one trajectory; contiguous blocks are not replicas,True,False,False
legacy_unqualified_output,/home/galoren/Freecurve_AI_Solvation/repositories_recovered/scripts/arbalest/ene-temp/Task5_MD_Transition_LIGAnnihilation_13_2016_10_16_11_30_27_SYSTEM.ene,dbeeecc2d305772be40e71615fe2ed1163cf0b5955b31adbfb3481cd103332c7,,,,,,,,40001,1000.0,True,True,single_inherited_stream,one trajectory; contiguous blocks are not replicas,True,False,False
legacy_unqualified_output,/home/galoren/Freecurve_AI_Solvation/repositories_recovered/scripts/arbalest/ene-temp/Task5_MD_Transition_LIGAnnihilation_14_2016_10_16_11_31_57_SYSTEM.ene,c77d763e82cadbfe7b009db7953e061a3b23b486f09abb389771123d9c1cc2d6,,,,,,,,40001,1000.0,True,True,single_inherited_stream,one trajectory; contiguous blocks are not replicas,True,False,False
legacy_unqualified_output,/home/galoren/Freecurve_AI_Solvation/repositories_recovered/scripts/arbalest/ene-temp/Task5_MD_Transition_LIGAnnihilation_15_2016_10_16_14_03_57_SYSTEM.ene,5bb444e24dc8b5eb60fcb7a367ea0e611d5ce8c94e3fd16625d5927314f0a0a5,,,,,,,,40001,1000.0,True,True,single_inherited_stream,one trajectory; contiguous blocks are not replicas,True,False,False
legacy_unqualified_output,/home/galoren/Freecurve_AI_Solvation/repositories_recovered/scripts/arbalest/ene-temp/Task5_MD_Transition_LIGAnnihilation_16_2016_10_16_14_05_27_SYSTEM.ene,308b56efb019ad4f17de2a315a5aa3203d519f999f061d2a51b64a9e39f6fe90,,,,,,,,40001,1000.0,True,True,single_inherited_stream,one trajectory; contiguous blocks are not replicas,True,False,False
legacy_unqualified_output,/home/galoren/Freecurve_AI_Solvation/repositories_recovered/scripts/arbalest/ene-temp/Task5_MD_Transition_LIGAnnihilation_17_2016_10_16_14_17_12_SYSTEM.ene,e62cb10676ca3207fae2a89cc075312ffe19c5ea9faefc65717939823defce69,,,,,,,,40001,1000.0,True,True,single_inherited_stream,one trajectory; contiguous blocks are not replicas,True,False,False
legacy_unqualified_output,/home/galoren/Freecurve_AI_Solvation/repositories_recovered/scripts/arbalest/ene-temp/Task5_MD_Transition_LIGAnnihilation_18_2016_10_16_17_40_42_SYSTEM.ene,55f9a13f663bd5f9d93de06605012f0c486dfb1dcd7596a3d6d9b3c01a95a180,,,,,,,,40001,1000.0,True,True,single_inherited_stream,one trajectory; contiguous blocks are not replicas,True,False,False
legacy_unqualified_output,/home/galoren/Freecurve_AI_Solvation/repositories_recovered/scripts/arbalest/ene-temp/Task5_MD_Transition_LIGAnnihilation_19_2016_10_16_17_44_27_SYSTEM.ene,a1f02a07d8883e24e163231feee48fa44144da96ec4e296dee5f028191cc1fb1,,,,,,,,40001,1000.0,True,True,single_inherited_stream,one trajectory; contiguous blocks are not replicas,True,False,False
legacy_unqualified_output,/home/galoren/Freecurve_AI_Solvation/repositories_recovered/scripts/arbalest/ene-temp/Task5_MD_Transition_LIGAnnihilation_1_2016_10_16_10_50_12_SYSTEM.ene,ba187976f681ee1c268ee6a36e4d7169e8546bf1c48a35fc7ba4fc06c0f573dd,,,,,,,,40001,1000.0,True,True,single_inherited_stream,one trajectory; contiguous blocks are not replicas,True,False,False
legacy_unqualified_output,/home/galoren/Freecurve_AI_Solvation/repositories_recovered/scripts/arbalest/ene-temp/Task5_MD_Transition_LIGAnnihilation_20_2016_10_16_17_46_27_SYSTEM.ene,ece70857640b44c0251bb6269e493cd9109ef783abddc162f673b4bdc0f47339,,,,,,,,40001,1000.0,True,True,single_inherited_stream,one trajectory; contiguous blocks are not replicas,True,False,False
legacy_unqualified_output,/home/galoren/Freecurve_AI_Solvation/repositories_recovered/scripts/arbalest/ene-temp/Task5_MD_Transition_LIGAnnihilation_2_2016_10_16_10_50_27_SYSTEM.ene,cd17a4dbd3211a2b53166828ef4bdd8d3be2cee005c4904fc0471487df8fa5b6,,,,,,,,40001,1000.0,True,True,single_inherited_stream,one trajectory; contiguous blocks are not replicas,True,False,False
legacy_unqualified_output,/home/galoren/Freecurve_AI_Solvation/repositories_recovered/scripts/arbalest/ene-temp/Task5_MD_Transition_LIGAnnihilation_3_2016_10_16_10_56_27_SYSTEM.ene,ff3dcde196e74a02d73cbe5eaf046f13a506c5a9e0c56589c693a9c9b7107d87,,,,,,,,40001,1000.0,True,True,single_inherited_stream,one trajectory; contiguous blocks are not replicas,True,False,False
legacy_unqualified_output,/home/galoren/Freecurve_AI_Solvation/repositories_recovered/scripts/arbalest/ene-temp/Task5_MD_Transition_LIGAnnihilation_4_2016_10_16_10_58_42_SYSTEM.ene,4dc80f2e1b8fb89f8ac424cc9390327ae7da743f258819ece7ea256d396c3715,,,,,,,,40001,1000.0,True,True,single_inherited_stream,one trajectory; contiguous blocks are not replicas,True,False,False
legacy_unqualified_output,/home/galoren/Freecurve_AI_Solvation/repositories_recovered/scripts/arbalest/ene-temp/Task5_MD_Transition_LIGAnnihilation_5_2016_10_16_11_13_42_SYSTEM.ene,0db76ee1cb30ed3957a82c78f541026e8d54b52d09f5ab3d689f48d54a9231d2,,,,,,,,40001,1000.0,True,True,single_inherited_stream,one trajectory; contiguous blocks are not replicas,True,False,False
legacy_unqualified_output,/home/galoren/Freecurve_AI_Solvation/repositories_recovered/scripts/arbalest/ene-temp/Task5_MD_Transition_LIGAnnihilation_6_2016_10_16_11_13_57_SYSTEM.ene,5ec3e239adf5a6be823a952b225733c832d44d8232f9d4b883c6bf0d2e75ca9f,,,,,,,,40001,1000.0,True,True,single_inherited_stream,one trajectory; contiguous blocks are not replicas,True,False,False
legacy_unqualified_output,/home/galoren/Freecurve_AI_Solvation/repositories_recovered/scripts/arbalest/ene-temp/Task5_MD_Transition_LIGAnnihilation_7_2016_10_16_11_13_57_SYSTEM.ene,0293bddf3e6b6299cd90b651a1097347b0f836d427d2d1ce647a32b37d12f80c,,,,,,,,40001,1000.0,True,True,single_inherited_stream,one trajectory; contiguous blocks are not replicas,True,False,False
legacy_unqualified_output,/home/galoren/Freecurve_AI_Solvation/repositories_recovered/scripts/arbalest/ene-temp/Task5_MD_Transition_LIGAnnihilation_8_2016_10_16_11_13_57_SYSTEM.ene,424a1ca5666afc74f66e5b06ea102d318c7ff0f2108e85488266bdd65604c609,,,,,,,,40001,1000.0,True,True,single_inherited_stream,one trajectory; contiguous blocks are not replicas,True,False,False
legacy_unqualified_output,/home/galoren/Freecurve_AI_Solvation/repositories_recovered/scripts/arbalest/ene-temp/Task5_MD_Transition_LIGAnnihilation_9_2016_10_16_11_14_27_SYSTEM.ene,bdc109f966c5ea606c18a4f627933ad11c138ff99e90ed2a15c59900651e5f18,,,,,,,,40001,1000.0,True,True,single_inherited_stream,one trajectory; contiguous blocks are not replicas,True,False,False
repository_test_fixture,/home/galoren/Freecurve_AI_Solvation/repositories/Simulations/MD_TOOLS_PY/test/test_runscripts/test_analyze/data/286227.InWater_C07H08_Toluene/Output/Task5_MD_Transition_LIGAnnihilation_0_2020_12_15_19_03_28_SYSTEM.ene,5f24cc6d677530d63273af1dc7321eb7b82547fb61adb92c9cd7593a4a640aa9,/home/galoren/Freecurve_AI_Solvation/repositories/Simulations/MD_TOOLS_PY/test/test_runscripts/test_analyze/data/286227.InWater_C07H08_Toluene/Output/conf0.xml,146e43ed8845b06a27615157696500a0f8d9de415054d1727b62f4b8ba3b9a3b,1.0,0.0,0.0,0.002,2020,1001,100.00000625,True,True,single_inherited_stream,one trajectory; contiguous blocks are not replicas,True,False,False
repository_test_fixture,/home/galoren/Freecurve_AI_Solvation/repositories/Simulations/MD_TOOLS_PY/test/test_runscripts/test_analyze/data/286227.InWater_C07H08_Toluene/Output/Task5_MD_Transition_LIGAnnihilation_10_2020_12_15_19_06_52_SYSTEM.ene,a194ad98c51d1af47d8bc0e946345aad0801c99650f266460fdb04a0e35c2808,/home/galoren/Freecurve_AI_Solvation/repositories/Simulations/MD_TOOLS_PY/test/test_runscripts/test_analyze/data/286227.InWater_C07H08_Toluene/Output/conf10.xml,e4a4cc7ecf3bfd96bc1f742a45f45ba4a55dcb3a4075dc19609d9c3f995098a8,1.0,10.0,1.0,0.002,2020,1001,100.00000625,True,True,single_inherited_stream,one trajectory; contiguous blocks are not replicas,True,False,False
repository_test_fixture,/home/galoren/Freecurve_AI_Solvation/repositories/Simulations/MD_TOOLS_PY/test/test_runscripts/test_analyze/data/286227.InWater_C07H08_Toluene/Output/Task5_MD_Transition_LIGAnnihilation_1_2020_12_15_19_03_00_SYSTEM.ene,cee1f2c722d3b330e250a4f65e2ec32248c1f4e9cc3d66fdd47aa5c222473d32,/home/galoren/Freecurve_AI_Solvation/repositories/Simulations/MD_TOOLS_PY/test/test_runscripts/test_analyze/data/286227.InWater_C07H08_Toluene/Output/conf1.xml,8c1773b11e6e7c1c20d44a51f7f22ab2c39749f7958f518b07a75546c0fbab00,1.0,1.0,0.1,0.002,2020,1001,100.00000625,True,True,single_inherited_stream,one trajectory; contiguous blocks are not replicas,True,False,False
repository_test_fixture,/home/galoren/Freecurve_AI_Solvation/repositories/Simulations/MD_TOOLS_PY/test/test_runscripts/test_analyze/data/286227.InWater_C07H08_Toluene/Output/Task5_MD_Transition_LIGAnnihilation_2_2020_12_15_19_04_16_SYSTEM.ene,4923cbb760940f48f133eadc3e94a8c8ac13fe4c376809831790d3c18f736dd0,,,,,,,,1001,100.00000625,True,True,single_inherited_stream,one trajectory; contiguous blocks are not replicas,True,False,False
repository_test_fixture,/home/galoren/Freecurve_AI_Solvation/repositories/Simulations/MD_TOOLS_PY/test/test_runscripts/test_analyze/data/286227.InWater_C07H08_Toluene/Output/Task5_MD_Transition_LIGAnnihilation_3_2020_12_15_19_04_49_SYSTEM.ene,91830fecf6ba64d6e8a0bc207f95a1df17b11446b73264efc43b80b8820308a2,,,,,,,,1001,100.00000625,True,True,single_inherited_stream,one trajectory; contiguous blocks are not replicas,True,False,False
repository_test_fixture,/home/galoren/Freecurve_AI_Solvation/repositories/Simulations/MD_TOOLS_PY/test/test_runscripts/test_analyze/data/286227.InWater_C07H08_Toluene/Output/Task5_MD_Transition_LIGAnnihilation_4_2020_12_15_19_03_55_SYSTEM.ene,0adb5388f3a8dc43a75a3c6b64352b614d855cf278cbc6af8f3e5b62a84a211b,,,,,,,,1001,100.00000625,True,True,single_inherited_stream,one trajectory; contiguous blocks are not replicas,True,False,False
repository_test_fixture,/home/galoren/Freecurve_AI_Solvation/repositories/Simulations/MD_TOOLS_PY/test/test_runscripts/test_analyze/data/286227.InWater_C07H08_Toluene/Output/Task5_MD_Transition_LIGAnnihilation_5_2020_12_15_19_06_57_SYSTEM.ene,7bd1ca8912851bb24a90095b54d82dcfb4a26be5481b32958680130a5d9d6651,,,,,,,,1001,100.00000625,True,True,single_inherited_stream,one trajectory; contiguous blocks are not replicas,True,False,False
repository_test_fixture,/home/galoren/Freecurve_AI_Solvation/repositories/Simulations/MD_TOOLS_PY/test/test_runscripts/test_analyze/data/286227.InWater_C07H08_Toluene/Output/Task5_MD_Transition_LIGAnnihilation_6_2020_12_15_19_04_35_SYSTEM.ene,8f289409d0b0ca09be15e7c9219a56d28ebf2836c65c7755596d323a4ec43f68,,,,,,,,1001,100.00000625,True,True,single_inherited_stream,one trajectory; contiguous blocks are not replicas,True,False,False
repository_test_fixture,/home/galoren/Freecurve_AI_Solvation/repositories/Simulations/MD_TOOLS_PY/test/test_runscripts/test_analyze/data/286227.InWater_C07H08_Toluene/Output/Task5_MD_Transition_LIGAnnihilation_7_2020_12_15_19_04_29_SYSTEM.ene,01c8ed0d2553370801ee955a5812f7cb719abaa7b7b084f107eac994b0f995ea,,,,,,,,1001,100.00000625,True,True,single_inherited_stream,one trajectory; contiguous blocks are not replicas,True,False,False
repository_test_fixture,/home/galoren/Freecurve_AI_Solvation/repositories/Simulations/MD_TOOLS_PY/test/test_runscripts/test_analyze/data/286227.InWater_C07H08_Toluene/Output/Task5_MD_Transition_LIGAnnihilation_8_2020_12_15_19_04_06_SYSTEM.ene,4e9be60ab2fed226fa7189eb5d4b845fb1855df98a722b7ec9192a8c0820942f,,,,,,,,1001,100.00000625,True,True,single_inherited_stream,one trajectory; contiguous blocks are not replicas,True,False,False
repository_test_fixture,/home/galoren/Freecurve_AI_Solvation/repositories/Simulations/MD_TOOLS_PY/test/test_runscripts/test_analyze/data/286227.InWater_C07H08_Toluene/Output/Task5_MD_Transition_LIGAnnihilation_9_2020_12_15_19_03_21_SYSTEM.ene,a40c7a2a5e6919e8f8d02761ce51ded20b4afb36f9dae7c8b8416019e21c346b,,,,,,,,1001,100.00000625,True,True,single_inherited_stream,one trajectory; contiguous blocks are not replicas,True,False,False
repository_test_fixture,/home/galoren/Freecurve_AI_Solvation/repositories_recovered/Simulations/MD_TOOLS_PY/test/test_runscripts/test_analyze/data/286227.InWater_C07H08_Toluene/Output/Task5_MD_Transition_LIGAnnihilation_0_2020_12_15_19_03_28_SYSTEM.ene,5f24cc6d677530d63273af1dc7321eb7b82547fb61adb92c9cd7593a4a640aa9,/home/galoren/Freecurve_AI_Solvation/repositories_recovered/Simulations/MD_TOOLS_PY/test/test_runscripts/test_analyze/data/286227.InWater_C07H08_Toluene/Output/conf0.xml,146e43ed8845b06a27615157696500a0f8d9de415054d1727b62f4b8ba3b9a3b,1.0,0.0,0.0,0.002,2020,1001,100.00000625,True,True,single_inherited_stream,one trajectory; contiguous blocks are not replicas,True,False,False
repository_test_fixture,/home/galoren/Freecurve_AI_Solvation/repositories_recovered/Simulations/MD_TOOLS_PY/test/test_runscripts/test_analyze/data/286227.InWater_C07H08_Toluene/Output/Task5_MD_Transition_LIGAnnihilation_10_2020_12_15_19_06_52_SYSTEM.ene,a194ad98c51d1af47d8bc0e946345aad0801c99650f266460fdb04a0e35c2808,/home/galoren/Freecurve_AI_Solvation/repositories_recovered/Simulations/MD_TOOLS_PY/test/test_runscripts/test_analyze/data/286227.InWater_C07H08_Toluene/Output/conf10.xml,e4a4cc7ecf3bfd96bc1f742a45f45ba4a55dcb3a4075dc19609d9c3f995098a8,1.0,10.0,1.0,0.002,2020,1001,100.00000625,True,True,single_inherited_stream,one trajectory; contiguous blocks are not replicas,True,False,False
repository_test_fixture,/home/galoren/Freecurve_AI_Solvation/repositories_recovered/Simulations/MD_TOOLS_PY/test/test_runscripts/test_analyze/data/286227.InWater_C07H08_Toluene/Output/Task5_MD_Transition_LIGAnnihilation_1_2020_12_15_19_03_00_SYSTEM.ene,cee1f2c722d3b330e250a4f65e2ec32248c1f4e9cc3d66fdd47aa5c222473d32,/home/galoren/Freecurve_AI_Solvation/repositories_recovered/Simulations/MD_TOOLS_PY/test/test_runscripts/test_analyze/data/286227.InWater_C07H08_Toluene/Output/conf1.xml,8c1773b11e6e7c1c20d44a51f7f22ab2c39749f7958f518b07a75546c0fbab00,1.0,1.0,0.1,0.002,2020,1001,100.00000625,True,True,single_inherited_stream,one trajectory; contiguous blocks are not replicas,True,False,False
repository_test_fixture,/home/galoren/Freecurve_AI_Solvation/repositories_recovered/Simulations/MD_TOOLS_PY/test/test_runscripts/test_analyze/data/286227.InWater_C07H08_Toluene/Output/Task5_MD_Transition_LIGAnnihilation_2_2020_12_15_19_04_16_SYSTEM.ene,4923cbb760940f48f133eadc3e94a8c8ac13fe4c376809831790d3c18f736dd0,,,,,,,,1001,100.00000625,True,True,single_inherited_stream,one trajectory; contiguous blocks are not replicas,True,False,False
repository_test_fixture,/home/galoren/Freecurve_AI_Solvation/repositories_recovered/Simulations/MD_TOOLS_PY/test/test_runscripts/test_analyze/data/286227.InWater_C07H08_Toluene/Output/Task5_MD_Transition_LIGAnnihilation_3_2020_12_15_19_04_49_SYSTEM.ene,91830fecf6ba64d6e8a0bc207f95a1df17b11446b73264efc43b80b8820308a2,,,,,,,,1001,100.00000625,True,True,single_inherited_stream,one trajectory; contiguous blocks are not replicas,True,False,False
repository_test_fixture,/home/galoren/Freecurve_AI_Solvation/repositories_recovered/Simulations/MD_TOOLS_PY/test/test_runscripts/test_analyze/data/286227.InWater_C07H08_Toluene/Output/Task5_MD_Transition_LIGAnnihilation_4_2020_12_15_19_03_55_SYSTEM.ene,0adb5388f3a8dc43a75a3c6b64352b614d855cf278cbc6af8f3e5b62a84a211b,,,,,,,,1001,100.00000625,True,True,single_inherited_stream,one trajectory; contiguous blocks are not replicas,True,False,False
repository_test_fixture,/home/galoren/Freecurve_AI_Solvation/repositories_recovered/Simulations/MD_TOOLS_PY/test/test_runscripts/test_analyze/data/286227.InWater_C07H08_Toluene/Output/Task5_MD_Transition_LIGAnnihilation_5_2020_12_15_19_06_57_SYSTEM.ene,7bd1ca8912851bb24a90095b54d82dcfb4a26be5481b32958680130a5d9d6651,,,,,,,,1001,100.00000625,True,True,single_inherited_stream,one trajectory; contiguous blocks are not replicas,True,False,False
repository_test_fixture,/home/galoren/Freecurve_AI_Solvation/repositories_recovered/Simulations/MD_TOOLS_PY/test/test_runscripts/test_analyze/data/286227.InWater_C07H08_Toluene/Output/Task5_MD_Transition_LIGAnnihilation_6_2020_12_15_19_04_35_SYSTEM.ene,8f289409d0b0ca09be15e7c9219a56d28ebf2836c65c7755596d323a4ec43f68,,,,,,,,1001,100.00000625,True,True,single_inherited_stream,one trajectory; contiguous blocks are not replicas,True,False,False
repository_test_fixture,/home/galoren/Freecurve_AI_Solvation/repositories_recovered/Simulations/MD_TOOLS_PY/test/test_runscripts/test_analyze/data/286227.InWater_C07H08_Toluene/Output/Task5_MD_Transition_LIGAnnihilation_7_2020_12_15_19_04_29_SYSTEM.ene,01c8ed0d2553370801ee955a5812f7cb719abaa7b7b084f107eac994b0f995ea,,,,,,,,1001,100.00000625,True,True,single_inherited_stream,one trajectory; contiguous blocks are not replicas,True,False,False
repository_test_fixture,/home/galoren/Freecurve_AI_Solvation/repositories_recovered/Simulations/MD_TOOLS_PY/test/test_runscripts/test_analyze/data/286227.InWater_C07H08_Toluene/Output/Task5_MD_Transition_LIGAnnihilation_8_2020_12_15_19_04_06_SYSTEM.ene,4e9be60ab2fed226fa7189eb5d4b845fb1855df98a722b7ec9192a8c0820942f,,,,,,,,1001,100.00000625,True,True,single_inherited_stream,one trajectory; contiguous blocks are not replicas,True,False,False
repository_test_fixture,/home/galoren/Freecurve_AI_Solvation/repositories_recovered/Simulations/MD_TOOLS_PY/test/test_runscripts/test_analyze/data/286227.InWater_C07H08_Toluene/Output/Task5_MD_Transition_LIGAnnihilation_9_2020_12_15_19_03_21_SYSTEM.ene,a40c7a2a5e6919e8f8d02761ce51ded20b4afb36f9dae7c8b8416019e21c346b,,,,,,,,1001,100.00000625,True,True,single_inherited_stream,one trajectory; contiguous blocks are not replicas,True,False,False
rtx3090_protocol_benchmark,/home/galoren/Freecurve_AI_Solvation/results/rtx3090_benchmark/classical_2500/output/Task5_MD_Transition_WaterAnnihilation_6__SYSTEM.ene,b5307c17f9f521b0a1a1015f2c984d6de2f3eb364dad5f1094dd22aa62fb8c37,/home/galoren/Freecurve_AI_Solvation/results/rtx3090_benchmark/classical_2500/conf.xml,f4882d317006862324d51eda518263cb2e9108e7c5c8d760a6c37ee40eeba89f,1.0,6.0,0.5,0.002,3223,51,5.0000003123,True,True,single_inherited_stream,one trajectory; contiguous blocks are not replicas,True,False,False
rtx3090_protocol_benchmark,/home/galoren/Freecurve_AI_Solvation/results/rtx3090_benchmark/pimd2_2500/output/Task5_MD_Transition_WaterAnnihilation_6__SYSTEM.ene,136c1e988199ab385cb503ca5eaaa41de5313f3ea5dbc5873bd8d841234c6722,/home/galoren/Freecurve_AI_Solvation/results/rtx3090_benchmark/pimd2_2500/conf.xml,8e1bc0f65b6e1fe690e7012f2e105f6488a7fdc7e05e26da3280f4b132080c9f,2.0,6.0,0.5,0.002,3223,51,5.0000003123,True,True,single_inherited_stream,one trajectory; contiguous blocks are not replicas,True,False,False
rtx3090_protocol_benchmark,/home/galoren/Freecurve_AI_Solvation/results/rtx3090_benchmark/pimd4_2500/output/Task5_MD_Transition_WaterAnnihilation_6__SYSTEM.ene,73e3b5c5f29d217f88a953c184514055d1e419541fa670700ad519d285325da0,/home/galoren/Freecurve_AI_Solvation/results/rtx3090_benchmark/pimd4_2500/conf.xml,ebd216d9445297b8e73e69b3a724395ea430dc1cc7465b329bfcb71e4f2d68c3,4.0,6.0,0.5,0.002,3223,51,5.0000003123,True,True,single_inherited_stream,one trajectory; contiguous blocks are not replicas,True,False,False
rtx3090_protocol_benchmark,/home/galoren/Freecurve_AI_Solvation/results/rtx3090_benchmark/pimd8_1000/output/Task5_MD_Transition_WaterAnnihilation_6__SYSTEM.ene,b0c4678b568c28b40b14762c6c554af4d2519707939b51516863262b7a54cb0e,/home/galoren/Freecurve_AI_Solvation/results/rtx3090_benchmark/pimd8_1000/conf.xml,4dea706dff1264e2b6b5bb8ffed5340876b8194e12cd5c9935baad3e3e226d6d,8.0,6.0,0.5,0.002,3223,21,2.0000001249,True,True,single_inherited_stream,one trajectory; contiguous blocks are not replicas,True,False,False
rtx3090_protocol_benchmark,/home/galoren/Freecurve_AI_Solvation/results/rtx3090_benchmark/pimd8_10000/output/Task5_MD_Transition_WaterAnnihilation_6__SYSTEM.ene,eef05fff2950112a83579bab79e22d679e65183a2a2aff9fccb6e7e8fe136b8f,/home/galoren/Freecurve_AI_Solvation/results/rtx3090_benchmark/pimd8_10000/conf.xml,ce8d3372d2249d7880f99e2e9dfa1216806e494a023b72ac8b7e9fcaf1427020,8.0,6.0,0.5,0.002,3223,201,20.000001249,True,True,single_inherited_stream,one trajectory; contiguous blocks are not replicas,True,False,False
rtx3090_protocol_benchmark,/home/galoren/Freecurve_AI_Solvation/results/rtx3090_benchmark/pimd8_25000/output/Task5_MD_Transition_WaterAnnihilation_6__SYSTEM.ene,8fc5db65fa9154c757fea6c2270d443422ba7d48a745f09b26344ecf1a645a0a,/home/galoren/Freecurve_AI_Solvation/results/rtx3090_benchmark/pimd8_25000/conf.xml,243f9cd4fe33d9ce5b84d683b9eb98a9434cef72372fc63985fea3f610b4a5c0,8.0,6.0,0.5,0.002,3223,501,50.000003123,True,True,single_inherited_stream,one trajectory; contiguous blocks are not replicas,True,False,False
rtx3090_protocol_benchmark,/home/galoren/Freecurve_AI_Solvation/results/rtx3090_benchmark/pimd8_3000/output/Task5_MD_Transition_WaterAnnihilation_6__SYSTEM.ene,23a52164ce1b2b6a1918c3740b8805b37a995051fa719b8f1fdba289483a3031,/home/galoren/Freecurve_AI_Solvation/results/rtx3090_benchmark/pimd8_3000/conf.xml,d921682e125295e0b6b83fc60e17f1e83a5a4cb725a081c6fb2a58bf224bf122,8.0,6.0,0.5,0.002,3223,61,6.0000003748,True,True,single_inherited_stream,one trajectory; contiguous blocks are not replicas,True,False,False
rtx3090_protocol_benchmark,/home/galoren/Freecurve_AI_Solvation/results/rtx3090_benchmark/pop_probe_test/methane/output/Task5_MD_Transition_LIGAnnihilation_6__SYSTEM.ene,57b12ca4c84f40878b6bd45502cbbf6c733aebcf383416676e3dcad78b3448c4,/home/galoren/Freecurve_AI_Solvation/results/rtx3090_benchmark/pop_probe_test/methane/conf.xml,d0f85a66581ecbb39796dec9670a4c97b985443e7dd24e4039c3d35ce5bff507,2.0,6.0,0.5,0.002,7239716,51,5.0000003123,True,True,single_inherited_stream,one trajectory; contiguous blocks are not replicas,True,False,False
rtx3090_protocol_benchmark,/home/galoren/Freecurve_AI_Solvation/results/rtx3090_benchmark/pop_probe_test/toluene/output/Task5_MD_Transition_LIGAnnihilation_6__SYSTEM.ene,68f1e474744b31207a535a838e9b03e6e43603ebb320f68c1f6aff8e336bea5e,/home/galoren/Freecurve_AI_Solvation/results/rtx3090_benchmark/pop_probe_test/toluene/conf.xml,8458c9e6239f7d4eaa2e6061d0abff43f628b2741fd3c8652e11ac067f2c086a,2.0,6.0,0.5,0.002,10949482,51,5.0000003123,True,True,single_inherited_stream,one trajectory; contiguous blocks are not replicas,True,False,False
rtx3090_protocol_benchmark,/home/galoren/Freecurve_AI_Solvation/results/rtx3090_benchmark/smoke_pimd8/output/Task5_MD_Transition_WaterAnnihilation_6__SYSTEM.ene,91d3cd72ccb1de4cadee5de2932899a093bd8ba1d631ec0d4d86f5bd6163cc20,/home/galoren/Freecurve_AI_Solvation/results/rtx3090_benchmark/smoke_pimd8/conf.xml,759c2dbb15c430b4fd58187997ee280f0a00a904fb5e05459ba63be4423ee640,8.0,6.0,0.5,0.002,3223,1,0.0,True,True,single_inherited_stream,one trajectory; contiguous blocks are not replicas,True,False,False
