candidate_id,name,smiles,canonical_isomeric_smiles,full_inchi_key,connectivity_key,fragment_parent_key,uncharged_parent_key,canonical_tautomer_key,experimental_dg_kcal_mol,temperature_k,hscp_units,standard_state,sign_convention,heavy_atom_count,molecular_weight,n_eligible_measurement_rows,n_independent_source_refs,source_record_ids,source_refs,source_dois,target_scope_compatible,known_registry_conflict,scientifically_eligible,overlap_endpoint_public_1280_exact,overlap_endpoint_public_1280_standardized,overlap_endpoint_arrow_85_exact,overlap_endpoint_arrow_85_standardized,overlap_teacher_combisolv_qm_exact,overlap_teacher_combisolv_qm_standardized,overlap_teacher_abraham_exact,overlap_teacher_abraham_standardized,overlap_teacher_openff_exact,overlap_teacher_openff_standardized,overlap_teacher_gbn2_exact,overlap_teacher_gbn2_standardized,overlap_teacher_molsolv_smd_exact,overlap_teacher_molsolv_smd_standardized,overlap_teacher_confsolv_exact,overlap_teacher_confsolv_standardized,any_endpoint_overlap,any_teacher_source_overlap,endpoint_disjoint_eligible,strict_response_source_disjoint,endpoint_cohort_exclusion_reason
AAUJSCRITBXDJH,"1,2,6-trichloronaphthalene",Clc1ccc2c(Cl)c(Cl)ccc2c1,Clc1ccc2c(Cl)c(Cl)ccc2c1,AAUJSCRITBXDJH-UHFFFAOYSA-N,AAUJSCRITBXDJH,AAUJSCRITBXDJH,AAUJSCRITBXDJH,AAUJSCRITBXDJH,-3.580763582585761,298.15,mol m^-3 Pa^-1,1 M ideal gas to 1 M ideal-dilute aqueous,negative is favorable hydration,13,231.509,1,1,SANDER-35217,3732,10.1016/J.ATMOSENV.2016.10.009,True,False,True,False,False,False,False,False,False,True,True,False,False,False,False,False,False,False,False,False,True,True,False,
AKDRYEADQPNLOH,PFBHA-ethanal,CC=NOCc1c(F)c(F)c(F)c(F)c1F,CC=NOCc1c(F)c(F)c(F)c(F)c1F,AKDRYEADQPNLOH-UHFFFAOYSA-N,AKDRYEADQPNLOH,AKDRYEADQPNLOH,AKDRYEADQPNLOH,AKDRYEADQPNLOH,-2.282416084376685,298.15,mol m^-3 Pa^-1,1 M ideal gas to 1 M ideal-dilute aqueous,negative is favorable hydration,16,239.14299999999997,1,1,SANDER-32462,2497,10.1021/JE025545I,True,False,True,False,False,False,False,False,False,False,False,False,False,False,False,False,False,False,False,False,False,True,True,
ALVPFGSHPUPROW,dipropyl disulfide,CCCSSCCC,CCCSSCCC,ALVPFGSHPUPROW-UHFFFAOYSA-N,ALVPFGSHPUPROW,ALVPFGSHPUPROW,ALVPFGSHPUPROW,ALVPFGSHPUPROW,-1.653482212099156,298.15,mol m^-3 Pa^-1,1 M ideal gas to 1 M ideal-dilute aqueous,negative is favorable hydration,8,150.31199999999998,2,2,SANDER-43216;SANDER-43217,2823;3669,10.1016/J.CHEMOSPHERE.2010.12.051;10.1111/J.1365-2621.1980.TB00916.X,True,False,True,False,False,False,False,True,True,True,True,False,False,False,False,False,False,False,False,False,True,True,False,
ALVYVCQIFHTIRD,"1H,1H,2H,2H-perfluorodecane sulfonic acid",O=S(=O)(O)CCC(F)(F)C(F)(F)C(F)(F)C(F)(F)C(F)(F)C(F)(F)C(F)(F)C(F)(F)F,O=S(=O)(O)CCC(F)(F)C(F)(F)C(F)(F)C(F)(F)C(F)(F)C(F)(F)C(F)(F)C(F)(F)F,ALVYVCQIFHTIRD-UHFFFAOYSA-N,ALVYVCQIFHTIRD,ALVYVCQIFHTIRD,ALVYVCQIFHTIRD,ALVYVCQIFHTIRD,-1.0050294233768833,298.15,mol m^-3 Pa^-1,1 M ideal gas to 1 M ideal-dilute aqueous,negative is favorable hydration,31,528.1799999999998,1,1,SANDER-43981,3939,10.1016/J.HAZL.2022.100070,True,False,True,False,False,False,False,False,False,False,False,False,False,False,False,False,False,False,False,False,False,True,True,
AWZOLILCOUMRDG,edifenphos,CCOP(=O)(Sc1ccccc1)Sc1ccccc1,CCOP(=O)(Sc1ccccc1)Sc1ccccc1,AWZOLILCOUMRDG-UHFFFAOYSA-N,AWZOLILCOUMRDG,AWZOLILCOUMRDG,AWZOLILCOUMRDG,AWZOLILCOUMRDG,-9.676930122691385,298.15,mol m^-3 Pa^-1,1 M ideal gas to 1 M ideal-dilute aqueous,negative is favorable hydration,19,310.38000000000005,1,1,SANDER-44734,2538,10.1584/JPESTICS.18.3_201,True,False,True,False,False,False,False,False,False,False,False,False,False,False,False,False,False,False,False,False,False,True,True,
BAOLNVSMVTYGDA,"1,2,3,4,6-pentachloronaphthalene",Clc1ccc2c(Cl)c(Cl)c(Cl)c(Cl)c2c1,Clc1ccc2c(Cl)c(Cl)c(Cl)c(Cl)c2c1,BAOLNVSMVTYGDA-UHFFFAOYSA-N,BAOLNVSMVTYGDA,BAOLNVSMVTYGDA,BAOLNVSMVTYGDA,BAOLNVSMVTYGDA,-3.119164713968704,298.15,mol m^-3 Pa^-1,1 M ideal gas to 1 M ideal-dilute aqueous,negative is favorable hydration,15,300.399,1,1,SANDER-35240,3732,10.1016/J.ATMOSENV.2016.10.009,True,False,True,False,False,False,False,False,False,True,True,False,False,False,False,False,False,False,False,False,True,True,False,
BAYUSCHCCGXLAY,3′-methoxyacetophenone,COc1cccc(C(C)=O)c1,COc1cccc(C(C)=O)c1,BAYUSCHCCGXLAY-UHFFFAOYSA-N,BAYUSCHCCGXLAY,BAYUSCHCCGXLAY,BAYUSCHCCGXLAY,BAYUSCHCCGXLAY,-6.3751571234794,298.15,mol m^-3 Pa^-1,1 M ideal gas to 1 M ideal-dilute aqueous,negative is favorable hydration,11,150.17699999999996,1,1,SANDER-16097,3724,10.1021/JE700612B,True,False,True,False,False,False,False,False,False,True,True,False,False,False,False,False,False,False,False,False,True,True,False,
BBABSCYTNHOKOG,pentachloromethoxybenzene,COc1c(Cl)c(Cl)c(Cl)c(Cl)c1Cl,COc1c(Cl)c(Cl)c(Cl)c(Cl)c1Cl,BBABSCYTNHOKOG-UHFFFAOYSA-N,BBABSCYTNHOKOG,BBABSCYTNHOKOG,BBABSCYTNHOKOG,BBABSCYTNHOKOG,-0.9774670142527602,298.15,mol m^-3 Pa^-1,1 M ideal gas to 1 M ideal-dilute aqueous,negative is favorable hydration,13,280.365,1,1,SANDER-38183,1524,10.1007/S002160101077,True,False,True,False,False,False,False,False,False,True,True,False,False,False,False,False,False,False,False,False,True,True,False,
BCTASVPUYLXFBW,PFBHA-1-hydroxypropanone,CC(CO)=NOCc1c(F)c(F)c(F)c(F)c1F,CC(CO)=NOCc1c(F)c(F)c(F)c(F)c1F,BCTASVPUYLXFBW-UHFFFAOYSA-N,BCTASVPUYLXFBW,BCTASVPUYLXFBW,BCTASVPUYLXFBW,BCTASVPUYLXFBW,-2.4906140436893542,298.15,mol m^-3 Pa^-1,1 M ideal gas to 1 M ideal-dilute aqueous,negative is favorable hydration,18,269.1689999999999,1,1,SANDER-32476,2497,10.1021/JE025545I,True,False,True,False,False,False,False,False,False,False,False,False,False,False,False,False,False,False,False,False,False,True,True,
BDFAOUQQXJIZDG,2-methyl-1-propanethiol,CC(C)CS,CC(C)CS,BDFAOUQQXJIZDG-UHFFFAOYSA-N,BDFAOUQQXJIZDG,BDFAOUQQXJIZDG,BDFAOUQQXJIZDG,BDFAOUQQXJIZDG,-0.5378803038700118,298.15,mol m^-3 Pa^-1,1 M ideal gas to 1 M ideal-dilute aqueous,negative is favorable hydration,5,90.191,1,1,SANDER-42651,3306,10.1016/J.JCT.2015.10.005,True,False,True,False,False,False,False,False,False,True,True,False,False,False,False,True,True,False,False,False,True,True,False,
BIVDISPRSYAHQQ,"1,2,4,5-tetrachloronaphthalene",Clc1cc(Cl)c2c(Cl)cccc2c1Cl,Clc1cc(Cl)c2c(Cl)cccc2c1Cl,BIVDISPRSYAHQQ-UHFFFAOYSA-N,BIVDISPRSYAHQQ,BIVDISPRSYAHQQ,BIVDISPRSYAHQQ,BIVDISPRSYAHQQ,-3.50660630412664,298.15,mol m^-3 Pa^-1,1 M ideal gas to 1 M ideal-dilute aqueous,negative is favorable hydration,14,265.95399999999995,1,1,SANDER-35227,3732,10.1016/J.ATMOSENV.2016.10.009,True,False,True,False,False,False,False,False,False,True,True,False,False,False,False,False,False,False,False,False,True,True,False,
BMZVDHQOAJUZJL,"1,3-dibromo-2-methoxybenzene",COc1c(Br)cccc1Br,COc1c(Br)cccc1Br,BMZVDHQOAJUZJL-UHFFFAOYSA-N,BMZVDHQOAJUZJL,BMZVDHQOAJUZJL,BMZVDHQOAJUZJL,BMZVDHQOAJUZJL,-2.677294821763553,298.15,mol m^-3 Pa^-1,1 M ideal gas to 1 M ideal-dilute aqueous,negative is favorable hydration,10,265.932,1,1,SANDER-41494,1524,10.1007/S002160101077,True,False,True,False,False,False,False,False,False,False,False,False,False,False,False,False,False,False,False,False,False,True,True,
BRLQWZUYTZBJKN,(chloromethyl)-oxirane,ClCC1CO1,ClCC1CO1,BRLQWZUYTZBJKN-UHFFFAOYSA-N,BRLQWZUYTZBJKN,BRLQWZUYTZBJKN,BRLQWZUYTZBJKN,BRLQWZUYTZBJKN,-3.897199417405152,298.15,mol m^-3 Pa^-1,1 M ideal gas to 1 M ideal-dilute aqueous,negative is favorable hydration,5,92.525,1,1,SANDER-37812,3646,10.1021/ES970763V,True,False,True,False,False,False,False,False,False,True,True,False,False,False,False,True,True,True,True,False,True,True,False,
BTRCDLZQISXWHZ,"4-bromo-2,3-dichloro-1-methoxybenzene",COc1ccc(Br)c(Cl)c1Cl,COc1ccc(Br)c(Cl)c1Cl,BTRCDLZQISXWHZ-UHFFFAOYSA-N,BTRCDLZQISXWHZ,BTRCDLZQISXWHZ,BTRCDLZQISXWHZ,BTRCDLZQISXWHZ,-1.9585971639928252,298.15,mol m^-3 Pa^-1,1 M ideal gas to 1 M ideal-dilute aqueous,negative is favorable hydration,11,255.926,1,1,SANDER-42145,1524,10.1007/S002160101077,True,False,True,False,False,False,False,False,False,False,False,False,False,False,False,False,False,False,False,False,False,True,True,
BULLJMKUVKYZDJ,perfluorohexyl iodide,FC(F)(F)C(F)(F)C(F)(F)C(F)(F)C(F)(F)C(F)(F)I,FC(F)(F)C(F)(F)C(F)(F)C(F)(F)C(F)(F)C(F)(F)I,BULLJMKUVKYZDJ-UHFFFAOYSA-N,BULLJMKUVKYZDJ,BULLJMKUVKYZDJ,BULLJMKUVKYZDJ,BULLJMKUVKYZDJ,-0.0777986830724094,298.15,mol m^-3 Pa^-1,1 M ideal gas to 1 M ideal-dilute aqueous,negative is favorable hydration,20,445.944,1,1,SANDER-42492,3939,10.1016/J.HAZL.2022.100070,True,False,True,False,False,False,False,False,False,False,False,False,False,False,False,False,False,False,False,False,False,True,True,
BVSOVPUWHJWGEP,"6-bromo-2,5-dichloro-1-methoxybenzene",COc1c(Cl)ccc(Cl)c1Br,COc1c(Cl)ccc(Cl)c1Br,BVSOVPUWHJWGEP-UHFFFAOYSA-N,BVSOVPUWHJWGEP,BVSOVPUWHJWGEP,BVSOVPUWHJWGEP,BVSOVPUWHJWGEP,-1.7472726277691262,298.15,mol m^-3 Pa^-1,1 M ideal gas to 1 M ideal-dilute aqueous,negative is favorable hydration,11,255.926,1,1,SANDER-42153,3118,10.1016/J.CHROMA.2004.12.027,True,False,True,False,False,False,False,False,False,False,False,False,False,False,False,False,False,False,False,False,False,True,True,
BYGQBDHUGHBGMD,2-methylbutanal,CCC(C)C=O,CCC(C)C=O,BYGQBDHUGHBGMD-UHFFFAOYSA-N,BYGQBDHUGHBGMD,BYGQBDHUGHBGMD,BYGQBDHUGHBGMD,BYGQBDHUGHBGMD,-2.39561343672259,298.15,mol m^-3 Pa^-1,1 M ideal gas to 1 M ideal-dilute aqueous,negative is favorable hydration,6,86.13399999999999,1,1,SANDER-14318,1923,10.1016/S1387-3806(03)00197-0,True,False,True,False,False,False,False,False,False,True,True,False,False,False,False,True,True,False,False,False,True,True,False,
CAFROQYMUICGNO,"2,2,2-trifluoroethyl methanoate",O=COCC(F)(F)F,O=COCC(F)(F)F,CAFROQYMUICGNO-UHFFFAOYSA-N,CAFROQYMUICGNO,CAFROQYMUICGNO,CAFROQYMUICGNO,CAFROQYMUICGNO,-1.5370463030734125,298.15,mol m^-3 Pa^-1,1 M ideal gas to 1 M ideal-dilute aqueous,negative is favorable hydration,8,128.049,1,1,SANDER-32143,2802,10.1016/J.ATMOSENV.2005.06.021,True,False,True,False,False,False,False,False,False,False,False,False,False,False,False,True,True,False,False,False,True,True,False,
CCEFMUBVSUDRLG,limonene oxide,C=C(C)C1CCC2(C)OC2C1,C=C(C)C1CCC2(C)OC2C1,CCEFMUBVSUDRLG-UHFFFAOYSA-N,CCEFMUBVSUDRLG,CCEFMUBVSUDRLG,CCEFMUBVSUDRLG,CCEFMUBVSUDRLG,-2.9228405979354397,298.15,mol m^-3 Pa^-1,1 M ideal gas to 1 M ideal-dilute aqueous,negative is favorable hydration,11,152.237,1,1,SANDER-24068,2462,10.1021/JE980070+,True,False,True,False,False,False,False,False,False,False,False,False,False,False,False,False,False,False,False,False,False,True,True,
CCEKAJIANROZEO,N-ethylperfluorooctanesulfonamide,CCNS(=O)(=O)C(F)(F)C(F)(F)C(F)(F)C(F)(F)C(F)(F)C(F)(F)C(F)(F)C(F)(F)F,CCNS(=O)(=O)C(F)(F)C(F)(F)C(F)(F)C(F)(F)C(F)(F)C(F)(F)C(F)(F)C(F)(F)F,CCEKAJIANROZEO-UHFFFAOYSA-N,CCEKAJIANROZEO,CCEKAJIANROZEO,CCEKAJIANROZEO,CCEKAJIANROZEO,-0.501220058409582,298.15,mol m^-3 Pa^-1,1 M ideal gas to 1 M ideal-dilute aqueous,negative is favorable hydration,31,527.1959999999998,1,1,SANDER-44041,3939,10.1016/J.HAZL.2022.100070,True,False,True,False,False,False,False,False,False,False,False,False,False,False,False,False,False,False,False,False,False,True,True,
CGFCSKMZZXPWEY,2-nitrooxy-3-butanol,CC(O)C(C)O[N+](=O)[O-],CC(O)C(C)O[N+](=O)[O-],CGFCSKMZZXPWEY-UHFFFAOYSA-N,CGFCSKMZZXPWEY,CGFCSKMZZXPWEY,CGFCSKMZZXPWEY,CGFCSKMZZXPWEY,-7.359115369041204,298.15,mol m^-3 Pa^-1,1 M ideal gas to 1 M ideal-dilute aqueous,negative is favorable hydration,9,135.119,1,1,SANDER-27623,548,10.1021/ES960538Y,True,False,True,False,False,False,False,False,False,False,False,False,False,False,False,False,False,False,False,False,False,True,True,
CHIFOSRWCNZCFN,penoxaline,CCC(CC)Nc1c([N+](=O)[O-])cc(C)c(C)c1[N+](=O)[O-],CCC(CC)Nc1c([N+](=O)[O-])cc(C)c(C)c1[N+](=O)[O-],CHIFOSRWCNZCFN-UHFFFAOYSA-N,CHIFOSRWCNZCFN,CHIFOSRWCNZCFN,CHIFOSRWCNZCFN,CHIFOSRWCNZCFN,-6.102891134415766,298.15,mol m^-3 Pa^-1,1 M ideal gas to 1 M ideal-dilute aqueous,negative is favorable hydration,20,281.312,1,1,SANDER-31314,1144,10.1002/ETC.5620090606,True,False,True,False,False,False,False,False,False,False,False,False,False,False,False,False,False,False,False,False,False,True,True,
CICQUFBZCADHHX,"1,5-dichloro-2-methoxybenzene",COc1ccc(Cl)cc1Cl,COc1ccc(Cl)cc1Cl,CICQUFBZCADHHX-UHFFFAOYSA-N,CICQUFBZCADHHX,CICQUFBZCADHHX,CICQUFBZCADHHX,CICQUFBZCADHHX,-2.010150095313052,298.15,mol m^-3 Pa^-1,1 M ideal gas to 1 M ideal-dilute aqueous,negative is favorable hydration,10,177.02999999999997,1,1,SANDER-38159,1524,10.1007/S002160101077,True,False,True,False,False,False,False,False,False,True,True,False,False,False,False,True,True,False,False,False,True,True,False,
COAUHYBSXMIJDK,"3,3-dichloro-1,1,1,2,2-pentafluoropropane",FC(F)(F)C(F)(F)C(Cl)Cl,FC(F)(F)C(F)(F)C(Cl)Cl,COAUHYBSXMIJDK-UHFFFAOYSA-N,COAUHYBSXMIJDK,COAUHYBSXMIJDK,COAUHYBSXMIJDK,COAUHYBSXMIJDK,0.8383365091933289,298.15,mol m^-3 Pa^-1,1 M ideal gas to 1 M ideal-dilute aqueous,negative is favorable hydration,10,202.937,1,1,SANDER-40475,2939,10.1002/KIN.20780,True,False,True,False,False,False,False,False,False,False,False,False,False,False,False,False,False,False,False,False,False,True,True,
CTLMCQOGOWNFHA,"1,2,3,4,5,6-hexachloronaphthalene",Clc1ccc2c(Cl)c(Cl)c(Cl)c(Cl)c2c1Cl,Clc1ccc2c(Cl)c(Cl)c(Cl)c(Cl)c2c1Cl,CTLMCQOGOWNFHA-UHFFFAOYSA-N,CTLMCQOGOWNFHA,CTLMCQOGOWNFHA,CTLMCQOGOWNFHA,CTLMCQOGOWNFHA,-4.483411727002943,298.15,mol m^-3 Pa^-1,1 M ideal gas to 1 M ideal-dilute aqueous,negative is favorable hydration,16,334.84399999999994,1,1,SANDER-35249,3732,10.1016/J.ATMOSENV.2016.10.009,True,False,True,False,False,False,False,False,False,True,True,False,False,False,False,False,False,False,False,False,True,True,False,
CWJSHJJYOPWUGX,chlorpropham,CC(C)OC(=O)Nc1cccc(Cl)c1,CC(C)OC(=O)Nc1cccc(Cl)c1,CWJSHJJYOPWUGX-UHFFFAOYSA-N,CWJSHJJYOPWUGX,CWJSHJJYOPWUGX,CWJSHJJYOPWUGX,CWJSHJJYOPWUGX,-6.488354475825306,298.15,mol m^-3 Pa^-1,1 M ideal gas to 1 M ideal-dilute aqueous,negative is favorable hydration,14,213.664,1,1,SANDER-39746,2538,10.1584/JPESTICS.18.3_201,True,False,True,False,False,False,False,False,False,False,False,False,False,False,False,False,False,False,False,False,False,True,True,
DCEPGADSNJKOJK,trifluoroacetylfluoride,O=C(F)C(F)(F)F,O=C(F)C(F)(F)F,DCEPGADSNJKOJK-UHFFFAOYSA-N,DCEPGADSNJKOJK,DCEPGADSNJKOJK,DCEPGADSNJKOJK,DCEPGADSNJKOJK,-2.553038563510698,298.15,mol m^-3 Pa^-1,1 M ideal gas to 1 M ideal-dilute aqueous,negative is favorable hydration,7,116.01300000000002,1,1,SANDER-32014;SANDER-32015;SANDER-32016,671,10.1007/978-3-642-61445-3_6,True,False,True,False,False,False,False,False,False,False,False,False,False,False,False,False,False,False,False,False,False,True,True,
DIRFUJHNVNOBMY,fenobucarb,CCC(C)c1ccccc1OC(=O)NC,CCC(C)c1ccccc1OC(=O)NC,DIRFUJHNVNOBMY-UHFFFAOYSA-N,DIRFUJHNVNOBMY,DIRFUJHNVNOBMY,DIRFUJHNVNOBMY,DIRFUJHNVNOBMY,-7.599347343229355,298.15,mol m^-3 Pa^-1,1 M ideal gas to 1 M ideal-dilute aqueous,negative is favorable hydration,15,207.273,1,1,SANDER-26848,2538,10.1584/JPESTICS.18.3_201,True,False,True,False,False,False,False,False,False,False,False,False,False,False,False,False,False,False,False,False,False,True,True,
DKEGCUDAFWNSSO,"1,8-dibromooctane",BrCCCCCCCCBr,BrCCCCCCCCBr,DKEGCUDAFWNSSO-UHFFFAOYSA-N,DKEGCUDAFWNSSO,DKEGCUDAFWNSSO,DKEGCUDAFWNSSO,DKEGCUDAFWNSSO,-2.0575741949439603,298.15,mol m^-3 Pa^-1,1 M ideal gas to 1 M ideal-dilute aqueous,negative is favorable hydration,10,272.02399999999994,1,1,SANDER-41147,2122,10.1016/J.CHEMOSPHERE.2006.01.057,True,False,True,False,False,False,False,False,False,True,True,False,False,False,False,False,False,False,False,False,True,True,False,
DLIFNTQMBOCKTL,PFBHA-propanone,CC(C)=NOCc1c(F)c(F)c(F)c(F)c1F,CC(C)=NOCc1c(F)c(F)c(F)c(F)c1F,DLIFNTQMBOCKTL-UHFFFAOYSA-N,DLIFNTQMBOCKTL,DLIFNTQMBOCKTL,DLIFNTQMBOCKTL,DLIFNTQMBOCKTL,-1.9585971639928252,298.15,mol m^-3 Pa^-1,1 M ideal gas to 1 M ideal-dilute aqueous,negative is favorable hydration,17,253.16999999999996,1,1,SANDER-32463,2497,10.1021/JE025545I,True,False,True,False,False,False,False,False,False,False,False,False,False,False,False,False,False,False,False,False,False,True,True,
DPCILIMHENXHQX,2-ethyl-3-methoxypyrazine,CCc1nccnc1OC,CCc1nccnc1OC,DPCILIMHENXHQX-UHFFFAOYSA-N,DPCILIMHENXHQX,DPCILIMHENXHQX,DPCILIMHENXHQX,DPCILIMHENXHQX,-4.393344412065939,298.15,mol m^-3 Pa^-1,1 M ideal gas to 1 M ideal-dilute aqueous,negative is favorable hydration,10,138.17,1,1,SANDER-27063,755,10.1021/JF60178A004,True,False,True,False,False,False,False,True,True,False,False,False,False,False,False,True,True,False,False,False,True,True,False,
DWEYPOWXNBAIDU,"N,N-dichloromethylamine",CN(Cl)Cl,CN(Cl)Cl,DWEYPOWXNBAIDU-UHFFFAOYSA-N,DWEYPOWXNBAIDU,DWEYPOWXNBAIDU,DWEYPOWXNBAIDU,DWEYPOWXNBAIDU,-1.2452613975650346,298.15,mol m^-3 Pa^-1,1 M ideal gas to 1 M ideal-dilute aqueous,negative is favorable hydration,4,99.948,1,1,SANDER-39111,2821,10.1016/J.CHEMOSPHERE.2009.07.056,True,False,True,False,False,False,False,False,False,False,False,False,False,False,False,True,True,False,False,False,True,True,False,
DWPLEOPKBWNPQV,2′-methoxyacetophenone,COc1ccccc1C(C)=O,COc1ccccc1C(C)=O,DWPLEOPKBWNPQV-UHFFFAOYSA-N,DWPLEOPKBWNPQV,DWPLEOPKBWNPQV,DWPLEOPKBWNPQV,DWPLEOPKBWNPQV,-6.309257608654238,298.15,mol m^-3 Pa^-1,1 M ideal gas to 1 M ideal-dilute aqueous,negative is favorable hydration,11,150.17699999999996,1,1,SANDER-16096,3724,10.1021/JE700612B,True,False,True,False,False,False,False,False,False,True,True,False,False,False,False,False,False,False,False,False,True,True,False,
DZHZYPCCEISGSQ,"1,3,5-trichloronaphthalene",Clc1cc(Cl)c2cccc(Cl)c2c1,Clc1cc(Cl)c2cccc(Cl)c2c1,DZHZYPCCEISGSQ-UHFFFAOYSA-N,DZHZYPCCEISGSQ,DZHZYPCCEISGSQ,DZHZYPCCEISGSQ,DZHZYPCCEISGSQ,-3.063453976464707,298.15,mol m^-3 Pa^-1,1 M ideal gas to 1 M ideal-dilute aqueous,negative is favorable hydration,13,231.509,1,1,SANDER-35219,3732,10.1016/J.ATMOSENV.2016.10.009,True,False,True,False,False,False,False,False,False,True,True,False,False,False,False,False,False,False,False,False,True,True,False,
FALCMQXTWHPRIH,"2,3-dichloropropene",C=C(Cl)CCl,C=C(Cl)CCl,FALCMQXTWHPRIH-UHFFFAOYSA-N,FALCMQXTWHPRIH,FALCMQXTWHPRIH,FALCMQXTWHPRIH,FALCMQXTWHPRIH,-1.2801235082622549,298.15,mol m^-3 Pa^-1,1 M ideal gas to 1 M ideal-dilute aqueous,negative is favorable hydration,5,110.971,1,1,SANDER-34271,3946,10.1080/09593338709384529,True,False,True,False,False,False,False,True,True,False,False,False,False,False,False,True,True,True,True,False,True,True,False,
FCOAHACKGGIURQ,iprobenphos,CC(C)OP(=O)(OC(C)C)SCc1ccccc1,CC(C)OP(=O)(OC(C)C)SCc1ccccc1,FCOAHACKGGIURQ-UHFFFAOYSA-N,FCOAHACKGGIURQ,FCOAHACKGGIURQ,FCOAHACKGGIURQ,FCOAHACKGGIURQ,-7.92524151949921,298.15,mol m^-3 Pa^-1,1 M ideal gas to 1 M ideal-dilute aqueous,negative is favorable hydration,18,288.349,1,1,SANDER-44729,2538,10.1584/JPESTICS.18.3_201,True,False,True,False,False,False,False,False,False,False,False,False,False,False,False,False,False,False,False,False,False,True,True,
FEIKEVSWLMYFFF,"1,2,4,5,8-pentachloronaphthalene",Clc1cc(Cl)c2c(Cl)ccc(Cl)c2c1Cl,Clc1cc(Cl)c2c(Cl)ccc(Cl)c2c1Cl,FEIKEVSWLMYFFF-UHFFFAOYSA-N,FEIKEVSWLMYFFF,FEIKEVSWLMYFFF,FEIKEVSWLMYFFF,FEIKEVSWLMYFFF,-3.832500480396495,298.15,mol m^-3 Pa^-1,1 M ideal gas to 1 M ideal-dilute aqueous,negative is favorable hydration,15,300.399,1,1,SANDER-35245,3732,10.1016/J.ATMOSENV.2016.10.009,True,False,True,False,False,False,False,False,False,True,True,False,False,False,False,False,False,True,True,False,True,True,False,
FHUDAMLDXFJHJE,"1,1,1-trifluoro-2-propanone",CC(=O)C(F)(F)F,CC(=O)C(F)(F)F,FHUDAMLDXFJHJE-UHFFFAOYSA-N,FHUDAMLDXFJHJE,FHUDAMLDXFJHJE,FHUDAMLDXFJHJE,FHUDAMLDXFJHJE,-4.8299760791673245,298.15,mol m^-3 Pa^-1,1 M ideal gas to 1 M ideal-dilute aqueous,negative is favorable hydration,7,112.05,1,1,SANDER-32026,495,10.1016/0960-1686(91)90006-S,True,False,True,False,False,False,False,False,False,True,True,False,False,False,False,True,True,False,False,False,True,True,False,
FLXYIZWPNQYPIT,"1,1,2,2-tetrahydroperfluoro dodecanol",OCCC(F)(F)C(F)(F)C(F)(F)C(F)(F)C(F)(F)C(F)(F)C(F)(F)C(F)(F)C(F)(F)C(F)(F)F,OCCC(F)(F)C(F)(F)C(F)(F)C(F)(F)C(F)(F)C(F)(F)C(F)(F)C(F)(F)C(F)(F)C(F)(F)F,FLXYIZWPNQYPIT-UHFFFAOYSA-N,FLXYIZWPNQYPIT,FLXYIZWPNQYPIT,FLXYIZWPNQYPIT,FLXYIZWPNQYPIT,0.6270119729696298,298.15,mol m^-3 Pa^-1,1 M ideal gas to 1 M ideal-dilute aqueous,negative is favorable hydration,34,564.1289999999999,1,1,SANDER-32241;SANDER-32242,3939,10.1016/J.HAZL.2022.100070,True,False,True,False,False,False,False,False,False,True,True,False,False,False,False,False,False,False,False,False,True,True,False,
FMGGHNGKHRCJLL,"$\alpha$,$\alpha$-dichloro-$o$-xylene",ClCc1ccccc1CCl,ClCc1ccccc1CCl,FMGGHNGKHRCJLL-UHFFFAOYSA-N,FMGGHNGKHRCJLL,FMGGHNGKHRCJLL,FMGGHNGKHRCJLL,FMGGHNGKHRCJLL,-3.266374329938489,298.15,mol m^-3 Pa^-1,1 M ideal gas to 1 M ideal-dilute aqueous,negative is favorable hydration,10,175.058,1,1,SANDER-35031,2891,10.1021/JE3010535,True,False,True,False,False,False,False,False,False,False,False,False,False,False,False,True,True,False,False,False,True,True,False,
FMWLUWPQPKEARP,bromodichloromethane,ClC(Cl)Br,ClC(Cl)Br,FMWLUWPQPKEARP-UHFFFAOYSA-N,FMWLUWPQPKEARP,FMWLUWPQPKEARP,FMWLUWPQPKEARP,FMWLUWPQPKEARP,-1.4672616271154053,298.15,mol m^-3 Pa^-1,1 M ideal gas to 1 M ideal-dilute aqueous,negative is favorable hydration,4,163.829,7,7,SANDER-42034;SANDER-42035;SANDER-42036;SANDER-42037;SANDER-42038;SANDER-42039;SANDER-42040;SANDER-42041;SANDER-42042,2891;3572;2904;856;531;2271;2900,10.1021/JE3010535;10.2116/ANALSCI.26.723;10.5985/JEC.7.81;10.1021/ES00034A021;10.1021/ES00125A006,True,False,True,False,False,False,False,False,False,True,True,False,False,False,False,False,False,True,True,False,True,True,False,
FPIQNBOUYZLESW,4-bromo-2-chloro-1-methoxybenzene,COc1ccc(Br)cc1Cl,COc1ccc(Br)cc1Cl,FPIQNBOUYZLESW-UHFFFAOYSA-N,FPIQNBOUYZLESW,FPIQNBOUYZLESW,FPIQNBOUYZLESW,FPIQNBOUYZLESW,-2.0575741949439603,298.15,mol m^-3 Pa^-1,1 M ideal gas to 1 M ideal-dilute aqueous,negative is favorable hydration,10,221.481,1,1,SANDER-42141,1524,10.1007/S002160101077,True,False,True,False,False,False,False,False,False,False,False,False,False,False,False,False,False,False,False,False,False,True,True,
FQTLCLSUCSAZDY,nerolidol,C=CC(C)(O)CCC=C(C)CCC=C(C)C,C=CC(C)(O)CCC=C(C)CCC=C(C)C,FQTLCLSUCSAZDY-UHFFFAOYSA-N,FQTLCLSUCSAZDY,FQTLCLSUCSAZDY,FQTLCLSUCSAZDY,FQTLCLSUCSAZDY,0.1372173601069845,298.15,mol m^-3 Pa^-1,1 M ideal gas to 1 M ideal-dilute aqueous,negative is favorable hydration,16,222.372,1,1,SANDER-24150,3216,10.1016/J.CHEMOSPHERE.2015.07.075,True,False,True,False,False,False,False,False,False,False,False,False,False,False,False,False,False,False,False,False,False,True,True,
FRQUNVLMWIYOLV,"1,2,3-trichloro-4-methoxybenzene",COc1ccc(Cl)c(Cl)c1Cl,COc1ccc(Cl)c(Cl)c1Cl,FRQUNVLMWIYOLV-UHFFFAOYSA-N,FRQUNVLMWIYOLV,FRQUNVLMWIYOLV,FRQUNVLMWIYOLV,FRQUNVLMWIYOLV,-2.0575741949439603,298.15,mol m^-3 Pa^-1,1 M ideal gas to 1 M ideal-dilute aqueous,negative is favorable hydration,11,211.475,1,1,SANDER-38168,1524,10.1007/S002160101077,True,False,True,False,False,False,False,False,False,True,True,False,False,False,False,False,False,False,False,False,True,True,False,
FSPSELPMWGWDRY,3′-methylacetophenone,CC(=O)c1cccc(C)c1,CC(=O)c1cccc(C)c1,FSPSELPMWGWDRY-UHFFFAOYSA-N,FSPSELPMWGWDRY,FSPSELPMWGWDRY,FSPSELPMWGWDRY,FSPSELPMWGWDRY,-4.870853317160879,298.15,mol m^-3 Pa^-1,1 M ideal gas to 1 M ideal-dilute aqueous,negative is favorable hydration,10,134.17799999999997,1,1,SANDER-16088,3724,10.1021/JE700612B,True,False,True,False,False,False,False,False,False,True,True,False,False,False,False,True,True,False,False,False,True,True,False,
FUNUTBJJKQIVSY,"2,4-dichloro-1-methylbenzene",Cc1ccc(Cl)cc1Cl,Cc1ccc(Cl)cc1Cl,FUNUTBJJKQIVSY-UHFFFAOYSA-N,FUNUTBJJKQIVSY,FUNUTBJJKQIVSY,FUNUTBJJKQIVSY,FUNUTBJJKQIVSY,-1.126367030655116,298.15,mol m^-3 Pa^-1,1 M ideal gas to 1 M ideal-dilute aqueous,negative is favorable hydration,9,161.031,1,1,SANDER-34980,2926,10.1016/J.FLUID.2013.03.023,True,False,True,False,False,False,False,True,True,True,True,False,False,False,False,True,True,False,False,False,True,True,False,
FWKUBDOTUFVPBX,"2,4,6-tribromo-3-chloro-1-methoxybenzene",COc1c(Br)cc(Br)c(Cl)c1Br,COc1c(Br)cc(Br)c(Cl)c1Br,FWKUBDOTUFVPBX-UHFFFAOYSA-N,FWKUBDOTUFVPBX,FWKUBDOTUFVPBX,FWKUBDOTUFVPBX,FWKUBDOTUFVPBX,-1.846249658720261,298.15,mol m^-3 Pa^-1,1 M ideal gas to 1 M ideal-dilute aqueous,negative is favorable hydration,12,379.2729999999999,1,1,SANDER-42169,1524,10.1007/S002160101077,True,False,True,False,False,False,False,False,False,False,False,False,False,False,False,False,False,False,False,False,False,True,True,
FYQFWFHDPNXORA,(perfluorohexyl)ethene,C=CC(F)(F)C(F)(F)C(F)(F)C(F)(F)C(F)(F)C(F)(F)F,C=CC(F)(F)C(F)(F)C(F)(F)C(F)(F)C(F)(F)C(F)(F)F,FYQFWFHDPNXORA-UHFFFAOYSA-N,FYQFWFHDPNXORA,FYQFWFHDPNXORA,FYQFWFHDPNXORA,FYQFWFHDPNXORA,0.7698968620756514,298.15,mol m^-3 Pa^-1,1 M ideal gas to 1 M ideal-dilute aqueous,negative is favorable hydration,21,346.0859999999999,1,1,SANDER-31831,3939,10.1016/J.HAZL.2022.100070,True,False,True,False,False,False,False,False,False,False,False,False,False,False,False,False,False,False,False,False,False,True,True,
GAPFWGOSHOCNBM,2-propyl nitrate,CC(C)O[N+](=O)[O-],CC(C)O[N+](=O)[O-],GAPFWGOSHOCNBM-UHFFFAOYSA-N,GAPFWGOSHOCNBM,GAPFWGOSHOCNBM,GAPFWGOSHOCNBM,GAPFWGOSHOCNBM,-1.6514177962544974,298.15,mol m^-3 Pa^-1,1 M ideal gas to 1 M ideal-dilute aqueous,negative is favorable hydration,7,105.093,2,2,SANDER-27417;SANDER-27418,1024;541,10.1016/S0045-6535(98)00159-3;10.1007/BF00053611,True,False,True,False,False,False,False,True,True,True,True,False,False,False,False,True,True,False,False,False,True,True,False,
GEWDNTWNSAZUDX,methyl jasmonate,CC/C=C/C[C@@H]1C(=O)CC[C@H]1CC(=O)OC,CC/C=C/C[C@@H]1C(=O)CC[C@H]1CC(=O)OC,GEWDNTWNSAZUDX-NNOMMRTBSA-N,GEWDNTWNSAZUDX,GEWDNTWNSAZUDX,GEWDNTWNSAZUDX,GEWDNTWNSAZUDX,-6.948436096622908,298.15,mol m^-3 Pa^-1,1 M ideal gas to 1 M ideal-dilute aqueous,negative is favorable hydration,16,224.29999999999995,1,1,SANDER-21810,3555,10.5194/BG-5-1287-2008,True,False,True,False,False,False,False,False,False,False,False,False,False,False,False,False,False,False,False,False,False,True,True,
GGDYAKVUZMZKRV,2-fluoroethanol,OCCF,OCCF,GGDYAKVUZMZKRV-UHFFFAOYSA-N,GGDYAKVUZMZKRV,GGDYAKVUZMZKRV,GGDYAKVUZMZKRV,GGDYAKVUZMZKRV,-4.170539722175125,298.15,mol m^-3 Pa^-1,1 M ideal gas to 1 M ideal-dilute aqueous,negative is favorable hydration,4,64.059,1,1,SANDER-31928,3526,10.1021/JE900711H,True,False,True,False,False,False,False,False,False,True,True,False,False,False,False,True,True,False,False,False,True,True,False,
GPAVMFOMYSGJDM,PFBHA-hexanal,CCCCCC=NOCc1c(F)c(F)c(F)c(F)c1F,CCCCCC=NOCc1c(F)c(F)c(F)c(F)c1F,GPAVMFOMYSGJDM-UHFFFAOYSA-N,GPAVMFOMYSGJDM,GPAVMFOMYSGJDM,GPAVMFOMYSGJDM,GPAVMFOMYSGJDM,-1.5793846637549709,298.15,mol m^-3 Pa^-1,1 M ideal gas to 1 M ideal-dilute aqueous,negative is favorable hydration,20,295.2509999999999,1,1,SANDER-32466,2497,10.1021/JE025545I,True,False,True,False,False,False,False,False,False,False,False,False,False,False,False,False,False,False,False,False,False,True,True,
GUCFBWGWRCILHN,"1,2,3-trichloro-5-methoxybenzene",COc1cc(Cl)c(Cl)c(Cl)c1,COc1cc(Cl)c(Cl)c(Cl)c1,GUCFBWGWRCILHN-UHFFFAOYSA-N,GUCFBWGWRCILHN,GUCFBWGWRCILHN,GUCFBWGWRCILHN,GUCFBWGWRCILHN,-1.4157086957951794,298.15,mol m^-3 Pa^-1,1 M ideal gas to 1 M ideal-dilute aqueous,negative is favorable hydration,11,211.475,1,1,SANDER-38179,1524,10.1007/S002160101077,True,False,True,False,False,False,False,False,False,True,True,False,False,False,False,False,False,False,False,False,True,True,False,
GUVLYNGULCJVDO,S-ethyl dipropylthiocarbamate,CCCN(CCC)C(=O)SCC,CCCN(CCC)C(=O)SCC,GUVLYNGULCJVDO-UHFFFAOYSA-N,GUVLYNGULCJVDO,GUVLYNGULCJVDO,GUVLYNGULCJVDO,GUVLYNGULCJVDO,-3.4900914838823294,298.15,mol m^-3 Pa^-1,1 M ideal gas to 1 M ideal-dilute aqueous,negative is favorable hydration,12,189.324,2,2,SANDER-43754;SANDER-43755,2815;2241,10.1016/J.ATMOSENV.2008.07.017;10.1021/JF980042V,True,False,True,False,False,False,False,False,False,False,False,False,False,False,False,False,False,True,True,False,True,True,False,
GVYLCNUFSHDAAW,mirex,ClC1(Cl)C2(Cl)C3(Cl)C4(Cl)C(Cl)(Cl)C5(Cl)C3(Cl)C1(Cl)C5(Cl)C24Cl,ClC1(Cl)C2(Cl)C3(Cl)C4(Cl)C(Cl)(Cl)C5(Cl)C3(Cl)C1(Cl)C5(Cl)C24Cl,GVYLCNUFSHDAAW-UHFFFAOYSA-N,GVYLCNUFSHDAAW,GVYLCNUFSHDAAW,GVYLCNUFSHDAAW,GVYLCNUFSHDAAW,-2.010150095313052,298.15,mol m^-3 Pa^-1,1 M ideal gas to 1 M ideal-dilute aqueous,negative is favorable hydration,22,545.5459999999998,1,1,SANDER-33801,852,10.1021/ES00154A003,True,False,True,False,False,False,False,False,False,True,True,False,False,False,False,False,False,False,False,False,True,True,False,
GWQOOADXMVQEFT,"2,5-dimethylthiophene",Cc1ccc(C)s1,Cc1ccc(C)s1,GWQOOADXMVQEFT-UHFFFAOYSA-N,GWQOOADXMVQEFT,GWQOOADXMVQEFT,GWQOOADXMVQEFT,GWQOOADXMVQEFT,-1.3130478087293145,298.15,mol m^-3 Pa^-1,1 M ideal gas to 1 M ideal-dilute aqueous,negative is favorable hydration,7,112.197,1,1,SANDER-43303,3669,10.1111/J.1365-2621.1980.TB00916.X,True,False,True,False,False,False,False,False,False,True,True,False,False,False,False,True,True,False,False,False,True,True,False,
HCRBXQFHJMCTLF,ethyl 2-methylbutanoate,CCOC(=O)C(C)CC,CCOC(=O)C(C)CC,HCRBXQFHJMCTLF-UHFFFAOYSA-N,HCRBXQFHJMCTLF,HCRBXQFHJMCTLF,HCRBXQFHJMCTLF,HCRBXQFHJMCTLF,-2.161848414164622,298.15,mol m^-3 Pa^-1,1 M ideal gas to 1 M ideal-dilute aqueous,negative is favorable hydration,9,130.18699999999998,2,2,SANDER-21108;SANDER-21109,1923;2389,10.1016/S1387-3806(03)00197-0;10.1021/JF9702508,True,False,True,False,False,False,False,False,False,True,True,False,False,False,False,False,False,False,False,False,True,True,False,
HFEASCCDHUVYKU,"1,2-dichloro-3-methoxybenzene",COc1cccc(Cl)c1Cl,COc1cccc(Cl)c1Cl,HFEASCCDHUVYKU-UHFFFAOYSA-N,HFEASCCDHUVYKU,HFEASCCDHUVYKU,HFEASCCDHUVYKU,HFEASCCDHUVYKU,-2.3692764364111216,298.15,mol m^-3 Pa^-1,1 M ideal gas to 1 M ideal-dilute aqueous,negative is favorable hydration,10,177.02999999999997,1,1,SANDER-38158,1524,10.1007/S002160101077,True,False,True,False,False,False,False,False,False,True,True,False,False,False,False,True,True,False,False,False,True,True,False,
HFVMLYAGWXSTQI,5$\alpha$-androst-16-en-4-one,C[C@]12CCC(=O)C[C@@H]1CC[C@@H]1[C@@H]2CC[C@]2(C)C=CC[C@@H]12,C[C@]12CCC(=O)C[C@@H]1CC[C@@H]1[C@@H]2CC[C@]2(C)C=CC[C@@H]12,HFVMLYAGWXSTQI-QYXZOKGRSA-N,HFVMLYAGWXSTQI,HFVMLYAGWXSTQI,HFVMLYAGWXSTQI,HFVMLYAGWXSTQI,-2.6271958419698187,298.15,mol m^-3 Pa^-1,1 M ideal gas to 1 M ideal-dilute aqueous,negative is favorable hydration,20,272.432,1,1,SANDER-24619,2388,10.1093/CHEMSE/3.1.57,True,False,True,False,False,False,False,False,False,True,True,False,False,False,False,False,False,False,False,False,True,True,False,
HGCMMKIIGJXXMW,2-nitrooxy-1-propanol,CC(CO)O[N+](=O)[O-],CC(CO)O[N+](=O)[O-],HGCMMKIIGJXXMW-UHFFFAOYSA-N,HGCMMKIIGJXXMW,HGCMMKIIGJXXMW,HGCMMKIIGJXXMW,HGCMMKIIGJXXMW,-6.872696747932133,298.15,mol m^-3 Pa^-1,1 M ideal gas to 1 M ideal-dilute aqueous,negative is favorable hydration,8,121.092,1,1,SANDER-27583;SANDER-27584;SANDER-27585,548,10.1021/ES960538Y,True,False,True,False,False,False,False,False,False,False,False,False,False,False,False,True,True,False,False,False,True,True,False,
HGSDQSUMXKHGTH,"1,2,4,6,8-pentachloronaphthalene",Clc1cc(Cl)c2c(Cl)c(Cl)cc(Cl)c2c1,Clc1cc(Cl)c2c(Cl)c(Cl)cc(Cl)c2c1,HGSDQSUMXKHGTH-UHFFFAOYSA-N,HGSDQSUMXKHGTH,HGSDQSUMXKHGTH,HGSDQSUMXKHGTH,HGSDQSUMXKHGTH,-3.266374329938489,298.15,mol m^-3 Pa^-1,1 M ideal gas to 1 M ideal-dilute aqueous,negative is favorable hydration,15,300.399,1,1,SANDER-35247,3732,10.1016/J.ATMOSENV.2016.10.009,True,False,True,False,False,False,False,False,False,True,True,False,False,False,False,False,False,False,False,False,True,True,False,
HHLFWLYXYJOTON,oxoethanoic acid,O=CC(=O)O,O=CC(=O)O,HHLFWLYXYJOTON-UHFFFAOYSA-N,HHLFWLYXYJOTON,HHLFWLYXYJOTON,HHLFWLYXYJOTON,HHLFWLYXYJOTON,-7.41558521612978,298.15,mol m^-3 Pa^-1,1 M ideal gas to 1 M ideal-dilute aqueous,negative is favorable hydration,5,74.035,1,1,SANDER-24154,2401,10.1029/2008GL036212,True,False,True,False,False,False,False,False,False,False,False,False,False,False,False,True,True,False,False,False,True,True,False,
HKPHPIREJKHECO,butachlor,CCCCOCN(C(=O)CCl)c1c(CC)cccc1CC,CCCCOCN(C(=O)CCl)c1c(CC)cccc1CC,HKPHPIREJKHECO-UHFFFAOYSA-N,HKPHPIREJKHECO,HKPHPIREJKHECO,HKPHPIREJKHECO,HKPHPIREJKHECO,-7.637585445680149,298.15,mol m^-3 Pa^-1,1 M ideal gas to 1 M ideal-dilute aqueous,negative is favorable hydration,21,311.85300000000007,1,1,SANDER-39887,2538,10.1584/JPESTICS.18.3_201,True,False,True,False,False,False,False,False,False,False,False,False,False,False,False,False,False,False,False,False,False,True,True,
HLCSDJLATUNSSI,"3,7-dimethyl-2,6-octadienenitrile",CC(C)=CCC/C(C)=C/C#N,CC(C)=CCC/C(C)=C/C#N,HLCSDJLATUNSSI-JXMROGBWSA-N,HLCSDJLATUNSSI,HLCSDJLATUNSSI,HLCSDJLATUNSSI,HLCSDJLATUNSSI,-2.532952404370913,298.15,mol m^-3 Pa^-1,1 M ideal gas to 1 M ideal-dilute aqueous,negative is favorable hydration,11,149.237,1,1,SANDER-26446,2955,10.1021/JE700418A,True,False,True,False,False,False,False,False,False,False,False,False,False,False,False,False,False,False,False,False,False,True,True,
HSNWZBCBUUSSQD,1-pentyl nitrate,CCCCCO[N+](=O)[O-],CCCCCO[N+](=O)[O-],HSNWZBCBUUSSQD-UHFFFAOYSA-N,HSNWZBCBUUSSQD,HSNWZBCBUUSSQD,HSNWZBCBUUSSQD,HSNWZBCBUUSSQD,-1.6559406699833308,298.15,mol m^-3 Pa^-1,1 M ideal gas to 1 M ideal-dilute aqueous,negative is favorable hydration,9,133.147,1,1,SANDER-27475;SANDER-27476,1024,10.1016/S0045-6535(98)00159-3,True,False,True,False,False,False,False,False,False,True,True,False,False,False,False,False,False,False,False,False,True,True,False,
HTDQSWDEWGSAMN,1-bromo-2-methoxybenzene,COc1ccccc1Br,COc1ccccc1Br,HTDQSWDEWGSAMN-UHFFFAOYSA-N,HTDQSWDEWGSAMN,HTDQSWDEWGSAMN,HTDQSWDEWGSAMN,HTDQSWDEWGSAMN,-2.532952404370913,298.15,mol m^-3 Pa^-1,1 M ideal gas to 1 M ideal-dilute aqueous,negative is favorable hydration,9,187.036,1,1,SANDER-41490,1524,10.1007/S002160101077,True,False,True,False,False,False,False,False,False,True,True,False,False,False,False,False,False,False,False,False,True,True,False,
HVYRFNJXZVEGFK,"1,2,3,5,8-pentachloronaphthalene",Clc1cc2c(Cl)ccc(Cl)c2c(Cl)c1Cl,Clc1cc2c(Cl)ccc(Cl)c2c(Cl)c1Cl,HVYRFNJXZVEGFK-UHFFFAOYSA-N,HVYRFNJXZVEGFK,HVYRFNJXZVEGFK,HVYRFNJXZVEGFK,HVYRFNJXZVEGFK,-3.580763582585761,298.15,mol m^-3 Pa^-1,1 M ideal gas to 1 M ideal-dilute aqueous,negative is favorable hydration,15,300.399,1,1,SANDER-35242,3732,10.1016/J.ATMOSENV.2016.10.009,True,False,True,False,False,False,False,False,False,True,True,False,False,False,False,False,False,False,False,False,True,True,False,
HYHMYONEYJINON,MCM:ISOPDOOH,C=C(C)C(CO)OO,C=C(C)C(CO)OO,HYHMYONEYJINON-UHFFFAOYSA-N,HYHMYONEYJINON,HYHMYONEYJINON,HYHMYONEYJINON,HYHMYONEYJINON,-7.467138147450005,298.15,mol m^-3 Pa^-1,1 M ideal gas to 1 M ideal-dilute aqueous,negative is favorable hydration,8,118.132,1,1,SANDER-13519,3578,,True,False,True,False,False,False,False,False,False,False,False,False,False,False,False,False,False,False,False,False,False,True,True,
IAIHUHQCLTYTSF,"(1R)-1,3,3-trimethylbicyclo[2.2.1]heptan-2-ol",CC1(C)[C@H]2CC[C@](C)(C2)[C@H]1O,CC1(C)[C@H]2CC[C@](C)(C2)[C@H]1O,IAIHUHQCLTYTSF-OYNCUSHFSA-N,IAIHUHQCLTYTSF,IAIHUHQCLTYTSF,IAIHUHQCLTYTSF,IAIHUHQCLTYTSF,-4.025308354953737,298.15,mol m^-3 Pa^-1,1 M ideal gas to 1 M ideal-dilute aqueous,negative is favorable hydration,11,154.253,1,1,SANDER-24111,2462,10.1021/JE980070+,True,False,True,False,False,False,False,False,False,False,False,False,False,False,False,False,False,False,False,False,False,True,True,
ICDUEGOPUWNJNF,PFBHA-propenal,C=CC=NOCc1c(F)c(F)c(F)c(F)c1F,C=CC=NOCc1c(F)c(F)c(F)c(F)c1F,ICDUEGOPUWNJNF-UHFFFAOYSA-N,ICDUEGOPUWNJNF,ICDUEGOPUWNJNF,ICDUEGOPUWNJNF,ICDUEGOPUWNJNF,-1.871736811958389,298.15,mol m^-3 Pa^-1,1 M ideal gas to 1 M ideal-dilute aqueous,negative is favorable hydration,17,251.15399999999997,1,1,SANDER-32469,2497,10.1021/JE025545I,True,False,True,False,False,False,False,False,False,False,False,False,False,False,False,False,False,False,False,False,False,True,True,
IDJOCJAIQSKSOP,"2,2-dichloroethanol",OCC(Cl)Cl,OCC(Cl)Cl,IDJOCJAIQSKSOP-UHFFFAOYSA-N,IDJOCJAIQSKSOP,IDJOCJAIQSKSOP,IDJOCJAIQSKSOP,IDJOCJAIQSKSOP,-4.041541834797791,298.15,mol m^-3 Pa^-1,1 M ideal gas to 1 M ideal-dilute aqueous,negative is favorable hydration,5,114.959,1,1,SANDER-37560,3526,10.1021/JE900711H,True,False,True,False,False,False,False,True,True,True,True,False,False,False,False,True,True,False,False,False,True,True,False,
ILHIHKRJJMKBEE,ethyl hydroperoxide,CCOO,CCOO,ILHIHKRJJMKBEE-UHFFFAOYSA-N,ILHIHKRJJMKBEE,ILHIHKRJJMKBEE,ILHIHKRJJMKBEE,ILHIHKRJJMKBEE,-5.338002436667749,298.15,mol m^-3 Pa^-1,1 M ideal gas to 1 M ideal-dilute aqueous,negative is favorable hydration,4,62.068000000000005,1,1,SANDER-12956;SANDER-12957,516,10.1021/JP951168N,True,False,True,False,False,False,False,False,False,True,True,False,False,False,False,False,False,False,False,False,True,True,False,
ISAVYTVYFVQUDY,"4-(1,1,3,3-tetramethylbutyl)-phenol",CC(C)(C)CC(C)(C)c1ccc(O)cc1,CC(C)(C)CC(C)(C)c1ccc(O)cc1,ISAVYTVYFVQUDY-UHFFFAOYSA-N,ISAVYTVYFVQUDY,ISAVYTVYFVQUDY,ISAVYTVYFVQUDY,ISAVYTVYFVQUDY,-5.124107462791067,298.15,mol m^-3 Pa^-1,1 M ideal gas to 1 M ideal-dilute aqueous,negative is favorable hydration,15,206.329,1,1,SANDER-12328,1942,10.1016/J.ATMOSENV.2004.05.013,True,False,True,False,False,False,False,True,True,False,False,False,False,False,False,False,False,False,False,False,True,True,False,
ITXDBGLYYSJNPK,"1,2,3,5-tetrachloro-4-methoxybenzene",COc1c(Cl)cc(Cl)c(Cl)c1Cl,COc1c(Cl)cc(Cl)c(Cl)c1Cl,ITXDBGLYYSJNPK-UHFFFAOYSA-N,ITXDBGLYYSJNPK,ITXDBGLYYSJNPK,ITXDBGLYYSJNPK,ITXDBGLYYSJNPK,-1.2082190270028623,298.15,mol m^-3 Pa^-1,1 M ideal gas to 1 M ideal-dilute aqueous,negative is favorable hydration,12,245.92,1,1,SANDER-38181,1524,10.1007/S002160101077,True,False,True,False,False,False,False,False,False,True,True,False,False,False,False,True,True,False,False,False,True,True,False,
IYRWEQXVUNLMAY,carbonyl fluoride,O=C(F)F,O=C(F)F,IYRWEQXVUNLMAY-UHFFFAOYSA-N,IYRWEQXVUNLMAY,IYRWEQXVUNLMAY,IYRWEQXVUNLMAY,IYRWEQXVUNLMAY,-4.008617534330732,298.15,mol m^-3 Pa^-1,1 M ideal gas to 1 M ideal-dilute aqueous,negative is favorable hydration,4,66.006,1,1,SANDER-31922;SANDER-31923,671,10.1007/978-3-642-61445-3_6,True,False,True,False,False,False,False,True,True,False,False,False,False,False,False,False,False,False,False,False,True,True,False,
JCMNMOBHVPONLD,"1H,1H,2H,2H-perfluorohexan-1-ol",OCCC(F)(F)C(F)(F)C(F)(F)C(F)(F)F,OCCC(F)(F)C(F)(F)C(F)(F)C(F)(F)F,JCMNMOBHVPONLD-UHFFFAOYSA-N,JCMNMOBHVPONLD,JCMNMOBHVPONLD,JCMNMOBHVPONLD,JCMNMOBHVPONLD,-1.3754506884268412,298.15,mol m^-3 Pa^-1,1 M ideal gas to 1 M ideal-dilute aqueous,negative is favorable hydration,16,264.08699999999993,2,2,SANDER-32175;SANDER-32176;SANDER-32177;SANDER-32178,3939;2993,10.1016/J.HAZL.2022.100070;10.1021/ES060004P,True,False,True,False,False,False,False,False,False,True,True,False,False,False,False,False,False,False,False,False,True,True,False,
JIVCPRHFBFVZQL,"2-bromo-3,4,5-trichloro-1-methoxybenzene",COc1cc(Cl)c(Cl)c(Cl)c1Br,COc1cc(Cl)c(Cl)c(Cl)c1Br,JIVCPRHFBFVZQL-UHFFFAOYSA-N,JIVCPRHFBFVZQL,JIVCPRHFBFVZQL,JIVCPRHFBFVZQL,JIVCPRHFBFVZQL,-1.890157516875148,298.15,mol m^-3 Pa^-1,1 M ideal gas to 1 M ideal-dilute aqueous,negative is favorable hydration,12,290.371,1,1,SANDER-42154,1524,10.1007/S002160101077,True,False,True,False,False,False,False,False,False,False,False,False,False,False,False,False,False,False,False,False,False,True,True,
JJUBFBTUBACDHW,"1H,1H,2H,2H-perfluorodecan-1-ol",OCCC(F)(F)C(F)(F)C(F)(F)C(F)(F)C(F)(F)C(F)(F)C(F)(F)C(F)(F)F,OCCC(F)(F)C(F)(F)C(F)(F)C(F)(F)C(F)(F)C(F)(F)C(F)(F)C(F)(F)F,JJUBFBTUBACDHW-UHFFFAOYSA-N,JJUBFBTUBACDHW,JJUBFBTUBACDHW,JJUBFBTUBACDHW,JJUBFBTUBACDHW,0.4156874367459304,298.15,mol m^-3 Pa^-1,1 M ideal gas to 1 M ideal-dilute aqueous,negative is favorable hydration,28,464.11499999999984,1,1,SANDER-32219;SANDER-32220;SANDER-32221,3939,10.1016/J.HAZL.2022.100070,True,False,True,False,False,False,False,False,False,True,True,False,False,False,False,False,False,False,False,False,True,True,False,
JLJXMZMKMRQOLN,bis-(hydroxymethyl)-peroxide,OCOOCO,OCOOCO,JLJXMZMKMRQOLN-UHFFFAOYSA-N,JLJXMZMKMRQOLN,JLJXMZMKMRQOLN,JLJXMZMKMRQOLN,JLJXMZMKMRQOLN,-9.60119077400061,298.15,mol m^-3 Pa^-1,1 M ideal gas to 1 M ideal-dilute aqueous,negative is favorable hydration,6,94.066,1,1,SANDER-12979;SANDER-12980,800,10.1021/J100180A051,True,False,True,False,False,False,False,False,False,False,False,False,False,False,False,True,True,False,False,False,True,True,False,
JPQLLIUTUFJWMH,"1,2,3,5,7,8-hexachloronaphthalene",Clc1cc2c(Cl)cc(Cl)c(Cl)c2c(Cl)c1Cl,Clc1cc2c(Cl)cc(Cl)c(Cl)c2c(Cl)c1Cl,JPQLLIUTUFJWMH-UHFFFAOYSA-N,JPQLLIUTUFJWMH,JPQLLIUTUFJWMH,JPQLLIUTUFJWMH,JPQLLIUTUFJWMH,-4.130581778314352,298.15,mol m^-3 Pa^-1,1 M ideal gas to 1 M ideal-dilute aqueous,negative is favorable hydration,16,334.84399999999994,1,1,SANDER-35255,3732,10.1016/J.ATMOSENV.2016.10.009,True,False,True,False,False,False,False,False,False,True,True,False,False,False,False,False,False,False,False,False,True,True,False,
JZBCTZLGKSYRSF,"2-ethyl-3,5-dimethylpyrazine",CCc1ncc(C)nc1C,CCc1ncc(C)nc1C,JZBCTZLGKSYRSF-UHFFFAOYSA-N,JZBCTZLGKSYRSF,JZBCTZLGKSYRSF,JZBCTZLGKSYRSF,JZBCTZLGKSYRSF,-5.261446430439389,298.15,mol m^-3 Pa^-1,1 M ideal gas to 1 M ideal-dilute aqueous,negative is favorable hydration,10,136.19799999999998,1,1,SANDER-26123,3215,10.1016/J.IJMS.2015.07.015,True,False,True,False,False,False,False,True,True,True,True,False,False,False,False,True,True,False,False,False,True,True,False,
KJRACWZCOVHBQU,2-methoxy-2-methylheptane,CCCCCC(C)(C)OC,CCCCCC(C)(C)OC,KJRACWZCOVHBQU-UHFFFAOYSA-N,KJRACWZCOVHBQU,KJRACWZCOVHBQU,KJRACWZCOVHBQU,KJRACWZCOVHBQU,-0.9181690713424469,298.15,mol m^-3 Pa^-1,1 M ideal gas to 1 M ideal-dilute aqueous,negative is favorable hydration,10,144.25799999999998,1,1,SANDER-22932,3304,10.1016/J.FLUID.2006.02.022,True,False,True,False,False,False,False,False,False,False,False,False,False,False,False,False,False,False,False,False,False,True,True,
KNUQGVIXAYDSOX,1-nitrooxy-2-butanol,CCC(O)CO[N+](=O)[O-],CCC(O)CO[N+](=O)[O-],KNUQGVIXAYDSOX-UHFFFAOYSA-N,KNUQGVIXAYDSOX,KNUQGVIXAYDSOX,KNUQGVIXAYDSOX,KNUQGVIXAYDSOX,-7.026068370085849,298.15,mol m^-3 Pa^-1,1 M ideal gas to 1 M ideal-dilute aqueous,negative is favorable hydration,9,135.119,1,1,SANDER-27597;SANDER-27598,548,10.1021/ES960538Y,True,False,True,False,False,False,False,False,False,False,False,False,False,False,False,False,False,False,False,False,False,True,True,
KOCVACNWDMSLBM,vanillyl ethyl ether,CCOCc1ccc(O)c(OC)c1,CCOCc1ccc(O)c(OC)c1,KOCVACNWDMSLBM-UHFFFAOYSA-N,KOCVACNWDMSLBM,KOCVACNWDMSLBM,KOCVACNWDMSLBM,KOCVACNWDMSLBM,-8.195103915206705,298.15,mol m^-3 Pa^-1,1 M ideal gas to 1 M ideal-dilute aqueous,negative is favorable hydration,13,182.219,1,1,SANDER-24517,3723,10.1021/ACS.EST.9B06443,True,False,True,False,False,False,False,False,False,False,False,False,False,False,False,False,False,False,False,False,False,True,True,
KPOZENRUJCHWOA,"1,2,4,5,6-pentachloronaphthalene",Clc1cc(Cl)c2c(Cl)c(Cl)ccc2c1Cl,Clc1cc(Cl)c2c(Cl)c(Cl)ccc2c1Cl,KPOZENRUJCHWOA-UHFFFAOYSA-N,KPOZENRUJCHWOA,KPOZENRUJCHWOA,KPOZENRUJCHWOA,KPOZENRUJCHWOA,-3.4657290661330857,298.15,mol m^-3 Pa^-1,1 M ideal gas to 1 M ideal-dilute aqueous,negative is favorable hydration,15,300.399,1,1,SANDER-35243,3732,10.1016/J.ATMOSENV.2016.10.009,True,False,True,False,False,False,False,False,False,True,True,False,False,False,False,False,False,False,False,False,True,True,False,
KSMVNVHUTQZITP,"2,3,7,8-tetrachlorodibenzofuran",Clc1cc2oc3cc(Cl)c(Cl)cc3c2cc1Cl,Clc1cc2oc3cc(Cl)c(Cl)cc3c2cc1Cl,KSMVNVHUTQZITP-UHFFFAOYSA-N,KSMVNVHUTQZITP,KSMVNVHUTQZITP,KSMVNVHUTQZITP,KSMVNVHUTQZITP,-4.318006884312718,298.15,mol m^-3 Pa^-1,1 M ideal gas to 1 M ideal-dilute aqueous,negative is favorable hydration,17,305.975,1,1,SANDER-38737,2945,10.1002/ETC.5620121110,True,False,True,False,False,False,False,True,True,False,False,False,False,False,False,False,False,False,False,False,True,True,False,
KZLMCDNAVVJKPX,"1,3-dichloro-2-methoxybenzene",COc1c(Cl)cccc1Cl,COc1c(Cl)cccc1Cl,KZLMCDNAVVJKPX-UHFFFAOYSA-N,KZLMCDNAVVJKPX,KZLMCDNAVVJKPX,KZLMCDNAVVJKPX,KZLMCDNAVVJKPX,-1.8263879682134756,298.15,mol m^-3 Pa^-1,1 M ideal gas to 1 M ideal-dilute aqueous,negative is favorable hydration,10,177.02999999999997,1,1,SANDER-38165,1524,10.1007/S002160101077,True,False,True,False,False,False,False,False,False,True,True,False,False,False,False,True,True,False,False,False,True,True,False,
LBCOXKFWBDTJTF,"1,2,4,7,8-pentachloronaphthalene",Clc1ccc2c(Cl)cc(Cl)c(Cl)c2c1Cl,Clc1ccc2c(Cl)cc(Cl)c(Cl)c2c1Cl,LBCOXKFWBDTJTF-UHFFFAOYSA-N,LBCOXKFWBDTJTF,LBCOXKFWBDTJTF,LBCOXKFWBDTJTF,LBCOXKFWBDTJTF,-3.580763582585761,298.15,mol m^-3 Pa^-1,1 M ideal gas to 1 M ideal-dilute aqueous,negative is favorable hydration,15,300.399,1,1,SANDER-35248,3732,10.1016/J.ATMOSENV.2016.10.009,True,False,True,False,False,False,False,False,False,True,True,False,False,False,False,False,False,False,False,False,True,True,False,
LCFKURIJYIJNRU,2-methyl-1-hexanol,CCCCC(C)CO,CCCCC(C)CO,LCFKURIJYIJNRU-UHFFFAOYSA-N,LCFKURIJYIJNRU,LCFKURIJYIJNRU,LCFKURIJYIJNRU,LCFKURIJYIJNRU,-4.410771696363276,298.15,mol m^-3 Pa^-1,1 M ideal gas to 1 M ideal-dilute aqueous,negative is favorable hydration,8,116.20399999999998,1,1,SANDER-10382,2891,10.1021/JE3010535,True,False,True,False,False,False,False,False,False,False,False,False,False,False,False,False,False,False,False,False,False,True,True,
LCHJNNXHVDDVAT,"2-bromo-3,5-dichloro-1-methoxybenzene",COc1cc(Cl)cc(Cl)c1Br,COc1cc(Cl)cc(Cl)c1Br,LCHJNNXHVDDVAT-UHFFFAOYSA-N,LCHJNNXHVDDVAT,LCHJNNXHVDDVAT,LCHJNNXHVDDVAT,LCHJNNXHVDDVAT,-1.9585971639928252,298.15,mol m^-3 Pa^-1,1 M ideal gas to 1 M ideal-dilute aqueous,negative is favorable hydration,11,255.926,1,1,SANDER-42142,1524,10.1007/S002160101077,True,False,True,False,False,False,False,False,False,False,False,False,False,False,False,False,False,False,False,False,False,True,True,
LFVCJQWZGDLHSD,guaiacylacetone,COc1cc(CC(C)=O)ccc1O,COc1cc(CC(C)=O)ccc1O,LFVCJQWZGDLHSD-UHFFFAOYSA-N,LFVCJQWZGDLHSD,LFVCJQWZGDLHSD,LFVCJQWZGDLHSD,LFVCJQWZGDLHSD,-10.195632173518485,298.15,mol m^-3 Pa^-1,1 M ideal gas to 1 M ideal-dilute aqueous,negative is favorable hydration,13,180.203,1,1,SANDER-24520,3723,10.1021/ACS.EST.9B06443,True,False,True,False,False,False,False,False,False,False,False,False,False,False,False,False,False,False,False,False,False,True,True,
LFYXNXGVLGKVCJ,2-methylisoborneol,CC1(C)C2CCC1(C)[C@](C)(O)C2,CC1(C)C2CCC1(C)[C@](C)(O)C2,LFYXNXGVLGKVCJ-BOBPJJCASA-N,LFYXNXGVLGKVCJ,LFYXNXGVLGKVCJ,LFYXNXGVLGKVCJ,LFYXNXGVLGKVCJ,-3.197329797674128,298.15,mol m^-3 Pa^-1,1 M ideal gas to 1 M ideal-dilute aqueous,negative is favorable hydration,12,168.28,1,1,SANDER-11677,3303,10.1021/ES0480264,True,False,True,False,False,False,False,False,False,False,False,False,False,False,False,False,False,False,False,False,False,True,True,
LITCKAVLJAKHOE,"1,4,5,8-tetrachloronaphthalene",Clc1ccc(Cl)c2c(Cl)ccc(Cl)c12,Clc1ccc(Cl)c2c(Cl)ccc(Cl)c12,LITCKAVLJAKHOE-UHFFFAOYSA-N,LITCKAVLJAKHOE,LITCKAVLJAKHOE,LITCKAVLJAKHOE,LITCKAVLJAKHOE,-4.008617534330732,298.15,mol m^-3 Pa^-1,1 M ideal gas to 1 M ideal-dilute aqueous,negative is favorable hydration,14,265.95399999999995,1,1,SANDER-35238,3732,10.1016/J.ATMOSENV.2016.10.009,True,False,True,False,False,False,False,False,False,True,True,False,False,False,False,False,False,False,False,False,True,True,False,
LNDQFOSWZJYEIC,PFBHA-butanone,CCC(C)=NOCc1c(F)c(F)c(F)c(F)c1F,CCC(C)=NOCc1c(F)c(F)c(F)c(F)c1F,LNDQFOSWZJYEIC-UHFFFAOYSA-N,LNDQFOSWZJYEIC,LNDQFOSWZJYEIC,LNDQFOSWZJYEIC,LNDQFOSWZJYEIC,-1.4547877990255242,298.15,mol m^-3 Pa^-1,1 M ideal gas to 1 M ideal-dilute aqueous,negative is favorable hydration,18,267.19699999999995,1,1,SANDER-32464,2497,10.1021/JE025545I,True,False,True,False,False,False,False,False,False,False,False,False,False,False,False,False,False,False,False,False,False,True,True,
MEUKEBNAABNAEX,methyl hydroperoxide,COO,COO,MEUKEBNAABNAEX-UHFFFAOYSA-N,MEUKEBNAABNAEX,MEUKEBNAABNAEX,MEUKEBNAABNAEX,MEUKEBNAABNAEX,-5.281532589579175,298.15,mol m^-3 Pa^-1,1 M ideal gas to 1 M ideal-dilute aqueous,negative is favorable hydration,3,48.041,3,3,SANDER-12939;SANDER-12940;SANDER-12941;SANDER-12942;SANDER-12943,2913;516;311,10.1080/10020070412331344291;10.1021/JP951168N;10.1029/94JD01155,True,False,True,False,False,False,False,False,False,True,True,False,False,False,False,True,True,False,False,False,True,True,False,
MKERQGLKSFEKAE,"1,2,5-trichloro-3-methoxybenzene",OCc1cc(Cl)cc(Cl)c1Cl,OCc1cc(Cl)cc(Cl)c1Cl,MKERQGLKSFEKAE-UHFFFAOYSA-N,MKERQGLKSFEKAE,MKERQGLKSFEKAE,MKERQGLKSFEKAE,MKERQGLKSFEKAE,-1.739527616179039,298.15,mol m^-3 Pa^-1,1 M ideal gas to 1 M ideal-dilute aqueous,negative is favorable hydration,11,211.475,1,1,SANDER-38169,1524,10.1007/S002160101077,True,True,False,False,False,False,False,False,False,False,False,False,False,False,False,False,False,False,False,False,False,False,False,preexisting_registry_name_structure_conflict
MMHZKSMAFILONG,"1,2,5-trichloronaphthalene",Clc1ccc2c(Cl)cccc2c1Cl,Clc1ccc2c(Cl)cccc2c1Cl,MMHZKSMAFILONG-UHFFFAOYSA-N,MMHZKSMAFILONG,MMHZKSMAFILONG,MMHZKSMAFILONG,MMHZKSMAFILONG,-3.322844177027064,298.15,mol m^-3 Pa^-1,1 M ideal gas to 1 M ideal-dilute aqueous,negative is favorable hydration,13,231.509,1,1,SANDER-35216,3732,10.1016/J.ATMOSENV.2016.10.009,True,False,True,False,False,False,False,False,False,True,True,False,False,False,False,False,False,False,False,False,True,True,False,
MSWVMWGCNZQPIA,1-fluoro-2-propanone,CC(=O)CF,CC(=O)CF,MSWVMWGCNZQPIA-UHFFFAOYSA-N,MSWVMWGCNZQPIA,MSWVMWGCNZQPIA,MSWVMWGCNZQPIA,MSWVMWGCNZQPIA,-4.170539722175125,298.15,mol m^-3 Pa^-1,1 M ideal gas to 1 M ideal-dilute aqueous,negative is favorable hydration,5,76.07,1,1,SANDER-32022,3526,10.1021/JE900711H,True,False,True,False,False,False,False,False,False,False,False,False,False,False,False,True,True,False,False,False,True,True,False,
MUUDTVDSRYEMBU,"2,4-dibromo-5,6-dichloro-1-methoxybenzene",COc1c(Br)cc(Br)c(Cl)c1Cl,COc1c(Br)cc(Br)c(Cl)c1Cl,MUUDTVDSRYEMBU-UHFFFAOYSA-N,MUUDTVDSRYEMBU,MUUDTVDSRYEMBU,MUUDTVDSRYEMBU,MUUDTVDSRYEMBU,-1.890157516875148,298.15,mol m^-3 Pa^-1,1 M ideal gas to 1 M ideal-dilute aqueous,negative is favorable hydration,12,334.8219999999999,1,1,SANDER-42166,1524,10.1007/S002160101077,True,False,True,False,False,False,False,False,False,False,False,False,False,False,False,False,False,False,False,False,False,True,True,
NDZIBNJHNBUHKW,"1,2,3,4,5,6,7-heptachloronaphthalene",Clc1cc2c(Cl)c(Cl)c(Cl)c(Cl)c2c(Cl)c1Cl,Clc1cc2c(Cl)c(Cl)c(Cl)c(Cl)c2c(Cl)c1Cl,NDZIBNJHNBUHKW-UHFFFAOYSA-N,NDZIBNJHNBUHKW,NDZIBNJHNBUHKW,NDZIBNJHNBUHKW,NDZIBNJHNBUHKW,-5.389555367987976,298.15,mol m^-3 Pa^-1,1 M ideal gas to 1 M ideal-dilute aqueous,negative is favorable hydration,17,369.2889999999999,1,1,SANDER-35258,3732,10.1016/J.ATMOSENV.2016.10.009,True,False,True,False,False,False,False,False,False,True,True,False,False,False,False,False,False,False,False,False,True,True,False,
NEZWFWIACBUQMN,hydroxymethyl hydroperoxide,OCOO,OCOO,NEZWFWIACBUQMN-UHFFFAOYSA-N,NEZWFWIACBUQMN,NEZWFWIACBUQMN,NEZWFWIACBUQMN,NEZWFWIACBUQMN,-10.366079471748629,298.15,mol m^-3 Pa^-1,1 M ideal gas to 1 M ideal-dilute aqueous,negative is favorable hydration,4,64.04,3,3,SANDER-12973;SANDER-12974;SANDER-12975,516;799;800,10.1021/JP951168N;10.1029/93JD01022;10.1021/J100180A051,True,False,True,False,False,False,False,False,False,False,False,False,False,False,False,True,True,True,True,False,True,True,False,
NMRPBPVERJPACX,3-octanol,CCCCCC(O)CC,CCCCCC(O)CC,NMRPBPVERJPACX-UHFFFAOYSA-N,NMRPBPVERJPACX,NMRPBPVERJPACX,NMRPBPVERJPACX,NMRPBPVERJPACX,-3.37439710834729,298.15,mol m^-3 Pa^-1,1 M ideal gas to 1 M ideal-dilute aqueous,negative is favorable hydration,9,130.231,1,1,SANDER-10532,3719,10.1021/ACS.EST.1C07882,True,False,True,False,False,False,False,False,False,True,True,False,False,False,False,False,False,False,False,False,True,True,False,
NMWKWBPNKPGATC,"4,5,6,7-tetrachlorophthalide",O=C1OCc2c(Cl)c(Cl)c(Cl)c(Cl)c21,O=C1OCc2c(Cl)c(Cl)c(Cl)c(Cl)c21,NMWKWBPNKPGATC-UHFFFAOYSA-N,NMWKWBPNKPGATC,NMWKWBPNKPGATC,NMWKWBPNKPGATC,NMWKWBPNKPGATC,-6.343123108603918,298.15,mol m^-3 Pa^-1,1 M ideal gas to 1 M ideal-dilute aqueous,negative is favorable hydration,14,271.914,1,1,SANDER-38245,2229,10.1016/0045-6535(89)90482-7,True,False,True,False,False,False,False,False,False,False,False,False,False,False,False,False,False,False,False,False,False,True,True,
NQFUSWIGRKFAHK,"2,7,7-trimethyl-3-oxatricyclo[4.1.1.0(2,4)]octane",CC1(C)C2CC3OC3(C)C1C2,CC1(C)C2CC3OC3(C)C1C2,NQFUSWIGRKFAHK-UHFFFAOYSA-N,NQFUSWIGRKFAHK,NQFUSWIGRKFAHK,NQFUSWIGRKFAHK,NQFUSWIGRKFAHK,-2.39561343672259,298.15,mol m^-3 Pa^-1,1 M ideal gas to 1 M ideal-dilute aqueous,negative is favorable hydration,11,152.237,1,1,SANDER-24137,2462,10.1021/JE980070+,True,False,True,False,False,False,False,False,False,False,False,False,False,False,False,False,False,True,True,False,True,True,False,
NSKIRYMHNFTRLR,"2,2',4,4',6-pentabromodiphenyl ether",Brc1ccc(Oc2c(Br)cc(Br)cc2Br)c(Br)c1,Brc1ccc(Oc2c(Br)cc(Br)cc2Br)c(Br)c1,NSKIRYMHNFTRLR-UHFFFAOYSA-N,NSKIRYMHNFTRLR,NSKIRYMHNFTRLR,NSKIRYMHNFTRLR,NSKIRYMHNFTRLR,-5.389555367987976,298.15,mol m^-3 Pa^-1,1 M ideal gas to 1 M ideal-dilute aqueous,negative is favorable hydration,18,564.691,4,3,SANDER-41740;SANDER-41741;SANDER-41742;SANDER-41743;SANDER-41744,3683;2564;2468,10.1016/J.ECOENV.2017.07.024;10.1021/JE050308B;10.1016/J.ATMOSENV.2005.05.029,True,False,True,False,False,False,False,False,False,False,False,False,False,False,False,False,False,False,False,False,False,True,True,
NTHGIYFSMNNHSC,3-methyl-1-butanol nitrate,CC(C)CCO[N+](=O)[O-],CC(C)CCO[N+](=O)[O-],NTHGIYFSMNNHSC-UHFFFAOYSA-N,NTHGIYFSMNNHSC,NTHGIYFSMNNHSC,NTHGIYFSMNNHSC,NTHGIYFSMNNHSC,-1.491448044485954,298.15,mol m^-3 Pa^-1,1 M ideal gas to 1 M ideal-dilute aqueous,negative is favorable hydration,9,133.147,1,1,SANDER-27515,1024,10.1016/S0045-6535(98)00159-3,True,False,True,False,False,False,False,False,False,False,False,False,False,False,False,False,False,False,False,False,False,True,True,
NUGDFCWVLOJWOP,PFBHA-decanal,CCCCCCCCCC=NOCc1c(F)c(F)c(F)c(F)c1F,CCCCCCCCCC=NOCc1c(F)c(F)c(F)c(F)c1F,NUGDFCWVLOJWOP-UHFFFAOYSA-N,NUGDFCWVLOJWOP,NUGDFCWVLOJWOP,NUGDFCWVLOJWOP,NUGDFCWVLOJWOP,-2.420829367731348,298.15,mol m^-3 Pa^-1,1 M ideal gas to 1 M ideal-dilute aqueous,negative is favorable hydration,24,351.3589999999999,1,1,SANDER-32468,2497,10.1021/JE025545I,True,False,True,False,False,False,False,False,False,False,False,False,False,False,False,False,False,False,False,False,False,True,True,
NULBEPOZYDYWOV,syringylacetone,COc1cc(CCC(C)=O)cc(OC)c1O,COc1cc(CCC(C)=O)cc(OC)c1O,NULBEPOZYDYWOV-UHFFFAOYSA-N,NULBEPOZYDYWOV,NULBEPOZYDYWOV,NULBEPOZYDYWOV,NULBEPOZYDYWOV,-12.924126199586958,298.15,mol m^-3 Pa^-1,1 M ideal gas to 1 M ideal-dilute aqueous,negative is favorable hydration,16,224.256,1,1,SANDER-24548,3723,10.1021/ACS.EST.9B06443,True,False,True,False,False,False,False,False,False,False,False,False,False,False,False,False,False,False,False,False,False,True,True,
NVVZEKTVIXIUKW,"1,1,1,2,2,3,3,4,4,5,5,6,6-tridecafluoro-8-iodooctane",FC(F)(F)C(F)(F)C(F)(F)C(F)(F)C(F)(F)C(F)(F)CCI,FC(F)(F)C(F)(F)C(F)(F)C(F)(F)C(F)(F)C(F)(F)CCI,NVVZEKTVIXIUKW-UHFFFAOYSA-N,NVVZEKTVIXIUKW,NVVZEKTVIXIUKW,NVVZEKTVIXIUKW,NVVZEKTVIXIUKW,-0.6933271819097218,298.15,mol m^-3 Pa^-1,1 M ideal gas to 1 M ideal-dilute aqueous,negative is favorable hydration,22,473.9979999999999,1,1,SANDER-42502,3939,10.1016/J.HAZL.2022.100070,True,False,True,False,False,False,False,False,False,False,False,False,False,False,False,False,False,True,True,False,True,True,False,
NWOYYECMNBWCNK,2-bromo-6-chloro-1-methoxybenzene,COc1c(Cl)cccc1Br,COc1c(Cl)cccc1Br,NWOYYECMNBWCNK-UHFFFAOYSA-N,NWOYYECMNBWCNK,NWOYYECMNBWCNK,NWOYYECMNBWCNK,NWOYYECMNBWCNK,-2.1014820530988474,298.15,mol m^-3 Pa^-1,1 M ideal gas to 1 M ideal-dilute aqueous,negative is favorable hydration,10,221.481,1,1,SANDER-42140,1524,10.1007/S002160101077,True,False,True,False,False,False,False,False,False,False,False,False,False,False,False,False,False,False,False,False,False,True,True,
OAWAZQITIZDJRB,chlorodifluoroethanoic acid,O=C(O)C(F)(F)Cl,O=C(O)C(F)(F)Cl,OAWAZQITIZDJRB-UHFFFAOYSA-N,OAWAZQITIZDJRB,OAWAZQITIZDJRB,OAWAZQITIZDJRB,OAWAZQITIZDJRB,-7.877817419868301,298.15,mol m^-3 Pa^-1,1 M ideal gas to 1 M ideal-dilute aqueous,negative is favorable hydration,7,130.47700000000003,1,1,SANDER-40509,896,10.1023/A:1005899813756,True,False,True,False,False,False,False,False,False,False,False,False,False,False,False,False,False,False,False,False,False,True,True,
OAYSFAKCFYRCRU,"4-bromo-2,6-dichloro-1-methoxybenzene",COc1c(Cl)cc(Br)cc1Cl,COc1c(Cl)cc(Br)cc1Cl,OAYSFAKCFYRCRU-UHFFFAOYSA-N,OAYSFAKCFYRCRU,OAYSFAKCFYRCRU,OAYSFAKCFYRCRU,OAYSFAKCFYRCRU,-2.010150095313052,298.15,mol m^-3 Pa^-1,1 M ideal gas to 1 M ideal-dilute aqueous,negative is favorable hydration,11,255.926,2,2,SANDER-42146;SANDER-42147,3118;1524,10.1016/J.CHROMA.2004.12.027;10.1007/S002160101077,True,False,True,False,False,False,False,False,False,False,False,False,False,False,False,False,False,False,False,False,False,True,True,
OEBRKCOSUFCWJD,"dimethyl-2,2-dichlorovinyl phosphate",COP(=O)(OC)OC=C(Cl)Cl,COP(=O)(OC)OC=C(Cl)Cl,OEBRKCOSUFCWJD-UHFFFAOYSA-N,OEBRKCOSUFCWJD,OEBRKCOSUFCWJD,OEBRKCOSUFCWJD,OEBRKCOSUFCWJD,-4.971375885474463,298.15,mol m^-3 Pa^-1,1 M ideal gas to 1 M ideal-dilute aqueous,negative is favorable hydration,11,220.976,2,2,SANDER-44590;SANDER-44591,2438;2229,10.1016/S1352-2310(03)00155-9;10.1016/0045-6535(89)90482-7,True,False,True,False,False,False,False,True,True,False,False,False,False,False,False,False,False,True,True,False,True,True,False,
OEYKUHBCPJRXGZ,"2-bromo-4,6-dichloro-1-methoxybenzene",COc1c(Cl)cc(Cl)cc1Br,COc1c(Cl)cc(Cl)cc1Br,OEYKUHBCPJRXGZ-UHFFFAOYSA-N,OEYKUHBCPJRXGZ,OEYKUHBCPJRXGZ,OEYKUHBCPJRXGZ,OEYKUHBCPJRXGZ,-1.8973491088834296,298.15,mol m^-3 Pa^-1,1 M ideal gas to 1 M ideal-dilute aqueous,negative is favorable hydration,11,255.926,2,2,SANDER-42143;SANDER-42144,3118;1524,10.1016/J.CHROMA.2004.12.027;10.1007/S002160101077,True,False,True,False,False,False,False,False,False,False,False,False,False,False,False,False,False,False,False,False,False,True,True,
OIHHRLYOSUNYTC,"3-bromo-2,4,6-trichloro-1-methoxybenzene",COc1c(Cl)cc(Cl)c(Br)c1Cl,COc1c(Cl)cc(Cl)c(Br)c1Cl,OIHHRLYOSUNYTC-UHFFFAOYSA-N,OIHHRLYOSUNYTC,OIHHRLYOSUNYTC,OIHHRLYOSUNYTC,OIHHRLYOSUNYTC,-1.9021273169042503,298.15,mol m^-3 Pa^-1,1 M ideal gas to 1 M ideal-dilute aqueous,negative is favorable hydration,12,290.371,1,1,SANDER-42155,1524,10.1007/S002160101077,True,False,True,False,False,False,False,False,False,False,False,False,False,False,False,False,False,False,False,False,False,True,True,
OJYLAHXKWMRDGS,zingerone,COc1cc(CCC(C)=O)ccc1O,COc1cc(CCC(C)=O)ccc1O,OJYLAHXKWMRDGS-UHFFFAOYSA-N,OJYLAHXKWMRDGS,OJYLAHXKWMRDGS,OJYLAHXKWMRDGS,OJYLAHXKWMRDGS,-10.195632173518485,298.15,mol m^-3 Pa^-1,1 M ideal gas to 1 M ideal-dilute aqueous,negative is favorable hydration,14,194.23,1,1,SANDER-24533,3723,10.1021/ACS.EST.9B06443,True,False,True,False,False,False,False,True,True,False,False,False,False,False,False,False,False,False,False,False,True,True,False,
OMDFJTSKBNDDRM,1-nitrooxy-2-propanol,CC(O)CO[N+](=O)[O-],CC(O)CO[N+](=O)[O-],OMDFJTSKBNDDRM-UHFFFAOYSA-N,OMDFJTSKBNDDRM,OMDFJTSKBNDDRM,OMDFJTSKBNDDRM,OMDFJTSKBNDDRM,-7.41558521612978,298.15,mol m^-3 Pa^-1,1 M ideal gas to 1 M ideal-dilute aqueous,negative is favorable hydration,8,121.09199999999998,1,1,SANDER-27565;SANDER-27566;SANDER-27567,548,10.1021/ES960538Y,True,False,True,False,False,False,False,False,False,False,False,False,False,False,False,True,True,False,False,False,True,True,False,
ONUFSRWQCKNVSL,decafluorobiphenyl,Fc1c(F)c(F)c(-c2c(F)c(F)c(F)c(F)c2F)c(F)c1F,Fc1c(F)c(F)c(-c2c(F)c(F)c(F)c(F)c2F)c(F)c1F,ONUFSRWQCKNVSL-UHFFFAOYSA-N,ONUFSRWQCKNVSL,ONUFSRWQCKNVSL,ONUFSRWQCKNVSL,ONUFSRWQCKNVSL,-1.6648503859974622,298.15,mol m^-3 Pa^-1,1 M ideal gas to 1 M ideal-dilute aqueous,negative is favorable hydration,22,334.1119999999999,1,1,SANDER-31921,2891,10.1021/JE3010535,True,False,True,False,False,False,False,False,False,True,True,False,False,False,False,False,False,False,False,False,True,True,False,
OTFNCXLUCRUNCH,"1,2,4-trichloro-3-methoxybenzene",COc1c(Cl)ccc(Cl)c1Cl,COc1c(Cl)ccc(Cl)c1Cl,OTFNCXLUCRUNCH-UHFFFAOYSA-N,OTFNCXLUCRUNCH,OTFNCXLUCRUNCH,OTFNCXLUCRUNCH,OTFNCXLUCRUNCH,-1.9243773404339863,298.15,mol m^-3 Pa^-1,1 M ideal gas to 1 M ideal-dilute aqueous,negative is favorable hydration,11,211.475,2,2,SANDER-38170;SANDER-38171,3118;1524,10.1016/J.CHROMA.2004.12.027;10.1007/S002160101077,True,False,True,False,False,False,False,False,False,True,True,False,False,False,False,False,False,False,False,False,True,True,False,
OTQFXRBLGNEOGH,"1,3,6,8-tetrachlorodibenzo-$p$-dioxin",Clc1cc(Cl)c2c(c1)Oc1c(Cl)cc(Cl)cc1O2,Clc1cc(Cl)c2c(c1)Oc1c(Cl)cc(Cl)cc1O2,OTQFXRBLGNEOGH-UHFFFAOYSA-N,OTQFXRBLGNEOGH,OTQFXRBLGNEOGH,OTQFXRBLGNEOGH,OTQFXRBLGNEOGH,-3.4657290661330857,298.15,mol m^-3 Pa^-1,1 M ideal gas to 1 M ideal-dilute aqueous,negative is favorable hydration,18,321.97399999999993,1,1,SANDER-38984,2537,10.1016/0045-6535(85)90169-9,True,False,True,False,False,False,False,False,False,False,False,False,False,False,False,False,False,False,False,False,False,True,True,
OTTCXKPQKOLSJN,"1,3,5,7-tetrachloronaphthalene",Clc1cc(Cl)c2cc(Cl)cc(Cl)c2c1,Clc1cc(Cl)c2cc(Cl)cc(Cl)c2c1,OTTCXKPQKOLSJN-UHFFFAOYSA-N,OTTCXKPQKOLSJN,OTTCXKPQKOLSJN,OTTCXKPQKOLSJN,OTTCXKPQKOLSJN,-2.9228405979354397,298.15,mol m^-3 Pa^-1,1 M ideal gas to 1 M ideal-dilute aqueous,negative is favorable hydration,14,265.95399999999995,1,1,SANDER-35235,3732,10.1016/J.ATMOSENV.2016.10.009,True,False,True,False,False,False,False,False,False,True,True,False,False,False,False,False,False,False,False,False,True,True,False,
OWIKHYCFFJSOEH,isocyanic acid,N=C=O,N=C=O,OWIKHYCFFJSOEH-UHFFFAOYSA-N,OWIKHYCFFJSOEH,OWIKHYCFFJSOEH,OWIKHYCFFJSOEH,OWIKHYCFFJSOEH,-3.705961040321237,298.15,mol m^-3 Pa^-1,1 M ideal gas to 1 M ideal-dilute aqueous,negative is favorable hydration,3,43.025,3,3,SANDER-30537;SANDER-30538;SANDER-30539,3525;3411;2805,10.5194/ACP-19-4419-2019;10.5194/ACP-16-703-2016;10.1073/PNAS.1103352108,True,False,True,False,False,False,False,False,True,False,False,False,False,False,False,True,True,False,False,False,True,True,False,
PGCDNPCENWGYMA,"1,2,3,4,5,8-hexachloronaphthalene",Clc1c(Cl)c(Cl)c2c(Cl)ccc(Cl)c2c1Cl,Clc1c(Cl)c(Cl)c2c(Cl)ccc(Cl)c2c1Cl,PGCDNPCENWGYMA-UHFFFAOYSA-N,PGCDNPCENWGYMA,PGCDNPCENWGYMA,PGCDNPCENWGYMA,PGCDNPCENWGYMA,-4.5876242996777865,298.15,mol m^-3 Pa^-1,1 M ideal gas to 1 M ideal-dilute aqueous,negative is favorable hydration,16,334.84399999999994,1,1,SANDER-35251,3732,10.1016/J.ATMOSENV.2016.10.009,True,False,True,False,False,False,False,False,False,True,True,False,False,False,False,False,False,False,False,False,True,True,False,
PLDWAJLZAAHOGG,1-bromo-3-methoxybenzene,COc1cccc(Br)c1,COc1cccc(Br)c1,PLDWAJLZAAHOGG-UHFFFAOYSA-N,PLDWAJLZAAHOGG,PLDWAJLZAAHOGG,PLDWAJLZAAHOGG,PLDWAJLZAAHOGG,-1.7074936013035569,298.15,mol m^-3 Pa^-1,1 M ideal gas to 1 M ideal-dilute aqueous,negative is favorable hydration,9,187.036,1,1,SANDER-41491,1524,10.1007/S002160101077,True,False,True,False,False,False,False,False,False,True,True,False,False,False,False,False,False,False,False,False,True,True,False,
PNLDDSLZYVNPQW,"6-bromo-2,3-dichloro-1-methoxybenzene",COc1c(Br)ccc(Cl)c1Cl,COc1c(Br)ccc(Cl)c1Cl,PNLDDSLZYVNPQW-UHFFFAOYSA-N,PNLDDSLZYVNPQW,PNLDDSLZYVNPQW,PNLDDSLZYVNPQW,PNLDDSLZYVNPQW,-1.9585971639928252,298.15,mol m^-3 Pa^-1,1 M ideal gas to 1 M ideal-dilute aqueous,negative is favorable hydration,11,255.926,1,1,SANDER-42152,1524,10.1007/S002160101077,True,False,True,False,False,False,False,False,False,False,False,False,False,False,False,False,False,False,False,False,False,True,True,
PNQBEPDZQUOCNY,trifluoroacetylchloride,O=C(Cl)C(F)(F)F,O=C(Cl)C(F)(F)F,PNQBEPDZQUOCNY-UHFFFAOYSA-N,PNQBEPDZQUOCNY,PNQBEPDZQUOCNY,PNQBEPDZQUOCNY,PNQBEPDZQUOCNY,-2.3128065893225465,298.15,mol m^-3 Pa^-1,1 M ideal gas to 1 M ideal-dilute aqueous,negative is favorable hydration,7,132.46800000000002,1,1,SANDER-40517;SANDER-40518;SANDER-40519,671,10.1007/978-3-642-61445-3_6,True,False,True,False,False,False,False,False,False,False,False,False,False,False,False,False,False,False,False,False,False,True,True,
POIARNZEYGURDG,($E$)-$\beta$-damascenone,C/C=C/C(=O)C1=C(C)C=CCC1(C)C,C/C=C/C(=O)C1=C(C)C=CCC1(C)C,POIARNZEYGURDG-FNORWQNLSA-N,POIARNZEYGURDG,POIARNZEYGURDG,POIARNZEYGURDG,POIARNZEYGURDG,-3.95552367899573,298.15,mol m^-3 Pa^-1,1 M ideal gas to 1 M ideal-dilute aqueous,negative is favorable hydration,14,190.28599999999997,1,1,SANDER-16142,3215,10.1016/J.IJMS.2015.07.015,True,False,True,False,False,False,False,False,False,False,False,False,False,False,False,False,True,False,False,False,True,True,False,
PPXUHEORWJQRHJ,ethyl 3-methylbutanoate,CCOC(=O)CC(C)C,CCOC(=O)CC(C)C,PPXUHEORWJQRHJ-UHFFFAOYSA-N,PPXUHEORWJQRHJ,PPXUHEORWJQRHJ,PPXUHEORWJQRHJ,PPXUHEORWJQRHJ,-1.9585971639928252,298.15,mol m^-3 Pa^-1,1 M ideal gas to 1 M ideal-dilute aqueous,negative is favorable hydration,9,130.18699999999998,1,1,SANDER-21112,3215,10.1016/J.IJMS.2015.07.015,True,False,True,False,False,False,False,False,False,True,True,False,False,False,False,False,False,False,False,False,True,True,False,
PSINWXIDJYEXLO,"2,3-diethyl-5-methylpyrazine",CCc1ncc(C)nc1CC,CCc1ncc(C)nc1CC,PSINWXIDJYEXLO-UHFFFAOYSA-N,PSINWXIDJYEXLO,PSINWXIDJYEXLO,PSINWXIDJYEXLO,PSINWXIDJYEXLO,-4.5057723033300405,298.15,mol m^-3 Pa^-1,1 M ideal gas to 1 M ideal-dilute aqueous,negative is favorable hydration,11,150.225,1,1,SANDER-26138,2389,10.1021/JF9702508,True,False,True,False,False,False,False,True,True,True,True,False,False,False,False,False,False,False,False,False,True,True,False,
PVFOMCVHYWHZJE,trichloroacetylchloride,O=C(Cl)C(Cl)(Cl)Cl,O=C(Cl)C(Cl)(Cl)Cl,PVFOMCVHYWHZJE-UHFFFAOYSA-N,PVFOMCVHYWHZJE,PVFOMCVHYWHZJE,PVFOMCVHYWHZJE,PVFOMCVHYWHZJE,-2.3128065893225465,298.15,mol m^-3 Pa^-1,1 M ideal gas to 1 M ideal-dilute aqueous,negative is favorable hydration,7,181.833,2,2,SANDER-37801;SANDER-37802;SANDER-37803,671;1126,10.1007/978-3-642-61445-3_6;10.1029/93JD02915,True,False,True,False,False,False,False,False,False,True,True,False,False,False,False,True,True,False,False,False,True,True,False,
QGRPVMLBTFGQDQ,1-chloro-2-methoxybenzene,COc1ccccc1Cl,COc1ccccc1Cl,QGRPVMLBTFGQDQ-UHFFFAOYSA-N,QGRPVMLBTFGQDQ,QGRPVMLBTFGQDQ,QGRPVMLBTFGQDQ,QGRPVMLBTFGQDQ,-3.266374329938489,298.15,mol m^-3 Pa^-1,1 M ideal gas to 1 M ideal-dilute aqueous,negative is favorable hydration,9,142.58499999999998,1,1,SANDER-38153,1524,10.1007/S002160101077,True,False,True,False,False,False,False,False,False,True,True,False,False,False,False,True,True,False,False,False,True,True,False,
QHTQREMOGMZHJV,S-(4-chlorobenzyl) diethylthiocarbamate,CCN(CC)C(=O)SCc1ccc(Cl)cc1,CCN(CC)C(=O)SCc1ccc(Cl)cc1,QHTQREMOGMZHJV-UHFFFAOYSA-N,QHTQREMOGMZHJV,QHTQREMOGMZHJV,QHTQREMOGMZHJV,QHTQREMOGMZHJV,-5.973688203519483,298.15,mol m^-3 Pa^-1,1 M ideal gas to 1 M ideal-dilute aqueous,negative is favorable hydration,16,257.786,2,2,SANDER-44328;SANDER-44329,2538;2229,10.1584/JPESTICS.18.3_201;10.1016/0045-6535(89)90482-7,True,False,True,False,False,False,False,False,False,False,False,False,False,False,False,False,False,False,False,False,False,True,True,
QJPJQTDYNZXKQF,1-bromo-4-methoxybenzene,COc1ccc(Br)cc1,COc1ccc(Br)cc1,QJPJQTDYNZXKQF-UHFFFAOYSA-N,QJPJQTDYNZXKQF,QJPJQTDYNZXKQF,QJPJQTDYNZXKQF,QJPJQTDYNZXKQF,-1.9585971639928252,298.15,mol m^-3 Pa^-1,1 M ideal gas to 1 M ideal-dilute aqueous,negative is favorable hydration,9,187.036,1,1,SANDER-41492,1524,10.1007/S002160101077,True,False,True,False,False,False,False,False,False,True,True,False,False,False,False,False,False,False,False,False,True,True,False,
QKMNFFSBZRGHDJ,"1,4-dichloro-2-methoxybenzene",COc1cc(Cl)ccc1Cl,COc1cc(Cl)ccc1Cl,QKMNFFSBZRGHDJ-UHFFFAOYSA-N,QKMNFFSBZRGHDJ,QKMNFFSBZRGHDJ,QKMNFFSBZRGHDJ,QKMNFFSBZRGHDJ,-2.3417140272869985,298.15,mol m^-3 Pa^-1,1 M ideal gas to 1 M ideal-dilute aqueous,negative is favorable hydration,10,177.02999999999997,1,1,SANDER-38160,1524,10.1007/S002160101077,True,False,True,False,False,False,False,False,False,True,True,False,False,False,False,True,True,False,False,False,True,True,False,
QNPFFCQTVXPCLD,PFBHA-crotonaldehyde,CC=CC=NOCc1c(F)c(F)c(F)c(F)c1F,CC=CC=NOCc1c(F)c(F)c(F)c(F)c1F,QNPFFCQTVXPCLD-UHFFFAOYSA-N,QNPFFCQTVXPCLD,QNPFFCQTVXPCLD,QNPFFCQTVXPCLD,QNPFFCQTVXPCLD,-1.6736281013538763,298.15,mol m^-3 Pa^-1,1 M ideal gas to 1 M ideal-dilute aqueous,negative is favorable hydration,18,265.1809999999999,1,1,SANDER-32471,2497,10.1021/JE025545I,True,False,True,False,False,False,False,False,False,False,False,False,False,False,False,False,False,False,False,False,False,True,True,
QTGGFXPTAQEODO,MCM:ISOPBOOH,C=CC(C)(CO)OO,C=CC(C)(CO)OO,QTGGFXPTAQEODO-UHFFFAOYSA-N,QTGGFXPTAQEODO,QTGGFXPTAQEODO,QTGGFXPTAQEODO,QTGGFXPTAQEODO,-8.831385160484244,298.15,mol m^-3 Pa^-1,1 M ideal gas to 1 M ideal-dilute aqueous,negative is favorable hydration,8,118.132,1,1,SANDER-13510,3578,,True,False,True,False,False,False,False,False,False,False,False,False,False,False,False,False,False,False,False,False,False,True,True,
QUGUFLJIAFISSW,"1,4-difluorobenzene",Fc1ccc(F)cc1,Fc1ccc(F)cc1,QUGUFLJIAFISSW-UHFFFAOYSA-N,QUGUFLJIAFISSW,QUGUFLJIAFISSW,QUGUFLJIAFISSW,QUGUFLJIAFISSW,-0.8163503805089578,298.15,mol m^-3 Pa^-1,1 M ideal gas to 1 M ideal-dilute aqueous,negative is favorable hydration,8,114.094,1,1,SANDER-31881,2891,10.1021/JE3010535,True,False,True,False,False,False,False,True,True,True,True,False,False,False,False,True,True,False,False,False,True,True,False,
QUKRIOLKOHUUBM,"3,3,4,4,5,5,6,6,7,7,8,8,9,9,10,10,10-heptadecafluorodecyl acrylate",C=CC(=O)OCCC(F)(F)C(F)(F)C(F)(F)C(F)(F)C(F)(F)C(F)(F)C(F)(F)C(F)(F)F,C=CC(=O)OCCC(F)(F)C(F)(F)C(F)(F)C(F)(F)C(F)(F)C(F)(F)C(F)(F)C(F)(F)F,QUKRIOLKOHUUBM-UHFFFAOYSA-N,QUKRIOLKOHUUBM,QUKRIOLKOHUUBM,QUKRIOLKOHUUBM,QUKRIOLKOHUUBM,-0.6933271819097218,298.15,mol m^-3 Pa^-1,1 M ideal gas to 1 M ideal-dilute aqueous,negative is favorable hydration,32,518.1629999999999,1,1,SANDER-32253,3939,10.1016/J.HAZL.2022.100070,True,False,True,False,False,False,False,False,False,False,False,False,False,False,False,False,False,False,False,False,False,True,True,
QYEGXUUXWMKHHS,"1,2,3,4,5,6,8-heptachloronaphthalene",Clc1cc(Cl)c2c(Cl)c(Cl)c(Cl)c(Cl)c2c1Cl,Clc1cc(Cl)c2c(Cl)c(Cl)c(Cl)c(Cl)c2c1Cl,QYEGXUUXWMKHHS-UHFFFAOYSA-N,QYEGXUUXWMKHHS,QYEGXUUXWMKHHS,QYEGXUUXWMKHHS,QYEGXUUXWMKHHS,-5.149323393799825,298.15,mol m^-3 Pa^-1,1 M ideal gas to 1 M ideal-dilute aqueous,negative is favorable hydration,17,369.2889999999999,1,1,SANDER-35259,3732,10.1016/J.ATMOSENV.2016.10.009,True,False,True,False,False,False,False,False,False,True,True,False,False,False,False,False,False,False,False,False,True,True,False,
RFFOTVCVTJUTAD,1-methyl-4-(1-methylethyl)-7-oxabicyclo[2.2.1]heptane,CC(C)C12CCC(C)(CC1)O2,CC(C)C12CCC(C)(CC1)O2,RFFOTVCVTJUTAD-UHFFFAOYSA-N,RFFOTVCVTJUTAD,RFFOTVCVTJUTAD,RFFOTVCVTJUTAD,RFFOTVCVTJUTAD,-2.7084854415504074,298.15,mol m^-3 Pa^-1,1 M ideal gas to 1 M ideal-dilute aqueous,negative is favorable hydration,11,154.253,1,1,SANDER-24127,2955,10.1021/JE700418A,True,False,True,False,False,False,False,True,True,False,False,False,False,False,False,False,False,False,False,False,True,True,False,
RFUGYJHXLQAXOX,"2,6-dibromo-3,4,5-trichloro-1-methoxybenzene",COc1c(Br)c(Cl)c(Cl)c(Cl)c1Br,COc1c(Br)c(Cl)c(Cl)c(Cl)c1Br,RFUGYJHXLQAXOX-UHFFFAOYSA-N,RFUGYJHXLQAXOX,RFUGYJHXLQAXOX,RFUGYJHXLQAXOX,RFUGYJHXLQAXOX,-1.8127670246641712,298.15,mol m^-3 Pa^-1,1 M ideal gas to 1 M ideal-dilute aqueous,negative is favorable hydration,13,369.267,1,1,SANDER-42168,1524,10.1007/S002160101077,True,False,True,False,False,False,False,False,False,False,False,False,False,False,False,False,False,False,False,False,False,True,True,
RGXWDWUGBIJHDO,ethyl decanoate,CCCCCCCCCC(=O)OCC,CCCCCCCCCC(=O)OCC,RGXWDWUGBIJHDO-UHFFFAOYSA-N,RGXWDWUGBIJHDO,RGXWDWUGBIJHDO,RGXWDWUGBIJHDO,RGXWDWUGBIJHDO,-2.1014820530988474,298.15,mol m^-3 Pa^-1,1 M ideal gas to 1 M ideal-dilute aqueous,negative is favorable hydration,14,200.322,1,1,SANDER-21211,2371,10.1016/J.IJMS.2006.10.016,True,False,True,False,False,False,False,False,False,True,True,False,False,False,False,False,False,False,False,False,True,True,False,
RHLVCLIPMVJYKS,3-octanone,CCCCCC(=O)CC,CCCCCC(=O)CC,RHLVCLIPMVJYKS-UHFFFAOYSA-N,RHLVCLIPMVJYKS,RHLVCLIPMVJYKS,RHLVCLIPMVJYKS,RHLVCLIPMVJYKS,-2.532952404370913,298.15,mol m^-3 Pa^-1,1 M ideal gas to 1 M ideal-dilute aqueous,negative is favorable hydration,9,128.21499999999995,1,1,SANDER-15867,3719,10.1021/ACS.EST.1C07882,True,False,True,False,False,False,False,False,False,True,True,False,False,False,False,False,False,False,False,False,True,True,False,
RLSQIXNUITTXKZ,PFBHA-octanal,CCCCCCCC=NOCc1c(F)c(F)c(F)c(F)c1F,CCCCCCCC=NOCc1c(F)c(F)c(F)c(F)c1F,RLSQIXNUITTXKZ-UHFFFAOYSA-N,RLSQIXNUITTXKZ,RLSQIXNUITTXKZ,RLSQIXNUITTXKZ,RLSQIXNUITTXKZ,-1.7624653819816083,298.15,mol m^-3 Pa^-1,1 M ideal gas to 1 M ideal-dilute aqueous,negative is favorable hydration,22,323.30499999999995,1,1,SANDER-32467,2497,10.1021/JE025545I,True,False,True,False,False,False,False,False,False,False,False,False,False,False,False,False,False,False,False,False,False,True,True,
RTNLUFLDZOAXIC,octachloronaphthalene,Clc1c(Cl)c(Cl)c2c(Cl)c(Cl)c(Cl)c(Cl)c2c1Cl,Clc1c(Cl)c(Cl)c2c(Cl)c(Cl)c(Cl)c(Cl)c2c1Cl,RTNLUFLDZOAXIC-UHFFFAOYSA-N,RTNLUFLDZOAXIC,RTNLUFLDZOAXIC,RTNLUFLDZOAXIC,RTNLUFLDZOAXIC,-4.738644121381529,298.15,mol m^-3 Pa^-1,1 M ideal gas to 1 M ideal-dilute aqueous,negative is favorable hydration,18,403.7339999999999,1,1,SANDER-35260,3732,10.1016/J.ATMOSENV.2016.10.009,True,False,True,False,False,False,False,False,False,True,True,False,False,False,False,False,False,False,False,False,True,True,False,
RUPAXCPQAAOIPB,"(1,1-dimethylethyl)-methanoate",CC(C)(C)OC=O,CC(C)(C)OC=O,RUPAXCPQAAOIPB-UHFFFAOYSA-N,RUPAXCPQAAOIPB,RUPAXCPQAAOIPB,RUPAXCPQAAOIPB,RUPAXCPQAAOIPB,-2.1014820530988474,298.15,mol m^-3 Pa^-1,1 M ideal gas to 1 M ideal-dilute aqueous,negative is favorable hydration,7,102.13299999999998,1,1,SANDER-20216,2646,10.1021/ES049286O,True,False,True,False,False,False,False,True,True,True,True,False,False,False,False,True,True,False,False,False,True,True,False,
RWRBSYOTDDOXKC,2-pentyl nitrate,CCCC(C)O[N+](=O)[O-],CCCC(C)O[N+](=O)[O-],RWRBSYOTDDOXKC-UHFFFAOYSA-N,RWRBSYOTDDOXKC,RWRBSYOTDDOXKC,RWRBSYOTDDOXKC,RWRBSYOTDDOXKC,-1.3049310688072877,298.15,mol m^-3 Pa^-1,1 M ideal gas to 1 M ideal-dilute aqueous,negative is favorable hydration,9,133.147,2,2,SANDER-27490;SANDER-27491,1024;541,10.1016/S0045-6535(98)00159-3;10.1007/BF00053611,True,False,True,False,False,False,False,False,False,False,False,False,False,False,False,False,False,False,False,False,False,True,True,
RZXIRSKYBISPGF,"2,2',4,4',5,5'-hexabromodiphenyl ether",Brc1cc(Br)c(Oc2cc(Br)c(Br)cc2Br)cc1Br,Brc1cc(Br)c(Oc2cc(Br)c(Br)cc2Br)cc1Br,RZXIRSKYBISPGF-UHFFFAOYSA-N,RZXIRSKYBISPGF,RZXIRSKYBISPGF,RZXIRSKYBISPGF,RZXIRSKYBISPGF,-5.3893266975985,298.15,mol m^-3 Pa^-1,1 M ideal gas to 1 M ideal-dilute aqueous,negative is favorable hydration,19,643.5870000000001,2,2,SANDER-41803;SANDER-41804,3683;2468,10.1016/J.ECOENV.2017.07.024;10.1016/J.ATMOSENV.2005.05.029,True,False,True,False,False,False,False,False,False,False,False,False,False,False,False,False,False,False,False,False,False,True,True,
SFNAUTSNWPPDSY,"2,3,4,4',5-pentabromodiphenyl ether",Brc1ccc(Oc2cc(Br)c(Br)c(Br)c2Br)cc1,Brc1ccc(Oc2cc(Br)c(Br)c(Br)c2Br)cc1,SFNAUTSNWPPDSY-UHFFFAOYSA-N,SFNAUTSNWPPDSY,SFNAUTSNWPPDSY,SFNAUTSNWPPDSY,SFNAUTSNWPPDSY,-4.41157948966362,298.15,mol m^-3 Pa^-1,1 M ideal gas to 1 M ideal-dilute aqueous,negative is favorable hydration,18,564.6909999999999,2,1,SANDER-41762;SANDER-41763;SANDER-41764,2564,10.1021/JE050308B,True,False,True,False,False,False,False,False,False,False,False,False,False,False,False,False,False,False,False,False,False,True,True,
SJIIFORJBWPNPM,"5-bromo-2,4-dichloro-1-methoxybenzene",COc1cc(Br)c(Cl)cc1Cl,COc1cc(Br)c(Cl)cc1Cl,SJIIFORJBWPNPM-UHFFFAOYSA-N,SJIIFORJBWPNPM,SJIIFORJBWPNPM,SJIIFORJBWPNPM,SJIIFORJBWPNPM,-1.9585971639928252,298.15,mol m^-3 Pa^-1,1 M ideal gas to 1 M ideal-dilute aqueous,negative is favorable hydration,11,255.926,1,1,SANDER-42151,1524,10.1007/S002160101077,True,False,True,False,False,False,False,False,False,False,False,False,False,False,False,False,False,False,False,False,False,True,True,
SNGREZUHAYWORS,pentadecafluorooctanoic acid,O=C(O)C(F)(F)C(F)(F)C(F)(F)C(F)(F)C(F)(F)C(F)(F)C(F)(F)F,O=C(O)C(F)(F)C(F)(F)C(F)(F)C(F)(F)C(F)(F)C(F)(F)C(F)(F)F,SNGREZUHAYWORS-UHFFFAOYSA-N,SNGREZUHAYWORS,SNGREZUHAYWORS,SNGREZUHAYWORS,SNGREZUHAYWORS,-3.4657290661330853,298.15,mol m^-3 Pa^-1,1 M ideal gas to 1 M ideal-dilute aqueous,negative is favorable hydration,25,414.0639999999999,2,2,SANDER-32099;SANDER-32100;SANDER-32101,2816;2566,10.1016/J.ATMOSENV.2008.09.008;10.1021/JE600556D,True,False,True,False,False,False,False,False,False,False,False,False,False,False,False,False,False,False,False,False,False,True,True,
SRMWNTGHXHOWBT,N-methylperfluorooctanesulphonamide,CNS(=O)(=O)C(F)(F)C(F)(F)C(F)(F)C(F)(F)C(F)(F)C(F)(F)C(F)(F)C(F)(F)F,CNS(=O)(=O)C(F)(F)C(F)(F)C(F)(F)C(F)(F)C(F)(F)C(F)(F)C(F)(F)C(F)(F)F,SRMWNTGHXHOWBT-UHFFFAOYSA-N,SRMWNTGHXHOWBT,SRMWNTGHXHOWBT,SRMWNTGHXHOWBT,SRMWNTGHXHOWBT,-0.0514616827609407,298.15,mol m^-3 Pa^-1,1 M ideal gas to 1 M ideal-dilute aqueous,negative is favorable hydration,30,513.1689999999999,1,1,SANDER-44020,3939,10.1016/J.HAZL.2022.100070,True,False,True,False,False,False,False,False,False,False,False,False,False,False,False,False,False,False,False,False,False,True,True,
SRTQFRQWTUMMTC,PFBHA-methanal,C=NOCc1c(F)c(F)c(F)c(F)c1F,C=NOCc1c(F)c(F)c(F)c(F)c1F,SRTQFRQWTUMMTC-UHFFFAOYSA-N,SRTQFRQWTUMMTC,SRTQFRQWTUMMTC,SRTQFRQWTUMMTC,SRTQFRQWTUMMTC,-2.1805973935431964,298.15,mol m^-3 Pa^-1,1 M ideal gas to 1 M ideal-dilute aqueous,negative is favorable hydration,15,225.11599999999996,1,1,SANDER-32461,2497,10.1021/JE025545I,True,False,True,False,False,False,False,False,False,False,False,False,False,False,False,False,False,False,False,False,False,True,True,
SSNXYMVLSOMJLU,"1,3-dichloro-5-methoxybenzene",COc1cc(Cl)cc(Cl)c1,COc1cc(Cl)cc(Cl)c1,SSNXYMVLSOMJLU-UHFFFAOYSA-N,SSNXYMVLSOMJLU,SSNXYMVLSOMJLU,SSNXYMVLSOMJLU,SSNXYMVLSOMJLU,-1.0313664236883515,298.15,mol m^-3 Pa^-1,1 M ideal gas to 1 M ideal-dilute aqueous,negative is favorable hydration,10,177.03,1,1,SANDER-38167,1524,10.1007/S002160101077,True,False,True,False,False,False,False,False,False,True,True,False,False,False,False,True,True,False,False,False,True,True,False,
STNJBCKSHOAVAJ,2-methylpropenal,C=C(C)C=O,C=C(C)C=O,STNJBCKSHOAVAJ-UHFFFAOYSA-N,STNJBCKSHOAVAJ,STNJBCKSHOAVAJ,STNJBCKSHOAVAJ,STNJBCKSHOAVAJ,-2.8315086401496434,298.15,mol m^-3 Pa^-1,1 M ideal gas to 1 M ideal-dilute aqueous,negative is favorable hydration,5,70.09100000000001,3,3,SANDER-14785;SANDER-14786;SANDER-14787,2524;1004;985,10.1897/06-339R.1;10.1023/A:1006169029230;10.1002/ETC.5620170704,True,False,True,False,False,False,False,False,False,True,True,False,False,False,False,True,True,False,False,False,True,True,False,
SVEZPKVUIXAEOX,"4-bromo-3,5-dichloro-1-methoxybenzene",COc1cc(Cl)c(Br)c(Cl)c1,COc1cc(Cl)c(Br)c(Cl)c1,SVEZPKVUIXAEOX-UHFFFAOYSA-N,SVEZPKVUIXAEOX,SVEZPKVUIXAEOX,SVEZPKVUIXAEOX,SVEZPKVUIXAEOX,-1.9585971639928252,298.15,mol m^-3 Pa^-1,1 M ideal gas to 1 M ideal-dilute aqueous,negative is favorable hydration,11,255.926,1,1,SANDER-42148,1524,10.1007/S002160101077,True,False,True,False,False,False,False,False,False,False,False,False,False,False,False,False,False,False,False,False,False,True,True,
SXKBHOQOOGRFJF,"1,2,4-trichloro-5-methoxybenzene",COc1cc(Cl)c(Cl)cc1Cl,COc1cc(Cl)c(Cl)cc1Cl,SXKBHOQOOGRFJF-UHFFFAOYSA-N,SXKBHOQOOGRFJF,SXKBHOQOOGRFJF,SXKBHOQOOGRFJF,SXKBHOQOOGRFJF,-1.9585971639928252,298.15,mol m^-3 Pa^-1,1 M ideal gas to 1 M ideal-dilute aqueous,negative is favorable hydration,11,211.475,1,1,SANDER-38175,1524,10.1007/S002160101077,True,False,True,False,False,False,False,False,False,True,True,False,False,False,False,False,False,True,True,False,True,True,False,
TXGIGTRUEITPSC,"1H,1H,2H,2H-perfluorohexane sulfonic acid",O=S(=O)(O)CCC(F)(F)C(F)(F)C(F)(F)C(F)(F)F,O=S(=O)(O)CCC(F)(F)C(F)(F)C(F)(F)C(F)(F)F,TXGIGTRUEITPSC-UHFFFAOYSA-N,TXGIGTRUEITPSC,TXGIGTRUEITPSC,TXGIGTRUEITPSC,TXGIGTRUEITPSC,-1.4290235246646108,298.15,mol m^-3 Pa^-1,1 M ideal gas to 1 M ideal-dilute aqueous,negative is favorable hydration,19,328.1519999999999,1,1,SANDER-43971,3939,10.1016/J.HAZL.2022.100070,True,False,True,False,False,False,False,False,False,False,False,False,False,False,False,False,False,False,False,False,False,True,True,
TXINBPKSWKFMNB,peroxypropionyl nitrate,CCC(=O)OO[N+](=O)[O-],CCC(=O)OO[N+](=O)[O-],TXINBPKSWKFMNB-UHFFFAOYSA-N,TXINBPKSWKFMNB,TXINBPKSWKFMNB,TXINBPKSWKFMNB,TXINBPKSWKFMNB,-2.1805973935431964,298.15,mol m^-3 Pa^-1,1 M ideal gas to 1 M ideal-dilute aqueous,negative is favorable hydration,9,135.075,1,1,SANDER-27801;SANDER-27802,3769,10.5194/ACP-23-311-2023,True,False,True,False,False,False,False,False,False,False,False,False,False,False,False,True,True,False,False,False,True,True,False,
UABDVZDYKDIZFO,PFBHA-9-fluorenone,Fc1c(F)c(F)c(CON=C2c3ccccc3-c3ccccc32)c(F)c1F,Fc1c(F)c(F)c(CON=C2c3ccccc3-c3ccccc32)c(F)c1F,UABDVZDYKDIZFO-UHFFFAOYSA-N,UABDVZDYKDIZFO,UABDVZDYKDIZFO,UABDVZDYKDIZFO,UABDVZDYKDIZFO,-1.9585971639928252,298.15,mol m^-3 Pa^-1,1 M ideal gas to 1 M ideal-dilute aqueous,negative is favorable hydration,27,375.296,1,1,SANDER-32474,2497,10.1021/JE025545I,True,False,True,False,False,False,False,False,False,False,False,False,False,False,False,False,False,False,False,False,False,True,True,
UBJVUCKUDDKUJF,"3,3'-thiobis-1-propene",C=CCSCC=C,C=CCSCC=C,UBJVUCKUDDKUJF-UHFFFAOYSA-N,UBJVUCKUDDKUJF,UBJVUCKUDDKUJF,UBJVUCKUDDKUJF,UBJVUCKUDDKUJF,-1.53653790673299,298.15,mol m^-3 Pa^-1,1 M ideal gas to 1 M ideal-dilute aqueous,negative is favorable hydration,7,114.21299999999998,2,2,SANDER-43245;SANDER-43246,796;3669,10.1016/S0168-1176(97)00281-4;10.1111/J.1365-2621.1980.TB00916.X,True,False,True,False,False,False,False,False,False,True,True,False,False,False,False,True,True,False,False,False,True,True,False,
UCASBURGYXMQLW,PFBHA-4-methyl-benzaldehyde,Cc1ccc(C=NOCc2c(F)c(F)c(F)c(F)c2F)cc1,Cc1ccc(C=NOCc2c(F)c(F)c(F)c(F)c2F)cc1,UCASBURGYXMQLW-UHFFFAOYSA-N,UCASBURGYXMQLW,UCASBURGYXMQLW,UCASBURGYXMQLW,UCASBURGYXMQLW,-1.6559406699833308,298.15,mol m^-3 Pa^-1,1 M ideal gas to 1 M ideal-dilute aqueous,negative is favorable hydration,22,315.241,1,1,SANDER-32473,2497,10.1021/JE025545I,True,False,True,False,False,False,False,False,False,False,False,False,False,False,False,False,False,False,False,False,False,True,True,
UHEPJGULSIKKTP,6-methyl-5-hepten-2-one,CC(=O)CCC=C(C)C,CC(=O)CCC=C(C)C,UHEPJGULSIKKTP-UHFFFAOYSA-N,UHEPJGULSIKKTP,UHEPJGULSIKKTP,UHEPJGULSIKKTP,UHEPJGULSIKKTP,-3.37439710834729,298.15,mol m^-3 Pa^-1,1 M ideal gas to 1 M ideal-dilute aqueous,negative is favorable hydration,9,126.199,1,1,SANDER-16067,3776,10.1039/D2EM00365A,True,False,True,False,False,False,False,False,False,True,True,False,False,False,False,False,False,False,False,False,True,True,False,
UHXUZOCRWCRNSJ,methomyl,CNC(=O)ON=C(C)SC,CNC(=O)ON=C(C)SC,UHXUZOCRWCRNSJ-UHFFFAOYSA-N,UHXUZOCRWCRNSJ,UHXUZOCRWCRNSJ,UHXUZOCRWCRNSJ,UHXUZOCRWCRNSJ,-7.7697946414595,298.15,mol m^-3 Pa^-1,1 M ideal gas to 1 M ideal-dilute aqueous,negative is favorable hydration,10,162.214,1,1,SANDER-43676,3404,10.1016/J.WATRES.2017.04.074,True,False,True,False,False,False,False,False,False,False,False,False,False,False,False,False,False,False,False,False,False,True,True,
UIHCLUNTQKBZGK,3-methyl-2-pentanone,CCC(C)C(C)=O,CCC(C)C(C)=O,UIHCLUNTQKBZGK-UHFFFAOYSA-N,UIHCLUNTQKBZGK,UIHCLUNTQKBZGK,UIHCLUNTQKBZGK,UIHCLUNTQKBZGK,-3.126712395015846,298.15,mol m^-3 Pa^-1,1 M ideal gas to 1 M ideal-dilute aqueous,negative is favorable hydration,7,100.161,1,1,SANDER-15579,3632,10.1021/ACS.JCED.9B00726,True,False,True,False,False,False,False,False,False,True,True,False,False,False,False,True,True,False,False,False,True,True,False,
UJIGKESMIPTWJH,"1,3-dichloro-1,1,2,2,3-pentafluoro-propane",FC(Cl)C(F)(F)C(F)(F)Cl,FC(Cl)C(F)(F)C(F)(F)Cl,UJIGKESMIPTWJH-UHFFFAOYSA-N,UJIGKESMIPTWJH,UJIGKESMIPTWJH,UJIGKESMIPTWJH,UJIGKESMIPTWJH,0.7698968620756514,298.15,mol m^-3 Pa^-1,1 M ideal gas to 1 M ideal-dilute aqueous,negative is favorable hydration,10,202.937,1,1,SANDER-40484,2939,10.1002/KIN.20780,True,False,True,False,False,False,False,False,False,True,True,False,False,False,False,False,False,False,False,False,True,True,False,
UKSAZCDAGVHMRF,PFBHA-benzaldehyde,Fc1c(F)c(F)c(CON=Cc2ccccc2)c(F)c1F,Fc1c(F)c(F)c(CON=Cc2ccccc2)c(F)c1F,UKSAZCDAGVHMRF-UHFFFAOYSA-N,UKSAZCDAGVHMRF,UKSAZCDAGVHMRF,UKSAZCDAGVHMRF,UKSAZCDAGVHMRF,-1.491448044485954,298.15,mol m^-3 Pa^-1,1 M ideal gas to 1 M ideal-dilute aqueous,negative is favorable hydration,21,301.2139999999999,1,1,SANDER-32472,2497,10.1021/JE025545I,True,False,True,False,False,False,False,False,False,False,False,False,False,False,False,False,False,False,False,False,False,True,True,
UPNBETHEXPIWQX,"2,4,4'-tribromodiphenyl ether",Brc1ccc(Oc2ccc(Br)cc2Br)cc1,Brc1ccc(Oc2ccc(Br)cc2Br)cc1,UPNBETHEXPIWQX-UHFFFAOYSA-N,UPNBETHEXPIWQX,UPNBETHEXPIWQX,UPNBETHEXPIWQX,UPNBETHEXPIWQX,-3.5448444065774347,298.15,mol m^-3 Pa^-1,1 M ideal gas to 1 M ideal-dilute aqueous,negative is favorable hydration,16,406.899,4,3,SANDER-41635;SANDER-41636;SANDER-41637;SANDER-41638;SANDER-41639,3683;2564;2468,10.1016/J.ECOENV.2017.07.024;10.1021/JE050308B;10.1016/J.ATMOSENV.2005.05.029,True,False,True,False,False,False,False,False,False,False,False,False,False,False,False,False,False,False,False,False,False,True,True,
UXFSPRAGHGMRSQ,2-isobutyl-3-methoxypyrazine,COc1nccnc1CC(C)C,COc1nccnc1CC(C)C,UXFSPRAGHGMRSQ-UHFFFAOYSA-N,UXFSPRAGHGMRSQ,UXFSPRAGHGMRSQ,UXFSPRAGHGMRSQ,UXFSPRAGHGMRSQ,-3.628908592471273,298.15,mol m^-3 Pa^-1,1 M ideal gas to 1 M ideal-dilute aqueous,negative is favorable hydration,12,166.224,2,2,SANDER-27066;SANDER-27067,1922;755,10.1016/S1387-3806(02)00927-2;10.1021/JF60178A004,True,False,True,False,False,False,False,False,False,True,True,False,False,False,False,False,False,False,False,False,True,True,False,
UZYYBZNZSSNYSA,"2,3,6-trichloromethylbenzene",Cc1c(Cl)ccc(Cl)c1Cl,Cc1c(Cl)ccc(Cl)c1Cl,UZYYBZNZSSNYSA-UHFFFAOYSA-N,UZYYBZNZSSNYSA,UZYYBZNZSSNYSA,UZYYBZNZSSNYSA,UZYYBZNZSSNYSA,-1.6559406699833308,298.15,mol m^-3 Pa^-1,1 M ideal gas to 1 M ideal-dilute aqueous,negative is favorable hydration,10,195.476,1,1,SANDER-34986,1139,10.1016/0045-6535(85)90029-3,True,False,True,False,False,False,False,False,False,True,True,False,False,False,False,True,True,True,True,False,True,True,False,
VEFNQGLEDJPUJF,pentabromomethoxybenzene,COc1c(Br)c(Br)c(Br)c(Br)c1Br,COc1c(Br)c(Br)c(Br)c(Br)c1Br,VEFNQGLEDJPUJF-UHFFFAOYSA-N,VEFNQGLEDJPUJF,VEFNQGLEDJPUJF,VEFNQGLEDJPUJF,VEFNQGLEDJPUJF,-4.630621342972727,298.15,mol m^-3 Pa^-1,1 M ideal gas to 1 M ideal-dilute aqueous,negative is favorable hydration,13,502.62,1,1,SANDER-41500,1524,10.1007/S002160101077,True,False,True,False,False,False,False,False,False,False,False,False,False,False,False,False,False,False,False,False,False,True,True,
VGQXTTSVLMQFHM,peroxyacetyl nitrate,CC(=O)OO[N+](=O)[O-],CC(=O)OO[N+](=O)[O-],VGQXTTSVLMQFHM-UHFFFAOYSA-N,VGQXTTSVLMQFHM,VGQXTTSVLMQFHM,VGQXTTSVLMQFHM,VGQXTTSVLMQFHM,-2.5121613255171438,298.15,mol m^-3 Pa^-1,1 M ideal gas to 1 M ideal-dilute aqueous,negative is favorable hydration,8,121.048,3,3,SANDER-27782;SANDER-27783;SANDER-27784;SANDER-27785;SANDER-27786,3769;3531;502,10.5194/ACP-23-311-2023;10.1016/S1352-2310(00)00132-1;10.1007/BF00115778,True,False,True,False,False,False,False,False,False,False,False,False,False,False,False,True,True,False,False,False,True,True,False,
VHNPZYZQKWIWOD,"2,2',4,4',5,6'-hexabromodiphenyl ether",Brc1cc(Br)c(Oc2cc(Br)c(Br)cc2Br)c(Br)c1,Brc1cc(Br)c(Oc2cc(Br)c(Br)cc2Br)c(Br)c1,VHNPZYZQKWIWOD-UHFFFAOYSA-N,VHNPZYZQKWIWOD,VHNPZYZQKWIWOD,VHNPZYZQKWIWOD,VHNPZYZQKWIWOD,-5.800177489354709,298.15,mol m^-3 Pa^-1,1 M ideal gas to 1 M ideal-dilute aqueous,negative is favorable hydration,19,643.587,2,2,SANDER-41810;SANDER-41811,3683;2468,10.1016/J.ECOENV.2017.07.024;10.1016/J.ATMOSENV.2005.05.029,True,False,True,False,False,False,False,False,False,False,False,False,False,False,False,False,False,False,False,False,False,True,True,
VIONGDJUYAYOPU,"1H,1H,2H,2H-perfluorooctane sulfonic acid",O=S(=O)(O)CCC(F)(F)C(F)(F)C(F)(F)C(F)(F)C(F)(F)C(F)(F)F,O=S(=O)(O)CCC(F)(F)C(F)(F)C(F)(F)C(F)(F)C(F)(F)C(F)(F)F,VIONGDJUYAYOPU-UHFFFAOYSA-N,VIONGDJUYAYOPU,VIONGDJUYAYOPU,VIONGDJUYAYOPU,VIONGDJUYAYOPU,-0.9774670142527602,298.15,mol m^-3 Pa^-1,1 M ideal gas to 1 M ideal-dilute aqueous,negative is favorable hydration,25,428.1659999999998,1,1,SANDER-43973,3939,10.1016/J.HAZL.2022.100070,True,False,True,False,False,False,False,False,False,False,False,False,False,False,False,False,False,False,False,False,False,True,True,
VISJRVXHPNMYRH,"1,2-dichloro-4-methoxybenzene",COc1ccc(Cl)c(Cl)c1,COc1ccc(Cl)c(Cl)c1,VISJRVXHPNMYRH-UHFFFAOYSA-N,VISJRVXHPNMYRH,VISJRVXHPNMYRH,VISJRVXHPNMYRH,VISJRVXHPNMYRH,-1.852724968524944,298.15,mol m^-3 Pa^-1,1 M ideal gas to 1 M ideal-dilute aqueous,negative is favorable hydration,10,177.03,1,1,SANDER-38166,1524,10.1007/S002160101077,True,False,True,False,False,False,False,False,False,True,True,False,False,False,False,True,True,False,False,False,True,True,False,
VJZRCIYSYVGDMU,"1,4,6,7-tetrachloronaphthalene",Clc1cc2c(Cl)ccc(Cl)c2cc1Cl,Clc1cc2c(Cl)ccc(Cl)c2cc1Cl,VJZRCIYSYVGDMU-UHFFFAOYSA-N,VJZRCIYSYVGDMU,VJZRCIYSYVGDMU,VJZRCIYSYVGDMU,VJZRCIYSYVGDMU,-3.2169719815591824,298.15,mol m^-3 Pa^-1,1 M ideal gas to 1 M ideal-dilute aqueous,negative is favorable hydration,14,265.95399999999995,1,1,SANDER-35239,3732,10.1016/J.ATMOSENV.2016.10.009,True,False,True,False,False,False,False,False,False,True,True,False,False,False,False,False,False,False,False,False,True,True,False,
VNVBOBJSRGZDCW,PFBHA-ethanedial,Fc1c(F)c(F)c(CON=CC=NOCc2c(F)c(F)c(F)c(F)c2F)c(F)c1F,Fc1c(F)c(F)c(CON=CC=NOCc2c(F)c(F)c(F)c(F)c2F)c(F)c1F,VNVBOBJSRGZDCW-UHFFFAOYSA-N,VNVBOBJSRGZDCW,VNVBOBJSRGZDCW,VNVBOBJSRGZDCW,VNVBOBJSRGZDCW,-2.1805973935431964,298.15,mol m^-3 Pa^-1,1 M ideal gas to 1 M ideal-dilute aqueous,negative is favorable hydration,30,448.2160000000001,1,1,SANDER-32475,2497,10.1021/JE025545I,True,False,True,False,False,False,False,False,False,False,False,False,False,False,False,False,False,False,False,False,False,True,True,
VNWPJWLGZUDTBZ,PFBHA-3-hydroxy-3-methyl-2-butanone,CC(=NOCc1c(F)c(F)c(F)c(F)c1F)C(C)(C)O,CC(=NOCc1c(F)c(F)c(F)c(F)c1F)C(C)(C)O,VNWPJWLGZUDTBZ-UHFFFAOYSA-N,VNWPJWLGZUDTBZ,VNWPJWLGZUDTBZ,VNWPJWLGZUDTBZ,VNWPJWLGZUDTBZ,-2.010150095313052,298.15,mol m^-3 Pa^-1,1 M ideal gas to 1 M ideal-dilute aqueous,negative is favorable hydration,20,297.223,1,1,SANDER-32477,2497,10.1021/JE025545I,True,False,True,False,False,False,False,False,False,False,False,False,False,False,False,False,False,False,False,False,False,True,True,
VOGSDFLJZPNWHY,"2,2-difluoroethanol",OCC(F)F,OCC(F)F,VOGSDFLJZPNWHY-UHFFFAOYSA-N,VOGSDFLJZPNWHY,VOGSDFLJZPNWHY,VOGSDFLJZPNWHY,VOGSDFLJZPNWHY,-4.581218994593421,298.15,mol m^-3 Pa^-1,1 M ideal gas to 1 M ideal-dilute aqueous,negative is favorable hydration,5,82.04899999999999,1,1,SANDER-31936,3526,10.1021/JE900711H,True,False,True,False,False,False,False,False,False,False,False,False,False,False,False,True,True,False,False,False,True,True,False,
VQSNXLCFFHGXTI,"1,4,5-trichloronaphthalene",Clc1ccc(Cl)c2c(Cl)cccc12,Clc1ccc(Cl)c2c(Cl)cccc12,VQSNXLCFFHGXTI-UHFFFAOYSA-N,VQSNXLCFFHGXTI,VQSNXLCFFHGXTI,VQSNXLCFFHGXTI,VQSNXLCFFHGXTI,-3.73352344944536,298.15,mol m^-3 Pa^-1,1 M ideal gas to 1 M ideal-dilute aqueous,negative is favorable hydration,13,231.509,1,1,SANDER-35220,3732,10.1016/J.ATMOSENV.2016.10.009,True,False,True,False,False,False,False,False,False,True,True,False,False,False,False,False,False,False,False,False,True,True,False,
VVAAXDBMZVCVPA,"1,2,10,11-tetrachloroundecane",ClCC(Cl)CCCCCCCC(Cl)CCl,ClCC(Cl)CCCCCCCC(Cl)CCl,VVAAXDBMZVCVPA-UHFFFAOYSA-N,VVAAXDBMZVCVPA,VVAAXDBMZVCVPA,VVAAXDBMZVCVPA,VVAAXDBMZVCVPA,-3.5448444065774347,298.15,mol m^-3 Pa^-1,1 M ideal gas to 1 M ideal-dilute aqueous,negative is favorable hydration,15,294.093,1,1,SANDER-33683,982,10.1002/ETC.5620170709,True,False,True,False,False,False,False,False,False,False,False,False,False,False,False,False,False,False,False,False,False,True,True,
VVJKKWFAADXIJK,2-propen-1-amine,C=CCN,C=CCN,VVJKKWFAADXIJK-UHFFFAOYSA-N,VVJKKWFAADXIJK,VVJKKWFAADXIJK,VVJKKWFAADXIJK,VVJKKWFAADXIJK,-4.630621342972727,298.15,mol m^-3 Pa^-1,1 M ideal gas to 1 M ideal-dilute aqueous,negative is favorable hydration,4,57.09599999999999,1,1,SANDER-25333,3685,10.1021/ACS.JPCA.5B05174,True,False,True,False,False,False,False,True,True,True,True,False,False,False,False,True,True,False,False,False,True,True,False,
VXBHNYIEBLRXAW,"1,2,9,10-tetrachlorodecane",ClCC(Cl)CCCCCCC(Cl)CCl,ClCC(Cl)CCCCCCC(Cl)CCl,VXBHNYIEBLRXAW-UHFFFAOYSA-N,VXBHNYIEBLRXAW,VXBHNYIEBLRXAW,VXBHNYIEBLRXAW,VXBHNYIEBLRXAW,-2.9228405979354397,298.15,mol m^-3 Pa^-1,1 M ideal gas to 1 M ideal-dilute aqueous,negative is favorable hydration,14,280.066,1,1,SANDER-33674,982,10.1002/ETC.5620170709,True,False,True,False,False,False,False,False,False,False,False,False,False,False,False,False,False,False,False,False,False,True,True,
VZRSUQWPXPUWCS,"4-bromo-2,3,6-trichloro-1-methoxybenzene",COc1c(Cl)cc(Br)c(Cl)c1Cl,COc1c(Cl)cc(Br)c(Cl)c1Cl,VZRSUQWPXPUWCS-UHFFFAOYSA-N,VZRSUQWPXPUWCS,VZRSUQWPXPUWCS,VZRSUQWPXPUWCS,VZRSUQWPXPUWCS,-1.9021273169042503,298.15,mol m^-3 Pa^-1,1 M ideal gas to 1 M ideal-dilute aqueous,negative is favorable hydration,12,290.371,1,1,SANDER-42157,1524,10.1007/S002160101077,True,False,True,False,False,False,False,False,False,False,False,False,False,False,False,False,False,False,False,False,False,True,True,
WCJYTPVNMWIZCG,xylylcarb,CNC(=O)Oc1ccc(C)c(C)c1,CNC(=O)Oc1ccc(C)c(C)c1,WCJYTPVNMWIZCG-UHFFFAOYSA-N,WCJYTPVNMWIZCG,WCJYTPVNMWIZCG,WCJYTPVNMWIZCG,WCJYTPVNMWIZCG,-7.303237710857214,298.15,mol m^-3 Pa^-1,1 M ideal gas to 1 M ideal-dilute aqueous,negative is favorable hydration,13,179.219,1,1,SANDER-26790,2538,10.1584/JPESTICS.18.3_201,True,False,True,False,False,False,False,False,False,False,False,False,False,False,False,True,True,False,False,False,True,True,False,
WCVOGSZTONGSQY,"1,3,5-trichloro-2-methoxybenzene",COc1c(Cl)cc(Cl)cc1Cl,COc1c(Cl)cc(Cl)cc1Cl,WCVOGSZTONGSQY-UHFFFAOYSA-N,WCVOGSZTONGSQY,WCVOGSZTONGSQY,WCVOGSZTONGSQY,WCVOGSZTONGSQY,-1.442045696106648,298.15,mol m^-3 Pa^-1,1 M ideal gas to 1 M ideal-dilute aqueous,negative is favorable hydration,11,211.475,3,3,SANDER-38176;SANDER-38177;SANDER-38178,3719;3118;1524,10.1021/ACS.EST.1C07882;10.1016/J.CHROMA.2004.12.027;10.1007/S002160101077,True,False,True,False,False,False,False,False,False,True,True,False,False,False,False,False,False,False,False,False,True,True,False,
WDRCOFFEZVLCLX,"2,3-dibromo-5,6-dichloro-1-methoxybenzene",COc1c(Cl)c(Cl)cc(Br)c1Br,COc1c(Cl)c(Cl)cc(Br)c1Br,WDRCOFFEZVLCLX-UHFFFAOYSA-N,WDRCOFFEZVLCLX,WDRCOFFEZVLCLX,WDRCOFFEZVLCLX,WDRCOFFEZVLCLX,-1.846249658720261,298.15,mol m^-3 Pa^-1,1 M ideal gas to 1 M ideal-dilute aqueous,negative is favorable hydration,12,334.8219999999999,1,1,SANDER-42167,1524,10.1007/S002160101077,True,False,True,False,False,False,False,False,False,False,False,False,False,False,False,False,False,False,False,False,False,True,True,
WDWNMIBWWPZNJK,"1H,2H-perfluoro-1-iodooct-1-ene",FC(F)(F)C(F)(F)C(F)(F)C(F)(F)C(F)(F)C(F)(F)/C=C/I,FC(F)(F)C(F)(F)C(F)(F)C(F)(F)C(F)(F)C(F)(F)/C=C/I,WDWNMIBWWPZNJK-OWOJBTEDSA-N,WDWNMIBWWPZNJK,WDWNMIBWWPZNJK,WDWNMIBWWPZNJK,WDWNMIBWWPZNJK,-0.434578546055114,298.15,mol m^-3 Pa^-1,1 M ideal gas to 1 M ideal-dilute aqueous,negative is favorable hydration,22,471.9819999999999,1,1,SANDER-42507,3939,10.1016/J.HAZL.2022.100070,True,False,True,False,False,False,False,False,False,False,False,False,False,False,False,False,False,True,True,False,True,True,False,
WHHGLZMJPXIBIX,decabromodiphenyl ether,Brc1c(Br)c(Br)c(Oc2c(Br)c(Br)c(Br)c(Br)c2Br)c(Br)c1Br,Brc1c(Br)c(Br)c(Oc2c(Br)c(Br)c(Br)c(Br)c2Br)c(Br)c1Br,WHHGLZMJPXIBIX-UHFFFAOYSA-N,WHHGLZMJPXIBIX,WHHGLZMJPXIBIX,WHHGLZMJPXIBIX,WHHGLZMJPXIBIX,-6.343123108603918,298.15,mol m^-3 Pa^-1,1 M ideal gas to 1 M ideal-dilute aqueous,negative is favorable hydration,23,959.171,2,2,SANDER-41870;SANDER-41871,3683;2468,10.1016/J.ECOENV.2017.07.024;10.1016/J.ATMOSENV.2005.05.029,True,False,True,False,False,False,False,False,False,False,False,False,False,False,False,False,False,False,False,False,False,True,True,
WHPVYXDFIXRKLN,"2,2',4,4',5-pentabromodiphenyl ether",Brc1ccc(Oc2cc(Br)c(Br)cc2Br)c(Br)c1,Brc1ccc(Oc2cc(Br)c(Br)cc2Br)c(Br)c1,WHPVYXDFIXRKLN-UHFFFAOYSA-N,WHPVYXDFIXRKLN,WHPVYXDFIXRKLN,WHPVYXDFIXRKLN,WHPVYXDFIXRKLN,-4.870853317160879,298.15,mol m^-3 Pa^-1,1 M ideal gas to 1 M ideal-dilute aqueous,negative is favorable hydration,18,564.691,4,3,SANDER-41726;SANDER-41727;SANDER-41728;SANDER-41729;SANDER-41730,3683;2564;2468,10.1016/J.ECOENV.2017.07.024;10.1021/JE050308B;10.1016/J.ATMOSENV.2005.05.029,True,False,True,False,False,False,False,False,False,False,False,False,False,False,False,False,False,True,True,False,True,True,False,
WHRDPXDGAMJNGH,"2,6-dibromo-4-chloro-1-methoxybenzene",COc1c(Br)cc(Cl)cc1Br,COc1c(Br)cc(Cl)cc1Br,WHRDPXDGAMJNGH-UHFFFAOYSA-N,WHRDPXDGAMJNGH,WHRDPXDGAMJNGH,WHRDPXDGAMJNGH,WHRDPXDGAMJNGH,-2.135701876657686,298.15,mol m^-3 Pa^-1,1 M ideal gas to 1 M ideal-dilute aqueous,negative is favorable hydration,11,300.37699999999995,2,2,SANDER-42163;SANDER-42164,3118;1524,10.1016/J.CHROMA.2004.12.027;10.1007/S002160101077,True,False,True,False,False,False,False,False,False,False,False,False,False,False,False,False,False,False,False,False,False,True,True,
WMMFIDNWZNCBCT,"1,2,4,5-tetrachloro-3-methoxybenzene",COc1c(Cl)c(Cl)cc(Cl)c1Cl,COc1c(Cl)c(Cl)cc(Cl)c1Cl,WMMFIDNWZNCBCT-UHFFFAOYSA-N,WMMFIDNWZNCBCT,WMMFIDNWZNCBCT,WMMFIDNWZNCBCT,WMMFIDNWZNCBCT,-1.227029652927254,298.15,mol m^-3 Pa^-1,1 M ideal gas to 1 M ideal-dilute aqueous,negative is favorable hydration,12,245.92,1,1,SANDER-38182,1524,10.1007/S002160101077,True,False,True,False,False,False,False,False,False,True,True,False,False,False,False,False,False,False,False,False,True,True,False,
WNYADZVDBIBLJJ,N-nitrosopyrrolidine,O=NN1CCCC1,O=NN1CCCC1,WNYADZVDBIBLJJ-UHFFFAOYSA-N,WNYADZVDBIBLJJ,WNYADZVDBIBLJJ,WNYADZVDBIBLJJ,WNYADZVDBIBLJJ,-7.599347343229355,298.15,mol m^-3 Pa^-1,1 M ideal gas to 1 M ideal-dilute aqueous,negative is favorable hydration,7,100.121,1,1,SANDER-27048;SANDER-27049,3080,10.1016/0300-483X(82)90093-2,True,False,True,False,False,False,False,True,True,True,True,False,False,False,False,True,True,False,False,False,True,True,False,
WQZKKVJFBZPJSU,3-pentyl nitrate,CCC(CC)O[N+](=O)[O-],CCC(CC)O[N+](=O)[O-],WQZKKVJFBZPJSU-UHFFFAOYSA-N,WQZKKVJFBZPJSU,WQZKKVJFBZPJSU,WQZKKVJFBZPJSU,WQZKKVJFBZPJSU,-1.3288483437607428,298.15,mol m^-3 Pa^-1,1 M ideal gas to 1 M ideal-dilute aqueous,negative is favorable hydration,9,133.147,1,1,SANDER-27502,1024,10.1016/S0045-6535(98)00159-3,True,False,True,False,False,False,False,False,False,False,False,False,False,False,False,False,False,False,False,False,False,True,True,
WUOACPNHFRMFPN,2-(4-methyl-3-cyclohexen-1-yl)-2-propanol,CC1=CCC(C(C)(C)O)CC1,CC1=CCC(C(C)(C)O)CC1,WUOACPNHFRMFPN-UHFFFAOYSA-N,WUOACPNHFRMFPN,WUOACPNHFRMFPN,WUOACPNHFRMFPN,WUOACPNHFRMFPN,-5.508449734897895,298.15,mol m^-3 Pa^-1,1 M ideal gas to 1 M ideal-dilute aqueous,negative is favorable hydration,11,154.253,1,1,SANDER-24114,2124,10.1016/J.CHEMOSPHERE.2005.05.003,True,False,True,False,False,False,False,True,True,True,True,False,False,False,False,False,False,False,False,False,True,True,False,
WXCMHFPAUCOJIG,musk ketone,CC(=O)c1c(C)c([N+](=O)[O-])c(C(C)(C)C)c([N+](=O)[O-])c1C,CC(=O)c1c(C)c([N+](=O)[O-])c(C(C)(C)C)c([N+](=O)[O-])c1C,WXCMHFPAUCOJIG-UHFFFAOYSA-N,WXCMHFPAUCOJIG,WXCMHFPAUCOJIG,WXCMHFPAUCOJIG,WXCMHFPAUCOJIG,-5.281532589579175,298.15,mol m^-3 Pa^-1,1 M ideal gas to 1 M ideal-dilute aqueous,negative is favorable hydration,21,294.307,1,1,SANDER-31322,3014,10.1021/JE300954S,True,False,True,False,False,False,False,False,False,False,False,False,False,False,False,False,False,False,False,False,False,True,True,
WYLDWCYZCFRVRH,"1,2,4,5,7-pentachloronaphthalene",Clc1cc(Cl)c2c(Cl)cc(Cl)c(Cl)c2c1,Clc1cc(Cl)c2c(Cl)cc(Cl)c(Cl)c2c1,WYLDWCYZCFRVRH-UHFFFAOYSA-N,WYLDWCYZCFRVRH,WYLDWCYZCFRVRH,WYLDWCYZCFRVRH,WYLDWCYZCFRVRH,-3.197329797674128,298.15,mol m^-3 Pa^-1,1 M ideal gas to 1 M ideal-dilute aqueous,negative is favorable hydration,15,300.399,1,1,SANDER-35244,3732,10.1016/J.ATMOSENV.2016.10.009,True,False,True,False,False,False,False,False,False,True,True,False,False,False,False,False,False,False,False,False,True,True,False,
XGXUGXPKRBQINS,"1,5-dibromo-2-methoxybenzene",COc1ccc(Br)cc1Br,COc1ccc(Br)cc1Br,XGXUGXPKRBQINS-UHFFFAOYSA-N,XGXUGXPKRBQINS,XGXUGXPKRBQINS,XGXUGXPKRBQINS,XGXUGXPKRBQINS,-3.141525290295802,298.15,mol m^-3 Pa^-1,1 M ideal gas to 1 M ideal-dilute aqueous,negative is favorable hydration,10,265.932,1,1,SANDER-41493,1524,10.1007/S002160101077,True,False,True,False,False,False,False,False,False,False,False,False,False,False,False,False,False,False,False,False,False,True,True,
XTBXSCIWOVSSGB,"2H,2H-perfluorodecanoic acid",O=C(O)CC(F)(F)C(F)(F)C(F)(F)C(F)(F)C(F)(F)C(F)(F)C(F)(F)C(F)(F)F,O=C(O)CC(F)(F)C(F)(F)C(F)(F)C(F)(F)C(F)(F)C(F)(F)C(F)(F)C(F)(F)F,XTBXSCIWOVSSGB-UHFFFAOYSA-N,XTBXSCIWOVSSGB,XTBXSCIWOVSSGB,XTBXSCIWOVSSGB,XTBXSCIWOVSSGB,-0.2151376507207325,298.15,mol m^-3 Pa^-1,1 M ideal gas to 1 M ideal-dilute aqueous,negative is favorable hydration,29,478.09799999999984,1,1,SANDER-32115,3939,10.1016/J.HAZL.2022.100070,True,False,True,False,False,False,False,False,False,False,False,False,False,False,False,False,False,False,False,False,False,True,True,
XYBSIYMGXVUVGY,"2,2',4,4'-tetrabromodiphenyl ether",Brc1ccc(Oc2ccc(Br)cc2Br)c(Br)c1,Brc1ccc(Oc2ccc(Br)cc2Br)c(Br)c1,XYBSIYMGXVUVGY-UHFFFAOYSA-N,XYBSIYMGXVUVGY,XYBSIYMGXVUVGY,XYBSIYMGXVUVGY,XYBSIYMGXVUVGY,-4.548110664011599,298.15,mol m^-3 Pa^-1,1 M ideal gas to 1 M ideal-dilute aqueous,negative is favorable hydration,17,485.795,4,3,SANDER-41662;SANDER-41663;SANDER-41664;SANDER-41665;SANDER-41666,3683;2564;2468,10.1016/J.ECOENV.2017.07.024;10.1021/JE050308B;10.1016/J.ATMOSENV.2005.05.029,True,False,True,False,False,False,False,False,False,False,False,False,False,False,False,False,False,False,False,False,False,True,True,
YAWIAFUBXXPJMQ,"4,4'-dibromodiphenyl ether",Brc1ccc(Oc2ccc(Br)cc2)cc1,Brc1ccc(Oc2ccc(Br)cc2)cc1,YAWIAFUBXXPJMQ-UHFFFAOYSA-N,YAWIAFUBXXPJMQ,YAWIAFUBXXPJMQ,YAWIAFUBXXPJMQ,YAWIAFUBXXPJMQ,-3.094814183963434,298.15,mol m^-3 Pa^-1,1 M ideal gas to 1 M ideal-dilute aqueous,negative is favorable hydration,15,328.003,3,2,SANDER-41616;SANDER-41617;SANDER-41618,2564;2496,10.1021/JE050308B,True,False,True,False,False,False,False,False,False,False,False,False,False,False,False,False,False,False,False,False,False,True,True,
YGHRJJRRZDOVPD,3-methylbutanal,CC(C)CC=O,CC(C)CC=O,YGHRJJRRZDOVPD-UHFFFAOYSA-N,YGHRJJRRZDOVPD,YGHRJJRRZDOVPD,YGHRJJRRZDOVPD,YGHRJJRRZDOVPD,-2.381271697509173,298.15,mol m^-3 Pa^-1,1 M ideal gas to 1 M ideal-dilute aqueous,negative is favorable hydration,6,86.13399999999999,4,4,SANDER-14323;SANDER-14324;SANDER-14325;SANDER-14326;SANDER-14327,3215;3032;1923;2387,10.1016/J.IJMS.2015.07.015;10.1016/J.CHROMA.2014.03.040;10.1016/S1387-3806(03)00197-0;10.1111/J.1365-2621.1968.TB03659.X,True,False,True,False,False,False,False,False,False,True,True,False,False,False,False,True,True,False,False,False,True,True,False,
YGYAWVDWMABLBF,phosgene,O=C(Cl)Cl,O=C(Cl)Cl,YGYAWVDWMABLBF-UHFFFAOYSA-N,YGYAWVDWMABLBF,YGYAWVDWMABLBF,YGYAWVDWMABLBF,YGYAWVDWMABLBF,-0.2673234667648203,298.15,mol m^-3 Pa^-1,1 M ideal gas to 1 M ideal-dilute aqueous,negative is favorable hydration,4,98.916,2,2,SANDER-37500;SANDER-37501,1125;1992,10.1021/ES00005A007;10.1002/AIC.690060329,True,False,True,False,False,False,False,False,False,False,False,False,False,False,False,True,True,False,False,False,True,True,False,
YJEMGEBDXDPBSP,2-bromo-4-chloro-1-methoxybenzene,COc1ccc(Cl)cc1Br,COc1ccc(Cl)cc1Br,YJEMGEBDXDPBSP-UHFFFAOYSA-N,YJEMGEBDXDPBSP,YJEMGEBDXDPBSP,YJEMGEBDXDPBSP,YJEMGEBDXDPBSP,-2.250382069501203,298.15,mol m^-3 Pa^-1,1 M ideal gas to 1 M ideal-dilute aqueous,negative is favorable hydration,10,221.481,1,1,SANDER-42139,1524,10.1007/S002160101077,True,False,True,False,False,False,False,False,False,False,False,False,False,False,False,False,False,False,False,False,False,True,True,
YKQOTQPNOJSJFA,PFBHA-2-pentanone,CCCC(C)=NOCc1c(F)c(F)c(F)c(F)c1F,CCCC(C)=NOCc1c(F)c(F)c(F)c(F)c1F,YKQOTQPNOJSJFA-UHFFFAOYSA-N,YKQOTQPNOJSJFA,YKQOTQPNOJSJFA,YKQOTQPNOJSJFA,YKQOTQPNOJSJFA,-1.3130478087293145,298.15,mol m^-3 Pa^-1,1 M ideal gas to 1 M ideal-dilute aqueous,negative is favorable hydration,19,281.224,1,1,SANDER-32465,2497,10.1021/JE025545I,True,False,True,False,False,False,False,False,False,False,False,False,False,False,False,False,False,False,False,False,False,True,True,
YORCIIVHUBAYBQ,3-bromo-1-propyne,C#CCBr,C#CCBr,YORCIIVHUBAYBQ-UHFFFAOYSA-N,YORCIIVHUBAYBQ,YORCIIVHUBAYBQ,YORCIIVHUBAYBQ,YORCIIVHUBAYBQ,-1.8263879682134756,298.15,mol m^-3 Pa^-1,1 M ideal gas to 1 M ideal-dilute aqueous,negative is favorable hydration,4,118.96099999999998,1,1,SANDER-41182,1330,10.1021/JF9707849,True,False,True,False,False,False,False,True,True,True,True,False,False,False,False,False,False,True,True,False,True,True,False,
YRGAYAGBVIXNAQ,1-chloro-4-methoxybenzene,COc1ccc(Cl)cc1,COc1ccc(Cl)cc1,YRGAYAGBVIXNAQ-UHFFFAOYSA-N,YRGAYAGBVIXNAQ,YRGAYAGBVIXNAQ,YRGAYAGBVIXNAQ,YRGAYAGBVIXNAQ,-2.943631676789209,298.15,mol m^-3 Pa^-1,1 M ideal gas to 1 M ideal-dilute aqueous,negative is favorable hydration,9,142.58499999999998,1,1,SANDER-38157,1524,10.1007/S002160101077,True,False,True,False,False,False,False,True,True,True,True,False,False,False,False,True,True,False,False,False,True,True,False,
YSVAURKXNCNUNS,"4-bromo-2,3,5,6-tetrachloro-1-methoxybenzene",COc1c(Cl)c(Cl)c(Br)c(Cl)c1Cl,COc1c(Cl)c(Cl)c(Br)c(Cl)c1Cl,YSVAURKXNCNUNS-UHFFFAOYSA-N,YSVAURKXNCNUNS,YSVAURKXNCNUNS,YSVAURKXNCNUNS,YSVAURKXNCNUNS,-1.852724968524944,298.15,mol m^-3 Pa^-1,1 M ideal gas to 1 M ideal-dilute aqueous,negative is favorable hydration,13,324.81600000000003,1,1,SANDER-42159,1524,10.1007/S002160101077,True,False,True,False,False,False,False,False,False,False,False,False,False,False,False,False,False,False,False,False,False,True,True,
YUKILTJWFRTXGB,1-chloro-3-methoxybenzene,COc1cccc(Cl)c1,COc1cccc(Cl)c1,YUKILTJWFRTXGB-UHFFFAOYSA-N,YUKILTJWFRTXGB,YUKILTJWFRTXGB,YUKILTJWFRTXGB,YUKILTJWFRTXGB,-2.793270537698849,298.15,mol m^-3 Pa^-1,1 M ideal gas to 1 M ideal-dilute aqueous,negative is favorable hydration,9,142.58499999999998,1,1,SANDER-38156,1524,10.1007/S002160101077,True,False,True,False,False,False,False,False,False,True,True,False,False,False,False,True,True,False,False,False,True,True,False,
YXMNEYKMHSBVTD,2-nitrooxy-1-butanol,CCC(CO)O[N+](=O)[O-],CCC(CO)O[N+](=O)[O-],YXMNEYKMHSBVTD-UHFFFAOYSA-N,YXMNEYKMHSBVTD,YXMNEYKMHSBVTD,YXMNEYKMHSBVTD,YXMNEYKMHSBVTD,-7.046500910381195,298.15,mol m^-3 Pa^-1,1 M ideal gas to 1 M ideal-dilute aqueous,negative is favorable hydration,9,135.119,1,1,SANDER-27610;SANDER-27611,548,10.1021/ES960538Y,True,False,True,False,False,False,False,False,False,False,False,False,False,False,False,False,False,False,False,False,False,True,True,
YXWWHNCQZBVZPV,2′-methylacetophenone,CC(=O)c1ccccc1C,CC(=O)c1ccccc1C,YXWWHNCQZBVZPV-UHFFFAOYSA-N,YXWWHNCQZBVZPV,YXWWHNCQZBVZPV,YXWWHNCQZBVZPV,YXWWHNCQZBVZPV,-4.468021642247516,298.15,mol m^-3 Pa^-1,1 M ideal gas to 1 M ideal-dilute aqueous,negative is favorable hydration,10,134.178,1,1,SANDER-16084,3724,10.1021/JE700612B,True,False,True,False,False,False,False,True,True,True,True,False,False,False,False,True,True,False,False,False,True,True,False,
YYZUSRORWSJGET,ethyl octanoate,CCCCCCCC(=O)OCC,CCCCCCCC(=O)OCC,YYZUSRORWSJGET-UHFFFAOYSA-N,YYZUSRORWSJGET,YYZUSRORWSJGET,YYZUSRORWSJGET,YYZUSRORWSJGET,-1.9585971639928252,298.15,mol m^-3 Pa^-1,1 M ideal gas to 1 M ideal-dilute aqueous,negative is favorable hydration,12,172.26799999999997,1,1,SANDER-21194,2371,10.1016/J.IJMS.2006.10.016,True,False,True,False,False,False,False,True,True,True,True,False,False,False,False,False,False,False,False,False,True,True,False,
YZMXEWDTXSTFIJ,"2,4-dibromo-3,5-dichloro-1-methoxybenzene",COc1cc(Cl)c(Br)c(Cl)c1Br,COc1cc(Cl)c(Br)c(Cl)c1Br,YZMXEWDTXSTFIJ-UHFFFAOYSA-N,YZMXEWDTXSTFIJ,YZMXEWDTXSTFIJ,YZMXEWDTXSTFIJ,YZMXEWDTXSTFIJ,-1.846249658720261,298.15,mol m^-3 Pa^-1,1 M ideal gas to 1 M ideal-dilute aqueous,negative is favorable hydration,12,334.822,1,1,SANDER-42165,1524,10.1007/S002160101077,True,False,True,False,False,False,False,False,False,False,False,False,False,False,False,False,False,False,False,False,False,True,True,
ZENOXNGFMSCLLL,vanillyl alcohol,COc1cc(CO)ccc1O,COc1cc(CO)ccc1O,ZENOXNGFMSCLLL-UHFFFAOYSA-N,ZENOXNGFMSCLLL,ZENOXNGFMSCLLL,ZENOXNGFMSCLLL,ZENOXNGFMSCLLL,-11.42766999077337,298.15,mol m^-3 Pa^-1,1 M ideal gas to 1 M ideal-dilute aqueous,negative is favorable hydration,11,154.165,1,1,SANDER-24456,3723,10.1021/ACS.EST.9B06443,True,False,True,False,False,False,False,False,False,False,False,False,False,False,False,False,False,False,False,False,False,True,True,
ZLIBICFPKPWGIZ,pyrimethanil,Cc1cc(C)nc(Nc2ccccc2)n1,Cc1cc(C)nc(Nc2ccccc2)n1,ZLIBICFPKPWGIZ-UHFFFAOYSA-N,ZLIBICFPKPWGIZ,ZLIBICFPKPWGIZ,ZLIBICFPKPWGIZ,ZLIBICFPKPWGIZ,-8.084183894106772,298.15,mol m^-3 Pa^-1,1 M ideal gas to 1 M ideal-dilute aqueous,negative is favorable hydration,15,199.25700000000003,1,1,SANDER-26189,3506,10.26502/JESPH.96120124,True,False,True,False,False,False,False,False,False,True,True,False,False,False,False,False,False,False,False,False,True,True,False,
ZNOLGFHPUIJIMJ,fenitrothion,COP(=S)(OC)Oc1ccc([N+](=O)[O-])c(C)c1,COP(=S)(OC)Oc1ccc([N+](=O)[O-])c(C)c1,ZNOLGFHPUIJIMJ-UHFFFAOYSA-N,ZNOLGFHPUIJIMJ,ZNOLGFHPUIJIMJ,ZNOLGFHPUIJIMJ,ZNOLGFHPUIJIMJ,-6.6500280506858855,298.15,mol m^-3 Pa^-1,1 M ideal gas to 1 M ideal-dilute aqueous,negative is favorable hydration,17,277.238,2,2,SANDER-44782;SANDER-44783,2538;2454,10.1584/JPESTICS.18.3_201;10.1016/0045-6535(80)90086-7,True,False,True,False,False,False,False,False,False,True,True,False,False,False,False,False,False,False,False,False,True,True,False,
ZOASGOXWEHUTKZ,methyl propyl sulfide,CCCSC,CCCSC,ZOASGOXWEHUTKZ-UHFFFAOYSA-N,ZOASGOXWEHUTKZ,ZOASGOXWEHUTKZ,ZOASGOXWEHUTKZ,ZOASGOXWEHUTKZ,-1.402087752245875,298.15,mol m^-3 Pa^-1,1 M ideal gas to 1 M ideal-dilute aqueous,negative is favorable hydration,5,90.191,1,1,SANDER-42927,3669,10.1111/J.1365-2621.1980.TB00916.X,True,False,True,False,False,False,False,True,True,True,True,False,False,False,False,True,True,False,False,False,True,True,False,
ZOKXUAHZSKEQSS,"S,S,S-tributyl phosphorotrithioate",CCCCSP(=O)(SCCCC)SCCCC,CCCCSP(=O)(SCCCC)SCCCC,ZOKXUAHZSKEQSS-UHFFFAOYSA-N,ZOKXUAHZSKEQSS,ZOKXUAHZSKEQSS,ZOKXUAHZSKEQSS,ZOKXUAHZSKEQSS,-6.719936881072535,298.15,mol m^-3 Pa^-1,1 M ideal gas to 1 M ideal-dilute aqueous,negative is favorable hydration,17,314.5220000000001,1,1,SANDER-44726,1144,10.1002/ETC.5620090606,True,False,True,False,False,False,False,False,False,False,False,False,False,False,False,False,False,False,False,False,False,True,True,
ZOWSJJBOQDKOHI,"2,2,2-trifluoroethyl ethanoate",CC(=O)OCC(F)(F)F,CC(=O)OCC(F)(F)F,ZOWSJJBOQDKOHI-UHFFFAOYSA-N,ZOWSJJBOQDKOHI,ZOWSJJBOQDKOHI,ZOWSJJBOQDKOHI,ZOWSJJBOQDKOHI,-1.5690803179488944,298.15,mol m^-3 Pa^-1,1 M ideal gas to 1 M ideal-dilute aqueous,negative is favorable hydration,9,142.07600000000002,1,1,SANDER-32147,2803,10.1016/J.ATMOSENV.2003.10.019,True,False,True,False,False,False,False,False,False,False,False,False,False,False,False,True,True,False,False,False,True,True,False,
ZUXVGCIQOSXRJN,"3-bromo-2,5,6-trichloro-1-methoxybenzene",COc1c(Cl)c(Cl)cc(Br)c1Cl,COc1c(Cl)c(Cl)cc(Br)c1Cl,ZUXVGCIQOSXRJN-UHFFFAOYSA-N,ZUXVGCIQOSXRJN,ZUXVGCIQOSXRJN,ZUXVGCIQOSXRJN,ZUXVGCIQOSXRJN,-1.9021273169042503,298.15,mol m^-3 Pa^-1,1 M ideal gas to 1 M ideal-dilute aqueous,negative is favorable hydration,12,290.371,1,1,SANDER-42156,1524,10.1007/S002160101077,True,False,True,False,False,False,False,False,False,False,False,False,False,False,False,False,False,False,False,False,False,True,True,
ZVJHJDDKYZXRJI,1-pyrroline,C1=NCCC1,C1=NCCC1,ZVJHJDDKYZXRJI-UHFFFAOYSA-N,ZVJHJDDKYZXRJI,ZVJHJDDKYZXRJI,ZVJHJDDKYZXRJI,ZVJHJDDKYZXRJI,-4.9090914196116735,298.15,mol m^-3 Pa^-1,1 M ideal gas to 1 M ideal-dilute aqueous,negative is favorable hydration,5,69.107,1,1,SANDER-25772,2388,10.1093/CHEMSE/3.1.57,True,False,True,False,False,False,False,False,False,False,False,False,False,False,False,True,True,False,False,False,True,True,False,
