campaign,lambda,molecule_name,molecule_id,role,energy_group,path,bytes,sha256
lambda01,0.1,1-Butanethiol,WQAQPCDUOCURKW-UHFFFAOYSA-N,conf.xml,,/home/galoren/Freecurve_AI_Solvation/results/physics_probes/pimd2_lambda01_5ps/1_butanethiol/conf.xml,15529,1125d500119208f03ef40ae0040c097a0088406cc8b7ece74b4256407c79b9c9
lambda01,0.1,1-Butanethiol,WQAQPCDUOCURKW-UHFFFAOYSA-N,console.txt,,/home/galoren/Freecurve_AI_Solvation/results/physics_probes/pimd2_lambda01_5ps/1_butanethiol/console.txt,42018,349622a1cbf7e38d541bc07e6cd6d06d5b55f0a47356b1eb7ce96a78dd1b232b
lambda01,0.1,1-Butanethiol,WQAQPCDUOCURKW-UHFFFAOYSA-N,timing.json,,/home/galoren/Freecurve_AI_Solvation/results/physics_probes/pimd2_lambda01_5ps/1_butanethiol/timing.json,376,752353776bddfb44444158ed36d9b10f3a88ccc42126af8d085194be20868cbb
lambda01,0.1,1-Butanethiol,WQAQPCDUOCURKW-UHFFFAOYSA-N,energy,lig_slv,/home/galoren/Freecurve_AI_Solvation/results/physics_probes/pimd2_lambda01_5ps/1_butanethiol/output/Task5_MD_Transition_LIGAnnihilation_2__LIG-SLV.ene,10771,af0f5cc28c16325dad197f442af167c39043f1338638892fb5a183f94230fe4e
lambda01,0.1,1-Butanethiol,WQAQPCDUOCURKW-UHFFFAOYSA-N,energy,lig,/home/galoren/Freecurve_AI_Solvation/results/physics_probes/pimd2_lambda01_5ps/1_butanethiol/output/Task5_MD_Transition_LIGAnnihilation_2__LIG.ene,25658,fdc2ef1da57748f5bf95c452fdac795d1e5dceef94e1e56e1b83bfc5bb24b4f2
lambda01,0.1,1-Butanethiol,WQAQPCDUOCURKW-UHFFFAOYSA-N,energy,system,/home/galoren/Freecurve_AI_Solvation/results/physics_probes/pimd2_lambda01_5ps/1_butanethiol/output/Task5_MD_Transition_LIGAnnihilation_2__SYSTEM.ene,22325,51a9eddc55216bc9b8d6af653838fd002d7dcbd946ac88c693460624e72c5940
lambda01,0.1,1-Butanol,LRHPLDYGYMQRHN-UHFFFAOYSA-N,conf.xml,,/home/galoren/Freecurve_AI_Solvation/results/physics_probes/pimd2_lambda01_5ps/1_butanol/conf.xml,15504,6a1ec2e91e47ea066fddc822a743cbc78a99a5063c85c062042d0ca218126a45
lambda01,0.1,1-Butanol,LRHPLDYGYMQRHN-UHFFFAOYSA-N,console.txt,,/home/galoren/Freecurve_AI_Solvation/results/physics_probes/pimd2_lambda01_5ps/1_butanol/console.txt,40409,77a20096e12f9b15257d4aa22627b8bd5429522d9c9215baa72de2ce9f3c797c
lambda01,0.1,1-Butanol,LRHPLDYGYMQRHN-UHFFFAOYSA-N,timing.json,,/home/galoren/Freecurve_AI_Solvation/results/physics_probes/pimd2_lambda01_5ps/1_butanol/timing.json,368,494488691c4a729337a2b5331bdd501feb759e9e709a4cd430925b9f6f56a774
lambda01,0.1,1-Butanol,LRHPLDYGYMQRHN-UHFFFAOYSA-N,energy,lig_slv,/home/galoren/Freecurve_AI_Solvation/results/physics_probes/pimd2_lambda01_5ps/1_butanol/output/Task5_MD_Transition_LIGAnnihilation_2__LIG-SLV.ene,10769,d69a64cd4e30b6c0f610f3e0b37ed6f7bd8f98b797ec972b6ed57c0471fee332
lambda01,0.1,1-Butanol,LRHPLDYGYMQRHN-UHFFFAOYSA-N,energy,lig,/home/galoren/Freecurve_AI_Solvation/results/physics_probes/pimd2_lambda01_5ps/1_butanol/output/Task5_MD_Transition_LIGAnnihilation_2__LIG.ene,25668,095845dbc205621cef5ea478dfcd598d2d25fef5f00ec8633edf2c86d8771305
lambda01,0.1,1-Butanol,LRHPLDYGYMQRHN-UHFFFAOYSA-N,energy,system,/home/galoren/Freecurve_AI_Solvation/results/physics_probes/pimd2_lambda01_5ps/1_butanol/output/Task5_MD_Transition_LIGAnnihilation_2__SYSTEM.ene,22313,f6fbc570bc71753d972768b52eb4f11689ca3eccde8373094473c8c6b6a90b99
lambda01,0.1,1-Pentanol,AMQJEAYHLZJPGS-UHFFFAOYSA-N,conf.xml,,/home/galoren/Freecurve_AI_Solvation/results/physics_probes/pimd2_lambda01_5ps/1_pentanol/conf.xml,15511,752c47e4adf3ffbf169e4ecc357ba328354e7db91a6b5df33ba2b4092d5c181a
lambda01,0.1,1-Pentanol,AMQJEAYHLZJPGS-UHFFFAOYSA-N,console.txt,,/home/galoren/Freecurve_AI_Solvation/results/physics_probes/pimd2_lambda01_5ps/1_pentanol/console.txt,39231,ebce5303740872cce714ec09f514a50f518ccdf7404c7cfb10a7a229110acfd3
lambda01,0.1,1-Pentanol,AMQJEAYHLZJPGS-UHFFFAOYSA-N,timing.json,,/home/galoren/Freecurve_AI_Solvation/results/physics_probes/pimd2_lambda01_5ps/1_pentanol/timing.json,372,f08e15ae99a30b569dee1841c617901858ddf812900564396a7674520a5ad16e
lambda01,0.1,1-Pentanol,AMQJEAYHLZJPGS-UHFFFAOYSA-N,energy,lig_slv,/home/galoren/Freecurve_AI_Solvation/results/physics_probes/pimd2_lambda01_5ps/1_pentanol/output/Task5_MD_Transition_LIGAnnihilation_2__LIG-SLV.ene,7425,c03ace1ebebb9fd158f8a2ce30331282a6e06cefbcfc31f2b32f35c53843ed8c
lambda01,0.1,1-Pentanol,AMQJEAYHLZJPGS-UHFFFAOYSA-N,energy,lig,/home/galoren/Freecurve_AI_Solvation/results/physics_probes/pimd2_lambda01_5ps/1_pentanol/output/Task5_MD_Transition_LIGAnnihilation_2__LIG.ene,17701,30d852b80d477182568bab154c0a4b04e5eaa5088d3c6caf46427382a533dd53
lambda01,0.1,1-Pentanol,AMQJEAYHLZJPGS-UHFFFAOYSA-N,energy,system,/home/galoren/Freecurve_AI_Solvation/results/physics_probes/pimd2_lambda01_5ps/1_pentanol/output/Task5_MD_Transition_LIGAnnihilation_2__SYSTEM.ene,15404,45ec903edb8fadafe70748bfb52d996348f0008e28509e1870dbb785ba85bebf
lambda01,0.1,2-Butanone,ZWEHNKRNPOVVGH-UHFFFAOYSA-N,conf.xml,,/home/galoren/Freecurve_AI_Solvation/results/physics_probes/pimd2_lambda01_5ps/2_butanone/conf.xml,15510,4799a1d7ecce5ddd652ac5f922ddc7e52956736b4244aa869912dc8785e725eb
lambda01,0.1,2-Butanone,ZWEHNKRNPOVVGH-UHFFFAOYSA-N,console.txt,,/home/galoren/Freecurve_AI_Solvation/results/physics_probes/pimd2_lambda01_5ps/2_butanone/console.txt,41454,22919ece3f6b7641f825f5c2386ca674e8ceaab37bb52102571a405b181b917d
lambda01,0.1,2-Butanone,ZWEHNKRNPOVVGH-UHFFFAOYSA-N,timing.json,,/home/galoren/Freecurve_AI_Solvation/results/physics_probes/pimd2_lambda01_5ps/2_butanone/timing.json,370,a946df19b58cec33c7372a09350f673a78701faf1c7fbca81e7da34f57ad1bb5
lambda01,0.1,2-Butanone,ZWEHNKRNPOVVGH-UHFFFAOYSA-N,energy,lig_slv,/home/galoren/Freecurve_AI_Solvation/results/physics_probes/pimd2_lambda01_5ps/2_butanone/output/Task5_MD_Transition_LIGAnnihilation_2__LIG-SLV.ene,10769,52afc06fbdf176c9be5c57c6d2c18625f37e5228127b4f9035d4db0e8a4d5033
lambda01,0.1,2-Butanone,ZWEHNKRNPOVVGH-UHFFFAOYSA-N,energy,lig,/home/galoren/Freecurve_AI_Solvation/results/physics_probes/pimd2_lambda01_5ps/2_butanone/output/Task5_MD_Transition_LIGAnnihilation_2__LIG.ene,25630,908c8be0a024f1512391882e478b427c485c3bb942b664dd400028a493f26df7
lambda01,0.1,2-Butanone,ZWEHNKRNPOVVGH-UHFFFAOYSA-N,energy,system,/home/galoren/Freecurve_AI_Solvation/results/physics_probes/pimd2_lambda01_5ps/2_butanone/output/Task5_MD_Transition_LIGAnnihilation_2__SYSTEM.ene,22335,6680d903010e3d633763edbbe7b1b10af1af7903ffe6181f943baac391ca3c57
lambda01,0.1,2-Methyl-2-Butanol,MSXVEPNJUHWQHW-UHFFFAOYSA-N,conf.xml,,/home/galoren/Freecurve_AI_Solvation/results/physics_probes/pimd2_lambda01_5ps/2_methyl_2_butanol/conf.xml,15559,f599238feb82a4fcb6541e212511f3984bb60dc24a93b00a185d072d408d9cf8
lambda01,0.1,2-Methyl-2-Butanol,MSXVEPNJUHWQHW-UHFFFAOYSA-N,console.txt,,/home/galoren/Freecurve_AI_Solvation/results/physics_probes/pimd2_lambda01_5ps/2_methyl_2_butanol/console.txt,42062,8af2fce5fe62b5b95fcf5dce8b1d6f559c43db61066a0147b779ea34b8a13a7d
lambda01,0.1,2-Methyl-2-Butanol,MSXVEPNJUHWQHW-UHFFFAOYSA-N,timing.json,,/home/galoren/Freecurve_AI_Solvation/results/physics_probes/pimd2_lambda01_5ps/2_methyl_2_butanol/timing.json,387,3b240a4eb8362aac951e7cbede8ccd9f54273ccf2f8202bf403d3cbe3e36f4e2
lambda01,0.1,2-Methyl-2-Butanol,MSXVEPNJUHWQHW-UHFFFAOYSA-N,energy,lig_slv,/home/galoren/Freecurve_AI_Solvation/results/physics_probes/pimd2_lambda01_5ps/2_methyl_2_butanol/output/Task5_MD_Transition_LIGAnnihilation_2__LIG-SLV.ene,10769,e3c8008a36433e5f291193a77fae7f0ba073c85c6347248f7584d1b28d190d8e
lambda01,0.1,2-Methyl-2-Butanol,MSXVEPNJUHWQHW-UHFFFAOYSA-N,energy,lig,/home/galoren/Freecurve_AI_Solvation/results/physics_probes/pimd2_lambda01_5ps/2_methyl_2_butanol/output/Task5_MD_Transition_LIGAnnihilation_2__LIG.ene,25673,7be6824fe31c25b85241ae2f841cfe22eeb51740efa4f58730ccb9c8137edab5
lambda01,0.1,2-Methyl-2-Butanol,MSXVEPNJUHWQHW-UHFFFAOYSA-N,energy,system,/home/galoren/Freecurve_AI_Solvation/results/physics_probes/pimd2_lambda01_5ps/2_methyl_2_butanol/output/Task5_MD_Transition_LIGAnnihilation_2__SYSTEM.ene,22313,f4e6dd8566163abcf67923cf56d89e4153426e240be640ba8a6bc29353509107
lambda01,0.1,2-Pentanol,JYVLIDXNZAXMDK-UHFFFAOYSA-N,conf.xml,,/home/galoren/Freecurve_AI_Solvation/results/physics_probes/pimd2_lambda01_5ps/2_pentanol/conf.xml,15511,7b1f6b9752febee4fee2bc846d7f5908041715d5d7b322097932513de0ffa822
lambda01,0.1,2-Pentanol,JYVLIDXNZAXMDK-UHFFFAOYSA-N,console.txt,,/home/galoren/Freecurve_AI_Solvation/results/physics_probes/pimd2_lambda01_5ps/2_pentanol/console.txt,42004,f06c07be46fd8c97c21ed3572a62ea38d041a78aacdc58c6bc52759f14e381e4
lambda01,0.1,2-Pentanol,JYVLIDXNZAXMDK-UHFFFAOYSA-N,timing.json,,/home/galoren/Freecurve_AI_Solvation/results/physics_probes/pimd2_lambda01_5ps/2_pentanol/timing.json,370,406595493a85fec848e1bd09d646bbff10b717d6b412431eb847d2de105cd758
lambda01,0.1,2-Pentanol,JYVLIDXNZAXMDK-UHFFFAOYSA-N,energy,lig_slv,/home/galoren/Freecurve_AI_Solvation/results/physics_probes/pimd2_lambda01_5ps/2_pentanol/output/Task5_MD_Transition_LIGAnnihilation_2__LIG-SLV.ene,10770,9bedce22e24ff264940ce40fac4be08f62bba074fc9e4fc268edf3d142464bfc
lambda01,0.1,2-Pentanol,JYVLIDXNZAXMDK-UHFFFAOYSA-N,energy,lig,/home/galoren/Freecurve_AI_Solvation/results/physics_probes/pimd2_lambda01_5ps/2_pentanol/output/Task5_MD_Transition_LIGAnnihilation_2__LIG.ene,25663,e6a1c93e8b2fc8d14cb5df4ff476788131729fc1751e69131531ed9a9d6e39d5
lambda01,0.1,2-Pentanol,JYVLIDXNZAXMDK-UHFFFAOYSA-N,energy,system,/home/galoren/Freecurve_AI_Solvation/results/physics_probes/pimd2_lambda01_5ps/2_pentanol/output/Task5_MD_Transition_LIGAnnihilation_2__SYSTEM.ene,22325,2a732c7957d86fab47fa8ef4bc15fec04194b045597834fbd854c42ff65a091f
lambda01,0.1,2-Pentanone,XNLICIUVMPYHGG-UHFFFAOYSA-N,conf.xml,,/home/galoren/Freecurve_AI_Solvation/results/physics_probes/pimd2_lambda01_5ps/2_pentanone/conf.xml,15515,0f690f997b475cf80f0f0e144d4c852a1df1d1e158714e07efcba7d38e17f0b0
lambda01,0.1,2-Pentanone,XNLICIUVMPYHGG-UHFFFAOYSA-N,console.txt,,/home/galoren/Freecurve_AI_Solvation/results/physics_probes/pimd2_lambda01_5ps/2_pentanone/console.txt,41464,e830fc4802dcc199837419b3f1982d281e595ba547405eff9ae42070283aab73
lambda01,0.1,2-Pentanone,XNLICIUVMPYHGG-UHFFFAOYSA-N,timing.json,,/home/galoren/Freecurve_AI_Solvation/results/physics_probes/pimd2_lambda01_5ps/2_pentanone/timing.json,372,0a736eb63c63dfd75daca41451d079f5a7d7c873395c6538851cf2f7d94d6197
lambda01,0.1,2-Pentanone,XNLICIUVMPYHGG-UHFFFAOYSA-N,energy,lig_slv,/home/galoren/Freecurve_AI_Solvation/results/physics_probes/pimd2_lambda01_5ps/2_pentanone/output/Task5_MD_Transition_LIGAnnihilation_2__LIG-SLV.ene,10769,1810742a97e61481175e4758bf03d06154bbd2a983675e16c594221130b8f74e
lambda01,0.1,2-Pentanone,XNLICIUVMPYHGG-UHFFFAOYSA-N,energy,lig,/home/galoren/Freecurve_AI_Solvation/results/physics_probes/pimd2_lambda01_5ps/2_pentanone/output/Task5_MD_Transition_LIGAnnihilation_2__LIG.ene,25639,2b7b268304ec8035275a406eea1be8b0860c04a7e80f58aae9c514d046e09593
lambda01,0.1,2-Pentanone,XNLICIUVMPYHGG-UHFFFAOYSA-N,energy,system,/home/galoren/Freecurve_AI_Solvation/results/physics_probes/pimd2_lambda01_5ps/2_pentanone/output/Task5_MD_Transition_LIGAnnihilation_2__SYSTEM.ene,22332,79177136a664f8bcdd65968197f82319a1a639430eef141c086476a6270c2fad
lambda01,0.1,3-Pentanol,AQIXEPGDORPWBJ-UHFFFAOYSA-N,conf.xml,,/home/galoren/Freecurve_AI_Solvation/results/physics_probes/pimd2_lambda01_5ps/3_pentanol/conf.xml,15510,7db3d6d0d9e0e24f222be37cc058945a6bc1d167a919ce820f30c5fd30b50e2b
lambda01,0.1,3-Pentanol,AQIXEPGDORPWBJ-UHFFFAOYSA-N,console.txt,,/home/galoren/Freecurve_AI_Solvation/results/physics_probes/pimd2_lambda01_5ps/3_pentanol/console.txt,42004,db3e1a09121a0ce33f62c1534462e6b5fdedb9d337fdd22d2493ed21448d821f
lambda01,0.1,3-Pentanol,AQIXEPGDORPWBJ-UHFFFAOYSA-N,timing.json,,/home/galoren/Freecurve_AI_Solvation/results/physics_probes/pimd2_lambda01_5ps/3_pentanol/timing.json,370,e7df6cc26c37eea7258c831ce4c28e7e0fafc202bb5fce4bf412b973022a6d92
lambda01,0.1,3-Pentanol,AQIXEPGDORPWBJ-UHFFFAOYSA-N,energy,lig_slv,/home/galoren/Freecurve_AI_Solvation/results/physics_probes/pimd2_lambda01_5ps/3_pentanol/output/Task5_MD_Transition_LIGAnnihilation_2__LIG-SLV.ene,10769,3a8a9567087ac784d5faf002090f84cf8af3f30bcb557132a5da05f86f583ebf
lambda01,0.1,3-Pentanol,AQIXEPGDORPWBJ-UHFFFAOYSA-N,energy,lig,/home/galoren/Freecurve_AI_Solvation/results/physics_probes/pimd2_lambda01_5ps/3_pentanol/output/Task5_MD_Transition_LIGAnnihilation_2__LIG.ene,25664,75a6ca4161dd61f9673bb00cc00476688a8438542e2f0b841efde2fd9e93461c
lambda01,0.1,3-Pentanol,AQIXEPGDORPWBJ-UHFFFAOYSA-N,energy,system,/home/galoren/Freecurve_AI_Solvation/results/physics_probes/pimd2_lambda01_5ps/3_pentanol/output/Task5_MD_Transition_LIGAnnihilation_2__SYSTEM.ene,22321,8416ab043386032ae872ad72ab575c913c181c6715c413e131ae5c5e608a999f
lambda01,0.1,3-Pentanone,FDPIMTJIUBPUKL-UHFFFAOYSA-N,conf.xml,,/home/galoren/Freecurve_AI_Solvation/results/physics_probes/pimd2_lambda01_5ps/3_pentanone/conf.xml,15516,5a876c39e48747d4ed39cc9fb4b2f0a0a9e3b79db0ded2d94716f23d887a7cd7
lambda01,0.1,3-Pentanone,FDPIMTJIUBPUKL-UHFFFAOYSA-N,console.txt,,/home/galoren/Freecurve_AI_Solvation/results/physics_probes/pimd2_lambda01_5ps/3_pentanone/console.txt,42545,98ff6fcdee22d6340f93b73565680d0948c3151ba0e9d4f496060e2a88856574
lambda01,0.1,3-Pentanone,FDPIMTJIUBPUKL-UHFFFAOYSA-N,timing.json,,/home/galoren/Freecurve_AI_Solvation/results/physics_probes/pimd2_lambda01_5ps/3_pentanone/timing.json,373,9bb503c30b6f67f4528a6e32494df214de3379f3987bfde34407aa5de744ce9a
lambda01,0.1,3-Pentanone,FDPIMTJIUBPUKL-UHFFFAOYSA-N,energy,lig_slv,/home/galoren/Freecurve_AI_Solvation/results/physics_probes/pimd2_lambda01_5ps/3_pentanone/output/Task5_MD_Transition_LIGAnnihilation_2__LIG-SLV.ene,10769,e75fb2e07340e89602b4ae78de73aa399a944b647ede8b0756a620e1feac018b
lambda01,0.1,3-Pentanone,FDPIMTJIUBPUKL-UHFFFAOYSA-N,energy,lig,/home/galoren/Freecurve_AI_Solvation/results/physics_probes/pimd2_lambda01_5ps/3_pentanone/output/Task5_MD_Transition_LIGAnnihilation_2__LIG.ene,25647,c9bf34467a2cc306813a316ac8215c5c73a28af1a0da86ef96865a4fa790a86e
lambda01,0.1,3-Pentanone,FDPIMTJIUBPUKL-UHFFFAOYSA-N,energy,system,/home/galoren/Freecurve_AI_Solvation/results/physics_probes/pimd2_lambda01_5ps/3_pentanone/output/Task5_MD_Transition_LIGAnnihilation_2__SYSTEM.ene,22350,e2d93da899af8ef18c49366aef4021f95c91f186028b9ae4f354443456d94f19
lambda01,0.1,3-methyl-indole,ZFRKQXVRDFCRJG-UHFFFAOYSA-N,conf.xml,,/home/galoren/Freecurve_AI_Solvation/results/physics_probes/pimd2_lambda01_5ps/3_methyl_indole/conf.xml,15541,386fc5427e3aff195c53dce2eca67de79cdff89ae52b7158cf0ffad56b7587d1
lambda01,0.1,3-methyl-indole,ZFRKQXVRDFCRJG-UHFFFAOYSA-N,console.txt,,/home/galoren/Freecurve_AI_Solvation/results/physics_probes/pimd2_lambda01_5ps/3_methyl_indole/console.txt,43997,4398c69ce8bb264a31f9cdafba534f1c4d54ad7ee907ce95c18465ac13603833
lambda01,0.1,3-methyl-indole,ZFRKQXVRDFCRJG-UHFFFAOYSA-N,timing.json,,/home/galoren/Freecurve_AI_Solvation/results/physics_probes/pimd2_lambda01_5ps/3_methyl_indole/timing.json,380,c513833c3bab02876f59a0dc910a8d0b8f30f7772ea5df9fe8ed1958c3f8d18d
lambda01,0.1,3-methyl-indole,ZFRKQXVRDFCRJG-UHFFFAOYSA-N,energy,lig_slv,/home/galoren/Freecurve_AI_Solvation/results/physics_probes/pimd2_lambda01_5ps/3_methyl_indole/output/Task5_MD_Transition_LIGAnnihilation_2__LIG-SLV.ene,10769,cddbfdedabe8509a6d4f78e70730aea645e1cbcc4159ddcf2ce89ac3a1316985
lambda01,0.1,3-methyl-indole,ZFRKQXVRDFCRJG-UHFFFAOYSA-N,energy,lig,/home/galoren/Freecurve_AI_Solvation/results/physics_probes/pimd2_lambda01_5ps/3_methyl_indole/output/Task5_MD_Transition_LIGAnnihilation_2__LIG.ene,25677,0c2545ff7673c7e1b2e60eb69643a52d13d3e6ae08464384429550c1e0d5f59c
lambda01,0.1,3-methyl-indole,ZFRKQXVRDFCRJG-UHFFFAOYSA-N,energy,system,/home/galoren/Freecurve_AI_Solvation/results/physics_probes/pimd2_lambda01_5ps/3_methyl_indole/output/Task5_MD_Transition_LIGAnnihilation_2__SYSTEM.ene,22311,ec1febd3ec08ccb47896ca7073a1426e646a2cf6547738fb8fcedfa92d5404ab
lambda01,0.1,Acetamide,DLFVBJFMPXGRIB-UHFFFAOYSA-N,conf.xml,,/home/galoren/Freecurve_AI_Solvation/results/physics_probes/pimd2_lambda01_5ps/acetamide/conf.xml,15504,1dbba4c111196a941171f9fa77f1f727c422e70d41f90531c0fa0d640b7c7b0c
lambda01,0.1,Acetamide,DLFVBJFMPXGRIB-UHFFFAOYSA-N,console.txt,,/home/galoren/Freecurve_AI_Solvation/results/physics_probes/pimd2_lambda01_5ps/acetamide/console.txt,40371,abf95c9d14a787ed10fc691d8b48128322d198b4afd5cd47743201b61b5cea64
lambda01,0.1,Acetamide,DLFVBJFMPXGRIB-UHFFFAOYSA-N,timing.json,,/home/galoren/Freecurve_AI_Solvation/results/physics_probes/pimd2_lambda01_5ps/acetamide/timing.json,367,d9f2e430701397f012e8d804b4702dda088037c8071599e068eda56f78589f94
lambda01,0.1,Acetamide,DLFVBJFMPXGRIB-UHFFFAOYSA-N,energy,lig_slv,/home/galoren/Freecurve_AI_Solvation/results/physics_probes/pimd2_lambda01_5ps/acetamide/output/Task5_MD_Transition_LIGAnnihilation_2__LIG-SLV.ene,10769,3cc0665c6bd498bd4f49b56f36b43713d7bb3dfd9302a81374be115eb8fc1e5b
lambda01,0.1,Acetamide,DLFVBJFMPXGRIB-UHFFFAOYSA-N,energy,lig,/home/galoren/Freecurve_AI_Solvation/results/physics_probes/pimd2_lambda01_5ps/acetamide/output/Task5_MD_Transition_LIGAnnihilation_2__LIG.ene,25733,31ee19e804ee724f752cf63fc84c0c81146706210986860840657d8b7155ccc1
lambda01,0.1,Acetamide,DLFVBJFMPXGRIB-UHFFFAOYSA-N,energy,system,/home/galoren/Freecurve_AI_Solvation/results/physics_probes/pimd2_lambda01_5ps/acetamide/output/Task5_MD_Transition_LIGAnnihilation_2__SYSTEM.ene,22293,b5d1fdc7ba2899160f07d915d88a5c080495b311661b081726000296887fa4ff
lambda01,0.1,AceticAcid,QTBSBXVTEAMEQO-UHFFFAOYSA-N,conf.xml,,/home/galoren/Freecurve_AI_Solvation/results/physics_probes/pimd2_lambda01_5ps/aceticacid/conf.xml,15510,9b2e28f6d55c472ae7c94624a60bcd1e34eeff361ca1e9b0ab2dff4e48d8a05a
lambda01,0.1,AceticAcid,QTBSBXVTEAMEQO-UHFFFAOYSA-N,console.txt,,/home/galoren/Freecurve_AI_Solvation/results/physics_probes/pimd2_lambda01_5ps/aceticacid/console.txt,40373,d04cae679699eb244a9ebd00b54493154871536e47658eab283ab19c173cfda8
lambda01,0.1,AceticAcid,QTBSBXVTEAMEQO-UHFFFAOYSA-N,timing.json,,/home/galoren/Freecurve_AI_Solvation/results/physics_probes/pimd2_lambda01_5ps/aceticacid/timing.json,370,0efc5d68c6802953cdd4ea6ed31f778dfdd860564a2273c86bec22aa2599358f
lambda01,0.1,AceticAcid,QTBSBXVTEAMEQO-UHFFFAOYSA-N,energy,lig_slv,/home/galoren/Freecurve_AI_Solvation/results/physics_probes/pimd2_lambda01_5ps/aceticacid/output/Task5_MD_Transition_LIGAnnihilation_2__LIG-SLV.ene,10769,dd6f94508a22c61b6c40842c6440626a2378c9d33b19229535df0fff22b568e1
lambda01,0.1,AceticAcid,QTBSBXVTEAMEQO-UHFFFAOYSA-N,energy,lig,/home/galoren/Freecurve_AI_Solvation/results/physics_probes/pimd2_lambda01_5ps/aceticacid/output/Task5_MD_Transition_LIGAnnihilation_2__LIG.ene,25691,4ea6281587e5888a9868b35471c5d266bf8d328342d9f044044accc97165caf5
lambda01,0.1,AceticAcid,QTBSBXVTEAMEQO-UHFFFAOYSA-N,energy,system,/home/galoren/Freecurve_AI_Solvation/results/physics_probes/pimd2_lambda01_5ps/aceticacid/output/Task5_MD_Transition_LIGAnnihilation_2__SYSTEM.ene,22303,dd63b628fde4fabef7b651f7b5c0d498a4575115aedaefa621c6a818d20cf543
lambda01,0.1,Acetone,CSCPPACGZOOCGX-UHFFFAOYSA-N,conf.xml,,/home/galoren/Freecurve_AI_Solvation/results/physics_probes/pimd2_lambda01_5ps/acetone/conf.xml,15493,b235e3cdca997d132179b42b586e7971d581ee49a6675a578b5604922d53cfd8
lambda01,0.1,Acetone,CSCPPACGZOOCGX-UHFFFAOYSA-N,console.txt,,/home/galoren/Freecurve_AI_Solvation/results/physics_probes/pimd2_lambda01_5ps/acetone/console.txt,39156,360506069e9dbb10f389102be1c36d274b89af8792a69d7d36b84677559334dc
lambda01,0.1,Acetone,CSCPPACGZOOCGX-UHFFFAOYSA-N,timing.json,,/home/galoren/Freecurve_AI_Solvation/results/physics_probes/pimd2_lambda01_5ps/acetone/timing.json,364,43b316f2c21541057cf191601bcbb8c0ccbbde238ef10df824bedabfc197fbef
lambda01,0.1,Acetone,CSCPPACGZOOCGX-UHFFFAOYSA-N,energy,lig_slv,/home/galoren/Freecurve_AI_Solvation/results/physics_probes/pimd2_lambda01_5ps/acetone/output/Task5_MD_Transition_LIGAnnihilation_2__LIG-SLV.ene,10769,f8d09283471c3fe2ac4a53de3ce3c56d9726912ec4985450579e0cdf80371cc5
lambda01,0.1,Acetone,CSCPPACGZOOCGX-UHFFFAOYSA-N,energy,lig,/home/galoren/Freecurve_AI_Solvation/results/physics_probes/pimd2_lambda01_5ps/acetone/output/Task5_MD_Transition_LIGAnnihilation_2__LIG.ene,25635,db8196104d1644ff16faf1d76e59dfabce8884ecbc34e9e481f7aaaa13992a4d
lambda01,0.1,Acetone,CSCPPACGZOOCGX-UHFFFAOYSA-N,energy,system,/home/galoren/Freecurve_AI_Solvation/results/physics_probes/pimd2_lambda01_5ps/acetone/output/Task5_MD_Transition_LIGAnnihilation_2__SYSTEM.ene,22317,0681e4393be4c55ffdfe034790bb9d23a31be5d7e2563fa5594300773d940116
lambda01,0.1,Aniline,PAYRUJLWNCNPSJ-UHFFFAOYSA-N,conf.xml,,/home/galoren/Freecurve_AI_Solvation/results/physics_probes/pimd2_lambda01_5ps/aniline/conf.xml,15493,a6f8aa6bafc09977c97874dfea67d893de608566bedd50c29779a2358b6a3118
lambda01,0.1,Aniline,PAYRUJLWNCNPSJ-UHFFFAOYSA-N,console.txt,,/home/galoren/Freecurve_AI_Solvation/results/physics_probes/pimd2_lambda01_5ps/aniline/console.txt,40364,393cb7b197462df30d27845539b5558055d48dd02a9c5cd26d212feca8365615
lambda01,0.1,Aniline,PAYRUJLWNCNPSJ-UHFFFAOYSA-N,timing.json,,/home/galoren/Freecurve_AI_Solvation/results/physics_probes/pimd2_lambda01_5ps/aniline/timing.json,365,644e01fd012cd66bad114d838dad73c736d55d623489622e5197513fffdf4648
lambda01,0.1,Aniline,PAYRUJLWNCNPSJ-UHFFFAOYSA-N,energy,lig_slv,/home/galoren/Freecurve_AI_Solvation/results/physics_probes/pimd2_lambda01_5ps/aniline/output/Task5_MD_Transition_LIGAnnihilation_2__LIG-SLV.ene,10769,43ac463962b49d45e3844a8b5c80e568415df7c1ac88dc0c96323220fb6a9517
lambda01,0.1,Aniline,PAYRUJLWNCNPSJ-UHFFFAOYSA-N,energy,lig,/home/galoren/Freecurve_AI_Solvation/results/physics_probes/pimd2_lambda01_5ps/aniline/output/Task5_MD_Transition_LIGAnnihilation_2__LIG.ene,25650,261b5969d784a1fad7861bb9708bf1fed7d9106a481c81dfe5f9a79520833266
lambda01,0.1,Aniline,PAYRUJLWNCNPSJ-UHFFFAOYSA-N,energy,system,/home/galoren/Freecurve_AI_Solvation/results/physics_probes/pimd2_lambda01_5ps/aniline/output/Task5_MD_Transition_LIGAnnihilation_2__SYSTEM.ene,22327,f14343528fec401654edc577d1d119bed2c34741e05ddd146c6ef743df47fd1f
lambda01,0.1,Anthracene,MWPLVEDNUUSJAV-UHFFFAOYSA-N,conf.xml,,/home/galoren/Freecurve_AI_Solvation/results/physics_probes/pimd2_lambda01_5ps/anthracene/conf.xml,15510,b7228c23fbb6b70e82a27aaabc87dc15c724ccb329e680d21a1033e0adc4d004
lambda01,0.1,Anthracene,MWPLVEDNUUSJAV-UHFFFAOYSA-N,console.txt,,/home/galoren/Freecurve_AI_Solvation/results/physics_probes/pimd2_lambda01_5ps/anthracene/console.txt,39174,5543acab6eac0086fe7de79ce43a594f953741ede37322db4223d232d6640c6d
lambda01,0.1,Anthracene,MWPLVEDNUUSJAV-UHFFFAOYSA-N,timing.json,,/home/galoren/Freecurve_AI_Solvation/results/physics_probes/pimd2_lambda01_5ps/anthracene/timing.json,370,72e082724e39c914d8d1d0fd7ad5fd6714a8742a5227ab30dd3bf628a71eacb3
lambda01,0.1,Anthracene,MWPLVEDNUUSJAV-UHFFFAOYSA-N,energy,lig_slv,/home/galoren/Freecurve_AI_Solvation/results/physics_probes/pimd2_lambda01_5ps/anthracene/output/Task5_MD_Transition_LIGAnnihilation_2__LIG-SLV.ene,10769,a1416c0f5e007e6022c7b664768f4b63315c14cad1632f9cd3d50174660ad33b
lambda01,0.1,Anthracene,MWPLVEDNUUSJAV-UHFFFAOYSA-N,energy,lig,/home/galoren/Freecurve_AI_Solvation/results/physics_probes/pimd2_lambda01_5ps/anthracene/output/Task5_MD_Transition_LIGAnnihilation_2__LIG.ene,25661,d32ced2e5c4a4d8077c60ecf489d4bebae03c81c950952b056893ec677d46cfc
lambda01,0.1,Anthracene,MWPLVEDNUUSJAV-UHFFFAOYSA-N,energy,system,/home/galoren/Freecurve_AI_Solvation/results/physics_probes/pimd2_lambda01_5ps/anthracene/output/Task5_MD_Transition_LIGAnnihilation_2__SYSTEM.ene,22318,f6bf9892502ff4a7a47beb0837cbf8550e6dad8cc65fd16cad2ddfa22d3fbe8f
lambda01,0.1,Benzene,UHOVQNZJYSORNB-UHFFFAOYSA-N,conf.xml,,/home/galoren/Freecurve_AI_Solvation/results/physics_probes/pimd2_lambda01_5ps/benzene/conf.xml,15493,01ddb27017158bd14e48902c56149bc851d6c7b15e05eb3df1af5e8678a9c1c5
lambda01,0.1,Benzene,UHOVQNZJYSORNB-UHFFFAOYSA-N,console.txt,,/home/galoren/Freecurve_AI_Solvation/results/physics_probes/pimd2_lambda01_5ps/benzene/console.txt,39148,80c01480d8109c8d56bc43e25abfd03ef207e8977e8f0298ed8bfe1d9afab4df
lambda01,0.1,Benzene,UHOVQNZJYSORNB-UHFFFAOYSA-N,timing.json,,/home/galoren/Freecurve_AI_Solvation/results/physics_probes/pimd2_lambda01_5ps/benzene/timing.json,365,da65ad72418edf38cfd269b14f2beb10df04afec3056698e808469391af71321
lambda01,0.1,Benzene,UHOVQNZJYSORNB-UHFFFAOYSA-N,energy,lig_slv,/home/galoren/Freecurve_AI_Solvation/results/physics_probes/pimd2_lambda01_5ps/benzene/output/Task5_MD_Transition_LIGAnnihilation_2__LIG-SLV.ene,10769,ff00480c499a445cb9016d9862e7e6d329a52bd7f9b0c6b60010f0b8c8f4291a
lambda01,0.1,Benzene,UHOVQNZJYSORNB-UHFFFAOYSA-N,energy,lig,/home/galoren/Freecurve_AI_Solvation/results/physics_probes/pimd2_lambda01_5ps/benzene/output/Task5_MD_Transition_LIGAnnihilation_2__LIG.ene,25644,92483933c0d45a4a0a0ac0c002b7269569e6fe34f822ad8d2cecdd348ad1d729
lambda01,0.1,Benzene,UHOVQNZJYSORNB-UHFFFAOYSA-N,energy,system,/home/galoren/Freecurve_AI_Solvation/results/physics_probes/pimd2_lambda01_5ps/benzene/output/Task5_MD_Transition_LIGAnnihilation_2__SYSTEM.ene,22319,75f958125f1327eed5a33fe0d02f391fa1a434035dbba9f437b6098eeb43323c
lambda01,0.1,Biphenyl,ZUOUZKKEUPVFJK-UHFFFAOYSA-N,conf.xml,,/home/galoren/Freecurve_AI_Solvation/results/physics_probes/pimd2_lambda01_5ps/biphenyl/conf.xml,15498,a3ca8dc1ed3a5f3817fe3727c95b94310e72196c76c58fb177863e2740d6fc88
lambda01,0.1,Biphenyl,ZUOUZKKEUPVFJK-UHFFFAOYSA-N,console.txt,,/home/galoren/Freecurve_AI_Solvation/results/physics_probes/pimd2_lambda01_5ps/biphenyl/console.txt,40203,d300117d304aa5f19aecd9f460f7be82b424828246b79e3d2fdbfe63ab340043
lambda01,0.1,Biphenyl,ZUOUZKKEUPVFJK-UHFFFAOYSA-N,timing.json,,/home/galoren/Freecurve_AI_Solvation/results/physics_probes/pimd2_lambda01_5ps/biphenyl/timing.json,367,9682a3fc8b80c3ebce2881e553e20fae01b87d8a2d295c53eda99dfac112f06a
lambda01,0.1,Biphenyl,ZUOUZKKEUPVFJK-UHFFFAOYSA-N,energy,lig_slv,/home/galoren/Freecurve_AI_Solvation/results/physics_probes/pimd2_lambda01_5ps/biphenyl/output/Task5_MD_Transition_LIGAnnihilation_2__LIG-SLV.ene,10769,50c4faa6146130077b97d7124bb09f0f8b4f39ef6ca34594ea34f873beba07c7
lambda01,0.1,Biphenyl,ZUOUZKKEUPVFJK-UHFFFAOYSA-N,energy,lig,/home/galoren/Freecurve_AI_Solvation/results/physics_probes/pimd2_lambda01_5ps/biphenyl/output/Task5_MD_Transition_LIGAnnihilation_2__LIG.ene,25654,e616e14612bd43bc1a9a605926e0f9d0e31a23041d0f52a0397b8916044d51d9
lambda01,0.1,Biphenyl,ZUOUZKKEUPVFJK-UHFFFAOYSA-N,energy,system,/home/galoren/Freecurve_AI_Solvation/results/physics_probes/pimd2_lambda01_5ps/biphenyl/output/Task5_MD_Transition_LIGAnnihilation_2__SYSTEM.ene,22318,912720327a89804bf266000f755025082b0e5c2c07a4f99ede35849fc9924e48
lambda01,0.1,But-1-ene,VXNZUUAINFGPBY-UHFFFAOYSA-N,conf.xml,,/home/galoren/Freecurve_AI_Solvation/results/physics_probes/pimd2_lambda01_5ps/but_1_ene/conf.xml,15504,7b46f93ee07baed0cc5932daff45aa0c69eb5ba055f751ae190b2d17c6ba09f6
lambda01,0.1,But-1-ene,VXNZUUAINFGPBY-UHFFFAOYSA-N,console.txt,,/home/galoren/Freecurve_AI_Solvation/results/physics_probes/pimd2_lambda01_5ps/but_1_ene/console.txt,41944,759ad3bf8be0517438fbe6fc9457876dbfc3de34fe8367a56715a4522e035430
lambda01,0.1,But-1-ene,VXNZUUAINFGPBY-UHFFFAOYSA-N,timing.json,,/home/galoren/Freecurve_AI_Solvation/results/physics_probes/pimd2_lambda01_5ps/but_1_ene/timing.json,368,598c531dd614dda76a4e1bb467e11b477ca3c88dac624ba966c69cf9faa62ad5
lambda01,0.1,But-1-ene,VXNZUUAINFGPBY-UHFFFAOYSA-N,energy,lig_slv,/home/galoren/Freecurve_AI_Solvation/results/physics_probes/pimd2_lambda01_5ps/but_1_ene/output/Task5_MD_Transition_LIGAnnihilation_2__LIG-SLV.ene,10771,8fe3f16d011c3cce00a2491826c0dab893eeffb4509f2e4d72e1ff75ecb984d1
lambda01,0.1,But-1-ene,VXNZUUAINFGPBY-UHFFFAOYSA-N,energy,lig,/home/galoren/Freecurve_AI_Solvation/results/physics_probes/pimd2_lambda01_5ps/but_1_ene/output/Task5_MD_Transition_LIGAnnihilation_2__LIG.ene,25667,a837492b286b7ef40211425d59aba8707a8169e8a9c31b9979abb5cb371626b0
lambda01,0.1,But-1-ene,VXNZUUAINFGPBY-UHFFFAOYSA-N,energy,system,/home/galoren/Freecurve_AI_Solvation/results/physics_probes/pimd2_lambda01_5ps/but_1_ene/output/Task5_MD_Transition_LIGAnnihilation_2__SYSTEM.ene,22318,e8a7db75fdea8fad0818c0b42a1260be761a5974da002517b9e1011b2e406721
lambda01,0.1,Buta-13-diene,KAKZBPTYRLMSJV-UHFFFAOYSA-N,conf.xml,,/home/galoren/Freecurve_AI_Solvation/results/physics_probes/pimd2_lambda01_5ps/buta_13_diene/conf.xml,15528,920d7e81665af202653647733df762fbd4b9e13e27009e3c45f8bc5e85c28493
lambda01,0.1,Buta-13-diene,KAKZBPTYRLMSJV-UHFFFAOYSA-N,console.txt,,/home/galoren/Freecurve_AI_Solvation/results/physics_probes/pimd2_lambda01_5ps/buta_13_diene/console.txt,39183,a4d8672da36cbcbaa957f1ab02e8bae4b6c3300a8ed240505f59b118874887ba
lambda01,0.1,Buta-13-diene,KAKZBPTYRLMSJV-UHFFFAOYSA-N,timing.json,,/home/galoren/Freecurve_AI_Solvation/results/physics_probes/pimd2_lambda01_5ps/buta_13_diene/timing.json,376,a2f56c876f1d3dde37d9842fc27b9b10183545c71dc8667f96ead32a0d1c6b1d
lambda01,0.1,Buta-13-diene,KAKZBPTYRLMSJV-UHFFFAOYSA-N,energy,lig_slv,/home/galoren/Freecurve_AI_Solvation/results/physics_probes/pimd2_lambda01_5ps/buta_13_diene/output/Task5_MD_Transition_LIGAnnihilation_2__LIG-SLV.ene,10771,2dfd39cbc96239e342007c8041b563cef630be350367cd2fb5ebbdd4694ad809
lambda01,0.1,Buta-13-diene,KAKZBPTYRLMSJV-UHFFFAOYSA-N,energy,lig,/home/galoren/Freecurve_AI_Solvation/results/physics_probes/pimd2_lambda01_5ps/buta_13_diene/output/Task5_MD_Transition_LIGAnnihilation_2__LIG.ene,25662,120b2e8e53a9fc40416478057e42dfe504e1e4ea1d16911ebe01cf33b0c516f9
lambda01,0.1,Buta-13-diene,KAKZBPTYRLMSJV-UHFFFAOYSA-N,energy,system,/home/galoren/Freecurve_AI_Solvation/results/physics_probes/pimd2_lambda01_5ps/buta_13_diene/output/Task5_MD_Transition_LIGAnnihilation_2__SYSTEM.ene,22325,ddf76757ce04325dac0840ed02b9dc0e8d14d9cef3c83c10e90de4902bc5ce1e
lambda01,0.1,Butane,IJDNQMDRQITEOD-UHFFFAOYSA-N,conf.xml,,/home/galoren/Freecurve_AI_Solvation/results/physics_probes/pimd2_lambda01_5ps/butane/conf.xml,15486,5ddaee432b4c0551e57454de7a84a3f417abae1638935654e86aa97e0d65ecd1
lambda01,0.1,Butane,IJDNQMDRQITEOD-UHFFFAOYSA-N,console.txt,,/home/galoren/Freecurve_AI_Solvation/results/physics_probes/pimd2_lambda01_5ps/butane/console.txt,40384,ee44e44ac0801fd7c1470cb025570709da1c4cb88f5ae1634b1f159f74f2c669
lambda01,0.1,Butane,IJDNQMDRQITEOD-UHFFFAOYSA-N,timing.json,,/home/galoren/Freecurve_AI_Solvation/results/physics_probes/pimd2_lambda01_5ps/butane/timing.json,362,66f9aa9faa49f8e727c63fe96143ad17aa2d00202de67148fff04b8e04f37a35
lambda01,0.1,Butane,IJDNQMDRQITEOD-UHFFFAOYSA-N,energy,lig_slv,/home/galoren/Freecurve_AI_Solvation/results/physics_probes/pimd2_lambda01_5ps/butane/output/Task5_MD_Transition_LIGAnnihilation_2__LIG-SLV.ene,10770,547f6af21d7c7da6ecbcd13851cb5d0c2b272d554b10bd36c50b3bdbff1ea6ce
lambda01,0.1,Butane,IJDNQMDRQITEOD-UHFFFAOYSA-N,energy,lig,/home/galoren/Freecurve_AI_Solvation/results/physics_probes/pimd2_lambda01_5ps/butane/output/Task5_MD_Transition_LIGAnnihilation_2__LIG.ene,25662,2278adbd093bcc79521fcddcf08e066e78c3f2a01eb7cfe2ee89621546649bec
lambda01,0.1,Butane,IJDNQMDRQITEOD-UHFFFAOYSA-N,energy,system,/home/galoren/Freecurve_AI_Solvation/results/physics_probes/pimd2_lambda01_5ps/butane/output/Task5_MD_Transition_LIGAnnihilation_2__SYSTEM.ene,22322,178d442fd22467875901e19ad83e7be090d23f2b141f5ba970803785158968f7
lambda01,0.1,ButylAcetate,DKPFZGUDAPQIHT-UHFFFAOYSA-N,conf.xml,,/home/galoren/Freecurve_AI_Solvation/results/physics_probes/pimd2_lambda01_5ps/butylacetate/conf.xml,15522,d9ad1add8ee90779a9fb35b7a3cf98705b06628e6d3e31529f3b56b7a0ea3571
lambda01,0.1,ButylAcetate,DKPFZGUDAPQIHT-UHFFFAOYSA-N,console.txt,,/home/galoren/Freecurve_AI_Solvation/results/physics_probes/pimd2_lambda01_5ps/butylacetate/console.txt,40378,bae1608aaea8bdd745e2ddf99040f115849287b4fd672f463d1e80639b848d53
lambda01,0.1,ButylAcetate,DKPFZGUDAPQIHT-UHFFFAOYSA-N,timing.json,,/home/galoren/Freecurve_AI_Solvation/results/physics_probes/pimd2_lambda01_5ps/butylacetate/timing.json,374,fc88a6646e7e3d76fb182abab76ee3dc72d4cfee672135cea5a0b169571b1d0c
lambda01,0.1,ButylAcetate,DKPFZGUDAPQIHT-UHFFFAOYSA-N,energy,lig_slv,/home/galoren/Freecurve_AI_Solvation/results/physics_probes/pimd2_lambda01_5ps/butylacetate/output/Task5_MD_Transition_LIGAnnihilation_2__LIG-SLV.ene,10769,c95ada6ac756fd7f2ace78166ca58d9b4cb9fbb2214cc044851b73fa83090b53
lambda01,0.1,ButylAcetate,DKPFZGUDAPQIHT-UHFFFAOYSA-N,energy,lig,/home/galoren/Freecurve_AI_Solvation/results/physics_probes/pimd2_lambda01_5ps/butylacetate/output/Task5_MD_Transition_LIGAnnihilation_2__LIG.ene,25632,e9002e2d3c30fa6703fb93c2a5ca9bba1fe78665da6ea3c22f0d0d08e5eaa9a5
lambda01,0.1,ButylAcetate,DKPFZGUDAPQIHT-UHFFFAOYSA-N,energy,system,/home/galoren/Freecurve_AI_Solvation/results/physics_probes/pimd2_lambda01_5ps/butylacetate/output/Task5_MD_Transition_LIGAnnihilation_2__SYSTEM.ene,22352,9bf43a91cd7612e6d1bfcb9f36d61000f4638c36afc5596c7c01bbdc2b46e923
lambda01,0.1,Cycloheptane,DMEGYFMYUHOHGS-UHFFFAOYSA-N,conf.xml,,/home/galoren/Freecurve_AI_Solvation/results/physics_probes/pimd2_lambda01_5ps/cycloheptane/conf.xml,15523,59ae5e4b4602cfbc8666a332d229ba734795f9933cb8725bf5c198c7e4ff3b4b
lambda01,0.1,Cycloheptane,DMEGYFMYUHOHGS-UHFFFAOYSA-N,console.txt,,/home/galoren/Freecurve_AI_Solvation/results/physics_probes/pimd2_lambda01_5ps/cycloheptane/console.txt,39245,4fa3d31511df437c5f9260d718104daf6c7efc75bba6e8540aa3f35651cd4a87
lambda01,0.1,Cycloheptane,DMEGYFMYUHOHGS-UHFFFAOYSA-N,timing.json,,/home/galoren/Freecurve_AI_Solvation/results/physics_probes/pimd2_lambda01_5ps/cycloheptane/timing.json,375,a7a2be81cb3c7a6636b14af110dd3fe0d32ded410825055a80fb7bdcc48254a1
lambda01,0.1,Cycloheptane,DMEGYFMYUHOHGS-UHFFFAOYSA-N,energy,lig_slv,/home/galoren/Freecurve_AI_Solvation/results/physics_probes/pimd2_lambda01_5ps/cycloheptane/output/Task5_MD_Transition_LIGAnnihilation_2__LIG-SLV.ene,10769,9190a70c9bc2a5188164e205c1547c604933e3e0727799e1f9abc9e2ff527231
lambda01,0.1,Cycloheptane,DMEGYFMYUHOHGS-UHFFFAOYSA-N,energy,lig,/home/galoren/Freecurve_AI_Solvation/results/physics_probes/pimd2_lambda01_5ps/cycloheptane/output/Task5_MD_Transition_LIGAnnihilation_2__LIG.ene,25661,a6b5a2ad30bc2928d9dfd3efe6d7479ca6c02baa9ca01b431beaeddc723928b2
lambda01,0.1,Cycloheptane,DMEGYFMYUHOHGS-UHFFFAOYSA-N,energy,system,/home/galoren/Freecurve_AI_Solvation/results/physics_probes/pimd2_lambda01_5ps/cycloheptane/output/Task5_MD_Transition_LIGAnnihilation_2__SYSTEM.ene,22324,5602c917eb6cd04bfdf22321a5d6fc7b42630bcf915faee9fb5f0ef7713f196a
lambda01,0.1,Cyclohexane,XDTMQSROBMDMFD-UHFFFAOYSA-N,conf.xml,,/home/galoren/Freecurve_AI_Solvation/results/physics_probes/pimd2_lambda01_5ps/cyclohexane/conf.xml,15516,9f41ea067c2a9101acd49afca631526862538b4054eda6294303b4e98ca63427
lambda01,0.1,Cyclohexane,XDTMQSROBMDMFD-UHFFFAOYSA-N,console.txt,,/home/galoren/Freecurve_AI_Solvation/results/physics_probes/pimd2_lambda01_5ps/cyclohexane/console.txt,39217,4975ce3b0fcdc9cacf3c67ee37fc7ecc50cd62756d8027485b00489da3da16c2
lambda01,0.1,Cyclohexane,XDTMQSROBMDMFD-UHFFFAOYSA-N,timing.json,,/home/galoren/Freecurve_AI_Solvation/results/physics_probes/pimd2_lambda01_5ps/cyclohexane/timing.json,372,bb02e7c6aa9bf3604c1df15611d716048d667937683646b5ca6bdee03e0b325d
lambda01,0.1,Cyclohexane,XDTMQSROBMDMFD-UHFFFAOYSA-N,energy,lig_slv,/home/galoren/Freecurve_AI_Solvation/results/physics_probes/pimd2_lambda01_5ps/cyclohexane/output/Task5_MD_Transition_LIGAnnihilation_2__LIG-SLV.ene,10770,662f8eb9c50dc826356e4b0ff340451afe75225343eafb2b009b9d04cbdd4467
lambda01,0.1,Cyclohexane,XDTMQSROBMDMFD-UHFFFAOYSA-N,energy,lig,/home/galoren/Freecurve_AI_Solvation/results/physics_probes/pimd2_lambda01_5ps/cyclohexane/output/Task5_MD_Transition_LIGAnnihilation_2__LIG.ene,25663,5d7669513270ee46172df70d8d441321bdee459a4a2f6815574b450e8e7acf59
lambda01,0.1,Cyclohexane,XDTMQSROBMDMFD-UHFFFAOYSA-N,energy,system,/home/galoren/Freecurve_AI_Solvation/results/physics_probes/pimd2_lambda01_5ps/cyclohexane/output/Task5_MD_Transition_LIGAnnihilation_2__SYSTEM.ene,22316,e687a015b8ba0380dfd39ec7407bf022748066f5c7bcd3a8822507fe838a318f
lambda01,0.1,Cyclopentane,RGSFGYAAUTVSQA-UHFFFAOYSA-N,conf.xml,,/home/galoren/Freecurve_AI_Solvation/results/physics_probes/pimd2_lambda01_5ps/cyclopentane/conf.xml,15523,d47897c28108cfca7c988068c90948a074df5676f566587a3a6a7b94923faa20
lambda01,0.1,Cyclopentane,RGSFGYAAUTVSQA-UHFFFAOYSA-N,console.txt,,/home/galoren/Freecurve_AI_Solvation/results/physics_probes/pimd2_lambda01_5ps/cyclopentane/console.txt,39242,728315914bcf768fccc3cb98e91c88efcc9c36349e6bec9f6bac32d379e39a04
lambda01,0.1,Cyclopentane,RGSFGYAAUTVSQA-UHFFFAOYSA-N,timing.json,,/home/galoren/Freecurve_AI_Solvation/results/physics_probes/pimd2_lambda01_5ps/cyclopentane/timing.json,374,7b89ef62e0857b208510c61529f7cb31ac7d026168004364cbc19d3d68486d80
lambda01,0.1,Cyclopentane,RGSFGYAAUTVSQA-UHFFFAOYSA-N,energy,lig_slv,/home/galoren/Freecurve_AI_Solvation/results/physics_probes/pimd2_lambda01_5ps/cyclopentane/output/Task5_MD_Transition_LIGAnnihilation_2__LIG-SLV.ene,10774,354d3edac71c3c15e34d60592b8fdb45a3f1d229267a1d25b1c51f81e9bbf047
lambda01,0.1,Cyclopentane,RGSFGYAAUTVSQA-UHFFFAOYSA-N,energy,lig,/home/galoren/Freecurve_AI_Solvation/results/physics_probes/pimd2_lambda01_5ps/cyclopentane/output/Task5_MD_Transition_LIGAnnihilation_2__LIG.ene,25670,69bbbc93efbdc96033923fb7b9b19c2ec68b9f8fbb1bd6070da58da169915bd7
lambda01,0.1,Cyclopentane,RGSFGYAAUTVSQA-UHFFFAOYSA-N,energy,system,/home/galoren/Freecurve_AI_Solvation/results/physics_probes/pimd2_lambda01_5ps/cyclopentane/output/Task5_MD_Transition_LIGAnnihilation_2__SYSTEM.ene,22326,3b678bb686789153dfc9939e9fa9a8e0e1abf9f324be2deb05ef35c307bc6699
lambda01,0.1,Cyclopropane,LVZWSLJZHVFIQJ-UHFFFAOYSA-N,conf.xml,,/home/galoren/Freecurve_AI_Solvation/results/physics_probes/pimd2_lambda01_5ps/cyclopropane/conf.xml,15522,52b88c511f48a97eca3c7b48bd10e38999dc86d720d87935d701f98a8140b838
lambda01,0.1,Cyclopropane,LVZWSLJZHVFIQJ-UHFFFAOYSA-N,console.txt,,/home/galoren/Freecurve_AI_Solvation/results/physics_probes/pimd2_lambda01_5ps/cyclopropane/console.txt,39246,44e4e93638999b1d075334f510c34a58b9b35da335e17d8321dd9a43050d9593
lambda01,0.1,Cyclopropane,LVZWSLJZHVFIQJ-UHFFFAOYSA-N,timing.json,,/home/galoren/Freecurve_AI_Solvation/results/physics_probes/pimd2_lambda01_5ps/cyclopropane/timing.json,374,856932371fb2c24e6d3aaf0e4582aa5326dd9c9f2711cb23f0c99acd2143d196
lambda01,0.1,Cyclopropane,LVZWSLJZHVFIQJ-UHFFFAOYSA-N,energy,lig_slv,/home/galoren/Freecurve_AI_Solvation/results/physics_probes/pimd2_lambda01_5ps/cyclopropane/output/Task5_MD_Transition_LIGAnnihilation_2__LIG-SLV.ene,10775,677b0e3bad1d84b9711a8ae8eee901181f229465b712be475baa9034fc9b6635
lambda01,0.1,Cyclopropane,LVZWSLJZHVFIQJ-UHFFFAOYSA-N,energy,lig,/home/galoren/Freecurve_AI_Solvation/results/physics_probes/pimd2_lambda01_5ps/cyclopropane/output/Task5_MD_Transition_LIGAnnihilation_2__LIG.ene,25663,6c099ecae755a9432173565b3418f92f84639431c506ab02761749aaf058e4d8
lambda01,0.1,Cyclopropane,LVZWSLJZHVFIQJ-UHFFFAOYSA-N,energy,system,/home/galoren/Freecurve_AI_Solvation/results/physics_probes/pimd2_lambda01_5ps/cyclopropane/output/Task5_MD_Transition_LIGAnnihilation_2__SYSTEM.ene,22335,1b3ee274ca246d21cce04ab1ae6ac244a68144b7eeb1d0a86093f3ed691a41e1
lambda01,0.1,DiEthylSulfide,LJSQFQKUNVCTIA-UHFFFAOYSA-N,conf.xml,,/home/galoren/Freecurve_AI_Solvation/results/physics_probes/pimd2_lambda01_5ps/diethylsulfide/conf.xml,15535,d9645ea9b39e8202beb7006dda5a164b50f6ebf07a3068a5dd853ae188f417b0
lambda01,0.1,DiEthylSulfide,LJSQFQKUNVCTIA-UHFFFAOYSA-N,console.txt,,/home/galoren/Freecurve_AI_Solvation/results/physics_probes/pimd2_lambda01_5ps/diethylsulfide/console.txt,40446,6448ced75357a96745d160d60dbbf52f35ac50d9a96efa5a784efe1dc145a321
lambda01,0.1,DiEthylSulfide,LJSQFQKUNVCTIA-UHFFFAOYSA-N,timing.json,,/home/galoren/Freecurve_AI_Solvation/results/physics_probes/pimd2_lambda01_5ps/diethylsulfide/timing.json,379,c29546ad006931eedc0dafd42bd1d74a5a3788ba325dffbd06b9be6179f4bffc
lambda01,0.1,DiEthylSulfide,LJSQFQKUNVCTIA-UHFFFAOYSA-N,energy,lig_slv,/home/galoren/Freecurve_AI_Solvation/results/physics_probes/pimd2_lambda01_5ps/diethylsulfide/output/Task5_MD_Transition_LIGAnnihilation_2__LIG-SLV.ene,10769,37d4124c7738adce909e76c9468e878c29dec1cc1f5bed614e53558077b8c930
lambda01,0.1,DiEthylSulfide,LJSQFQKUNVCTIA-UHFFFAOYSA-N,energy,lig,/home/galoren/Freecurve_AI_Solvation/results/physics_probes/pimd2_lambda01_5ps/diethylsulfide/output/Task5_MD_Transition_LIGAnnihilation_2__LIG.ene,25662,0f88423933d24c6cbd6d0fad1c98243ca84a708c450981ede936a6756dc93f7d
lambda01,0.1,DiEthylSulfide,LJSQFQKUNVCTIA-UHFFFAOYSA-N,energy,system,/home/galoren/Freecurve_AI_Solvation/results/physics_probes/pimd2_lambda01_5ps/diethylsulfide/output/Task5_MD_Transition_LIGAnnihilation_2__SYSTEM.ene,22316,9fc242fe021377a41bfeb063547644cf95d192949c061e452494561013095a9d
lambda01,0.1,DiMethylAcetamide,FXHOOIRPVKKKFG-UHFFFAOYSA-N,conf.xml,,/home/galoren/Freecurve_AI_Solvation/results/physics_probes/pimd2_lambda01_5ps/dimethylacetamide/conf.xml,15552,bb2f2eceb6da314d2ee8d07f0a379e06962298bc5581a37ecc292a6f38766d86
lambda01,0.1,DiMethylAcetamide,FXHOOIRPVKKKFG-UHFFFAOYSA-N,console.txt,,/home/galoren/Freecurve_AI_Solvation/results/physics_probes/pimd2_lambda01_5ps/dimethylacetamide/console.txt,39227,acf88ae94a478080039c174c507b2982b39375e8eaae7576541fbf9a006d4ccd
lambda01,0.1,DiMethylAcetamide,FXHOOIRPVKKKFG-UHFFFAOYSA-N,timing.json,,/home/galoren/Freecurve_AI_Solvation/results/physics_probes/pimd2_lambda01_5ps/dimethylacetamide/timing.json,384,0b74dae7ed11b1ea96837f9d56e98655dfb61c03596b5b73d0040e49e14caac5
lambda01,0.1,DiMethylAcetamide,FXHOOIRPVKKKFG-UHFFFAOYSA-N,energy,lig_slv,/home/galoren/Freecurve_AI_Solvation/results/physics_probes/pimd2_lambda01_5ps/dimethylacetamide/output/Task5_MD_Transition_LIGAnnihilation_2__LIG-SLV.ene,10769,900e486995e68c9553475b90bef22c6910dddc7f0931b726b686734eb1bce040
lambda01,0.1,DiMethylAcetamide,FXHOOIRPVKKKFG-UHFFFAOYSA-N,energy,lig,/home/galoren/Freecurve_AI_Solvation/results/physics_probes/pimd2_lambda01_5ps/dimethylacetamide/output/Task5_MD_Transition_LIGAnnihilation_2__LIG.ene,25660,695cb9c53b133ab2c895018f80cfa980a623dae6a18c671222152484b51e5c00
lambda01,0.1,DiMethylAcetamide,FXHOOIRPVKKKFG-UHFFFAOYSA-N,energy,system,/home/galoren/Freecurve_AI_Solvation/results/physics_probes/pimd2_lambda01_5ps/dimethylacetamide/output/Task5_MD_Transition_LIGAnnihilation_2__SYSTEM.ene,22341,a6d0a1f48d85f5fc7a401a5dd490150b2f854e0f30c853157ecf7f3979936611
lambda01,0.1,DiMethylEther,LCGLNKUTAGEVQW-UHFFFAOYSA-N,conf.xml,,/home/galoren/Freecurve_AI_Solvation/results/physics_probes/pimd2_lambda01_5ps/dimethylether/conf.xml,15528,34ab710b023612dd8f9fff93417f3a4929936ac08f7d849e2318dcbd53f9b389
lambda01,0.1,DiMethylEther,LCGLNKUTAGEVQW-UHFFFAOYSA-N,console.txt,,/home/galoren/Freecurve_AI_Solvation/results/physics_probes/pimd2_lambda01_5ps/dimethylether/console.txt,39246,bb9e9303c0049f933f75064476491cb20ee9a55330ae34a339707c5dabb706ed
lambda01,0.1,DiMethylEther,LCGLNKUTAGEVQW-UHFFFAOYSA-N,timing.json,,/home/galoren/Freecurve_AI_Solvation/results/physics_probes/pimd2_lambda01_5ps/dimethylether/timing.json,376,46ef7da312be19cebe502bc0509650e334269a5a6adceae379c21d957548f631
lambda01,0.1,DiMethylEther,LCGLNKUTAGEVQW-UHFFFAOYSA-N,energy,lig_slv,/home/galoren/Freecurve_AI_Solvation/results/physics_probes/pimd2_lambda01_5ps/dimethylether/output/Task5_MD_Transition_LIGAnnihilation_2__LIG-SLV.ene,10769,993083ebc5857c00954dbcbb1969c297546fcdeffdf6558874f00b0832c32653
lambda01,0.1,DiMethylEther,LCGLNKUTAGEVQW-UHFFFAOYSA-N,energy,lig,/home/galoren/Freecurve_AI_Solvation/results/physics_probes/pimd2_lambda01_5ps/dimethylether/output/Task5_MD_Transition_LIGAnnihilation_2__LIG.ene,25669,7725259ff3ea57dc0f95cc1b1fd96c630f1aa94932ce2daaa188f1c17494ad3d
lambda01,0.1,DiMethylEther,LCGLNKUTAGEVQW-UHFFFAOYSA-N,energy,system,/home/galoren/Freecurve_AI_Solvation/results/physics_probes/pimd2_lambda01_5ps/dimethylether/output/Task5_MD_Transition_LIGAnnihilation_2__SYSTEM.ene,22325,f1805c484355982587869fa80fcebc8b2bee289090da08b2d640326384eb1dab
lambda01,0.1,DiMethylSulfide,QMMFVYPAHWMCMS-UHFFFAOYSA-N,conf.xml,,/home/galoren/Freecurve_AI_Solvation/results/physics_probes/pimd2_lambda01_5ps/dimethylsulfide/conf.xml,15540,a3c9adfa5883a4d8c3b5474b466a35c30251d7d5da64c55ddba2172b60d1d443
lambda01,0.1,DiMethylSulfide,QMMFVYPAHWMCMS-UHFFFAOYSA-N,console.txt,,/home/galoren/Freecurve_AI_Solvation/results/physics_probes/pimd2_lambda01_5ps/dimethylsulfide/console.txt,39259,c615013ee7c9c8896a71b352407658161e5f4477e040985fc706097fd9972c06
lambda01,0.1,DiMethylSulfide,QMMFVYPAHWMCMS-UHFFFAOYSA-N,timing.json,,/home/galoren/Freecurve_AI_Solvation/results/physics_probes/pimd2_lambda01_5ps/dimethylsulfide/timing.json,380,22726c1023cb87fd709d2535b979d8fcf5c94d4e361bf4b1d252d3b97d4d793c
lambda01,0.1,DiMethylSulfide,QMMFVYPAHWMCMS-UHFFFAOYSA-N,energy,lig_slv,/home/galoren/Freecurve_AI_Solvation/results/physics_probes/pimd2_lambda01_5ps/dimethylsulfide/output/Task5_MD_Transition_LIGAnnihilation_2__LIG-SLV.ene,10769,c7413e9522e9f4cab2487c25a6d60160f363099d49d1bacf1e815a046c9ba5d6
lambda01,0.1,DiMethylSulfide,QMMFVYPAHWMCMS-UHFFFAOYSA-N,energy,lig,/home/galoren/Freecurve_AI_Solvation/results/physics_probes/pimd2_lambda01_5ps/dimethylsulfide/output/Task5_MD_Transition_LIGAnnihilation_2__LIG.ene,25670,247aab6d273683611852b3a86ded47d78e3b6b053133713e93a676e7c849f43c
lambda01,0.1,DiMethylSulfide,QMMFVYPAHWMCMS-UHFFFAOYSA-N,energy,system,/home/galoren/Freecurve_AI_Solvation/results/physics_probes/pimd2_lambda01_5ps/dimethylsulfide/output/Task5_MD_Transition_LIGAnnihilation_2__SYSTEM.ene,22348,0996425cf19ef51cc82af3912b3ffeccb66faa7b77bf5eff5c11d6308ea15eb1
lambda01,0.1,DiethylEther,RTZKZFJDLAIYFH-UHFFFAOYSA-N,conf.xml,,/home/galoren/Freecurve_AI_Solvation/results/physics_probes/pimd2_lambda01_5ps/diethylether/conf.xml,15522,67ec4c52afbf1e957a76347375cb56cdbab7175b6f85dbd27b0703ccc7e0a877
lambda01,0.1,DiethylEther,RTZKZFJDLAIYFH-UHFFFAOYSA-N,console.txt,,/home/galoren/Freecurve_AI_Solvation/results/physics_probes/pimd2_lambda01_5ps/diethylether/console.txt,6758,779f37e740ce6e5e7dd36e7887e2708f3fd76dc00f28f32b25cf6d32de4a55a0
lambda01,0.1,DiethylEther,RTZKZFJDLAIYFH-UHFFFAOYSA-N,timing.json,,/home/galoren/Freecurve_AI_Solvation/results/physics_probes/pimd2_lambda01_5ps/diethylether/timing.json,377,5f58ee7d9ceefb0497ef9728e19aea95d1f12c6a2cf04f57a41831e6d91fca69
lambda01,0.1,DimethylDisulfide,WQOXQRCZOLPYPM-UHFFFAOYSA-N,conf.xml,,/home/galoren/Freecurve_AI_Solvation/results/physics_probes/pimd2_lambda01_5ps/dimethyldisulfide/conf.xml,15553,e88c2196784448dedb83fdee2ca260937d49b9a4ba2d80f6ee12aa0de9458291
lambda01,0.1,DimethylDisulfide,WQOXQRCZOLPYPM-UHFFFAOYSA-N,console.txt,,/home/galoren/Freecurve_AI_Solvation/results/physics_probes/pimd2_lambda01_5ps/dimethyldisulfide/console.txt,39270,23c319541806db8359d743f8091588e5541895b2a1f0a94475ecbb61c075a34c
lambda01,0.1,DimethylDisulfide,WQOXQRCZOLPYPM-UHFFFAOYSA-N,timing.json,,/home/galoren/Freecurve_AI_Solvation/results/physics_probes/pimd2_lambda01_5ps/dimethyldisulfide/timing.json,384,9cc215bebf163ed4230d12f9fe6c5ba45c0af821eb61718c030476ddc6d7069c
lambda01,0.1,DimethylDisulfide,WQOXQRCZOLPYPM-UHFFFAOYSA-N,energy,lig_slv,/home/galoren/Freecurve_AI_Solvation/results/physics_probes/pimd2_lambda01_5ps/dimethyldisulfide/output/Task5_MD_Transition_LIGAnnihilation_2__LIG-SLV.ene,10769,c37bf97608412228421d27644285a91d3349222fa1939ef0272a86035556960b
lambda01,0.1,DimethylDisulfide,WQOXQRCZOLPYPM-UHFFFAOYSA-N,energy,lig,/home/galoren/Freecurve_AI_Solvation/results/physics_probes/pimd2_lambda01_5ps/dimethyldisulfide/output/Task5_MD_Transition_LIGAnnihilation_2__LIG.ene,25697,d55f73e36718fbe2534fc2a03d6b022d330423d4d0791d49beb72d7f53ba4e12
lambda01,0.1,DimethylDisulfide,WQOXQRCZOLPYPM-UHFFFAOYSA-N,energy,system,/home/galoren/Freecurve_AI_Solvation/results/physics_probes/pimd2_lambda01_5ps/dimethyldisulfide/output/Task5_MD_Transition_LIGAnnihilation_2__SYSTEM.ene,22340,d72f4187aa299993be8decfcbcdc9ef342bc883991e5ec6d9329ecf09d361df7
lambda01,0.1,Ethane,OTMSDBZUPAUEDD-UHFFFAOYSA-N,conf.xml,,/home/galoren/Freecurve_AI_Solvation/results/physics_probes/pimd2_lambda01_5ps/ethane/conf.xml,15487,a6aabc3a8d35447c01151bd4c7cc7de5c91794d189196a11e9f9ab4250029d5a
lambda01,0.1,Ethane,OTMSDBZUPAUEDD-UHFFFAOYSA-N,console.txt,,/home/galoren/Freecurve_AI_Solvation/results/physics_probes/pimd2_lambda01_5ps/ethane/console.txt,39186,b55019a9d8734e2d72a99d3266c3651d7a6d9a1239a7f25066b905a1ef67c81d
lambda01,0.1,Ethane,OTMSDBZUPAUEDD-UHFFFAOYSA-N,timing.json,,/home/galoren/Freecurve_AI_Solvation/results/physics_probes/pimd2_lambda01_5ps/ethane/timing.json,360,19ade7a75e4a45fed14568965bd89a9a1b0794481a38b0b57e6d0970449daeff
lambda01,0.1,Ethane,OTMSDBZUPAUEDD-UHFFFAOYSA-N,energy,lig_slv,/home/galoren/Freecurve_AI_Solvation/results/physics_probes/pimd2_lambda01_5ps/ethane/output/Task5_MD_Transition_LIGAnnihilation_2__LIG-SLV.ene,10771,facf65e907603400dfed78ac9b7cda54a7f6bb51545494278dc2caae23f8c8ec
lambda01,0.1,Ethane,OTMSDBZUPAUEDD-UHFFFAOYSA-N,energy,lig,/home/galoren/Freecurve_AI_Solvation/results/physics_probes/pimd2_lambda01_5ps/ethane/output/Task5_MD_Transition_LIGAnnihilation_2__LIG.ene,25649,8a624e9f7ac57590d1246e5c6994d8e8f0596e058d3c95f51eb38e9e81d6b3a3
lambda01,0.1,Ethane,OTMSDBZUPAUEDD-UHFFFAOYSA-N,energy,system,/home/galoren/Freecurve_AI_Solvation/results/physics_probes/pimd2_lambda01_5ps/ethane/output/Task5_MD_Transition_LIGAnnihilation_2__SYSTEM.ene,22324,01a115c2ad445596c7475bc42a3e7d75342fb1af7d0043377c50a98242fed3b8
lambda01,0.1,EthaneThiol,DNJIEGIFACGWOD-UHFFFAOYSA-N,conf.xml,,/home/galoren/Freecurve_AI_Solvation/results/physics_probes/pimd2_lambda01_5ps/ethanethiol/conf.xml,15516,99798e0d0b8f636a9f9f24988126dfd73425ea0306f89e9de6bba3837bd9b3a3
lambda01,0.1,EthaneThiol,DNJIEGIFACGWOD-UHFFFAOYSA-N,console.txt,,/home/galoren/Freecurve_AI_Solvation/results/physics_probes/pimd2_lambda01_5ps/ethanethiol/console.txt,42002,638e2e508cd5130eb5f704931963ff6c31769a5d16df2cbb435e8cf920886f0a
lambda01,0.1,EthaneThiol,DNJIEGIFACGWOD-UHFFFAOYSA-N,timing.json,,/home/galoren/Freecurve_AI_Solvation/results/physics_probes/pimd2_lambda01_5ps/ethanethiol/timing.json,371,f9f667a52fabbb6d1ff5cd58681e9270e621822a997854effcf70966a45688da
lambda01,0.1,EthaneThiol,DNJIEGIFACGWOD-UHFFFAOYSA-N,energy,lig_slv,/home/galoren/Freecurve_AI_Solvation/results/physics_probes/pimd2_lambda01_5ps/ethanethiol/output/Task5_MD_Transition_LIGAnnihilation_2__LIG-SLV.ene,10769,857663067667475d6023fa646e7d0e8b08ceb2ac6bbf55eb78a9ec4a75b2170f
lambda01,0.1,EthaneThiol,DNJIEGIFACGWOD-UHFFFAOYSA-N,energy,lig,/home/galoren/Freecurve_AI_Solvation/results/physics_probes/pimd2_lambda01_5ps/ethanethiol/output/Task5_MD_Transition_LIGAnnihilation_2__LIG.ene,25641,988f3d022d05d36d2c2108f93fd2895137b9ef18eb8b1b7c8f322b4323eee512
lambda01,0.1,EthaneThiol,DNJIEGIFACGWOD-UHFFFAOYSA-N,energy,system,/home/galoren/Freecurve_AI_Solvation/results/physics_probes/pimd2_lambda01_5ps/ethanethiol/output/Task5_MD_Transition_LIGAnnihilation_2__SYSTEM.ene,22341,27090038d0a23af050c5a6c9b601db80fc749fae77787bc75342b84cdddd4cd8
lambda01,0.1,Ethanol,LFQSCWFLJHTTHZ-UHFFFAOYSA-N,conf.xml,,/home/galoren/Freecurve_AI_Solvation/results/physics_probes/pimd2_lambda01_5ps/ethanol/conf.xml,15493,b7c5b390a56eb95360b67cf25cb3f9a349599d32f70bcc8a9a07989fc205fde4
lambda01,0.1,Ethanol,LFQSCWFLJHTTHZ-UHFFFAOYSA-N,console.txt,,/home/galoren/Freecurve_AI_Solvation/results/physics_probes/pimd2_lambda01_5ps/ethanol/console.txt,40393,3392a8b6f2208e6e217bbe707b94d91538b9111827392fd495a6c0d8834b83b4
lambda01,0.1,Ethanol,LFQSCWFLJHTTHZ-UHFFFAOYSA-N,timing.json,,/home/galoren/Freecurve_AI_Solvation/results/physics_probes/pimd2_lambda01_5ps/ethanol/timing.json,364,f305f1e3672e6b84ce7d1285119dedf3c5977b58feee14b17177e9b2c4a8efea
lambda01,0.1,Ethanol,LFQSCWFLJHTTHZ-UHFFFAOYSA-N,energy,lig_slv,/home/galoren/Freecurve_AI_Solvation/results/physics_probes/pimd2_lambda01_5ps/ethanol/output/Task5_MD_Transition_LIGAnnihilation_2__LIG-SLV.ene,10769,4355c632bb93a3e5acdc857882dd2d192ac40f709bf9d73711d039bcca4bdb8f
lambda01,0.1,Ethanol,LFQSCWFLJHTTHZ-UHFFFAOYSA-N,energy,lig,/home/galoren/Freecurve_AI_Solvation/results/physics_probes/pimd2_lambda01_5ps/ethanol/output/Task5_MD_Transition_LIGAnnihilation_2__LIG.ene,25657,d75ba4731ef6ca2d6cd30210658b5e3d3bc336bf94b4ed0c811eab277e8ce577
lambda01,0.1,Ethanol,LFQSCWFLJHTTHZ-UHFFFAOYSA-N,energy,system,/home/galoren/Freecurve_AI_Solvation/results/physics_probes/pimd2_lambda01_5ps/ethanol/output/Task5_MD_Transition_LIGAnnihilation_2__SYSTEM.ene,22308,1b38b501b474872ea6bd0b71e6f812fe72852eee62ff7fe30cc8c5dc68c114dc
lambda01,0.1,Ethene,VGGSQFUCUMXWEO-UHFFFAOYSA-N,conf.xml,,/home/galoren/Freecurve_AI_Solvation/results/physics_probes/pimd2_lambda01_5ps/ethene/conf.xml,15486,f6ce7db534003c0562f4ca6fdf4bc25c15485e73a2b2679383ca50ccad80ee10
lambda01,0.1,Ethene,VGGSQFUCUMXWEO-UHFFFAOYSA-N,console.txt,,/home/galoren/Freecurve_AI_Solvation/results/physics_probes/pimd2_lambda01_5ps/ethene/console.txt,39137,eaa684a8ca25c3a0f684c56d6fb5ea8dccfd1c8fa9a7ac4810dd6b2b8f9d99c1
lambda01,0.1,Ethene,VGGSQFUCUMXWEO-UHFFFAOYSA-N,timing.json,,/home/galoren/Freecurve_AI_Solvation/results/physics_probes/pimd2_lambda01_5ps/ethene/timing.json,362,5e4d4fe9807a24a06ffcb676f2bc739a0767399907ebed012a65b9dc383be882
lambda01,0.1,Ethene,VGGSQFUCUMXWEO-UHFFFAOYSA-N,energy,lig_slv,/home/galoren/Freecurve_AI_Solvation/results/physics_probes/pimd2_lambda01_5ps/ethene/output/Task5_MD_Transition_LIGAnnihilation_2__LIG-SLV.ene,10772,28801f726293b1aacf2d09287417e4e523f2bca7c19a4a9c61135987c08a9cc7
lambda01,0.1,Ethene,VGGSQFUCUMXWEO-UHFFFAOYSA-N,energy,lig,/home/galoren/Freecurve_AI_Solvation/results/physics_probes/pimd2_lambda01_5ps/ethene/output/Task5_MD_Transition_LIGAnnihilation_2__LIG.ene,25644,38dc4ced0463a3bef6ccf669bf128091c6a4c978c340561a0c0f5088c0d9ab06
lambda01,0.1,Ethene,VGGSQFUCUMXWEO-UHFFFAOYSA-N,energy,system,/home/galoren/Freecurve_AI_Solvation/results/physics_probes/pimd2_lambda01_5ps/ethene/output/Task5_MD_Transition_LIGAnnihilation_2__SYSTEM.ene,22326,7f1263cacedbf93dcd79741bbb7a92cd8866b0c550d4f97bcaa1e213b08b8d52
lambda01,0.1,EthylAcetate,XEKOWRVHYACXOJ-UHFFFAOYSA-N,conf.xml,,/home/galoren/Freecurve_AI_Solvation/results/physics_probes/pimd2_lambda01_5ps/ethylacetate/conf.xml,15521,44096d871eea3d3f034cba9ff5b2f40d1756aa851705d2f7caa6eac62e206b16
lambda01,0.1,EthylAcetate,XEKOWRVHYACXOJ-UHFFFAOYSA-N,console.txt,,/home/galoren/Freecurve_AI_Solvation/results/physics_probes/pimd2_lambda01_5ps/ethylacetate/console.txt,40380,f3acd93e6d538eaa6dce9867e853d6989527d399433f41dd8badd288314ea1ac
lambda01,0.1,EthylAcetate,XEKOWRVHYACXOJ-UHFFFAOYSA-N,timing.json,,/home/galoren/Freecurve_AI_Solvation/results/physics_probes/pimd2_lambda01_5ps/ethylacetate/timing.json,374,0d80e5df90c05e8e98bea2e040b642bfc1fb72497a1c2971b47f756337cdcaf7
lambda01,0.1,EthylAcetate,XEKOWRVHYACXOJ-UHFFFAOYSA-N,energy,lig_slv,/home/galoren/Freecurve_AI_Solvation/results/physics_probes/pimd2_lambda01_5ps/ethylacetate/output/Task5_MD_Transition_LIGAnnihilation_2__LIG-SLV.ene,10769,68a58835c64c055840bafb71c815db946122c12f86ebd1099faee66e4e2df547
lambda01,0.1,EthylAcetate,XEKOWRVHYACXOJ-UHFFFAOYSA-N,energy,lig,/home/galoren/Freecurve_AI_Solvation/results/physics_probes/pimd2_lambda01_5ps/ethylacetate/output/Task5_MD_Transition_LIGAnnihilation_2__LIG.ene,25635,57729298657470ae2fd0101fe90cef313a525c39cfb84bd4350c6eda5aae51ba
lambda01,0.1,EthylAcetate,XEKOWRVHYACXOJ-UHFFFAOYSA-N,energy,system,/home/galoren/Freecurve_AI_Solvation/results/physics_probes/pimd2_lambda01_5ps/ethylacetate/output/Task5_MD_Transition_LIGAnnihilation_2__SYSTEM.ene,22348,0e501753fb07ae636466e59dc6b9223db115d60174549dae78fa43cd7d139082
lambda01,0.1,EthylMethylSulfide,WXEHBUMAEPOYKP-UHFFFAOYSA-N,conf.xml,,/home/galoren/Freecurve_AI_Solvation/results/physics_probes/pimd2_lambda01_5ps/ethylmethylsulfide/conf.xml,15558,6b2a6e1acd7ebb07db684a0a812f748e1ae94f4eba1e2990814beeb6db2fec5d
lambda01,0.1,EthylMethylSulfide,WXEHBUMAEPOYKP-UHFFFAOYSA-N,console.txt,,/home/galoren/Freecurve_AI_Solvation/results/physics_probes/pimd2_lambda01_5ps/ethylmethylsulfide/console.txt,40471,f7d8e6f7677ad8956e11d14a2672e58f32ccc30d4d704bbc57bb9d2ad4a8f5b1
lambda01,0.1,EthylMethylSulfide,WXEHBUMAEPOYKP-UHFFFAOYSA-N,timing.json,,/home/galoren/Freecurve_AI_Solvation/results/physics_probes/pimd2_lambda01_5ps/ethylmethylsulfide/timing.json,385,a5322f67d217497b9b8f45dd8c60e386fcab3ce77c09ce5513111eba2510415a
lambda01,0.1,EthylMethylSulfide,WXEHBUMAEPOYKP-UHFFFAOYSA-N,energy,lig_slv,/home/galoren/Freecurve_AI_Solvation/results/physics_probes/pimd2_lambda01_5ps/ethylmethylsulfide/output/Task5_MD_Transition_LIGAnnihilation_2__LIG-SLV.ene,10769,9d06308beb331cec3bf7ab504ee3dcff6c8da76e7a8cb4f64fa116582b230025
lambda01,0.1,EthylMethylSulfide,WXEHBUMAEPOYKP-UHFFFAOYSA-N,energy,lig,/home/galoren/Freecurve_AI_Solvation/results/physics_probes/pimd2_lambda01_5ps/ethylmethylsulfide/output/Task5_MD_Transition_LIGAnnihilation_2__LIG.ene,25645,60726097dc98b779d148afe782fd4ebff262128cdd971e5250307d6412679896
lambda01,0.1,EthylMethylSulfide,WXEHBUMAEPOYKP-UHFFFAOYSA-N,energy,system,/home/galoren/Freecurve_AI_Solvation/results/physics_probes/pimd2_lambda01_5ps/ethylmethylsulfide/output/Task5_MD_Transition_LIGAnnihilation_2__SYSTEM.ene,22336,a0c19bf8705ac82f9c8037726e631bf9311275eb76969c41449f83e976b0fee9
lambda01,0.1,Hexane,VLKZOEOYAKHREP-UHFFFAOYSA-N,conf.xml,,/home/galoren/Freecurve_AI_Solvation/results/physics_probes/pimd2_lambda01_5ps/hexane/conf.xml,15487,70dc48d3fbe5149e330e6749d4281a91e8a92772a18f05a3e4ea235f168c3196
lambda01,0.1,Hexane,VLKZOEOYAKHREP-UHFFFAOYSA-N,console.txt,,/home/galoren/Freecurve_AI_Solvation/results/physics_probes/pimd2_lambda01_5ps/hexane/console.txt,39188,363a7b2805d39c80e8a6ba460139731e4c047975aec6a027bad44114b992ec14
lambda01,0.1,Hexane,VLKZOEOYAKHREP-UHFFFAOYSA-N,timing.json,,/home/galoren/Freecurve_AI_Solvation/results/physics_probes/pimd2_lambda01_5ps/hexane/timing.json,361,7ffc75d1c56b138149bdf5aa766270393a8e0aa0502fa385e9100e019f90719e
lambda01,0.1,Hexane,VLKZOEOYAKHREP-UHFFFAOYSA-N,energy,lig_slv,/home/galoren/Freecurve_AI_Solvation/results/physics_probes/pimd2_lambda01_5ps/hexane/output/Task5_MD_Transition_LIGAnnihilation_2__LIG-SLV.ene,10769,b84cbd7d6685eeb55643b02aa0b28d35e791ada757679be739b8c11b032ecfb6
lambda01,0.1,Hexane,VLKZOEOYAKHREP-UHFFFAOYSA-N,energy,lig,/home/galoren/Freecurve_AI_Solvation/results/physics_probes/pimd2_lambda01_5ps/hexane/output/Task5_MD_Transition_LIGAnnihilation_2__LIG.ene,25670,8462d7e841dc0c4c1e0c01dcbb637d0835d158c9d6a0542bc704c7a5aa4ab3ae
lambda01,0.1,Hexane,VLKZOEOYAKHREP-UHFFFAOYSA-N,energy,system,/home/galoren/Freecurve_AI_Solvation/results/physics_probes/pimd2_lambda01_5ps/hexane/output/Task5_MD_Transition_LIGAnnihilation_2__SYSTEM.ene,22319,138026d7d3e2c201faad32c760d500c96c31b98bebc45b77543f4dbcdf83162c
lambda01,0.1,Imidazole,RAXXELZNTBOGNW-UHFFFAOYSA-N,conf.xml,,/home/galoren/Freecurve_AI_Solvation/results/physics_probes/pimd2_lambda01_5ps/imidazole/conf.xml,15504,738cd6fe98357c69c7c3edcc19aa2ab0416ed126549fccc53f80232bd2610fc0
lambda01,0.1,Imidazole,RAXXELZNTBOGNW-UHFFFAOYSA-N,console.txt,,/home/galoren/Freecurve_AI_Solvation/results/physics_probes/pimd2_lambda01_5ps/imidazole/console.txt,41976,501e7caef2cf16c7702c6f30840a2d7551d4e86520211b7f6d82670be6091511
lambda01,0.1,Imidazole,RAXXELZNTBOGNW-UHFFFAOYSA-N,timing.json,,/home/galoren/Freecurve_AI_Solvation/results/physics_probes/pimd2_lambda01_5ps/imidazole/timing.json,368,4d32986eb21151896dbdf8d6239e7edf83702f54b3638b9393a2c2d726af252f
lambda01,0.1,Imidazole,RAXXELZNTBOGNW-UHFFFAOYSA-N,energy,lig_slv,/home/galoren/Freecurve_AI_Solvation/results/physics_probes/pimd2_lambda01_5ps/imidazole/output/Task5_MD_Transition_LIGAnnihilation_2__LIG-SLV.ene,10769,3ba901acfbea16aea14df7212f9b84b17335c675b162732fa068e4cabed0d6ae
lambda01,0.1,Imidazole,RAXXELZNTBOGNW-UHFFFAOYSA-N,energy,lig,/home/galoren/Freecurve_AI_Solvation/results/physics_probes/pimd2_lambda01_5ps/imidazole/output/Task5_MD_Transition_LIGAnnihilation_2__LIG.ene,25689,a6a826ab246da60643256be4457243db83349e38d0ecdafb3ade950d17f2b7a7
lambda01,0.1,Imidazole,RAXXELZNTBOGNW-UHFFFAOYSA-N,energy,system,/home/galoren/Freecurve_AI_Solvation/results/physics_probes/pimd2_lambda01_5ps/imidazole/output/Task5_MD_Transition_LIGAnnihilation_2__SYSTEM.ene,22304,464264b5da5f9f220db5077629d074d10d4c5b0dac766956563af1f412f9df8f
lambda01,0.1,Isobutane,NNPPMTNAJDCUHE-UHFFFAOYSA-N,conf.xml,,/home/galoren/Freecurve_AI_Solvation/results/physics_probes/pimd2_lambda01_5ps/isobutane/conf.xml,15504,ac80006cfeecab628706219f1a5c79377a1edea60423c99c31f96a0f7af1f458
lambda01,0.1,Isobutane,NNPPMTNAJDCUHE-UHFFFAOYSA-N,console.txt,,/home/galoren/Freecurve_AI_Solvation/results/physics_probes/pimd2_lambda01_5ps/isobutane/console.txt,39225,bf56d7d22e6ebc78ad271b5b6a3e03340c2e0c08045d214be3a2e7084e0992ff
lambda01,0.1,Isobutane,NNPPMTNAJDCUHE-UHFFFAOYSA-N,timing.json,,/home/galoren/Freecurve_AI_Solvation/results/physics_probes/pimd2_lambda01_5ps/isobutane/timing.json,369,e74741c8bcfcefc020f2acf6f06d008bf90ad4236fd64407d26f6b8b90409e7d
lambda01,0.1,Isobutane,NNPPMTNAJDCUHE-UHFFFAOYSA-N,energy,lig_slv,/home/galoren/Freecurve_AI_Solvation/results/physics_probes/pimd2_lambda01_5ps/isobutane/output/Task5_MD_Transition_LIGAnnihilation_2__LIG-SLV.ene,10769,5af501df273b99a924ed306d3f02967b7d7342e0d1b3d9eb090d9694e3570bd5
lambda01,0.1,Isobutane,NNPPMTNAJDCUHE-UHFFFAOYSA-N,energy,lig,/home/galoren/Freecurve_AI_Solvation/results/physics_probes/pimd2_lambda01_5ps/isobutane/output/Task5_MD_Transition_LIGAnnihilation_2__LIG.ene,25664,e4b22e01ed941ea4bebce00c53b5c56548902d6c644ea90cdc6b20e444619a57
lambda01,0.1,Isobutane,NNPPMTNAJDCUHE-UHFFFAOYSA-N,energy,system,/home/galoren/Freecurve_AI_Solvation/results/physics_probes/pimd2_lambda01_5ps/isobutane/output/Task5_MD_Transition_LIGAnnihilation_2__SYSTEM.ene,22320,51a5eaf4ea5f42651726d443c525f1a7354dd4f20500cd17b618bd3d7a67b4ad
lambda01,0.1,Methane,VNWKTOKETHGBQD-UHFFFAOYSA-N,conf.xml,,/home/galoren/Freecurve_AI_Solvation/results/physics_probes/pimd2_lambda01_5ps/methane/conf.xml,15492,ef7dd03f10b81a4296c7928a1ae225bef799cd07a2a90dd20abf9d4f96354535
lambda01,0.1,Methane,VNWKTOKETHGBQD-UHFFFAOYSA-N,console.txt,,/home/galoren/Freecurve_AI_Solvation/results/physics_probes/pimd2_lambda01_5ps/methane/console.txt,39251,6009f0fa48147b0e4bdbf59935773cb693bebcf6039c25d1093bcac9a2df8bcb
lambda01,0.1,Methane,VNWKTOKETHGBQD-UHFFFAOYSA-N,timing.json,,/home/galoren/Freecurve_AI_Solvation/results/physics_probes/pimd2_lambda01_5ps/methane/timing.json,364,4e91e5b1a5179679df52cb3dd041eae6dfd2744add87798bf8173a04d5707611
lambda01,0.1,Methane,VNWKTOKETHGBQD-UHFFFAOYSA-N,energy,lig_slv,/home/galoren/Freecurve_AI_Solvation/results/physics_probes/pimd2_lambda01_5ps/methane/output/Task5_MD_Transition_LIGAnnihilation_2__LIG-SLV.ene,10776,a04d665fa39cc9831a3fab80e35d4beab0dbc0cc97e8f4af39ad9c9b01e99045
lambda01,0.1,Methane,VNWKTOKETHGBQD-UHFFFAOYSA-N,energy,lig,/home/galoren/Freecurve_AI_Solvation/results/physics_probes/pimd2_lambda01_5ps/methane/output/Task5_MD_Transition_LIGAnnihilation_2__LIG.ene,25623,306bd908a4302c67323f8089709ae2ec7922209e8a868fcd0ec48b82c95aa18f
lambda01,0.1,Methane,VNWKTOKETHGBQD-UHFFFAOYSA-N,energy,system,/home/galoren/Freecurve_AI_Solvation/results/physics_probes/pimd2_lambda01_5ps/methane/output/Task5_MD_Transition_LIGAnnihilation_2__SYSTEM.ene,22308,582f0e1100e3dcadf19aad562ed7c7da906c07ea8a36e9acfb2f63196f468d58
lambda01,0.1,MethaneThiol,LSDPWZHWYPCBBB-UHFFFAOYSA-N,conf.xml,,/home/galoren/Freecurve_AI_Solvation/results/physics_probes/pimd2_lambda01_5ps/methanethiol/conf.xml,15522,4ba920a42a843ce9007009d67a8cd46359421913966cbe4176f4f92d9daa4965
lambda01,0.1,MethaneThiol,LSDPWZHWYPCBBB-UHFFFAOYSA-N,console.txt,,/home/galoren/Freecurve_AI_Solvation/results/physics_probes/pimd2_lambda01_5ps/methanethiol/console.txt,40422,030f059dea6b7b8fc8e994f605610bf0fd7a99e5f64d248a41bef2944b7a5ec4
lambda01,0.1,MethaneThiol,LSDPWZHWYPCBBB-UHFFFAOYSA-N,timing.json,,/home/galoren/Freecurve_AI_Solvation/results/physics_probes/pimd2_lambda01_5ps/methanethiol/timing.json,375,1d055dfa1b9bce5ede3b7479dd193622232d198848241a19994063eef08582e6
lambda01,0.1,MethaneThiol,LSDPWZHWYPCBBB-UHFFFAOYSA-N,energy,lig_slv,/home/galoren/Freecurve_AI_Solvation/results/physics_probes/pimd2_lambda01_5ps/methanethiol/output/Task5_MD_Transition_LIGAnnihilation_2__LIG-SLV.ene,10770,19084926acc453720c43ec923a888472bc77d39c3999d80ba6241ffb211cca96
lambda01,0.1,MethaneThiol,LSDPWZHWYPCBBB-UHFFFAOYSA-N,energy,lig,/home/galoren/Freecurve_AI_Solvation/results/physics_probes/pimd2_lambda01_5ps/methanethiol/output/Task5_MD_Transition_LIGAnnihilation_2__LIG.ene,25680,cc9734658b3e3180865fc37ae010d9be1141173c0b03f91470b04adae3396899
lambda01,0.1,MethaneThiol,LSDPWZHWYPCBBB-UHFFFAOYSA-N,energy,system,/home/galoren/Freecurve_AI_Solvation/results/physics_probes/pimd2_lambda01_5ps/methanethiol/output/Task5_MD_Transition_LIGAnnihilation_2__SYSTEM.ene,22343,9448acd59c1ee60f7db428e3df1d0eea6148a0dce2fa2854390bcd87cbc8faa6
lambda01,0.1,Methanol,OKKJLVBELUTLKV-UHFFFAOYSA-N,conf.xml,,/home/galoren/Freecurve_AI_Solvation/results/physics_probes/pimd2_lambda01_5ps/methanol/conf.xml,15499,210055768a96fd05b19deac6bfd1b505c95c88adbd31bf8a84e00447cfa6491f
lambda01,0.1,Methanol,OKKJLVBELUTLKV-UHFFFAOYSA-N,console.txt,,/home/galoren/Freecurve_AI_Solvation/results/physics_probes/pimd2_lambda01_5ps/methanol/console.txt,40404,9a89dbfa8f52f32839bb3682450ccc8c24363397572efb0a901916d14eee0449
lambda01,0.1,Methanol,OKKJLVBELUTLKV-UHFFFAOYSA-N,timing.json,,/home/galoren/Freecurve_AI_Solvation/results/physics_probes/pimd2_lambda01_5ps/methanol/timing.json,367,54d85187455d6becb26048eecb20d7aa1d65a4809fc5cddd497066050455b19c
lambda01,0.1,Methanol,OKKJLVBELUTLKV-UHFFFAOYSA-N,energy,lig_slv,/home/galoren/Freecurve_AI_Solvation/results/physics_probes/pimd2_lambda01_5ps/methanol/output/Task5_MD_Transition_LIGAnnihilation_2__LIG-SLV.ene,10769,16e59a19eee3c7d1d161ff169867eadf8acd4416a8e65057b59a60708a81c147
lambda01,0.1,Methanol,OKKJLVBELUTLKV-UHFFFAOYSA-N,energy,lig,/home/galoren/Freecurve_AI_Solvation/results/physics_probes/pimd2_lambda01_5ps/methanol/output/Task5_MD_Transition_LIGAnnihilation_2__LIG.ene,25677,ae23d8a613072c8f6808c6422773b183225ff2f63f23cc0e538f827ff1bb3e96
lambda01,0.1,Methanol,OKKJLVBELUTLKV-UHFFFAOYSA-N,energy,system,/home/galoren/Freecurve_AI_Solvation/results/physics_probes/pimd2_lambda01_5ps/methanol/output/Task5_MD_Transition_LIGAnnihilation_2__SYSTEM.ene,22322,4f2c01a61218df20798841c5f35a0e02ffa2a94d3b9b863923271eac202f200b
lambda01,0.1,MethylPropionate,RJUFJBKOKNCXHH-UHFFFAOYSA-N,conf.xml,,/home/galoren/Freecurve_AI_Solvation/results/physics_probes/pimd2_lambda01_5ps/methylpropionate/conf.xml,15546,e3d675e504e7450153cb22b08700da1e0c2d82e620b314414b7a6c00bb958c66
lambda01,0.1,MethylPropionate,RJUFJBKOKNCXHH-UHFFFAOYSA-N,console.txt,,/home/galoren/Freecurve_AI_Solvation/results/physics_probes/pimd2_lambda01_5ps/methylpropionate/console.txt,41492,58fe4865ea990fbac8c86d3ce26905f23b96144a25e43f937bd530e08aad1987
lambda01,0.1,MethylPropionate,RJUFJBKOKNCXHH-UHFFFAOYSA-N,timing.json,,/home/galoren/Freecurve_AI_Solvation/results/physics_probes/pimd2_lambda01_5ps/methylpropionate/timing.json,382,3e75bc478eafbd4ce965a6426d696482c57d05bd5490dfbdf57ab16ec9c06acd
lambda01,0.1,MethylPropionate,RJUFJBKOKNCXHH-UHFFFAOYSA-N,energy,lig_slv,/home/galoren/Freecurve_AI_Solvation/results/physics_probes/pimd2_lambda01_5ps/methylpropionate/output/Task5_MD_Transition_LIGAnnihilation_2__LIG-SLV.ene,10769,301626bcb18584da2e22dc31e2c25e835213f4af9cb5306ee8e9744fe27ec54b
lambda01,0.1,MethylPropionate,RJUFJBKOKNCXHH-UHFFFAOYSA-N,energy,lig,/home/galoren/Freecurve_AI_Solvation/results/physics_probes/pimd2_lambda01_5ps/methylpropionate/output/Task5_MD_Transition_LIGAnnihilation_2__LIG.ene,25632,fba1acfaa5cf3adc0a3f90fc6beb48b0938625989386578a41e4a4b4d805aa35
lambda01,0.1,MethylPropionate,RJUFJBKOKNCXHH-UHFFFAOYSA-N,energy,system,/home/galoren/Freecurve_AI_Solvation/results/physics_probes/pimd2_lambda01_5ps/methylpropionate/output/Task5_MD_Transition_LIGAnnihilation_2__SYSTEM.ene,22351,405ff78f7c58c7fe3e2c12883f63e23b93de0fe43034c869e31f5d4f4d467149
lambda01,0.1,N-Methylacetamide,OHLUUHNLEMFGTQ-UHFFFAOYSA-N,conf.xml,,/home/galoren/Freecurve_AI_Solvation/results/physics_probes/pimd2_lambda01_5ps/n_methylacetamide/conf.xml,15550,004e66e8f75bff3505e8eee6c29df6ddc622b76336ecb591056e1690266fa87d
lambda01,0.1,N-Methylacetamide,OHLUUHNLEMFGTQ-UHFFFAOYSA-N,console.txt,,/home/galoren/Freecurve_AI_Solvation/results/physics_probes/pimd2_lambda01_5ps/n_methylacetamide/console.txt,40426,55d5a18b87d44f688fa9c2f65159d7e9afddbf810f45594abd82e694c01da375
lambda01,0.1,N-Methylacetamide,OHLUUHNLEMFGTQ-UHFFFAOYSA-N,timing.json,,/home/galoren/Freecurve_AI_Solvation/results/physics_probes/pimd2_lambda01_5ps/n_methylacetamide/timing.json,385,d1971109371f26fc89a6929b675f8ab48a8c6c3473aa01be9879ad3c8673d43d
lambda01,0.1,N-Methylacetamide,OHLUUHNLEMFGTQ-UHFFFAOYSA-N,energy,lig_slv,/home/galoren/Freecurve_AI_Solvation/results/physics_probes/pimd2_lambda01_5ps/n_methylacetamide/output/Task5_MD_Transition_LIGAnnihilation_2__LIG-SLV.ene,10769,ec85a33656f7ef47ea9373c69a0948846bd4ef35d3eaf2b57d8df81ed028429e
lambda01,0.1,N-Methylacetamide,OHLUUHNLEMFGTQ-UHFFFAOYSA-N,energy,lig,/home/galoren/Freecurve_AI_Solvation/results/physics_probes/pimd2_lambda01_5ps/n_methylacetamide/output/Task5_MD_Transition_LIGAnnihilation_2__LIG.ene,25709,542baeb520b0e2aeb9cdb71a866a010212d8c59f9586a6c0ce057b5a599d326b
lambda01,0.1,N-Methylacetamide,OHLUUHNLEMFGTQ-UHFFFAOYSA-N,energy,system,/home/galoren/Freecurve_AI_Solvation/results/physics_probes/pimd2_lambda01_5ps/n_methylacetamide/output/Task5_MD_Transition_LIGAnnihilation_2__SYSTEM.ene,22304,96de1aec6378d97835ef4cfaa4d0ad9fc4c5da32a50ee847e9452b607e4abec0
lambda01,0.1,Napthalene,UFWIBTONFRDIAS-UHFFFAOYSA-N,conf.xml,,/home/galoren/Freecurve_AI_Solvation/results/physics_probes/pimd2_lambda01_5ps/napthalene/conf.xml,15510,74bcfcebcd87a16bfc788773dc040fecba7e4943076587ca7a8d86875049a646
lambda01,0.1,Napthalene,UFWIBTONFRDIAS-UHFFFAOYSA-N,console.txt,,/home/galoren/Freecurve_AI_Solvation/results/physics_probes/pimd2_lambda01_5ps/napthalene/console.txt,39179,726a61779c8a445bc2b1a5259c738bd0e405881990fc550c373655880c20bf8a
lambda01,0.1,Napthalene,UFWIBTONFRDIAS-UHFFFAOYSA-N,timing.json,,/home/galoren/Freecurve_AI_Solvation/results/physics_probes/pimd2_lambda01_5ps/napthalene/timing.json,371,98feb0171677f9b752622dff766b356920294f29f576186c362702d037543ba9
lambda01,0.1,Napthalene,UFWIBTONFRDIAS-UHFFFAOYSA-N,energy,lig_slv,/home/galoren/Freecurve_AI_Solvation/results/physics_probes/pimd2_lambda01_5ps/napthalene/output/Task5_MD_Transition_LIGAnnihilation_2__LIG-SLV.ene,10769,43910dceb64a5a36ad424bd66c73513a2eb06c9cabdec35b3392aeea1a6a2681
lambda01,0.1,Napthalene,UFWIBTONFRDIAS-UHFFFAOYSA-N,energy,lig,/home/galoren/Freecurve_AI_Solvation/results/physics_probes/pimd2_lambda01_5ps/napthalene/output/Task5_MD_Transition_LIGAnnihilation_2__LIG.ene,25652,1f8284000f3c620b748c977655e843159feff618f51b42cc097dcdc12e4d8d97
lambda01,0.1,Napthalene,UFWIBTONFRDIAS-UHFFFAOYSA-N,energy,system,/home/galoren/Freecurve_AI_Solvation/results/physics_probes/pimd2_lambda01_5ps/napthalene/output/Task5_MD_Transition_LIGAnnihilation_2__SYSTEM.ene,22310,a826bc5b9f2c1c30b21314c0787f0bb5db8e91b9b29a956ee158d2fc60d8bdc1
lambda01,0.1,NeoPentane,CRSOQBOWXPBRES-UHFFFAOYSA-N,conf.xml,,/home/galoren/Freecurve_AI_Solvation/results/physics_probes/pimd2_lambda01_5ps/neopentane/conf.xml,15510,1703166d524ba422a71608e22779b33bc33fb8c9ce2c0ae7329fa8a42b31e25e
lambda01,0.1,NeoPentane,CRSOQBOWXPBRES-UHFFFAOYSA-N,console.txt,,/home/galoren/Freecurve_AI_Solvation/results/physics_probes/pimd2_lambda01_5ps/neopentane/console.txt,39229,6ac07c50426cab07d528980497b343dbae50e71355d62b4daeda8078a0db981a
lambda01,0.1,NeoPentane,CRSOQBOWXPBRES-UHFFFAOYSA-N,timing.json,,/home/galoren/Freecurve_AI_Solvation/results/physics_probes/pimd2_lambda01_5ps/neopentane/timing.json,371,cfe20d33b63afe3eb753bba9a1b4e87338d0708ac7af10139c18baa68fd478ee
lambda01,0.1,NeoPentane,CRSOQBOWXPBRES-UHFFFAOYSA-N,energy,lig_slv,/home/galoren/Freecurve_AI_Solvation/results/physics_probes/pimd2_lambda01_5ps/neopentane/output/Task5_MD_Transition_LIGAnnihilation_2__LIG-SLV.ene,10771,3534e1741d87727d83a1bb560606a2d22f69c09eea84089af9fa8c79406dc7b7
lambda01,0.1,NeoPentane,CRSOQBOWXPBRES-UHFFFAOYSA-N,energy,lig,/home/galoren/Freecurve_AI_Solvation/results/physics_probes/pimd2_lambda01_5ps/neopentane/output/Task5_MD_Transition_LIGAnnihilation_2__LIG.ene,25663,51251a90157a8ef0567f056cc757748dbddb54038fee4da708e3c67545c2246f
lambda01,0.1,NeoPentane,CRSOQBOWXPBRES-UHFFFAOYSA-N,energy,system,/home/galoren/Freecurve_AI_Solvation/results/physics_probes/pimd2_lambda01_5ps/neopentane/output/Task5_MD_Transition_LIGAnnihilation_2__SYSTEM.ene,22327,6d77eac2fead7f25dee302287799220f344f7b9fd8efe31ef199b431c91595a3
lambda01,0.1,Octane,TVMXDCGIABBOFY-UHFFFAOYSA-N,conf.xml,,/home/galoren/Freecurve_AI_Solvation/results/physics_probes/pimd2_lambda01_5ps/octane/conf.xml,15486,196c9c047975e6f78ad5b76b9e1c204064b8c474aef40c7131f7a181a5404aa6
lambda01,0.1,Octane,TVMXDCGIABBOFY-UHFFFAOYSA-N,console.txt,,/home/galoren/Freecurve_AI_Solvation/results/physics_probes/pimd2_lambda01_5ps/octane/console.txt,39187,46e7fe5ca690662433f638f194807d8902d6c2b0cf0168420a50adae7843cd6d
lambda01,0.1,Octane,TVMXDCGIABBOFY-UHFFFAOYSA-N,timing.json,,/home/galoren/Freecurve_AI_Solvation/results/physics_probes/pimd2_lambda01_5ps/octane/timing.json,363,30c4f0d8a08842d54f626a3d9481a8bd42523a94366abb47e0a65078cc185597
lambda01,0.1,Octane,TVMXDCGIABBOFY-UHFFFAOYSA-N,energy,lig_slv,/home/galoren/Freecurve_AI_Solvation/results/physics_probes/pimd2_lambda01_5ps/octane/output/Task5_MD_Transition_LIGAnnihilation_2__LIG-SLV.ene,10769,528d4ae7b4384af64c90b7b52b8d03e3b39c995e47a5ed903edfcebda6603305
lambda01,0.1,Octane,TVMXDCGIABBOFY-UHFFFAOYSA-N,energy,lig,/home/galoren/Freecurve_AI_Solvation/results/physics_probes/pimd2_lambda01_5ps/octane/output/Task5_MD_Transition_LIGAnnihilation_2__LIG.ene,25660,654b1008b6f1f7db04a707f2a69bdef7c05310340daa2fa8ca6e34f573566fc6
lambda01,0.1,Octane,TVMXDCGIABBOFY-UHFFFAOYSA-N,energy,system,/home/galoren/Freecurve_AI_Solvation/results/physics_probes/pimd2_lambda01_5ps/octane/output/Task5_MD_Transition_LIGAnnihilation_2__SYSTEM.ene,22325,cf99d00f5db19892e06138027fa339be9b6bb007669c6bd22437d04d051a1bfb
lambda01,0.1,Octanol,KBPLFHHGFOOTCA-UHFFFAOYSA-N,conf.xml,,/home/galoren/Freecurve_AI_Solvation/results/physics_probes/pimd2_lambda01_5ps/octanol/conf.xml,15493,cfb387b8511a0afb747c2e086afbc824e87411d7690ec8336a47c6dca9626775
lambda01,0.1,Octanol,KBPLFHHGFOOTCA-UHFFFAOYSA-N,console.txt,,/home/galoren/Freecurve_AI_Solvation/results/physics_probes/pimd2_lambda01_5ps/octanol/console.txt,40394,8b0fa6076fbaf75aa07a607f86f6d51c5c44fbe41bd201aa928af3c47b6bddb3
lambda01,0.1,Octanol,KBPLFHHGFOOTCA-UHFFFAOYSA-N,timing.json,,/home/galoren/Freecurve_AI_Solvation/results/physics_probes/pimd2_lambda01_5ps/octanol/timing.json,363,9d3b845cb3a2f34528ab914ed9c705b334a88733a969301e97d47f53a430fb2d
lambda01,0.1,Octanol,KBPLFHHGFOOTCA-UHFFFAOYSA-N,energy,lig_slv,/home/galoren/Freecurve_AI_Solvation/results/physics_probes/pimd2_lambda01_5ps/octanol/output/Task5_MD_Transition_LIGAnnihilation_2__LIG-SLV.ene,10769,6ce54789ebf5ba83426a841cc0dd94a80ed0dff43cca3b1430e8aafb3816f018
lambda01,0.1,Octanol,KBPLFHHGFOOTCA-UHFFFAOYSA-N,energy,lig,/home/galoren/Freecurve_AI_Solvation/results/physics_probes/pimd2_lambda01_5ps/octanol/output/Task5_MD_Transition_LIGAnnihilation_2__LIG.ene,25666,a26238c1d40c0f80b9d77f6e4ec6ef24c91159f1ad108d6108e46fd21dd79c16
lambda01,0.1,Octanol,KBPLFHHGFOOTCA-UHFFFAOYSA-N,energy,system,/home/galoren/Freecurve_AI_Solvation/results/physics_probes/pimd2_lambda01_5ps/octanol/output/Task5_MD_Transition_LIGAnnihilation_2__SYSTEM.ene,22330,5f968d16484b73ec85381c60d1623cdc21dfaac1972b8efbc725ba87fcdefe05
lambda01,0.1,Pentane,OFBQJSOFQDEBGM-UHFFFAOYSA-N,conf.xml,,/home/galoren/Freecurve_AI_Solvation/results/physics_probes/pimd2_lambda01_5ps/pentane/conf.xml,15492,88854b204b05b64af6d991faea67b56b666d1bd74e5923f74f936262c595eef6
lambda01,0.1,Pentane,OFBQJSOFQDEBGM-UHFFFAOYSA-N,console.txt,,/home/galoren/Freecurve_AI_Solvation/results/physics_probes/pimd2_lambda01_5ps/pentane/console.txt,39208,e52be23b28b1b39a629174dc5078c93de46d7f664f6236c8a1961df1c0445eb2
lambda01,0.1,Pentane,OFBQJSOFQDEBGM-UHFFFAOYSA-N,timing.json,,/home/galoren/Freecurve_AI_Solvation/results/physics_probes/pimd2_lambda01_5ps/pentane/timing.json,365,36636d77f9d3bfc8ffb82d816c4a8d774fa5d7fad76dcfca6d73ebca22ad0953
lambda01,0.1,Pentane,OFBQJSOFQDEBGM-UHFFFAOYSA-N,energy,lig_slv,/home/galoren/Freecurve_AI_Solvation/results/physics_probes/pimd2_lambda01_5ps/pentane/output/Task5_MD_Transition_LIGAnnihilation_2__LIG-SLV.ene,10772,e2de12442dcce5ff57f14465a3179574b39920e707152c0f40a7013a6c01a8c3
lambda01,0.1,Pentane,OFBQJSOFQDEBGM-UHFFFAOYSA-N,energy,lig,/home/galoren/Freecurve_AI_Solvation/results/physics_probes/pimd2_lambda01_5ps/pentane/output/Task5_MD_Transition_LIGAnnihilation_2__LIG.ene,25665,a9ceccd2f0b7e67a35cc2e9b6ae5589ab61f593006c78a5f5184fca86f585d91
lambda01,0.1,Pentane,OFBQJSOFQDEBGM-UHFFFAOYSA-N,energy,system,/home/galoren/Freecurve_AI_Solvation/results/physics_probes/pimd2_lambda01_5ps/pentane/output/Task5_MD_Transition_LIGAnnihilation_2__SYSTEM.ene,22325,d53e280c98dbf64049036503ca33b742569639d4d8651b975f8bb9774dfd0d2b
lambda01,0.1,Phenol,ISWSIDIOOBJBQZ-UHFFFAOYSA-N,conf.xml,,/home/galoren/Freecurve_AI_Solvation/results/physics_probes/pimd2_lambda01_5ps/phenol/conf.xml,15486,987a32b4ba002b859fa7b5d7990822b65f65417223e8c24eb76142028bb45e3f
lambda01,0.1,Phenol,ISWSIDIOOBJBQZ-UHFFFAOYSA-N,console.txt,,/home/galoren/Freecurve_AI_Solvation/results/physics_probes/pimd2_lambda01_5ps/phenol/console.txt,6735,8bf057b5b81c6fedb1ae50634ee95f6046b97eb9283546747c0d296584dc17d7
lambda01,0.1,Phenol,ISWSIDIOOBJBQZ-UHFFFAOYSA-N,timing.json,,/home/galoren/Freecurve_AI_Solvation/results/physics_probes/pimd2_lambda01_5ps/phenol/timing.json,365,95872f84a5d3234c92f118caf50e7bf65470bb46eaebe7036b3585071afbc5c4
lambda01,0.1,Propane,ATUOYWHBWRKTHZ-UHFFFAOYSA-N,conf.xml,,/home/galoren/Freecurve_AI_Solvation/results/physics_probes/pimd2_lambda01_5ps/propane/conf.xml,15493,1f61a85dd456d53affdb46f5784841d27de428fb2378d2c938da4e36d927be96
lambda01,0.1,Propane,ATUOYWHBWRKTHZ-UHFFFAOYSA-N,console.txt,,/home/galoren/Freecurve_AI_Solvation/results/physics_probes/pimd2_lambda01_5ps/propane/console.txt,39210,efc5493337ec4ca58cdc19342824f7fd10ea8d3ab80ece64c2e4f33832b9fea0
lambda01,0.1,Propane,ATUOYWHBWRKTHZ-UHFFFAOYSA-N,timing.json,,/home/galoren/Freecurve_AI_Solvation/results/physics_probes/pimd2_lambda01_5ps/propane/timing.json,365,58c7fe1185e500636e21379e23f5ab41f92e92ba6c0b273bc38516126770b394
lambda01,0.1,Propane,ATUOYWHBWRKTHZ-UHFFFAOYSA-N,energy,lig_slv,/home/galoren/Freecurve_AI_Solvation/results/physics_probes/pimd2_lambda01_5ps/propane/output/Task5_MD_Transition_LIGAnnihilation_2__LIG-SLV.ene,10773,90776039ac564131860523e616821a899a13bc08ec0a166dd9c80f502f5a53cb
lambda01,0.1,Propane,ATUOYWHBWRKTHZ-UHFFFAOYSA-N,energy,lig,/home/galoren/Freecurve_AI_Solvation/results/physics_probes/pimd2_lambda01_5ps/propane/output/Task5_MD_Transition_LIGAnnihilation_2__LIG.ene,25653,20049d23d7950925114def006eb1c3e6c2563feb981c78e461f278a8d452f973
lambda01,0.1,Propane,ATUOYWHBWRKTHZ-UHFFFAOYSA-N,energy,system,/home/galoren/Freecurve_AI_Solvation/results/physics_probes/pimd2_lambda01_5ps/propane/output/Task5_MD_Transition_LIGAnnihilation_2__SYSTEM.ene,22321,977db1a582eeaaa884b45e966d85c6b9274d18fbbd0af73b8c80cf6b821a4ad1
lambda01,0.1,Propanol,BDERNNFJNOPAEC-UHFFFAOYSA-N,conf.xml,,/home/galoren/Freecurve_AI_Solvation/results/physics_probes/pimd2_lambda01_5ps/propanol/conf.xml,15498,6edc3ff79f57fa37034c0d1ba85c548bda8f0ae10b46c3f71937a503ec2a2d12
lambda01,0.1,Propanol,BDERNNFJNOPAEC-UHFFFAOYSA-N,console.txt,,/home/galoren/Freecurve_AI_Solvation/results/physics_probes/pimd2_lambda01_5ps/propanol/console.txt,40397,bd0f53d5329a63158f31c25c87ae890dd0fe63060a8bee20c16bb198e5c6f144
lambda01,0.1,Propanol,BDERNNFJNOPAEC-UHFFFAOYSA-N,timing.json,,/home/galoren/Freecurve_AI_Solvation/results/physics_probes/pimd2_lambda01_5ps/propanol/timing.json,367,9f1d3040b29825a16d6abfe2adefd38140f58152e44675b881314c7542f564dd
lambda01,0.1,Propanol,BDERNNFJNOPAEC-UHFFFAOYSA-N,energy,lig_slv,/home/galoren/Freecurve_AI_Solvation/results/physics_probes/pimd2_lambda01_5ps/propanol/output/Task5_MD_Transition_LIGAnnihilation_2__LIG-SLV.ene,10769,fff41677439a5eb74c2ef14f5d27411c6f8da5b50a7745ef36a71169c3c3222e
lambda01,0.1,Propanol,BDERNNFJNOPAEC-UHFFFAOYSA-N,energy,lig,/home/galoren/Freecurve_AI_Solvation/results/physics_probes/pimd2_lambda01_5ps/propanol/output/Task5_MD_Transition_LIGAnnihilation_2__LIG.ene,25654,9bb7943dad7d67ec6a516cf009e363d253116c9adc893af8ea2d2c6de9d32060
lambda01,0.1,Propanol,BDERNNFJNOPAEC-UHFFFAOYSA-N,energy,system,/home/galoren/Freecurve_AI_Solvation/results/physics_probes/pimd2_lambda01_5ps/propanol/output/Task5_MD_Transition_LIGAnnihilation_2__SYSTEM.ene,22326,c6450171504c4280632c832c73d4b586648167989b04f379648a87d0097b11b3
lambda01,0.1,Propene,QQONPFPTGQHPMA-UHFFFAOYSA-N,conf.xml,,/home/galoren/Freecurve_AI_Solvation/results/physics_probes/pimd2_lambda01_5ps/propene/conf.xml,15493,5e423c1d370e98e346fd96bc4fead40d7730a37a25c24c8f9b1a1729fdb401b9
lambda01,0.1,Propene,QQONPFPTGQHPMA-UHFFFAOYSA-N,console.txt,,/home/galoren/Freecurve_AI_Solvation/results/physics_probes/pimd2_lambda01_5ps/propene/console.txt,40343,f7992db8cc5be53401d1370c0ff94962c45d2a5dbaca813bf35d7646ad039a2e
lambda01,0.1,Propene,QQONPFPTGQHPMA-UHFFFAOYSA-N,timing.json,,/home/galoren/Freecurve_AI_Solvation/results/physics_probes/pimd2_lambda01_5ps/propene/timing.json,365,d7ca1e4749f974cd7d636dc990ba0989c3ea41c9f0b291c1afe3d6a70206b8ae
lambda01,0.1,Propene,QQONPFPTGQHPMA-UHFFFAOYSA-N,energy,lig_slv,/home/galoren/Freecurve_AI_Solvation/results/physics_probes/pimd2_lambda01_5ps/propene/output/Task5_MD_Transition_LIGAnnihilation_2__LIG-SLV.ene,10772,ec4ba86bcf382ec88753c8fc682f4a8f7d35d51867f6fe7df6ffde716fe066a3
lambda01,0.1,Propene,QQONPFPTGQHPMA-UHFFFAOYSA-N,energy,lig,/home/galoren/Freecurve_AI_Solvation/results/physics_probes/pimd2_lambda01_5ps/propene/output/Task5_MD_Transition_LIGAnnihilation_2__LIG.ene,25675,07a2658480631727b87e13b6c1a6c93691a2420fdfe1bc2606d7c9f79926af08
lambda01,0.1,Propene,QQONPFPTGQHPMA-UHFFFAOYSA-N,energy,system,/home/galoren/Freecurve_AI_Solvation/results/physics_probes/pimd2_lambda01_5ps/propene/output/Task5_MD_Transition_LIGAnnihilation_2__SYSTEM.ene,22317,2b306c96f549de2c2dd7d353d874e19d7fe30c72a7a46b55a5a5391322f036f9
lambda01,0.1,PropylAcetate,YKYONYBAUNKHLG-UHFFFAOYSA-N,conf.xml,,/home/galoren/Freecurve_AI_Solvation/results/physics_probes/pimd2_lambda01_5ps/propylacetate/conf.xml,15528,d7c6325ee52859bcd6398b9a155fc884a55869718298f23e3421afe95087fbcf
lambda01,0.1,PropylAcetate,YKYONYBAUNKHLG-UHFFFAOYSA-N,console.txt,,/home/galoren/Freecurve_AI_Solvation/results/physics_probes/pimd2_lambda01_5ps/propylacetate/console.txt,40388,79990e9e066f184126483066755533f7f2cc322183323c943d86b2f765e37741
lambda01,0.1,PropylAcetate,YKYONYBAUNKHLG-UHFFFAOYSA-N,timing.json,,/home/galoren/Freecurve_AI_Solvation/results/physics_probes/pimd2_lambda01_5ps/propylacetate/timing.json,376,9fc88e63812aaa251d80411e5b5632a51bbd8f0c6e1e6419ae07da8e88c74d24
lambda01,0.1,PropylAcetate,YKYONYBAUNKHLG-UHFFFAOYSA-N,energy,lig_slv,/home/galoren/Freecurve_AI_Solvation/results/physics_probes/pimd2_lambda01_5ps/propylacetate/output/Task5_MD_Transition_LIGAnnihilation_2__LIG-SLV.ene,10769,f4f4f2ca0e51280ef620178ba11ac6a6033eeac68c2fbd70b190e3bf989a057f
lambda01,0.1,PropylAcetate,YKYONYBAUNKHLG-UHFFFAOYSA-N,energy,lig,/home/galoren/Freecurve_AI_Solvation/results/physics_probes/pimd2_lambda01_5ps/propylacetate/output/Task5_MD_Transition_LIGAnnihilation_2__LIG.ene,25635,66451281505f0185719095f47c2cdb2a9d9f243c31fd9241a9e06f6a5fc5b03a
lambda01,0.1,PropylAcetate,YKYONYBAUNKHLG-UHFFFAOYSA-N,energy,system,/home/galoren/Freecurve_AI_Solvation/results/physics_probes/pimd2_lambda01_5ps/propylacetate/output/Task5_MD_Transition_LIGAnnihilation_2__SYSTEM.ene,22352,e5df4d0bc77c0e6c576fb187ec3968dfc67b1f4937cf29d9848c711649742677
lambda01,0.1,Pyrrole,KAESVJOAVNADME-UHFFFAOYSA-N,conf.xml,,/home/galoren/Freecurve_AI_Solvation/results/physics_probes/pimd2_lambda01_5ps/pyrrole/conf.xml,15492,9c4561152bba6c18d6e01abe47fe2ca134e977300e9a9657c68fb449232e49e9
lambda01,0.1,Pyrrole,KAESVJOAVNADME-UHFFFAOYSA-N,console.txt,,/home/galoren/Freecurve_AI_Solvation/results/physics_probes/pimd2_lambda01_5ps/pyrrole/console.txt,41953,01b2ded8018de84274472e5196d9f059654072fa38e6234bc53245cc4a6184e6
lambda01,0.1,Pyrrole,KAESVJOAVNADME-UHFFFAOYSA-N,timing.json,,/home/galoren/Freecurve_AI_Solvation/results/physics_probes/pimd2_lambda01_5ps/pyrrole/timing.json,365,188c9b11d986c32ce2f63c39d99ac85b3fcb6b1d23ff96cbaa2b0c19a009c5b4
lambda01,0.1,Pyrrole,KAESVJOAVNADME-UHFFFAOYSA-N,energy,lig_slv,/home/galoren/Freecurve_AI_Solvation/results/physics_probes/pimd2_lambda01_5ps/pyrrole/output/Task5_MD_Transition_LIGAnnihilation_2__LIG-SLV.ene,10769,5ecbbe4abfedae4fc5c2a42e30e40fe842eaa28e2b01e761cab215b454253827
lambda01,0.1,Pyrrole,KAESVJOAVNADME-UHFFFAOYSA-N,energy,lig,/home/galoren/Freecurve_AI_Solvation/results/physics_probes/pimd2_lambda01_5ps/pyrrole/output/Task5_MD_Transition_LIGAnnihilation_2__LIG.ene,25710,0f61ccd142f98ebb533c401b4e3bc69ea6dc9a578168a6ad257cbceb9dbc4302
lambda01,0.1,Pyrrole,KAESVJOAVNADME-UHFFFAOYSA-N,energy,system,/home/galoren/Freecurve_AI_Solvation/results/physics_probes/pimd2_lambda01_5ps/pyrrole/output/Task5_MD_Transition_LIGAnnihilation_2__SYSTEM.ene,22328,82947e64e9376b52005fd7261b9d231f02a15a88c7042c22313de8ed0aeac1ec
lambda01,0.1,Toluene,YXFVVABEGXRONW-UHFFFAOYSA-N,conf.xml,,/home/galoren/Freecurve_AI_Solvation/results/physics_probes/pimd2_lambda01_5ps/toluene/conf.xml,15493,8b4484d6a90ef9b0a2ba06bb3ceb8a59a3e7f9938e2398e8527d524613958398
lambda01,0.1,Toluene,YXFVVABEGXRONW-UHFFFAOYSA-N,console.txt,,/home/galoren/Freecurve_AI_Solvation/results/physics_probes/pimd2_lambda01_5ps/toluene/console.txt,40347,2878cf023da18908d6420bf679d4c8bba30b7007158be75673fd7e1b8a8a74b1
lambda01,0.1,Toluene,YXFVVABEGXRONW-UHFFFAOYSA-N,timing.json,,/home/galoren/Freecurve_AI_Solvation/results/physics_probes/pimd2_lambda01_5ps/toluene/timing.json,365,106d60e705c0a9516a8c4b5fbcc00174a6352b08878e165c8806d6af732a88d5
lambda01,0.1,Toluene,YXFVVABEGXRONW-UHFFFAOYSA-N,energy,lig_slv,/home/galoren/Freecurve_AI_Solvation/results/physics_probes/pimd2_lambda01_5ps/toluene/output/Task5_MD_Transition_LIGAnnihilation_2__LIG-SLV.ene,10769,f7e6d02a4efa255000d82738b1a084909f183d2b974bddd7d5736882bd60fdb8
lambda01,0.1,Toluene,YXFVVABEGXRONW-UHFFFAOYSA-N,energy,lig,/home/galoren/Freecurve_AI_Solvation/results/physics_probes/pimd2_lambda01_5ps/toluene/output/Task5_MD_Transition_LIGAnnihilation_2__LIG.ene,25667,4ade425d74ef07837efec57c672d7865e15664343728711913e52e29f2668257
lambda01,0.1,Toluene,YXFVVABEGXRONW-UHFFFAOYSA-N,energy,system,/home/galoren/Freecurve_AI_Solvation/results/physics_probes/pimd2_lambda01_5ps/toluene/output/Task5_MD_Transition_LIGAnnihilation_2__SYSTEM.ene,22318,e0f03fd249be3839c7409a5fa6dd0fb67f7ec4974384bdd307e784874da681ac
lambda01,0.1,Water,XLYOFNOQVPJJNP-UHFFFAOYSA-N,conf.xml,,/home/galoren/Freecurve_AI_Solvation/results/physics_probes/pimd2_lambda01_5ps/water/conf.xml,15481,01093529715d94088c463f0c999caa33345bde9635bf0d6369e9bb195f81357d
lambda01,0.1,Water,XLYOFNOQVPJJNP-UHFFFAOYSA-N,console.txt,,/home/galoren/Freecurve_AI_Solvation/results/physics_probes/pimd2_lambda01_5ps/water/console.txt,38455,a3c59b84df808997791f42c9f05932b08a71bfae7e673c02b4529c0a76bfc144
lambda01,0.1,Water,XLYOFNOQVPJJNP-UHFFFAOYSA-N,timing.json,,/home/galoren/Freecurve_AI_Solvation/results/physics_probes/pimd2_lambda01_5ps/water/timing.json,361,e4db088b70fd83fc729241f00a7bc15f9bf572e1f23ce0e7676b115572b90dbf
lambda01,0.1,Water,XLYOFNOQVPJJNP-UHFFFAOYSA-N,energy,lig_slv,/home/galoren/Freecurve_AI_Solvation/results/physics_probes/pimd2_lambda01_5ps/water/output/Task5_MD_Transition_LIGAnnihilation_2__LIG-SLV.ene,10767,a41783f64016141f7f3d8c091fc835f25db5acce487f5a2cef0c66746dbe09a9
lambda01,0.1,Water,XLYOFNOQVPJJNP-UHFFFAOYSA-N,energy,lig,/home/galoren/Freecurve_AI_Solvation/results/physics_probes/pimd2_lambda01_5ps/water/output/Task5_MD_Transition_LIGAnnihilation_2__LIG.ene,25641,656b861434913846a9a3678f8fda7453e482199acb0ee688bb0fe65814a8c8d9
lambda01,0.1,Water,XLYOFNOQVPJJNP-UHFFFAOYSA-N,energy,system,/home/galoren/Freecurve_AI_Solvation/results/physics_probes/pimd2_lambda01_5ps/water/output/Task5_MD_Transition_LIGAnnihilation_2__SYSTEM.ene,22291,ed059ec3a61417d25208a8cb973a10c2b57870a9738503a9d5013ed52f64ebd5
lambda01,0.1,acetaldehyde,IKHGUXGNUITLKF-UHFFFAOYSA-N,conf.xml,,/home/galoren/Freecurve_AI_Solvation/results/physics_probes/pimd2_lambda01_5ps/acetaldehyde/conf.xml,15523,3fdff171824dac3dc1cb2d049d16a5b77cbd6cee1561da35f2826cb7e9daf184
lambda01,0.1,acetaldehyde,IKHGUXGNUITLKF-UHFFFAOYSA-N,console.txt,,/home/galoren/Freecurve_AI_Solvation/results/physics_probes/pimd2_lambda01_5ps/acetaldehyde/console.txt,40387,eb352f264fd8a438391b255e5463c40e4e910797a8560ef335e59d735ed8b32a
lambda01,0.1,acetaldehyde,IKHGUXGNUITLKF-UHFFFAOYSA-N,timing.json,,/home/galoren/Freecurve_AI_Solvation/results/physics_probes/pimd2_lambda01_5ps/acetaldehyde/timing.json,374,1b6f967ac8454e8f20c397406d337520d2be460a13e896f808b977d380fac0d6
lambda01,0.1,acetaldehyde,IKHGUXGNUITLKF-UHFFFAOYSA-N,energy,lig_slv,/home/galoren/Freecurve_AI_Solvation/results/physics_probes/pimd2_lambda01_5ps/acetaldehyde/output/Task5_MD_Transition_LIGAnnihilation_2__LIG-SLV.ene,10769,ea3452963a72d4a2a673fc3607cd97053e8b3ed14695b1bdf0a43219687a6e74
lambda01,0.1,acetaldehyde,IKHGUXGNUITLKF-UHFFFAOYSA-N,energy,lig,/home/galoren/Freecurve_AI_Solvation/results/physics_probes/pimd2_lambda01_5ps/acetaldehyde/output/Task5_MD_Transition_LIGAnnihilation_2__LIG.ene,25685,028273c5ed453eb6b6452054e43fa6906b07bd52b4ede30d9af5f1ec611c48c2
lambda01,0.1,acetaldehyde,IKHGUXGNUITLKF-UHFFFAOYSA-N,energy,system,/home/galoren/Freecurve_AI_Solvation/results/physics_probes/pimd2_lambda01_5ps/acetaldehyde/output/Task5_MD_Transition_LIGAnnihilation_2__SYSTEM.ene,22310,d7ae7999d700616d5c8ecc2465be78ba92d3252735aef5e8cda6c215e6a88c0a
lambda01,0.1,butanamine,HQABUPZFAYXKJW-UHFFFAOYSA-N,conf.xml,,/home/galoren/Freecurve_AI_Solvation/results/physics_probes/pimd2_lambda01_5ps/butanamine/conf.xml,15510,cdada29161f6b74cdb2895fd17c9442e3dee19048a33e9530217b69411f26073
lambda01,0.1,butanamine,HQABUPZFAYXKJW-UHFFFAOYSA-N,console.txt,,/home/galoren/Freecurve_AI_Solvation/results/physics_probes/pimd2_lambda01_5ps/butanamine/console.txt,41966,b88bad4b92f2c10661ac86732eb42ff7e6a4c13399e5e3193cf40752532c68b2
lambda01,0.1,butanamine,HQABUPZFAYXKJW-UHFFFAOYSA-N,timing.json,,/home/galoren/Freecurve_AI_Solvation/results/physics_probes/pimd2_lambda01_5ps/butanamine/timing.json,370,d8df7c407660430cdf526f60554189d947a7844ee7420dcb6709ff47b576906a
lambda01,0.1,butanamine,HQABUPZFAYXKJW-UHFFFAOYSA-N,energy,lig_slv,/home/galoren/Freecurve_AI_Solvation/results/physics_probes/pimd2_lambda01_5ps/butanamine/output/Task5_MD_Transition_LIGAnnihilation_2__LIG-SLV.ene,10769,6a54a3fed22a0b63de6208ac3ef60df4c5ea0f4f22eb7af7fa5a458f55973e53
lambda01,0.1,butanamine,HQABUPZFAYXKJW-UHFFFAOYSA-N,energy,lig,/home/galoren/Freecurve_AI_Solvation/results/physics_probes/pimd2_lambda01_5ps/butanamine/output/Task5_MD_Transition_LIGAnnihilation_2__LIG.ene,25655,3481e47910c8fbe7f09f57879908fc4838aaa67ca52a87465e52e8ace33ceaa5
lambda01,0.1,butanamine,HQABUPZFAYXKJW-UHFFFAOYSA-N,energy,system,/home/galoren/Freecurve_AI_Solvation/results/physics_probes/pimd2_lambda01_5ps/butanamine/output/Task5_MD_Transition_LIGAnnihilation_2__SYSTEM.ene,22322,30dd363960f06963aad98c19832c9caf61fa27e27f0030170629fc59b357b716
lambda01,0.1,butyricacid,FERIUCNNQQJTOY-UHFFFAOYSA-N,conf.xml,,/home/galoren/Freecurve_AI_Solvation/results/physics_probes/pimd2_lambda01_5ps/butyricacid/conf.xml,15517,3a57b1b1a6b3b557a9b58eb2eea316c25dbe4949c08873508f89ca666b4e293c
lambda01,0.1,butyricacid,FERIUCNNQQJTOY-UHFFFAOYSA-N,console.txt,,/home/galoren/Freecurve_AI_Solvation/results/physics_probes/pimd2_lambda01_5ps/butyricacid/console.txt,43050,161ba6e9f7d62fefc1938c2153be92b51e2f0a8ad2417be6daca66442ebaafdc
lambda01,0.1,butyricacid,FERIUCNNQQJTOY-UHFFFAOYSA-N,timing.json,,/home/galoren/Freecurve_AI_Solvation/results/physics_probes/pimd2_lambda01_5ps/butyricacid/timing.json,373,3608f84abe04514816cb96a5f15a19a8adcdc7b88d8fdf687a3a2d9664ae82f3
lambda01,0.1,butyricacid,FERIUCNNQQJTOY-UHFFFAOYSA-N,energy,lig_slv,/home/galoren/Freecurve_AI_Solvation/results/physics_probes/pimd2_lambda01_5ps/butyricacid/output/Task5_MD_Transition_LIGAnnihilation_2__LIG-SLV.ene,10769,575156aa8fdbf14222ee09e0ff461801b92a22e3458a6e06e58a2768647dc5f6
lambda01,0.1,butyricacid,FERIUCNNQQJTOY-UHFFFAOYSA-N,energy,lig,/home/galoren/Freecurve_AI_Solvation/results/physics_probes/pimd2_lambda01_5ps/butyricacid/output/Task5_MD_Transition_LIGAnnihilation_2__LIG.ene,25684,f95dcd3d328c1b0567ee12a4f23129357788399564855b3ccea4661534e7ed55
lambda01,0.1,butyricacid,FERIUCNNQQJTOY-UHFFFAOYSA-N,energy,system,/home/galoren/Freecurve_AI_Solvation/results/physics_probes/pimd2_lambda01_5ps/butyricacid/output/Task5_MD_Transition_LIGAnnihilation_2__SYSTEM.ene,22321,8b8d0b25e5aa1cabff8eef732227fc30d48c433fa5ef9f39ecebbdb5b53ec46d
lambda01,0.1,buytyraldehyde,ZTQSAGDEMFDKMZ-UHFFFAOYSA-N,conf.xml,,/home/galoren/Freecurve_AI_Solvation/results/physics_probes/pimd2_lambda01_5ps/buytyraldehyde/conf.xml,15535,34e26f27ebe8e5680fca444554e8c3dff5d9ed4a7799dc6f6d57047688d2faba
lambda01,0.1,buytyraldehyde,ZTQSAGDEMFDKMZ-UHFFFAOYSA-N,console.txt,,/home/galoren/Freecurve_AI_Solvation/results/physics_probes/pimd2_lambda01_5ps/buytyraldehyde/console.txt,43074,490059f3bf00af2a81eab7cfd7ff1375f94d2f2043e0ea3f8dc91a78a0555996
lambda01,0.1,buytyraldehyde,ZTQSAGDEMFDKMZ-UHFFFAOYSA-N,timing.json,,/home/galoren/Freecurve_AI_Solvation/results/physics_probes/pimd2_lambda01_5ps/buytyraldehyde/timing.json,378,3aefb30a801498e2850b1fd0320b1cb80cd42e2ef404b0bfcb1076af62d57032
lambda01,0.1,buytyraldehyde,ZTQSAGDEMFDKMZ-UHFFFAOYSA-N,energy,lig_slv,/home/galoren/Freecurve_AI_Solvation/results/physics_probes/pimd2_lambda01_5ps/buytyraldehyde/output/Task5_MD_Transition_LIGAnnihilation_2__LIG-SLV.ene,10769,af1424f853a38f748de71c3fb9f8d912229b2540cee229cf5453c701b9a319cb
lambda01,0.1,buytyraldehyde,ZTQSAGDEMFDKMZ-UHFFFAOYSA-N,energy,lig,/home/galoren/Freecurve_AI_Solvation/results/physics_probes/pimd2_lambda01_5ps/buytyraldehyde/output/Task5_MD_Transition_LIGAnnihilation_2__LIG.ene,25645,b4fadfc9a328fa17f8f8532e558bbb1d17c6d978aa2d8e0bb1cc5dcf5539ddb1
lambda01,0.1,buytyraldehyde,ZTQSAGDEMFDKMZ-UHFFFAOYSA-N,energy,system,/home/galoren/Freecurve_AI_Solvation/results/physics_probes/pimd2_lambda01_5ps/buytyraldehyde/output/Task5_MD_Transition_LIGAnnihilation_2__SYSTEM.ene,22335,45615f43c4842cd3a8506988382991a8dc035728c09bcd7b6003be3672a0efae
lambda01,0.1,dimethylamine,ROSDSFDQCJNGOL-UHFFFAOYSA-N,conf.xml,,/home/galoren/Freecurve_AI_Solvation/results/physics_probes/pimd2_lambda01_5ps/dimethylamine/conf.xml,15528,533f4f4479493ca6f8dd729ac44c10bd66eb891d2a6ef939af51d297b5c35ce4
lambda01,0.1,dimethylamine,ROSDSFDQCJNGOL-UHFFFAOYSA-N,console.txt,,/home/galoren/Freecurve_AI_Solvation/results/physics_probes/pimd2_lambda01_5ps/dimethylamine/console.txt,40389,c029cebaf88b55eb5f31ef03f65579933ca4705c9a10e71f38a7c105d8911cb4
lambda01,0.1,dimethylamine,ROSDSFDQCJNGOL-UHFFFAOYSA-N,timing.json,,/home/galoren/Freecurve_AI_Solvation/results/physics_probes/pimd2_lambda01_5ps/dimethylamine/timing.json,376,5da4f524b9b4e4d98d008f31a05ce67488fbc80145825dae033b6b5bf9a01419
lambda01,0.1,dimethylamine,ROSDSFDQCJNGOL-UHFFFAOYSA-N,energy,lig_slv,/home/galoren/Freecurve_AI_Solvation/results/physics_probes/pimd2_lambda01_5ps/dimethylamine/output/Task5_MD_Transition_LIGAnnihilation_2__LIG-SLV.ene,10769,cd1244e3a4e3d5fa366f9c4b795cffecb3004fdc18497901117ee37659e1a107
lambda01,0.1,dimethylamine,ROSDSFDQCJNGOL-UHFFFAOYSA-N,energy,lig,/home/galoren/Freecurve_AI_Solvation/results/physics_probes/pimd2_lambda01_5ps/dimethylamine/output/Task5_MD_Transition_LIGAnnihilation_2__LIG.ene,25652,9a598928eeef4705fee0f553cfe0b4643670cabfecfa34553de07677429a1b0b
lambda01,0.1,dimethylamine,ROSDSFDQCJNGOL-UHFFFAOYSA-N,energy,system,/home/galoren/Freecurve_AI_Solvation/results/physics_probes/pimd2_lambda01_5ps/dimethylamine/output/Task5_MD_Transition_LIGAnnihilation_2__SYSTEM.ene,22335,69c5420d1f9ad38ea72fa305116a5c391a11a9bcb3ecd0d3f56962d9ab6730bb
lambda01,0.1,ethylamine,QUSNBJAOOMFDIB-UHFFFAOYSA-N,conf.xml,,/home/galoren/Freecurve_AI_Solvation/results/physics_probes/pimd2_lambda01_5ps/ethylamine/conf.xml,15510,4e07b38a2731f0aabc7581ea08ea6c05debaa7af57db9a6dae87ad050bb6b408
lambda01,0.1,ethylamine,QUSNBJAOOMFDIB-UHFFFAOYSA-N,console.txt,,/home/galoren/Freecurve_AI_Solvation/results/physics_probes/pimd2_lambda01_5ps/ethylamine/console.txt,6749,288c89b8f171ca4a3c4a63bbe95aec16b0eda7d8e951e294fcb6507d8ed34370
lambda01,0.1,ethylamine,QUSNBJAOOMFDIB-UHFFFAOYSA-N,timing.json,,/home/galoren/Freecurve_AI_Solvation/results/physics_probes/pimd2_lambda01_5ps/ethylamine/timing.json,372,4c51a69ad66120ae1162630fad1d1a14664ce241b50e984387dec9a6610632f4
lambda01,0.1,hexa2none,QQZOPKMRPOGIEB-UHFFFAOYSA-N,conf.xml,,/home/galoren/Freecurve_AI_Solvation/results/physics_probes/pimd2_lambda01_5ps/hexa2none/conf.xml,15504,3aa1e3e83cde0a9e0a1af413acdbd1f96c396bd3cc3e8617699fdfac23080707
lambda01,0.1,hexa2none,QQZOPKMRPOGIEB-UHFFFAOYSA-N,console.txt,,/home/galoren/Freecurve_AI_Solvation/results/physics_probes/pimd2_lambda01_5ps/hexa2none/console.txt,41449,c3f8a1ce4978752eab92a699db0f14811e8cb33f5ac9e2fb8e14ea4e79a3df0a
lambda01,0.1,hexa2none,QQZOPKMRPOGIEB-UHFFFAOYSA-N,timing.json,,/home/galoren/Freecurve_AI_Solvation/results/physics_probes/pimd2_lambda01_5ps/hexa2none/timing.json,369,32e38f35ce53c8b6b0fd96c559de786e262ae29aa1f3f7b83498b3e0472a6a9d
lambda01,0.1,hexa2none,QQZOPKMRPOGIEB-UHFFFAOYSA-N,energy,lig_slv,/home/galoren/Freecurve_AI_Solvation/results/physics_probes/pimd2_lambda01_5ps/hexa2none/output/Task5_MD_Transition_LIGAnnihilation_2__LIG-SLV.ene,10769,454999aaef78f27b6ea7f92e37969d2edcdf1fb39ea9bfbbce289ce4256ef7ca
lambda01,0.1,hexa2none,QQZOPKMRPOGIEB-UHFFFAOYSA-N,energy,lig,/home/galoren/Freecurve_AI_Solvation/results/physics_probes/pimd2_lambda01_5ps/hexa2none/output/Task5_MD_Transition_LIGAnnihilation_2__LIG.ene,25647,3fda0ee8cbd486dc814c5637f66392af8575fbf7e04ad379f33f23118e14aa95
lambda01,0.1,hexa2none,QQZOPKMRPOGIEB-UHFFFAOYSA-N,energy,system,/home/galoren/Freecurve_AI_Solvation/results/physics_probes/pimd2_lambda01_5ps/hexa2none/output/Task5_MD_Transition_LIGAnnihilation_2__SYSTEM.ene,22347,7d6040407f8193479040f80abb1b9034c220c08a6e01267f09fcaaee4d294154
lambda01,0.1,m-cresol,RLSSMJSEOOYNOY-UHFFFAOYSA-N,conf.xml,,/home/galoren/Freecurve_AI_Solvation/results/physics_probes/pimd2_lambda01_5ps/m_cresol/conf.xml,15499,1c86c4b999ba3b710410918423f3889edee3e7ba4e4b53fa2c9648de3089dd8a
lambda01,0.1,m-cresol,RLSSMJSEOOYNOY-UHFFFAOYSA-N,console.txt,,/home/galoren/Freecurve_AI_Solvation/results/physics_probes/pimd2_lambda01_5ps/m_cresol/console.txt,41238,cd38eb09b94d73245afefed2b2de57a7a681607e8c10ae90025b929e80f9149c
lambda01,0.1,m-cresol,RLSSMJSEOOYNOY-UHFFFAOYSA-N,timing.json,,/home/galoren/Freecurve_AI_Solvation/results/physics_probes/pimd2_lambda01_5ps/m_cresol/timing.json,366,1a8ef713323f4aa69687ef1f0a4dff9171cb6d74307643d910b70b0213d956c4
lambda01,0.1,m-cresol,RLSSMJSEOOYNOY-UHFFFAOYSA-N,energy,lig_slv,/home/galoren/Freecurve_AI_Solvation/results/physics_probes/pimd2_lambda01_5ps/m_cresol/output/Task5_MD_Transition_LIGAnnihilation_2__LIG-SLV.ene,10769,eb10e1b88989170dc69f77937321c3807d7043332cfdea53d704a65904b54702
lambda01,0.1,m-cresol,RLSSMJSEOOYNOY-UHFFFAOYSA-N,energy,lig,/home/galoren/Freecurve_AI_Solvation/results/physics_probes/pimd2_lambda01_5ps/m_cresol/output/Task5_MD_Transition_LIGAnnihilation_2__LIG.ene,25651,71f060ff8e032c08d1ee3e366538f73488dc005de7ee9bddae99814dd51be331
lambda01,0.1,m-cresol,RLSSMJSEOOYNOY-UHFFFAOYSA-N,energy,system,/home/galoren/Freecurve_AI_Solvation/results/physics_probes/pimd2_lambda01_5ps/m_cresol/output/Task5_MD_Transition_LIGAnnihilation_2__SYSTEM.ene,22328,f96ce7c52229fc1a27cc2d12ea58395d4f78cff409cd220ab741e46ca8da617c
lambda01,0.1,methylamine,BAVYZALUXZFZLV-UHFFFAOYSA-N,conf.xml,,/home/galoren/Freecurve_AI_Solvation/results/physics_probes/pimd2_lambda01_5ps/methylamine/conf.xml,15516,031eff164a97c1b0eee18ade8c108649063e96d3e0176ae5078416e97203a787
lambda01,0.1,methylamine,BAVYZALUXZFZLV-UHFFFAOYSA-N,console.txt,,/home/galoren/Freecurve_AI_Solvation/results/physics_probes/pimd2_lambda01_5ps/methylamine/console.txt,40383,e71ff4982ac2c8c3cc9317b352ebe6590ee090b36e2f15b68a2b804ebedb0ab0
lambda01,0.1,methylamine,BAVYZALUXZFZLV-UHFFFAOYSA-N,timing.json,,/home/galoren/Freecurve_AI_Solvation/results/physics_probes/pimd2_lambda01_5ps/methylamine/timing.json,373,b30c6c2d1f680d28919add8c50c305a12c1bdcd42e730c9f2f40eb2f1b47b42b
lambda01,0.1,methylamine,BAVYZALUXZFZLV-UHFFFAOYSA-N,energy,lig_slv,/home/galoren/Freecurve_AI_Solvation/results/physics_probes/pimd2_lambda01_5ps/methylamine/output/Task5_MD_Transition_LIGAnnihilation_2__LIG-SLV.ene,10770,77e4dc41a93431a63a3a59e36bf23953fd8d30ae69e16331281629ea380c3906
lambda01,0.1,methylamine,BAVYZALUXZFZLV-UHFFFAOYSA-N,energy,lig,/home/galoren/Freecurve_AI_Solvation/results/physics_probes/pimd2_lambda01_5ps/methylamine/output/Task5_MD_Transition_LIGAnnihilation_2__LIG.ene,25652,c1dce8df55577c9e9c31a9f103d11604706496b466455b699ee04e7e49127769
lambda01,0.1,methylamine,BAVYZALUXZFZLV-UHFFFAOYSA-N,energy,system,/home/galoren/Freecurve_AI_Solvation/results/physics_probes/pimd2_lambda01_5ps/methylamine/output/Task5_MD_Transition_LIGAnnihilation_2__SYSTEM.ene,22321,845f7f28b74190b75509d8f92937e6a030adf5a3e8bb326314d5a97055cc5a0b
lambda01,0.1,o-cresol,QWVGKYWNOKOFNN-UHFFFAOYSA-N,conf.xml,,/home/galoren/Freecurve_AI_Solvation/results/physics_probes/pimd2_lambda01_5ps/o_cresol/conf.xml,15499,4ea7f3f6adfeac25aaa54e4b0086fa36fa98139f29bbc0018d01a4031bebb821
lambda01,0.1,o-cresol,QWVGKYWNOKOFNN-UHFFFAOYSA-N,console.txt,,/home/galoren/Freecurve_AI_Solvation/results/physics_probes/pimd2_lambda01_5ps/o_cresol/console.txt,41949,aeb1ff9aa547710b67b9664493de24a53911644794bb2192835ff87e5c41cff1
lambda01,0.1,o-cresol,QWVGKYWNOKOFNN-UHFFFAOYSA-N,timing.json,,/home/galoren/Freecurve_AI_Solvation/results/physics_probes/pimd2_lambda01_5ps/o_cresol/timing.json,367,5279a80fee964bf61f0cbb160e6c019a5baebfe11dd15513df370e3708c9788a
lambda01,0.1,o-cresol,QWVGKYWNOKOFNN-UHFFFAOYSA-N,energy,lig_slv,/home/galoren/Freecurve_AI_Solvation/results/physics_probes/pimd2_lambda01_5ps/o_cresol/output/Task5_MD_Transition_LIGAnnihilation_2__LIG-SLV.ene,10769,ebfd4f7a322f487544c3b750a48128e03192026c84374c1fd57f25730f565090
lambda01,0.1,o-cresol,QWVGKYWNOKOFNN-UHFFFAOYSA-N,energy,lig,/home/galoren/Freecurve_AI_Solvation/results/physics_probes/pimd2_lambda01_5ps/o_cresol/output/Task5_MD_Transition_LIGAnnihilation_2__LIG.ene,25674,6dddd1e77fa8d3b08748534777d13a5767147c9c7b11f1226d84a1645e9ff544
lambda01,0.1,o-cresol,QWVGKYWNOKOFNN-UHFFFAOYSA-N,energy,system,/home/galoren/Freecurve_AI_Solvation/results/physics_probes/pimd2_lambda01_5ps/o_cresol/output/Task5_MD_Transition_LIGAnnihilation_2__SYSTEM.ene,22306,bd2bf85ac15c70be1713f2adde50facb357712eee4c6e1c5dcef6c5b5d0ea90a
lambda01,0.1,p-cresol,IWDCLRJOBJJRNH-UHFFFAOYSA-N,conf.xml,,/home/galoren/Freecurve_AI_Solvation/results/physics_probes/pimd2_lambda01_5ps/p_cresol/conf.xml,15499,1f29704c487a3b321590b261abd12bc1d7dd44a6a7f3866311e92e721aea21a5
lambda01,0.1,p-cresol,IWDCLRJOBJJRNH-UHFFFAOYSA-N,console.txt,,/home/galoren/Freecurve_AI_Solvation/results/physics_probes/pimd2_lambda01_5ps/p_cresol/console.txt,41949,c35a5d2f75a733e16eed109b2dcccd8d188d7041e23af037a0702e97591cefa7
lambda01,0.1,p-cresol,IWDCLRJOBJJRNH-UHFFFAOYSA-N,timing.json,,/home/galoren/Freecurve_AI_Solvation/results/physics_probes/pimd2_lambda01_5ps/p_cresol/timing.json,366,3ff7681c8b9eb2c700e652ef016b780aa0926aa891e6c33872ef15f12ddd93a2
lambda01,0.1,p-cresol,IWDCLRJOBJJRNH-UHFFFAOYSA-N,energy,lig_slv,/home/galoren/Freecurve_AI_Solvation/results/physics_probes/pimd2_lambda01_5ps/p_cresol/output/Task5_MD_Transition_LIGAnnihilation_2__LIG-SLV.ene,10769,0cad04382bc506226afca2d76c95efa4a1521a08fbb7c05aedf58e340ea3c0a1
lambda01,0.1,p-cresol,IWDCLRJOBJJRNH-UHFFFAOYSA-N,energy,lig,/home/galoren/Freecurve_AI_Solvation/results/physics_probes/pimd2_lambda01_5ps/p_cresol/output/Task5_MD_Transition_LIGAnnihilation_2__LIG.ene,25666,8d2927e4e10214ef8c2fc2ec4963e3c71bddf99c1fcd969d529f52adc0eb1fcb
lambda01,0.1,p-cresol,IWDCLRJOBJJRNH-UHFFFAOYSA-N,energy,system,/home/galoren/Freecurve_AI_Solvation/results/physics_probes/pimd2_lambda01_5ps/p_cresol/output/Task5_MD_Transition_LIGAnnihilation_2__SYSTEM.ene,22307,f55bf6a2f58b802b05c79d4f01dbf5e121891bafd18d1bb9503271c6e1bcf212
lambda01,0.1,pent-1-ene,YWAKXRMUMFPDSH-UHFFFAOYSA-N,conf.xml,,/home/galoren/Freecurve_AI_Solvation/results/physics_probes/pimd2_lambda01_5ps/pent_1_ene/conf.xml,15511,e1b95eaf1da5b68166bc2cdf5dd90fefca4e84f0743b28840be319042ab7f72d
lambda01,0.1,pent-1-ene,YWAKXRMUMFPDSH-UHFFFAOYSA-N,console.txt,,/home/galoren/Freecurve_AI_Solvation/results/physics_probes/pimd2_lambda01_5ps/pent_1_ene/console.txt,41950,aa7680e334467f195f7506b55113a80527a106ff52d365df86dd35eb6b0e9cf1
lambda01,0.1,pent-1-ene,YWAKXRMUMFPDSH-UHFFFAOYSA-N,timing.json,,/home/galoren/Freecurve_AI_Solvation/results/physics_probes/pimd2_lambda01_5ps/pent_1_ene/timing.json,371,8c36209795cdea6fc0a60b98e2730cbeea16ad24c9ffa61266da5eaffdf4ea75
lambda01,0.1,pent-1-ene,YWAKXRMUMFPDSH-UHFFFAOYSA-N,energy,lig_slv,/home/galoren/Freecurve_AI_Solvation/results/physics_probes/pimd2_lambda01_5ps/pent_1_ene/output/Task5_MD_Transition_LIGAnnihilation_2__LIG-SLV.ene,10770,178a5b07911c78d42588be4961114aeaafeab519ac919eaf747aa19cb9c709b2
lambda01,0.1,pent-1-ene,YWAKXRMUMFPDSH-UHFFFAOYSA-N,energy,lig,/home/galoren/Freecurve_AI_Solvation/results/physics_probes/pimd2_lambda01_5ps/pent_1_ene/output/Task5_MD_Transition_LIGAnnihilation_2__LIG.ene,25673,2912b6caa5e8fc0f4e46c7387f1bb06df219d477fd0a602ee64ad902e8aad930
lambda01,0.1,pent-1-ene,YWAKXRMUMFPDSH-UHFFFAOYSA-N,energy,system,/home/galoren/Freecurve_AI_Solvation/results/physics_probes/pimd2_lambda01_5ps/pent_1_ene/output/Task5_MD_Transition_LIGAnnihilation_2__SYSTEM.ene,22310,bc87d2678e033701cc6a7f660cb82bb97fd05c039b97429b0613ffec7ccee607
lambda01,0.1,phenanthrene,YNPNZTXNASCQKK-UHFFFAOYSA-N,conf.xml,,/home/galoren/Freecurve_AI_Solvation/results/physics_probes/pimd2_lambda01_5ps/phenanthrene/conf.xml,15523,e28ee5a866cc995c0879eb9412170af0dd32c7ec78596b97b23cc2b024b8d125
lambda01,0.1,phenanthrene,YNPNZTXNASCQKK-UHFFFAOYSA-N,console.txt,,/home/galoren/Freecurve_AI_Solvation/results/physics_probes/pimd2_lambda01_5ps/phenanthrene/console.txt,40701,43ae958c554a8244580545a3340115bedce60dc7a378d6efaf09969c605355c8
lambda01,0.1,phenanthrene,YNPNZTXNASCQKK-UHFFFAOYSA-N,timing.json,,/home/galoren/Freecurve_AI_Solvation/results/physics_probes/pimd2_lambda01_5ps/phenanthrene/timing.json,375,9ac147cd872f5efc7fe76a0d53a6b8886a4cc8de5540e374db0301898ea9d8f6
lambda01,0.1,phenanthrene,YNPNZTXNASCQKK-UHFFFAOYSA-N,energy,lig_slv,/home/galoren/Freecurve_AI_Solvation/results/physics_probes/pimd2_lambda01_5ps/phenanthrene/output/Task5_MD_Transition_LIGAnnihilation_2__LIG-SLV.ene,10769,1ef42526201dbbbe3468d5bb672ffaee10ec325cfba58f868e48d60ac4244c53
lambda01,0.1,phenanthrene,YNPNZTXNASCQKK-UHFFFAOYSA-N,energy,lig,/home/galoren/Freecurve_AI_Solvation/results/physics_probes/pimd2_lambda01_5ps/phenanthrene/output/Task5_MD_Transition_LIGAnnihilation_2__LIG.ene,25664,8f2814266c7ee1ac9562bccad8f52865730bddfa6c723b1695404771a1ac0545
lambda01,0.1,phenanthrene,YNPNZTXNASCQKK-UHFFFAOYSA-N,energy,system,/home/galoren/Freecurve_AI_Solvation/results/physics_probes/pimd2_lambda01_5ps/phenanthrene/output/Task5_MD_Transition_LIGAnnihilation_2__SYSTEM.ene,22313,1bdf274eb9b75f4f109dff675a91843465877a6269e00e886d953dc5eb38bac1
lambda01,0.1,propionaldehyde,NBBJYMSMWIIQGU-UHFFFAOYSA-N,conf.xml,,/home/galoren/Freecurve_AI_Solvation/results/physics_probes/pimd2_lambda01_5ps/propionaldehyde/conf.xml,15539,1249ea0a7335fbd602a391540d3a609bd4e89ae2d96049bdaa7e38123001448e
lambda01,0.1,propionaldehyde,NBBJYMSMWIIQGU-UHFFFAOYSA-N,console.txt,,/home/galoren/Freecurve_AI_Solvation/results/physics_probes/pimd2_lambda01_5ps/propionaldehyde/console.txt,43078,f4d2370f9ea2211e8bf84f9df6c9f2feb9aeef57ffdd991d09ae3359c72bb3f3
lambda01,0.1,propionaldehyde,NBBJYMSMWIIQGU-UHFFFAOYSA-N,timing.json,,/home/galoren/Freecurve_AI_Solvation/results/physics_probes/pimd2_lambda01_5ps/propionaldehyde/timing.json,380,f10078029984831780ea00af656dd1213995b626d79c9983374fdf9d94afe5b1
lambda01,0.1,propionaldehyde,NBBJYMSMWIIQGU-UHFFFAOYSA-N,energy,lig_slv,/home/galoren/Freecurve_AI_Solvation/results/physics_probes/pimd2_lambda01_5ps/propionaldehyde/output/Task5_MD_Transition_LIGAnnihilation_2__LIG-SLV.ene,10769,74b726579f19a7e73256fa327bda409a2f3e93cb9503787e4555a11727d6dc01
lambda01,0.1,propionaldehyde,NBBJYMSMWIIQGU-UHFFFAOYSA-N,energy,lig,/home/galoren/Freecurve_AI_Solvation/results/physics_probes/pimd2_lambda01_5ps/propionaldehyde/output/Task5_MD_Transition_LIGAnnihilation_2__LIG.ene,25630,904e2fb750458b746749d6c5e32881687c1b64b01357dc6f4e3767f861fe7a8d
lambda01,0.1,propionaldehyde,NBBJYMSMWIIQGU-UHFFFAOYSA-N,energy,system,/home/galoren/Freecurve_AI_Solvation/results/physics_probes/pimd2_lambda01_5ps/propionaldehyde/output/Task5_MD_Transition_LIGAnnihilation_2__SYSTEM.ene,22337,ffe20a9ce1343228a1d7acf0438414dbd3b3a11cc2f3a2506df77cec757d9082
lambda01,0.1,propionicacid,XBDQKXXYIPTUBI-UHFFFAOYSA-N,conf.xml,,/home/galoren/Freecurve_AI_Solvation/results/physics_probes/pimd2_lambda01_5ps/propionicacid/conf.xml,15528,3d439154143887a1ee9d8db20dea7fd1877aa90765d79cfff129cbeb4b6dcf60
lambda01,0.1,propionicacid,XBDQKXXYIPTUBI-UHFFFAOYSA-N,console.txt,,/home/galoren/Freecurve_AI_Solvation/results/physics_probes/pimd2_lambda01_5ps/propionicacid/console.txt,40397,bafa27aea6d75d2aca1120dd054c71494d12a2d914f6d9715978c43e9d2ccc22
lambda01,0.1,propionicacid,XBDQKXXYIPTUBI-UHFFFAOYSA-N,timing.json,,/home/galoren/Freecurve_AI_Solvation/results/physics_probes/pimd2_lambda01_5ps/propionicacid/timing.json,377,46778df5a8fb78daa0fcc840003863604a78228dbe6e84bc7f90a5d55c6f3704
lambda01,0.1,propionicacid,XBDQKXXYIPTUBI-UHFFFAOYSA-N,energy,lig_slv,/home/galoren/Freecurve_AI_Solvation/results/physics_probes/pimd2_lambda01_5ps/propionicacid/output/Task5_MD_Transition_LIGAnnihilation_2__LIG-SLV.ene,10769,fd427fe5de5b94fd891f4b32ccb8033713d1e9177dc18a862af3df401f1a7d69
lambda01,0.1,propionicacid,XBDQKXXYIPTUBI-UHFFFAOYSA-N,energy,lig,/home/galoren/Freecurve_AI_Solvation/results/physics_probes/pimd2_lambda01_5ps/propionicacid/output/Task5_MD_Transition_LIGAnnihilation_2__LIG.ene,25696,459f2d989f12b6e4bcbfdecd377edaeb1f007e82d21393effed97fc25c74b581
lambda01,0.1,propionicacid,XBDQKXXYIPTUBI-UHFFFAOYSA-N,energy,system,/home/galoren/Freecurve_AI_Solvation/results/physics_probes/pimd2_lambda01_5ps/propionicacid/output/Task5_MD_Transition_LIGAnnihilation_2__SYSTEM.ene,22322,8c78d7b5becb0392391e31e99820f2d04e1e12a4b42d2bd93481c5f0579009e7
lambda01,0.1,pyridine,JUJWROOIHBZHMG-UHFFFAOYSA-N,conf.xml,,/home/galoren/Freecurve_AI_Solvation/results/physics_probes/pimd2_lambda01_5ps/pyridine/conf.xml,15499,57b8c708b5b362b4cd7eef610e5a84a64f0faf2ee7d4719514dffc44bf9a67db
lambda01,0.1,pyridine,JUJWROOIHBZHMG-UHFFFAOYSA-N,console.txt,,/home/galoren/Freecurve_AI_Solvation/results/physics_probes/pimd2_lambda01_5ps/pyridine/console.txt,39162,2b3630d0e7cc41b4e50cf9cc09dcfba8fb204d834841afd149b7ea967c835f1f
lambda01,0.1,pyridine,JUJWROOIHBZHMG-UHFFFAOYSA-N,timing.json,,/home/galoren/Freecurve_AI_Solvation/results/physics_probes/pimd2_lambda01_5ps/pyridine/timing.json,367,8caa32db2ca0a03ffabbfa1dbc6209fbf540b1133e9ca191589f7abf15894e5a
lambda01,0.1,pyridine,JUJWROOIHBZHMG-UHFFFAOYSA-N,energy,lig_slv,/home/galoren/Freecurve_AI_Solvation/results/physics_probes/pimd2_lambda01_5ps/pyridine/output/Task5_MD_Transition_LIGAnnihilation_2__LIG-SLV.ene,10769,00a820d1b3be04009525d653b16d23699314c0c938173d22846b1af510ba8cae
lambda01,0.1,pyridine,JUJWROOIHBZHMG-UHFFFAOYSA-N,energy,lig,/home/galoren/Freecurve_AI_Solvation/results/physics_probes/pimd2_lambda01_5ps/pyridine/output/Task5_MD_Transition_LIGAnnihilation_2__LIG.ene,25626,055895e3e0e6adf8d4a4694890f39c1afdf31af6b0053fc05811a5b84edc6b26
lambda01,0.1,pyridine,JUJWROOIHBZHMG-UHFFFAOYSA-N,energy,system,/home/galoren/Freecurve_AI_Solvation/results/physics_probes/pimd2_lambda01_5ps/pyridine/output/Task5_MD_Transition_LIGAnnihilation_2__SYSTEM.ene,22322,5a0ed59498fd3d92daeb48be7b8be7778d155da6733c7886adf207686d6655f9
lambda01,0.1,tetracene,IFLREYGFSNHWGE-UHFFFAOYSA-N,conf.xml,,/home/galoren/Freecurve_AI_Solvation/results/physics_probes/pimd2_lambda01_5ps/tetracene/conf.xml,15504,5124c843a7382e9aa16ae88788e26a5f36b3d560b17f0329d9fc981e09522ed5
lambda01,0.1,tetracene,IFLREYGFSNHWGE-UHFFFAOYSA-N,console.txt,,/home/galoren/Freecurve_AI_Solvation/results/physics_probes/pimd2_lambda01_5ps/tetracene/console.txt,41772,6cf2b264ce27eaf72c96aa2049037cb1842772e8b009f5fbbd91bb7f0bd05025
lambda01,0.1,tetracene,IFLREYGFSNHWGE-UHFFFAOYSA-N,timing.json,,/home/galoren/Freecurve_AI_Solvation/results/physics_probes/pimd2_lambda01_5ps/tetracene/timing.json,369,6bd6a691f506b98e76b70872eb5c86f5ee36609b30f3763af9f0d0a5af55428b
lambda01,0.1,tetracene,IFLREYGFSNHWGE-UHFFFAOYSA-N,energy,lig_slv,/home/galoren/Freecurve_AI_Solvation/results/physics_probes/pimd2_lambda01_5ps/tetracene/output/Task5_MD_Transition_LIGAnnihilation_2__LIG-SLV.ene,10769,7021d4d70188e9ba2c274ae7755e1fe29652fafd0b4f95ffece7cf3de8d98f6b
lambda01,0.1,tetracene,IFLREYGFSNHWGE-UHFFFAOYSA-N,energy,lig,/home/galoren/Freecurve_AI_Solvation/results/physics_probes/pimd2_lambda01_5ps/tetracene/output/Task5_MD_Transition_LIGAnnihilation_2__LIG.ene,25664,ff50d84024d231f7d3be464be1b26e63c8470b0dd53267bba2c900d1ea289aa1
lambda01,0.1,tetracene,IFLREYGFSNHWGE-UHFFFAOYSA-N,energy,system,/home/galoren/Freecurve_AI_Solvation/results/physics_probes/pimd2_lambda01_5ps/tetracene/output/Task5_MD_Transition_LIGAnnihilation_2__SYSTEM.ene,22311,af12c7f09fe57b78b3100a5d1d51e8e39b617358a74ed9c5dbe7f9bea1ba5cbc
lambda01,0.1,trimethylamine,GETQZCLCWQTVFV-UHFFFAOYSA-N,conf.xml,,/home/galoren/Freecurve_AI_Solvation/results/physics_probes/pimd2_lambda01_5ps/trimethylamine/conf.xml,15534,c3dbf9c14feb3718f73b294908a07d7e9d626f12b5324f515b0cdecaae423647
lambda01,0.1,trimethylamine,GETQZCLCWQTVFV-UHFFFAOYSA-N,console.txt,,/home/galoren/Freecurve_AI_Solvation/results/physics_probes/pimd2_lambda01_5ps/trimethylamine/console.txt,39207,9411a334dd6cac196adacda9665613537e25eafc335508ae6a37e6e49ac84203
lambda01,0.1,trimethylamine,GETQZCLCWQTVFV-UHFFFAOYSA-N,timing.json,,/home/galoren/Freecurve_AI_Solvation/results/physics_probes/pimd2_lambda01_5ps/trimethylamine/timing.json,379,81953b18658a8631a395a9a4358df88c75ae480aa5fc50635376b3d2582ddcf6
lambda01,0.1,trimethylamine,GETQZCLCWQTVFV-UHFFFAOYSA-N,energy,lig_slv,/home/galoren/Freecurve_AI_Solvation/results/physics_probes/pimd2_lambda01_5ps/trimethylamine/output/Task5_MD_Transition_LIGAnnihilation_2__LIG-SLV.ene,10770,03a1d742f96436d6569b8def9832060bd14c18a1117866491fed7431bfe36a8d
lambda01,0.1,trimethylamine,GETQZCLCWQTVFV-UHFFFAOYSA-N,energy,lig,/home/galoren/Freecurve_AI_Solvation/results/physics_probes/pimd2_lambda01_5ps/trimethylamine/output/Task5_MD_Transition_LIGAnnihilation_2__LIG.ene,25667,8ba2333b9427a68c04081521c221db2276ac2cf07513f5d8bfc80b029f2a37c3
lambda01,0.1,trimethylamine,GETQZCLCWQTVFV-UHFFFAOYSA-N,energy,system,/home/galoren/Freecurve_AI_Solvation/results/physics_probes/pimd2_lambda01_5ps/trimethylamine/output/Task5_MD_Transition_LIGAnnihilation_2__SYSTEM.ene,22315,39b01140088d45a0910bc75dd50e3b213e016bc33d479e2bf36f2064a2b683ce
lambda05,0.5,1-Butanethiol,WQAQPCDUOCURKW-UHFFFAOYSA-N,conf.xml,,/home/galoren/Freecurve_AI_Solvation/results/physics_probes/pimd2_lambda05_5ps/1_butanethiol/conf.xml,15529,f862dd476676f9bb671d9b7bb2daacc7570a6ab1fa45f2a06d812419be86d074
lambda05,0.5,1-Butanethiol,WQAQPCDUOCURKW-UHFFFAOYSA-N,console.txt,,/home/galoren/Freecurve_AI_Solvation/results/physics_probes/pimd2_lambda05_5ps/1_butanethiol/console.txt,42010,f4cc01d8b9870356c5c6492119ad58ef5db095f3728cf199b8b826310a2d4835
lambda05,0.5,1-Butanethiol,WQAQPCDUOCURKW-UHFFFAOYSA-N,timing.json,,/home/galoren/Freecurve_AI_Solvation/results/physics_probes/pimd2_lambda05_5ps/1_butanethiol/timing.json,377,ba1be63e14a51accf9a8957c88469047d10a9ce6e595387514c7640821119597
lambda05,0.5,1-Butanethiol,WQAQPCDUOCURKW-UHFFFAOYSA-N,energy,lig_slv,/home/galoren/Freecurve_AI_Solvation/results/physics_probes/pimd2_lambda05_5ps/1_butanethiol/output/Task5_MD_Transition_LIGAnnihilation_6__LIG-SLV.ene,10779,f16581d13c62e617b207856e06b68510ad19ad8f110aba8ed91b90bc76b020bb
lambda05,0.5,1-Butanethiol,WQAQPCDUOCURKW-UHFFFAOYSA-N,energy,lig,/home/galoren/Freecurve_AI_Solvation/results/physics_probes/pimd2_lambda05_5ps/1_butanethiol/output/Task5_MD_Transition_LIGAnnihilation_6__LIG.ene,25650,212fcc1830c2e2f466ba799f1c1d9bf40286fc61fcaa70a96203a6a9fbd13cfe
lambda05,0.5,1-Butanethiol,WQAQPCDUOCURKW-UHFFFAOYSA-N,energy,system,/home/galoren/Freecurve_AI_Solvation/results/physics_probes/pimd2_lambda05_5ps/1_butanethiol/output/Task5_MD_Transition_LIGAnnihilation_6__SYSTEM.ene,22339,692dc8b4e1ea304424f574d190263135d07e6439ed340d9bd0c1104b4bcd0369
lambda05,0.5,1-Butanol,LRHPLDYGYMQRHN-UHFFFAOYSA-N,conf.xml,,/home/galoren/Freecurve_AI_Solvation/results/physics_probes/pimd2_lambda05_5ps/1_butanol/conf.xml,15504,37821bc625fa35fa4d4063a3d30ee5717e966f3ade5c60f3238e911b4c497303
lambda05,0.5,1-Butanol,LRHPLDYGYMQRHN-UHFFFAOYSA-N,console.txt,,/home/galoren/Freecurve_AI_Solvation/results/physics_probes/pimd2_lambda05_5ps/1_butanol/console.txt,40408,e8bd8bed4de2a5198c21da564aab91bf615735556f7efb4d5e83c6c38d93c23b
lambda05,0.5,1-Butanol,LRHPLDYGYMQRHN-UHFFFAOYSA-N,timing.json,,/home/galoren/Freecurve_AI_Solvation/results/physics_probes/pimd2_lambda05_5ps/1_butanol/timing.json,369,32140fc2b50441347f40fc475fa192c449b1b4bdfc1b3bd0b3f69f798524a136
lambda05,0.5,1-Butanol,LRHPLDYGYMQRHN-UHFFFAOYSA-N,energy,lig_slv,/home/galoren/Freecurve_AI_Solvation/results/physics_probes/pimd2_lambda05_5ps/1_butanol/output/Task5_MD_Transition_LIGAnnihilation_6__LIG-SLV.ene,10795,e22515432d8f336e922b7607dd794cfa5b1872b5b7c541226867e21ce2b07213
lambda05,0.5,1-Butanol,LRHPLDYGYMQRHN-UHFFFAOYSA-N,energy,lig,/home/galoren/Freecurve_AI_Solvation/results/physics_probes/pimd2_lambda05_5ps/1_butanol/output/Task5_MD_Transition_LIGAnnihilation_6__LIG.ene,25658,df95afab558a87433c456b3765c9cd7dba11d61342bf142f56ae8323bc60fd4c
lambda05,0.5,1-Butanol,LRHPLDYGYMQRHN-UHFFFAOYSA-N,energy,system,/home/galoren/Freecurve_AI_Solvation/results/physics_probes/pimd2_lambda05_5ps/1_butanol/output/Task5_MD_Transition_LIGAnnihilation_6__SYSTEM.ene,22350,792cd9118638262027ad5cba58ceeef493bb5e935285b34ec336eb5104546b2f
lambda05,0.5,1-Pentanol,AMQJEAYHLZJPGS-UHFFFAOYSA-N,conf.xml,,/home/galoren/Freecurve_AI_Solvation/results/physics_probes/pimd2_lambda05_5ps/1_pentanol/conf.xml,15511,877c760da941be6e157682c23c4cff1e2b0df04dcb3b3385476eb2a47e118b46
lambda05,0.5,1-Pentanol,AMQJEAYHLZJPGS-UHFFFAOYSA-N,console.txt,,/home/galoren/Freecurve_AI_Solvation/results/physics_probes/pimd2_lambda05_5ps/1_pentanol/console.txt,42009,3c6957da148cfa5dd69dedda06a0e9b263d3392940a179871f555bb22f14dbd7
lambda05,0.5,1-Pentanol,AMQJEAYHLZJPGS-UHFFFAOYSA-N,timing.json,,/home/galoren/Freecurve_AI_Solvation/results/physics_probes/pimd2_lambda05_5ps/1_pentanol/timing.json,371,233d1e525e8fe619087eaa7bb02f5dbace86decccf17bbb65050e48bffb44dc3
lambda05,0.5,1-Pentanol,AMQJEAYHLZJPGS-UHFFFAOYSA-N,energy,lig_slv,/home/galoren/Freecurve_AI_Solvation/results/physics_probes/pimd2_lambda05_5ps/1_pentanol/output/Task5_MD_Transition_LIGAnnihilation_6__LIG-SLV.ene,10791,f9ec816b5b9e3514dd41e9559db10f527a38f5f9e5fe7a72f389f4d4061edb5d
lambda05,0.5,1-Pentanol,AMQJEAYHLZJPGS-UHFFFAOYSA-N,energy,lig,/home/galoren/Freecurve_AI_Solvation/results/physics_probes/pimd2_lambda05_5ps/1_pentanol/output/Task5_MD_Transition_LIGAnnihilation_6__LIG.ene,25662,f74ff1c2b33d656c31a3ac25c90b23ef638ce8bc02e1d87922bb4bf49028793a
lambda05,0.5,1-Pentanol,AMQJEAYHLZJPGS-UHFFFAOYSA-N,energy,system,/home/galoren/Freecurve_AI_Solvation/results/physics_probes/pimd2_lambda05_5ps/1_pentanol/output/Task5_MD_Transition_LIGAnnihilation_6__SYSTEM.ene,22341,bf779397a4f2b17256553e9d451e94e4a58ac0b4e70f6c4107b2b85e94e64e59
lambda05,0.5,2-Butanone,ZWEHNKRNPOVVGH-UHFFFAOYSA-N,conf.xml,,/home/galoren/Freecurve_AI_Solvation/results/physics_probes/pimd2_lambda05_5ps/2_butanone/conf.xml,15510,5651bc78a2c777d54abaca8d047d8eed99f80a01498ff84b5a35e42872aea8b3
lambda05,0.5,2-Butanone,ZWEHNKRNPOVVGH-UHFFFAOYSA-N,console.txt,,/home/galoren/Freecurve_AI_Solvation/results/physics_probes/pimd2_lambda05_5ps/2_butanone/console.txt,41451,a8d44705aa3d6e1f9950f64adbea4be7e3edc37cbddcb9417a75e3e45e75c293
lambda05,0.5,2-Butanone,ZWEHNKRNPOVVGH-UHFFFAOYSA-N,timing.json,,/home/galoren/Freecurve_AI_Solvation/results/physics_probes/pimd2_lambda05_5ps/2_butanone/timing.json,371,6d0ac8808bd418e082941f7289c836cf301d672b015a29f4fc7921e69fb98910
lambda05,0.5,2-Butanone,ZWEHNKRNPOVVGH-UHFFFAOYSA-N,energy,lig_slv,/home/galoren/Freecurve_AI_Solvation/results/physics_probes/pimd2_lambda05_5ps/2_butanone/output/Task5_MD_Transition_LIGAnnihilation_6__LIG-SLV.ene,10788,9f20c2299426fd0ab468b50ce33128db740054651f494d71e25db0789dbbf616
lambda05,0.5,2-Butanone,ZWEHNKRNPOVVGH-UHFFFAOYSA-N,energy,lig,/home/galoren/Freecurve_AI_Solvation/results/physics_probes/pimd2_lambda05_5ps/2_butanone/output/Task5_MD_Transition_LIGAnnihilation_6__LIG.ene,25659,e34ed728d3f0326ad1381d472ad80a04aefb667224fa1322ac4ec6b9c6f2bef2
lambda05,0.5,2-Butanone,ZWEHNKRNPOVVGH-UHFFFAOYSA-N,energy,system,/home/galoren/Freecurve_AI_Solvation/results/physics_probes/pimd2_lambda05_5ps/2_butanone/output/Task5_MD_Transition_LIGAnnihilation_6__SYSTEM.ene,22368,5ec309222f3480f4d67ac54dd0dc003eccaba6307ae094be0964ad05e1a194df
lambda05,0.5,2-Methyl-2-Butanol,MSXVEPNJUHWQHW-UHFFFAOYSA-N,conf.xml,,/home/galoren/Freecurve_AI_Solvation/results/physics_probes/pimd2_lambda05_5ps/2_methyl_2_butanol/conf.xml,15559,232c96641df88d2bfa2c17ca32505ec7b054189b1d0aaef6a07cb7363466ec12
lambda05,0.5,2-Methyl-2-Butanol,MSXVEPNJUHWQHW-UHFFFAOYSA-N,console.txt,,/home/galoren/Freecurve_AI_Solvation/results/physics_probes/pimd2_lambda05_5ps/2_methyl_2_butanol/console.txt,42060,e3eefbb2445a0b48b79e47ca91b3deb5352f816388d838df6ce42972632abd33
lambda05,0.5,2-Methyl-2-Butanol,MSXVEPNJUHWQHW-UHFFFAOYSA-N,timing.json,,/home/galoren/Freecurve_AI_Solvation/results/physics_probes/pimd2_lambda05_5ps/2_methyl_2_butanol/timing.json,386,50ffd2045c4074382a3fb3e5b409856cf68963534cc6e906caca165ff6509d29
lambda05,0.5,2-Methyl-2-Butanol,MSXVEPNJUHWQHW-UHFFFAOYSA-N,energy,lig_slv,/home/galoren/Freecurve_AI_Solvation/results/physics_probes/pimd2_lambda05_5ps/2_methyl_2_butanol/output/Task5_MD_Transition_LIGAnnihilation_6__LIG-SLV.ene,10786,000143ab384bce6b3b92f49e32c1716e34868abaaba2b7edbc3bb2838863ba3f
lambda05,0.5,2-Methyl-2-Butanol,MSXVEPNJUHWQHW-UHFFFAOYSA-N,energy,lig,/home/galoren/Freecurve_AI_Solvation/results/physics_probes/pimd2_lambda05_5ps/2_methyl_2_butanol/output/Task5_MD_Transition_LIGAnnihilation_6__LIG.ene,25658,0dff582fc255183f9d6ae56f865de23a20a33ede255e2e737bcc0ad8519e3fc6
lambda05,0.5,2-Methyl-2-Butanol,MSXVEPNJUHWQHW-UHFFFAOYSA-N,energy,system,/home/galoren/Freecurve_AI_Solvation/results/physics_probes/pimd2_lambda05_5ps/2_methyl_2_butanol/output/Task5_MD_Transition_LIGAnnihilation_6__SYSTEM.ene,22347,6dafb6dea346fb65989d747ae8024890efa815d27c9c373c3dea1d130c4e761c
lambda05,0.5,2-Pentanol,JYVLIDXNZAXMDK-UHFFFAOYSA-N,conf.xml,,/home/galoren/Freecurve_AI_Solvation/results/physics_probes/pimd2_lambda05_5ps/2_pentanol/conf.xml,15511,0e7f6bc4712875c2363222f8b4e72f0523381cbf03b0309b2542af3bdb82092f
lambda05,0.5,2-Pentanol,JYVLIDXNZAXMDK-UHFFFAOYSA-N,console.txt,,/home/galoren/Freecurve_AI_Solvation/results/physics_probes/pimd2_lambda05_5ps/2_pentanol/console.txt,42005,872ef6d81a612a97dd76b4390a9b78a4ac8918a7047abeb824ba53c867c0f101
lambda05,0.5,2-Pentanol,JYVLIDXNZAXMDK-UHFFFAOYSA-N,timing.json,,/home/galoren/Freecurve_AI_Solvation/results/physics_probes/pimd2_lambda05_5ps/2_pentanol/timing.json,370,716d2a12901974f2dce653a521f4e03c3aef84e4b69d172a21c4579150b7c0f3
lambda05,0.5,2-Pentanol,JYVLIDXNZAXMDK-UHFFFAOYSA-N,energy,lig_slv,/home/galoren/Freecurve_AI_Solvation/results/physics_probes/pimd2_lambda05_5ps/2_pentanol/output/Task5_MD_Transition_LIGAnnihilation_6__LIG-SLV.ene,10793,6b5ceb9d22b26e7f243a841d482a9767d5725eaf14f79ccba9d29fd434c78da7
lambda05,0.5,2-Pentanol,JYVLIDXNZAXMDK-UHFFFAOYSA-N,energy,lig,/home/galoren/Freecurve_AI_Solvation/results/physics_probes/pimd2_lambda05_5ps/2_pentanol/output/Task5_MD_Transition_LIGAnnihilation_6__LIG.ene,25653,a325e89c5f6e7cf886dd2e0ecb3387ddc42c3c15622ccbf502fc39a3730b1422
lambda05,0.5,2-Pentanol,JYVLIDXNZAXMDK-UHFFFAOYSA-N,energy,system,/home/galoren/Freecurve_AI_Solvation/results/physics_probes/pimd2_lambda05_5ps/2_pentanol/output/Task5_MD_Transition_LIGAnnihilation_6__SYSTEM.ene,22354,a2155ceae73095cf0065c2529d94d7f21aa6383b3909a41fee5793cc7e4ae5e4
lambda05,0.5,2-Pentanone,XNLICIUVMPYHGG-UHFFFAOYSA-N,conf.xml,,/home/galoren/Freecurve_AI_Solvation/results/physics_probes/pimd2_lambda05_5ps/2_pentanone/conf.xml,15515,dd2b2e8cfecc33efca84c246c36f1d567c975908cae0eba4ad0cb3c89d6f1b0d
lambda05,0.5,2-Pentanone,XNLICIUVMPYHGG-UHFFFAOYSA-N,console.txt,,/home/galoren/Freecurve_AI_Solvation/results/physics_probes/pimd2_lambda05_5ps/2_pentanone/console.txt,41463,63df70c608e4b251d1ea110c3335494e021bd44c51c81a0aef6e6c92eb3b35be
lambda05,0.5,2-Pentanone,XNLICIUVMPYHGG-UHFFFAOYSA-N,timing.json,,/home/galoren/Freecurve_AI_Solvation/results/physics_probes/pimd2_lambda05_5ps/2_pentanone/timing.json,371,4d6a5aaabe22cb0e1d2840b95e441d48a1992fd041b742d9c8aae4f49fc3f190
lambda05,0.5,2-Pentanone,XNLICIUVMPYHGG-UHFFFAOYSA-N,energy,lig_slv,/home/galoren/Freecurve_AI_Solvation/results/physics_probes/pimd2_lambda05_5ps/2_pentanone/output/Task5_MD_Transition_LIGAnnihilation_6__LIG-SLV.ene,10787,53da9fb777a69fc9635d69a3ecfb438c63d3c6ab40fc749b32ae21c67f3b036b
lambda05,0.5,2-Pentanone,XNLICIUVMPYHGG-UHFFFAOYSA-N,energy,lig,/home/galoren/Freecurve_AI_Solvation/results/physics_probes/pimd2_lambda05_5ps/2_pentanone/output/Task5_MD_Transition_LIGAnnihilation_6__LIG.ene,25656,58fcfe7f80a21235406e31ad50aff650fb5dc2d60c8eadfd1d1ea33f21f9660d
lambda05,0.5,2-Pentanone,XNLICIUVMPYHGG-UHFFFAOYSA-N,energy,system,/home/galoren/Freecurve_AI_Solvation/results/physics_probes/pimd2_lambda05_5ps/2_pentanone/output/Task5_MD_Transition_LIGAnnihilation_6__SYSTEM.ene,22353,88cb4e270ae8b8a9604097363f7191ded4c4d62c5037e02b96214fd673f96d1b
lambda05,0.5,3-Pentanol,AQIXEPGDORPWBJ-UHFFFAOYSA-N,conf.xml,,/home/galoren/Freecurve_AI_Solvation/results/physics_probes/pimd2_lambda05_5ps/3_pentanol/conf.xml,15510,f498010ee0a80d6ca5d146c187aba7b0b829ad7da30d43c09084f784f7709c05
lambda05,0.5,3-Pentanol,AQIXEPGDORPWBJ-UHFFFAOYSA-N,console.txt,,/home/galoren/Freecurve_AI_Solvation/results/physics_probes/pimd2_lambda05_5ps/3_pentanol/console.txt,42007,66a2c7b999d0c7e382cb7287266aed75f6f512c872c995b848083eaebfdfdc2b
lambda05,0.5,3-Pentanol,AQIXEPGDORPWBJ-UHFFFAOYSA-N,timing.json,,/home/galoren/Freecurve_AI_Solvation/results/physics_probes/pimd2_lambda05_5ps/3_pentanol/timing.json,371,32e4bd6d8f71fe11eba8913cc0074b15f657d042b7f89d47138654b1a41759ad
lambda05,0.5,3-Pentanol,AQIXEPGDORPWBJ-UHFFFAOYSA-N,energy,lig_slv,/home/galoren/Freecurve_AI_Solvation/results/physics_probes/pimd2_lambda05_5ps/3_pentanol/output/Task5_MD_Transition_LIGAnnihilation_6__LIG-SLV.ene,10784,235d6177bf03f4b4bd927056f9064ab38db8b09dca31d213ee4dde3ed0dda534
lambda05,0.5,3-Pentanol,AQIXEPGDORPWBJ-UHFFFAOYSA-N,energy,lig,/home/galoren/Freecurve_AI_Solvation/results/physics_probes/pimd2_lambda05_5ps/3_pentanol/output/Task5_MD_Transition_LIGAnnihilation_6__LIG.ene,25659,3983a32b735411f32c1b1ace842d3fb9f84f604c1ab50ca088db6f6459a3199f
lambda05,0.5,3-Pentanol,AQIXEPGDORPWBJ-UHFFFAOYSA-N,energy,system,/home/galoren/Freecurve_AI_Solvation/results/physics_probes/pimd2_lambda05_5ps/3_pentanol/output/Task5_MD_Transition_LIGAnnihilation_6__SYSTEM.ene,22341,b8757f003157ff8e70794653bf96149aa8975d831d18b3fe4a7a4079a61623d8
lambda05,0.5,3-Pentanone,FDPIMTJIUBPUKL-UHFFFAOYSA-N,conf.xml,,/home/galoren/Freecurve_AI_Solvation/results/physics_probes/pimd2_lambda05_5ps/3_pentanone/conf.xml,15516,78d3e383f6a18b1268e484a05c17e3d2d738730a6e43cdcfb5d71815759021f8
lambda05,0.5,3-Pentanone,FDPIMTJIUBPUKL-UHFFFAOYSA-N,console.txt,,/home/galoren/Freecurve_AI_Solvation/results/physics_probes/pimd2_lambda05_5ps/3_pentanone/console.txt,42542,1aeb7d34f2f92e9f5b78a799a439319418db020559b74fbb14b044fe71ad8c20
lambda05,0.5,3-Pentanone,FDPIMTJIUBPUKL-UHFFFAOYSA-N,timing.json,,/home/galoren/Freecurve_AI_Solvation/results/physics_probes/pimd2_lambda05_5ps/3_pentanone/timing.json,372,21f76c82fa38a04b24831a05a80aae94c6ac09f8267e00cb2da5342159e48ec5
lambda05,0.5,3-Pentanone,FDPIMTJIUBPUKL-UHFFFAOYSA-N,energy,lig_slv,/home/galoren/Freecurve_AI_Solvation/results/physics_probes/pimd2_lambda05_5ps/3_pentanone/output/Task5_MD_Transition_LIGAnnihilation_6__LIG-SLV.ene,10786,02b08ec31df93f332951ddb928740ddd0772c6a806afd9ec649fd38648c584bc
lambda05,0.5,3-Pentanone,FDPIMTJIUBPUKL-UHFFFAOYSA-N,energy,lig,/home/galoren/Freecurve_AI_Solvation/results/physics_probes/pimd2_lambda05_5ps/3_pentanone/output/Task5_MD_Transition_LIGAnnihilation_6__LIG.ene,25659,75b8e9913437265b5add8324315402a0ff5a3cb88d94816009432eab49ee971d
lambda05,0.5,3-Pentanone,FDPIMTJIUBPUKL-UHFFFAOYSA-N,energy,system,/home/galoren/Freecurve_AI_Solvation/results/physics_probes/pimd2_lambda05_5ps/3_pentanone/output/Task5_MD_Transition_LIGAnnihilation_6__SYSTEM.ene,22365,094085594b85578cce58c76d7e8dbb6f88b41f725ceb048bac9637b5a94d4de5
lambda05,0.5,3-methyl-indole,ZFRKQXVRDFCRJG-UHFFFAOYSA-N,conf.xml,,/home/galoren/Freecurve_AI_Solvation/results/physics_probes/pimd2_lambda05_5ps/3_methyl_indole/conf.xml,15541,5d76230367e1a6b3d3caa71fedf20037c86e7f6cbd3908e762346930d15fe4c0
lambda05,0.5,3-methyl-indole,ZFRKQXVRDFCRJG-UHFFFAOYSA-N,console.txt,,/home/galoren/Freecurve_AI_Solvation/results/physics_probes/pimd2_lambda05_5ps/3_methyl_indole/console.txt,43999,636f1bbcc273515ea6ae9b963ff5515fe8ae5877568e9f640fafb8ca65783778
lambda05,0.5,3-methyl-indole,ZFRKQXVRDFCRJG-UHFFFAOYSA-N,timing.json,,/home/galoren/Freecurve_AI_Solvation/results/physics_probes/pimd2_lambda05_5ps/3_methyl_indole/timing.json,380,5f969703564adbbc1b42e8b4a664bc61e1978536bcf752adb7fca656b08f9e04
lambda05,0.5,3-methyl-indole,ZFRKQXVRDFCRJG-UHFFFAOYSA-N,energy,lig_slv,/home/galoren/Freecurve_AI_Solvation/results/physics_probes/pimd2_lambda05_5ps/3_methyl_indole/output/Task5_MD_Transition_LIGAnnihilation_6__LIG-SLV.ene,10781,e24d94dd6def7e6cd6d45796b7d6626e1a4160d8b98f3ce70b6eebbbe535db00
lambda05,0.5,3-methyl-indole,ZFRKQXVRDFCRJG-UHFFFAOYSA-N,energy,lig,/home/galoren/Freecurve_AI_Solvation/results/physics_probes/pimd2_lambda05_5ps/3_methyl_indole/output/Task5_MD_Transition_LIGAnnihilation_6__LIG.ene,25663,7aaf15eef5aef1e03185bc3af62d80e677200a9c60264896f802c3b581ab31d7
lambda05,0.5,3-methyl-indole,ZFRKQXVRDFCRJG-UHFFFAOYSA-N,energy,system,/home/galoren/Freecurve_AI_Solvation/results/physics_probes/pimd2_lambda05_5ps/3_methyl_indole/output/Task5_MD_Transition_LIGAnnihilation_6__SYSTEM.ene,22344,ee880df7d6da688d9de8822350aaf9cd664a7b99e2ba340a2fce6c0754a93a0c
lambda05,0.5,Acetamide,DLFVBJFMPXGRIB-UHFFFAOYSA-N,conf.xml,,/home/galoren/Freecurve_AI_Solvation/results/physics_probes/pimd2_lambda05_5ps/acetamide/conf.xml,15504,a6f15e2792e7639ef4454aa09904b8f50409aaf817fd0d5e22c9ec9576eaf2d5
lambda05,0.5,Acetamide,DLFVBJFMPXGRIB-UHFFFAOYSA-N,console.txt,,/home/galoren/Freecurve_AI_Solvation/results/physics_probes/pimd2_lambda05_5ps/acetamide/console.txt,40363,4a668cbed2deb80b8552908b3871a69fb80f53f2c071056800c3f25bcc4fe66e
lambda05,0.5,Acetamide,DLFVBJFMPXGRIB-UHFFFAOYSA-N,timing.json,,/home/galoren/Freecurve_AI_Solvation/results/physics_probes/pimd2_lambda05_5ps/acetamide/timing.json,368,99411e106abedeb7e4b060e1c1e1d709cd28b2575e644dd0bd75d0776c830dbd
lambda05,0.5,Acetamide,DLFVBJFMPXGRIB-UHFFFAOYSA-N,energy,lig_slv,/home/galoren/Freecurve_AI_Solvation/results/physics_probes/pimd2_lambda05_5ps/acetamide/output/Task5_MD_Transition_LIGAnnihilation_6__LIG-SLV.ene,10790,bbc0e3238d2997d2e90803112e684d8cbc50b1b3e3140e4e35d8e4b1b707ee60
lambda05,0.5,Acetamide,DLFVBJFMPXGRIB-UHFFFAOYSA-N,energy,lig,/home/galoren/Freecurve_AI_Solvation/results/physics_probes/pimd2_lambda05_5ps/acetamide/output/Task5_MD_Transition_LIGAnnihilation_6__LIG.ene,25737,a3abff839f7361373d22095901fe3bd959c8f71c236c27c3d3a303a2a98e6f63
lambda05,0.5,Acetamide,DLFVBJFMPXGRIB-UHFFFAOYSA-N,energy,system,/home/galoren/Freecurve_AI_Solvation/results/physics_probes/pimd2_lambda05_5ps/acetamide/output/Task5_MD_Transition_LIGAnnihilation_6__SYSTEM.ene,22363,c09d8dd65c8a043aaababe8048e8dcf29500516f1089662391f67894a2b0f695
lambda05,0.5,AceticAcid,QTBSBXVTEAMEQO-UHFFFAOYSA-N,conf.xml,,/home/galoren/Freecurve_AI_Solvation/results/physics_probes/pimd2_lambda05_5ps/aceticacid/conf.xml,15510,f56a5a37b0223f98fa67177ea37ed7bec56363fa1f9a126e91068d07587c3515
lambda05,0.5,AceticAcid,QTBSBXVTEAMEQO-UHFFFAOYSA-N,console.txt,,/home/galoren/Freecurve_AI_Solvation/results/physics_probes/pimd2_lambda05_5ps/aceticacid/console.txt,40367,0683be03f394b92247d9cbf75793464d2ea9f8fef109c661691f083ba094cb1b
lambda05,0.5,AceticAcid,QTBSBXVTEAMEQO-UHFFFAOYSA-N,timing.json,,/home/galoren/Freecurve_AI_Solvation/results/physics_probes/pimd2_lambda05_5ps/aceticacid/timing.json,370,4623d7165e65f3cce432f4b7ef63027505d9c72a62931cddb63501bb1249a3d5
lambda05,0.5,AceticAcid,QTBSBXVTEAMEQO-UHFFFAOYSA-N,energy,lig_slv,/home/galoren/Freecurve_AI_Solvation/results/physics_probes/pimd2_lambda05_5ps/aceticacid/output/Task5_MD_Transition_LIGAnnihilation_6__LIG-SLV.ene,10778,89eff7202faf6987b71b14dc9d64b71900ba8597b95b90f5e02be61af1985133
lambda05,0.5,AceticAcid,QTBSBXVTEAMEQO-UHFFFAOYSA-N,energy,lig,/home/galoren/Freecurve_AI_Solvation/results/physics_probes/pimd2_lambda05_5ps/aceticacid/output/Task5_MD_Transition_LIGAnnihilation_6__LIG.ene,25708,33fb61ebb2a80a92cee0083d75c471f29fdd9090e285633ad36727c4e56b7cb0
lambda05,0.5,AceticAcid,QTBSBXVTEAMEQO-UHFFFAOYSA-N,energy,system,/home/galoren/Freecurve_AI_Solvation/results/physics_probes/pimd2_lambda05_5ps/aceticacid/output/Task5_MD_Transition_LIGAnnihilation_6__SYSTEM.ene,22345,3c351f7e9cca424e345fd520871c24050c4bd21fbf37c762a95f893dc364d38c
lambda05,0.5,Acetone,CSCPPACGZOOCGX-UHFFFAOYSA-N,conf.xml,,/home/galoren/Freecurve_AI_Solvation/results/physics_probes/pimd2_lambda05_5ps/acetone/conf.xml,15493,60634d2163b1315ab899e26793d64cd49a6ec1e0404309036e7081c87165817c
lambda05,0.5,Acetone,CSCPPACGZOOCGX-UHFFFAOYSA-N,console.txt,,/home/galoren/Freecurve_AI_Solvation/results/physics_probes/pimd2_lambda05_5ps/acetone/console.txt,39151,a405aa82d51d489b95187c4c28067ecaa0d7ffd82643917b307bfe29cebd92e5
lambda05,0.5,Acetone,CSCPPACGZOOCGX-UHFFFAOYSA-N,timing.json,,/home/galoren/Freecurve_AI_Solvation/results/physics_probes/pimd2_lambda05_5ps/acetone/timing.json,364,712d7343c18a01ebc0fda8042efd821a5264525598ad3cd03232895a3e473846
lambda05,0.5,Acetone,CSCPPACGZOOCGX-UHFFFAOYSA-N,energy,lig_slv,/home/galoren/Freecurve_AI_Solvation/results/physics_probes/pimd2_lambda05_5ps/acetone/output/Task5_MD_Transition_LIGAnnihilation_6__LIG-SLV.ene,10794,ac164ac6e0aa7a8fd8022229a482ef82136992651cf4712b9e2b2b32fe5b9474
lambda05,0.5,Acetone,CSCPPACGZOOCGX-UHFFFAOYSA-N,energy,lig,/home/galoren/Freecurve_AI_Solvation/results/physics_probes/pimd2_lambda05_5ps/acetone/output/Task5_MD_Transition_LIGAnnihilation_6__LIG.ene,25649,cef1032104a156535093ce911eb48c410ef7583565839ddf9c9498b267ad701e
lambda05,0.5,Acetone,CSCPPACGZOOCGX-UHFFFAOYSA-N,energy,system,/home/galoren/Freecurve_AI_Solvation/results/physics_probes/pimd2_lambda05_5ps/acetone/output/Task5_MD_Transition_LIGAnnihilation_6__SYSTEM.ene,22368,b79484152c0ee353f5a5c77ee5ba12db7c826b0b3ad000e9b13c5e2d88d61017
lambda05,0.5,Aniline,PAYRUJLWNCNPSJ-UHFFFAOYSA-N,conf.xml,,/home/galoren/Freecurve_AI_Solvation/results/physics_probes/pimd2_lambda05_5ps/aniline/conf.xml,15493,2480563bef29410b82260823d12fcace3408e447322e2d34b22035a091330d9b
lambda05,0.5,Aniline,PAYRUJLWNCNPSJ-UHFFFAOYSA-N,console.txt,,/home/galoren/Freecurve_AI_Solvation/results/physics_probes/pimd2_lambda05_5ps/aniline/console.txt,40363,ecafcb51002263782fda2971d20a4f57d2ebb91064e482908412f1166324919c
lambda05,0.5,Aniline,PAYRUJLWNCNPSJ-UHFFFAOYSA-N,timing.json,,/home/galoren/Freecurve_AI_Solvation/results/physics_probes/pimd2_lambda05_5ps/aniline/timing.json,364,485eaf20a8ed56c6b7737517da33620cfbcd6a1e2d5fec639ffd61ddc9448674
lambda05,0.5,Aniline,PAYRUJLWNCNPSJ-UHFFFAOYSA-N,energy,lig_slv,/home/galoren/Freecurve_AI_Solvation/results/physics_probes/pimd2_lambda05_5ps/aniline/output/Task5_MD_Transition_LIGAnnihilation_6__LIG-SLV.ene,10794,7a3e8f895d6831305b8f7674bbd356c0fe26be9b9469e384a10bce7f258c47b1
lambda05,0.5,Aniline,PAYRUJLWNCNPSJ-UHFFFAOYSA-N,energy,lig,/home/galoren/Freecurve_AI_Solvation/results/physics_probes/pimd2_lambda05_5ps/aniline/output/Task5_MD_Transition_LIGAnnihilation_6__LIG.ene,25640,d9b6ead24c2c82daa36a918021076a5698b2400ebb97f6cf9fd74aa2fcd3b1ca
lambda05,0.5,Aniline,PAYRUJLWNCNPSJ-UHFFFAOYSA-N,energy,system,/home/galoren/Freecurve_AI_Solvation/results/physics_probes/pimd2_lambda05_5ps/aniline/output/Task5_MD_Transition_LIGAnnihilation_6__SYSTEM.ene,22347,a17c126e992774a9e70bdf9fef8210f1678a14ce052150a45aefb10f92c49938
lambda05,0.5,Anthracene,MWPLVEDNUUSJAV-UHFFFAOYSA-N,conf.xml,,/home/galoren/Freecurve_AI_Solvation/results/physics_probes/pimd2_lambda05_5ps/anthracene/conf.xml,15510,3a34060fd836406771fb3c2b6dcf86c5428299969093bbf5dcbb752323ba3914
lambda05,0.5,Anthracene,MWPLVEDNUUSJAV-UHFFFAOYSA-N,console.txt,,/home/galoren/Freecurve_AI_Solvation/results/physics_probes/pimd2_lambda05_5ps/anthracene/console.txt,39173,cf0fc67f6b361655cb553c14248b15d1ce77cca25c81152e27155396ad4e262e
lambda05,0.5,Anthracene,MWPLVEDNUUSJAV-UHFFFAOYSA-N,timing.json,,/home/galoren/Freecurve_AI_Solvation/results/physics_probes/pimd2_lambda05_5ps/anthracene/timing.json,369,2efdf3e72f97aeec6a616362a71c994714c3532ccefead536a2b8bfb306f42ef
lambda05,0.5,Anthracene,MWPLVEDNUUSJAV-UHFFFAOYSA-N,energy,lig_slv,/home/galoren/Freecurve_AI_Solvation/results/physics_probes/pimd2_lambda05_5ps/anthracene/output/Task5_MD_Transition_LIGAnnihilation_6__LIG-SLV.ene,10774,ef36a5c18ee5cbb175a0363addab5ec90c7513212da3af61bb09129f467a3e26
lambda05,0.5,Anthracene,MWPLVEDNUUSJAV-UHFFFAOYSA-N,energy,lig,/home/galoren/Freecurve_AI_Solvation/results/physics_probes/pimd2_lambda05_5ps/anthracene/output/Task5_MD_Transition_LIGAnnihilation_6__LIG.ene,25640,88ac505146c2415416a7de39f0771a8c3400dc423ed262d6a04654229f9e4272
lambda05,0.5,Anthracene,MWPLVEDNUUSJAV-UHFFFAOYSA-N,energy,system,/home/galoren/Freecurve_AI_Solvation/results/physics_probes/pimd2_lambda05_5ps/anthracene/output/Task5_MD_Transition_LIGAnnihilation_6__SYSTEM.ene,22333,703ab33653413875c2a6229340c46ba3e6b11b2e55a6baef77acdea372066ea4
lambda05,0.5,Benzene,UHOVQNZJYSORNB-UHFFFAOYSA-N,conf.xml,,/home/galoren/Freecurve_AI_Solvation/results/physics_probes/pimd2_lambda05_5ps/benzene/conf.xml,15493,e1a99e402244a8647b8bae0de66847167ef29f31347b36bed568266745aff4dc
lambda05,0.5,Benzene,UHOVQNZJYSORNB-UHFFFAOYSA-N,console.txt,,/home/galoren/Freecurve_AI_Solvation/results/physics_probes/pimd2_lambda05_5ps/benzene/console.txt,39141,25c0a8bd06d2aee657b5f7a1142d8ffb3d20e84af1cbf214aa55055a05ac93fd
lambda05,0.5,Benzene,UHOVQNZJYSORNB-UHFFFAOYSA-N,timing.json,,/home/galoren/Freecurve_AI_Solvation/results/physics_probes/pimd2_lambda05_5ps/benzene/timing.json,364,5700261febca25bd7e28c79d781a8037076e681f59fdcec35ac1eb2566c77adc
lambda05,0.5,Benzene,UHOVQNZJYSORNB-UHFFFAOYSA-N,energy,lig_slv,/home/galoren/Freecurve_AI_Solvation/results/physics_probes/pimd2_lambda05_5ps/benzene/output/Task5_MD_Transition_LIGAnnihilation_6__LIG-SLV.ene,10777,cfa60a96cf626d22353723e799a090ce456e72efa197e09096de314016a860d3
lambda05,0.5,Benzene,UHOVQNZJYSORNB-UHFFFAOYSA-N,energy,lig,/home/galoren/Freecurve_AI_Solvation/results/physics_probes/pimd2_lambda05_5ps/benzene/output/Task5_MD_Transition_LIGAnnihilation_6__LIG.ene,25637,74845bfc2c1550e101e1b709d902a87524e5475e313a88623101888b775243ef
lambda05,0.5,Benzene,UHOVQNZJYSORNB-UHFFFAOYSA-N,energy,system,/home/galoren/Freecurve_AI_Solvation/results/physics_probes/pimd2_lambda05_5ps/benzene/output/Task5_MD_Transition_LIGAnnihilation_6__SYSTEM.ene,22330,4964c7e888d874e0bbe87e3628b3b4b00d9f4a037ab00e02899c6feaddb1e688
lambda05,0.5,Biphenyl,ZUOUZKKEUPVFJK-UHFFFAOYSA-N,conf.xml,,/home/galoren/Freecurve_AI_Solvation/results/physics_probes/pimd2_lambda05_5ps/biphenyl/conf.xml,15498,e3ff1805c230d9c6c057f43101ba4d45374ae65767b1e5bf19248d45b4b65413
lambda05,0.5,Biphenyl,ZUOUZKKEUPVFJK-UHFFFAOYSA-N,console.txt,,/home/galoren/Freecurve_AI_Solvation/results/physics_probes/pimd2_lambda05_5ps/biphenyl/console.txt,40203,a98fd34147791cb17aa6043a6a34447a7e039bcfe307a31bee67d569418e04f5
lambda05,0.5,Biphenyl,ZUOUZKKEUPVFJK-UHFFFAOYSA-N,timing.json,,/home/galoren/Freecurve_AI_Solvation/results/physics_probes/pimd2_lambda05_5ps/biphenyl/timing.json,366,d7bae3363439a062bbbe9019bff5170dbb0cc623013c86552160111f2d1c9b69
lambda05,0.5,Biphenyl,ZUOUZKKEUPVFJK-UHFFFAOYSA-N,energy,lig_slv,/home/galoren/Freecurve_AI_Solvation/results/physics_probes/pimd2_lambda05_5ps/biphenyl/output/Task5_MD_Transition_LIGAnnihilation_6__LIG-SLV.ene,10778,97af9c7bec4d4e9bdfc03c3afd727888ed753ca51cdb32dc1112f63d095b765c
lambda05,0.5,Biphenyl,ZUOUZKKEUPVFJK-UHFFFAOYSA-N,energy,lig,/home/galoren/Freecurve_AI_Solvation/results/physics_probes/pimd2_lambda05_5ps/biphenyl/output/Task5_MD_Transition_LIGAnnihilation_6__LIG.ene,25627,82a95df41047797219967fac1d7d9c1878a4bcd51a3b9b72b3f72051fdbbd40c
lambda05,0.5,Biphenyl,ZUOUZKKEUPVFJK-UHFFFAOYSA-N,energy,system,/home/galoren/Freecurve_AI_Solvation/results/physics_probes/pimd2_lambda05_5ps/biphenyl/output/Task5_MD_Transition_LIGAnnihilation_6__SYSTEM.ene,22325,dc7c2835c07696bda71678bb911fadfa6375f32a4c4b604e504982e4ee4c130d
lambda05,0.5,But-1-ene,VXNZUUAINFGPBY-UHFFFAOYSA-N,conf.xml,,/home/galoren/Freecurve_AI_Solvation/results/physics_probes/pimd2_lambda05_5ps/but_1_ene/conf.xml,15504,8cd3d8a05c90b87f02fda79093b1db5d2c7a1a0d77fcd7c7c16326017e758f78
lambda05,0.5,But-1-ene,VXNZUUAINFGPBY-UHFFFAOYSA-N,console.txt,,/home/galoren/Freecurve_AI_Solvation/results/physics_probes/pimd2_lambda05_5ps/but_1_ene/console.txt,41939,91e3f9451e620bc4d331b46e0ee38a639032a389eca5e778f5c7bfec25b41ce1
lambda05,0.5,But-1-ene,VXNZUUAINFGPBY-UHFFFAOYSA-N,timing.json,,/home/galoren/Freecurve_AI_Solvation/results/physics_probes/pimd2_lambda05_5ps/but_1_ene/timing.json,369,1cbf12a4fffb3152a35b3764e309cdf8ddf095b8d0afef82d13ac622fcbe0132
lambda05,0.5,But-1-ene,VXNZUUAINFGPBY-UHFFFAOYSA-N,energy,lig_slv,/home/galoren/Freecurve_AI_Solvation/results/physics_probes/pimd2_lambda05_5ps/but_1_ene/output/Task5_MD_Transition_LIGAnnihilation_6__LIG-SLV.ene,10791,41d6651000a04aecb635528f391b628f1f7715c5cec978886a88002866982e06
lambda05,0.5,But-1-ene,VXNZUUAINFGPBY-UHFFFAOYSA-N,energy,lig,/home/galoren/Freecurve_AI_Solvation/results/physics_probes/pimd2_lambda05_5ps/but_1_ene/output/Task5_MD_Transition_LIGAnnihilation_6__LIG.ene,25649,84cd1f6bb43f0876d3f6df26a85ec8ab23089829fe9660ac8df25aa87da307c6
lambda05,0.5,But-1-ene,VXNZUUAINFGPBY-UHFFFAOYSA-N,energy,system,/home/galoren/Freecurve_AI_Solvation/results/physics_probes/pimd2_lambda05_5ps/but_1_ene/output/Task5_MD_Transition_LIGAnnihilation_6__SYSTEM.ene,22348,6d6fad2017ed57e2ce0621fbc95d95e047c862aff8345ed1dde118af19af7932
lambda05,0.5,Buta-13-diene,KAKZBPTYRLMSJV-UHFFFAOYSA-N,conf.xml,,/home/galoren/Freecurve_AI_Solvation/results/physics_probes/pimd2_lambda05_5ps/buta_13_diene/conf.xml,15528,c3b3a93c9cd19833a47ec016935f5b5e8ee48b0ea5a625921db3d05328fe1578
lambda05,0.5,Buta-13-diene,KAKZBPTYRLMSJV-UHFFFAOYSA-N,console.txt,,/home/galoren/Freecurve_AI_Solvation/results/physics_probes/pimd2_lambda05_5ps/buta_13_diene/console.txt,39185,d65c7a9777aea5a8f485277e1d50619967fc28aa0d976e5d59ab951909fb9da6
lambda05,0.5,Buta-13-diene,KAKZBPTYRLMSJV-UHFFFAOYSA-N,timing.json,,/home/galoren/Freecurve_AI_Solvation/results/physics_probes/pimd2_lambda05_5ps/buta_13_diene/timing.json,376,34cd671e3bdb99dc9b488445b3432a2a6804e1a8baf41997d2e3767433a5fb0b
lambda05,0.5,Buta-13-diene,KAKZBPTYRLMSJV-UHFFFAOYSA-N,energy,lig_slv,/home/galoren/Freecurve_AI_Solvation/results/physics_probes/pimd2_lambda05_5ps/buta_13_diene/output/Task5_MD_Transition_LIGAnnihilation_6__LIG-SLV.ene,10803,7aa779924ce1331f442a9dcd3fae446ceddad47442fbb8a67280d0b13049dace
lambda05,0.5,Buta-13-diene,KAKZBPTYRLMSJV-UHFFFAOYSA-N,energy,lig,/home/galoren/Freecurve_AI_Solvation/results/physics_probes/pimd2_lambda05_5ps/buta_13_diene/output/Task5_MD_Transition_LIGAnnihilation_6__LIG.ene,25664,4990089cc4597f8b73818f690809377ca5af3af972e1dead19e72baa0c201e6d
lambda05,0.5,Buta-13-diene,KAKZBPTYRLMSJV-UHFFFAOYSA-N,energy,system,/home/galoren/Freecurve_AI_Solvation/results/physics_probes/pimd2_lambda05_5ps/buta_13_diene/output/Task5_MD_Transition_LIGAnnihilation_6__SYSTEM.ene,22360,a6246008a3349a34f98794a398b81892ebadc932fb2cef742753561d00164540
lambda05,0.5,Butane,IJDNQMDRQITEOD-UHFFFAOYSA-N,conf.xml,,/home/galoren/Freecurve_AI_Solvation/results/physics_probes/pimd2_lambda05_5ps/butane/conf.xml,15486,52a40a7d3b95e4f1da5d7b05a0a6a1eaeea1092b92d1b6a6136055ff25dd6f4c
lambda05,0.5,Butane,IJDNQMDRQITEOD-UHFFFAOYSA-N,console.txt,,/home/galoren/Freecurve_AI_Solvation/results/physics_probes/pimd2_lambda05_5ps/butane/console.txt,40384,79ec42cf3c2c15ed888f88e448a7da8ffc7439ae8958b2b6118d302c1f075b2b
lambda05,0.5,Butane,IJDNQMDRQITEOD-UHFFFAOYSA-N,timing.json,,/home/galoren/Freecurve_AI_Solvation/results/physics_probes/pimd2_lambda05_5ps/butane/timing.json,362,4b64cd66f4f7fbe8f9fd45f12d625275a4e73391904b0f43bab2b5ef10d6e4a4
lambda05,0.5,Butane,IJDNQMDRQITEOD-UHFFFAOYSA-N,energy,lig_slv,/home/galoren/Freecurve_AI_Solvation/results/physics_probes/pimd2_lambda05_5ps/butane/output/Task5_MD_Transition_LIGAnnihilation_6__LIG-SLV.ene,10791,6293c55785256dc3b22f445657f4305f7f54bac08ba996a30c8103e5b295b505
lambda05,0.5,Butane,IJDNQMDRQITEOD-UHFFFAOYSA-N,energy,lig,/home/galoren/Freecurve_AI_Solvation/results/physics_probes/pimd2_lambda05_5ps/butane/output/Task5_MD_Transition_LIGAnnihilation_6__LIG.ene,25633,5f49cdc8287287aea035d2d8c1de163218d96b6ad854263e9507a39ab33aa73d
lambda05,0.5,Butane,IJDNQMDRQITEOD-UHFFFAOYSA-N,energy,system,/home/galoren/Freecurve_AI_Solvation/results/physics_probes/pimd2_lambda05_5ps/butane/output/Task5_MD_Transition_LIGAnnihilation_6__SYSTEM.ene,22342,94693c0d204b973fe4f8e540af03452d6f6ac8ccf5b487647d3396a222ab289d
lambda05,0.5,ButylAcetate,DKPFZGUDAPQIHT-UHFFFAOYSA-N,conf.xml,,/home/galoren/Freecurve_AI_Solvation/results/physics_probes/pimd2_lambda05_5ps/butylacetate/conf.xml,15522,b65ac1c924453bf6f6a4785b88b11ae6bb742cc0a5c924014132149d67cc911f
lambda05,0.5,ButylAcetate,DKPFZGUDAPQIHT-UHFFFAOYSA-N,console.txt,,/home/galoren/Freecurve_AI_Solvation/results/physics_probes/pimd2_lambda05_5ps/butylacetate/console.txt,40381,07616ef22865444f6149ebefb2bff0e5aa3b2d227f10058f04dc034f05ae9b8b
lambda05,0.5,ButylAcetate,DKPFZGUDAPQIHT-UHFFFAOYSA-N,timing.json,,/home/galoren/Freecurve_AI_Solvation/results/physics_probes/pimd2_lambda05_5ps/butylacetate/timing.json,375,8d4cfd17dfd8148ee79609a5f55763437e49d7069656656a41e7ee33838a56b8
lambda05,0.5,ButylAcetate,DKPFZGUDAPQIHT-UHFFFAOYSA-N,energy,lig_slv,/home/galoren/Freecurve_AI_Solvation/results/physics_probes/pimd2_lambda05_5ps/butylacetate/output/Task5_MD_Transition_LIGAnnihilation_6__LIG-SLV.ene,10774,eb952711ca5a174eeb3718a4ed09ff0990f2e5a05f632a78a76ce931fd2546ce
lambda05,0.5,ButylAcetate,DKPFZGUDAPQIHT-UHFFFAOYSA-N,energy,lig,/home/galoren/Freecurve_AI_Solvation/results/physics_probes/pimd2_lambda05_5ps/butylacetate/output/Task5_MD_Transition_LIGAnnihilation_6__LIG.ene,25656,5bc756319f273bf4c128bbf0af481d5692720e17b20bb24e6fdd3dce5e75b09b
lambda05,0.5,ButylAcetate,DKPFZGUDAPQIHT-UHFFFAOYSA-N,energy,system,/home/galoren/Freecurve_AI_Solvation/results/physics_probes/pimd2_lambda05_5ps/butylacetate/output/Task5_MD_Transition_LIGAnnihilation_6__SYSTEM.ene,22351,c06b085a4ec5133b94e11641a94afc8ede3b7fb3d1243c9a364ad2917c1c22fd
lambda05,0.5,Cycloheptane,DMEGYFMYUHOHGS-UHFFFAOYSA-N,conf.xml,,/home/galoren/Freecurve_AI_Solvation/results/physics_probes/pimd2_lambda05_5ps/cycloheptane/conf.xml,15523,e6519d5cadb693e6dde2e008671db4785181c15346dbc65a76a1be8a068ee108
lambda05,0.5,Cycloheptane,DMEGYFMYUHOHGS-UHFFFAOYSA-N,console.txt,,/home/galoren/Freecurve_AI_Solvation/results/physics_probes/pimd2_lambda05_5ps/cycloheptane/console.txt,39248,c8a25e0d264a34b6677473106978298be450a3862f15474c92bad66c9c1ae803
lambda05,0.5,Cycloheptane,DMEGYFMYUHOHGS-UHFFFAOYSA-N,timing.json,,/home/galoren/Freecurve_AI_Solvation/results/physics_probes/pimd2_lambda05_5ps/cycloheptane/timing.json,375,decdda368b2854e63df03fd3a76ac839ff4dcbf538421b5be3b2d4c1456a2d7d
lambda05,0.5,Cycloheptane,DMEGYFMYUHOHGS-UHFFFAOYSA-N,energy,lig_slv,/home/galoren/Freecurve_AI_Solvation/results/physics_probes/pimd2_lambda05_5ps/cycloheptane/output/Task5_MD_Transition_LIGAnnihilation_6__LIG-SLV.ene,10775,dd6ca732b4eabe1df8ff8c1482c29d9f8215892c808d946705ac7db720ccc933
lambda05,0.5,Cycloheptane,DMEGYFMYUHOHGS-UHFFFAOYSA-N,energy,lig,/home/galoren/Freecurve_AI_Solvation/results/physics_probes/pimd2_lambda05_5ps/cycloheptane/output/Task5_MD_Transition_LIGAnnihilation_6__LIG.ene,25642,762f15a9ba07d8cec23b067d2475cc076b80114cb1143748a533f1a240d8ce44
lambda05,0.5,Cycloheptane,DMEGYFMYUHOHGS-UHFFFAOYSA-N,energy,system,/home/galoren/Freecurve_AI_Solvation/results/physics_probes/pimd2_lambda05_5ps/cycloheptane/output/Task5_MD_Transition_LIGAnnihilation_6__SYSTEM.ene,22314,d94008a0235d0f7e77e0e863bb5a108ce80254ad64b3a8502b89265b1c0a9913
lambda05,0.5,Cyclohexane,XDTMQSROBMDMFD-UHFFFAOYSA-N,conf.xml,,/home/galoren/Freecurve_AI_Solvation/results/physics_probes/pimd2_lambda05_5ps/cyclohexane/conf.xml,15516,1f4bbbd27d6903b1741f063b5357dcc7cf49364dac8be1b51978c71b88711899
lambda05,0.5,Cyclohexane,XDTMQSROBMDMFD-UHFFFAOYSA-N,console.txt,,/home/galoren/Freecurve_AI_Solvation/results/physics_probes/pimd2_lambda05_5ps/cyclohexane/console.txt,39221,63127dece25059ff05baeb4330bdbd9313849d684ebb277d6bc0f78ef93d9ba8
lambda05,0.5,Cyclohexane,XDTMQSROBMDMFD-UHFFFAOYSA-N,timing.json,,/home/galoren/Freecurve_AI_Solvation/results/physics_probes/pimd2_lambda05_5ps/cyclohexane/timing.json,372,951b3bb330a95ee43d687d8a17f449e7a33510a9c22a91aa8829d1d0c221f2ff
lambda05,0.5,Cyclohexane,XDTMQSROBMDMFD-UHFFFAOYSA-N,energy,lig_slv,/home/galoren/Freecurve_AI_Solvation/results/physics_probes/pimd2_lambda05_5ps/cyclohexane/output/Task5_MD_Transition_LIGAnnihilation_6__LIG-SLV.ene,10775,2bee4139512fca871b94893bdc9f1e025de058bb1a1aab58685dbf34a7264d17
lambda05,0.5,Cyclohexane,XDTMQSROBMDMFD-UHFFFAOYSA-N,energy,lig,/home/galoren/Freecurve_AI_Solvation/results/physics_probes/pimd2_lambda05_5ps/cyclohexane/output/Task5_MD_Transition_LIGAnnihilation_6__LIG.ene,25641,eb398a8e0bcb0dacee2f20fa55dfdf03e2bf8e3bad30e037e996c5bd6b3a8b18
lambda05,0.5,Cyclohexane,XDTMQSROBMDMFD-UHFFFAOYSA-N,energy,system,/home/galoren/Freecurve_AI_Solvation/results/physics_probes/pimd2_lambda05_5ps/cyclohexane/output/Task5_MD_Transition_LIGAnnihilation_6__SYSTEM.ene,22317,9a18807dd177ae39dba801b4756c14a57c40b984952cc49fca9a076b16532d3d
lambda05,0.5,Cyclopentane,RGSFGYAAUTVSQA-UHFFFAOYSA-N,conf.xml,,/home/galoren/Freecurve_AI_Solvation/results/physics_probes/pimd2_lambda05_5ps/cyclopentane/conf.xml,15523,ed2e465a9996bd60284d233f8abfab6e98fc5c487b0cd21395a003995b1dd51d
lambda05,0.5,Cyclopentane,RGSFGYAAUTVSQA-UHFFFAOYSA-N,console.txt,,/home/galoren/Freecurve_AI_Solvation/results/physics_probes/pimd2_lambda05_5ps/cyclopentane/console.txt,39244,bbe71b10f9c4743983aa1e5813e2699a16edda405fe8d4aa0d0524b16fc6d186
lambda05,0.5,Cyclopentane,RGSFGYAAUTVSQA-UHFFFAOYSA-N,timing.json,,/home/galoren/Freecurve_AI_Solvation/results/physics_probes/pimd2_lambda05_5ps/cyclopentane/timing.json,375,1ac29e38f0c50d6f8628fab88cda4626621c1ab320710912703056123d59d4fc
lambda05,0.5,Cyclopentane,RGSFGYAAUTVSQA-UHFFFAOYSA-N,energy,lig_slv,/home/galoren/Freecurve_AI_Solvation/results/physics_probes/pimd2_lambda05_5ps/cyclopentane/output/Task5_MD_Transition_LIGAnnihilation_6__LIG-SLV.ene,10779,09ebf7ff1a46878c1a4d1d8427685931a70fadeb22b5598261ef659c69a7387a
lambda05,0.5,Cyclopentane,RGSFGYAAUTVSQA-UHFFFAOYSA-N,energy,lig,/home/galoren/Freecurve_AI_Solvation/results/physics_probes/pimd2_lambda05_5ps/cyclopentane/output/Task5_MD_Transition_LIGAnnihilation_6__LIG.ene,25646,4e13928b5875975d9677bb231faf42692bd5e7e8da965880e1be10f75c32b5b1
lambda05,0.5,Cyclopentane,RGSFGYAAUTVSQA-UHFFFAOYSA-N,energy,system,/home/galoren/Freecurve_AI_Solvation/results/physics_probes/pimd2_lambda05_5ps/cyclopentane/output/Task5_MD_Transition_LIGAnnihilation_6__SYSTEM.ene,22326,3ab2bc4c0ceba488e366131bdac27e89d441f3722eabae2bef5705f367365c10
lambda05,0.5,Cyclopropane,LVZWSLJZHVFIQJ-UHFFFAOYSA-N,conf.xml,,/home/galoren/Freecurve_AI_Solvation/results/physics_probes/pimd2_lambda05_5ps/cyclopropane/conf.xml,15522,443bc37addf73256742b9052b5197eccd2ddaca818df077bda571b0a2bb171ff
lambda05,0.5,Cyclopropane,LVZWSLJZHVFIQJ-UHFFFAOYSA-N,console.txt,,/home/galoren/Freecurve_AI_Solvation/results/physics_probes/pimd2_lambda05_5ps/cyclopropane/console.txt,39252,17db106e79f8f38cd61f53da9528836dc11a46f72382894babb8cafd512c679e
lambda05,0.5,Cyclopropane,LVZWSLJZHVFIQJ-UHFFFAOYSA-N,timing.json,,/home/galoren/Freecurve_AI_Solvation/results/physics_probes/pimd2_lambda05_5ps/cyclopropane/timing.json,375,3194b8e06381a26177ab1945d998a527d9fcd31f01726c47a7b2ad6a56921828
lambda05,0.5,Cyclopropane,LVZWSLJZHVFIQJ-UHFFFAOYSA-N,energy,lig_slv,/home/galoren/Freecurve_AI_Solvation/results/physics_probes/pimd2_lambda05_5ps/cyclopropane/output/Task5_MD_Transition_LIGAnnihilation_6__LIG-SLV.ene,10781,b48e5700b4448ff5cd884ff067fc362fb521c8c92f599e6f483ee42e06617d6a
lambda05,0.5,Cyclopropane,LVZWSLJZHVFIQJ-UHFFFAOYSA-N,energy,lig,/home/galoren/Freecurve_AI_Solvation/results/physics_probes/pimd2_lambda05_5ps/cyclopropane/output/Task5_MD_Transition_LIGAnnihilation_6__LIG.ene,25659,3f6e0fb7895c5b2fa5dc03ab2e3865b7f9a925072a719c1d810b99e2d478b1f6
lambda05,0.5,Cyclopropane,LVZWSLJZHVFIQJ-UHFFFAOYSA-N,energy,system,/home/galoren/Freecurve_AI_Solvation/results/physics_probes/pimd2_lambda05_5ps/cyclopropane/output/Task5_MD_Transition_LIGAnnihilation_6__SYSTEM.ene,22340,100c6b05d4fa1128704069393ea504fb8774896f58a861678a0419374cf70ca1
lambda05,0.5,DiEthylSulfide,LJSQFQKUNVCTIA-UHFFFAOYSA-N,conf.xml,,/home/galoren/Freecurve_AI_Solvation/results/physics_probes/pimd2_lambda05_5ps/diethylsulfide/conf.xml,15535,75e04059675ce188d27aabef95ec1917482b62f658bb4f4a7e78ca4cd2c7d139
lambda05,0.5,DiEthylSulfide,LJSQFQKUNVCTIA-UHFFFAOYSA-N,console.txt,,/home/galoren/Freecurve_AI_Solvation/results/physics_probes/pimd2_lambda05_5ps/diethylsulfide/console.txt,40448,72a650d81e2e2ec3499ca7983eed037f9b0e43845f226a58a0d62033e733c60c
lambda05,0.5,DiEthylSulfide,LJSQFQKUNVCTIA-UHFFFAOYSA-N,timing.json,,/home/galoren/Freecurve_AI_Solvation/results/physics_probes/pimd2_lambda05_5ps/diethylsulfide/timing.json,378,ef251b9594c3b8d3835032d328e7ac1d9f2118df585df8925a6cca9b3e4f1608
lambda05,0.5,DiEthylSulfide,LJSQFQKUNVCTIA-UHFFFAOYSA-N,energy,lig_slv,/home/galoren/Freecurve_AI_Solvation/results/physics_probes/pimd2_lambda05_5ps/diethylsulfide/output/Task5_MD_Transition_LIGAnnihilation_6__LIG-SLV.ene,10788,aead65b5af7aee76a650a3613d6b429795d6b114719db1c55ed5399ebc332d70
lambda05,0.5,DiEthylSulfide,LJSQFQKUNVCTIA-UHFFFAOYSA-N,energy,lig,/home/galoren/Freecurve_AI_Solvation/results/physics_probes/pimd2_lambda05_5ps/diethylsulfide/output/Task5_MD_Transition_LIGAnnihilation_6__LIG.ene,25649,613e87307b52d4c6d879abdf45a394c8710fb8de5233aef3b078b5320d35c73e
lambda05,0.5,DiEthylSulfide,LJSQFQKUNVCTIA-UHFFFAOYSA-N,energy,system,/home/galoren/Freecurve_AI_Solvation/results/physics_probes/pimd2_lambda05_5ps/diethylsulfide/output/Task5_MD_Transition_LIGAnnihilation_6__SYSTEM.ene,22342,e445ec87eb286b01a627fb7d484c6008a9c875693fca435bb537ae53aa6f715b
lambda05,0.5,DiMethylAcetamide,FXHOOIRPVKKKFG-UHFFFAOYSA-N,conf.xml,,/home/galoren/Freecurve_AI_Solvation/results/physics_probes/pimd2_lambda05_5ps/dimethylacetamide/conf.xml,15552,8eee6301dd67535119bd270cd90378ea6a6fc3cfbc7a662cf2023e03c9eed091
lambda05,0.5,DiMethylAcetamide,FXHOOIRPVKKKFG-UHFFFAOYSA-N,console.txt,,/home/galoren/Freecurve_AI_Solvation/results/physics_probes/pimd2_lambda05_5ps/dimethylacetamide/console.txt,39231,a318392543c2aa2df353e331961a625aeb2940fe3f2947a7054a6b134036c3e8
lambda05,0.5,DiMethylAcetamide,FXHOOIRPVKKKFG-UHFFFAOYSA-N,timing.json,,/home/galoren/Freecurve_AI_Solvation/results/physics_probes/pimd2_lambda05_5ps/dimethylacetamide/timing.json,385,bf99145842733325671361f16ebe283288fbab87f7dbcdff6a48d9bdc5f64d16
lambda05,0.5,DiMethylAcetamide,FXHOOIRPVKKKFG-UHFFFAOYSA-N,energy,lig_slv,/home/galoren/Freecurve_AI_Solvation/results/physics_probes/pimd2_lambda05_5ps/dimethylacetamide/output/Task5_MD_Transition_LIGAnnihilation_6__LIG-SLV.ene,10778,d4da7cbbefc716592ecac17b0915d0ff7f87a1828979f9a06f5a875d033f00be
lambda05,0.5,DiMethylAcetamide,FXHOOIRPVKKKFG-UHFFFAOYSA-N,energy,lig,/home/galoren/Freecurve_AI_Solvation/results/physics_probes/pimd2_lambda05_5ps/dimethylacetamide/output/Task5_MD_Transition_LIGAnnihilation_6__LIG.ene,25675,7b60efc8de8449a69fd2ee32d502a3ce45299f5530c67dfeeb6f0e9a67e118f8
lambda05,0.5,DiMethylAcetamide,FXHOOIRPVKKKFG-UHFFFAOYSA-N,energy,system,/home/galoren/Freecurve_AI_Solvation/results/physics_probes/pimd2_lambda05_5ps/dimethylacetamide/output/Task5_MD_Transition_LIGAnnihilation_6__SYSTEM.ene,22349,d51b25ae5593daf1a3d661531d5757a54d056a3555046daf76908ae5d9b9d74d
lambda05,0.5,DiMethylEther,LCGLNKUTAGEVQW-UHFFFAOYSA-N,conf.xml,,/home/galoren/Freecurve_AI_Solvation/results/physics_probes/pimd2_lambda05_5ps/dimethylether/conf.xml,15528,48825f8cdf67f440e4939f6ef13dad280f1efcbbfb37bab8c090183ca68392a1
lambda05,0.5,DiMethylEther,LCGLNKUTAGEVQW-UHFFFAOYSA-N,console.txt,,/home/galoren/Freecurve_AI_Solvation/results/physics_probes/pimd2_lambda05_5ps/dimethylether/console.txt,39244,1734c45c4b34e5d583dc9f9bc904efbaf4836c3d36b8f7df84048c0db025a6cf
lambda05,0.5,DiMethylEther,LCGLNKUTAGEVQW-UHFFFAOYSA-N,timing.json,,/home/galoren/Freecurve_AI_Solvation/results/physics_probes/pimd2_lambda05_5ps/dimethylether/timing.json,377,50523b8bde77867d22be1e323af4732a13dc60a586f87b557eff62416748814e
lambda05,0.5,DiMethylEther,LCGLNKUTAGEVQW-UHFFFAOYSA-N,energy,lig_slv,/home/galoren/Freecurve_AI_Solvation/results/physics_probes/pimd2_lambda05_5ps/dimethylether/output/Task5_MD_Transition_LIGAnnihilation_6__LIG-SLV.ene,10775,e869f5a3a0b22e4b05a1865cccf5f0c83aa2885a4374cb149343b5c7404b776f
lambda05,0.5,DiMethylEther,LCGLNKUTAGEVQW-UHFFFAOYSA-N,energy,lig,/home/galoren/Freecurve_AI_Solvation/results/physics_probes/pimd2_lambda05_5ps/dimethylether/output/Task5_MD_Transition_LIGAnnihilation_6__LIG.ene,25643,d0be0efe0e1e13d70ab961fc5401cba2f614988ec0b483cc2387a8538ed920a3
lambda05,0.5,DiMethylEther,LCGLNKUTAGEVQW-UHFFFAOYSA-N,energy,system,/home/galoren/Freecurve_AI_Solvation/results/physics_probes/pimd2_lambda05_5ps/dimethylether/output/Task5_MD_Transition_LIGAnnihilation_6__SYSTEM.ene,22336,1bcb7e578ca9d9df2871a0c8edc17a13ec1f5d7dd520bfd8c58488e6cf11868a
lambda05,0.5,DiMethylSulfide,QMMFVYPAHWMCMS-UHFFFAOYSA-N,conf.xml,,/home/galoren/Freecurve_AI_Solvation/results/physics_probes/pimd2_lambda05_5ps/dimethylsulfide/conf.xml,15540,355748f948e0e0c6b349e42f8fa59a2cb4a4b19fd90501e72ca82e873e36162b
lambda05,0.5,DiMethylSulfide,QMMFVYPAHWMCMS-UHFFFAOYSA-N,console.txt,,/home/galoren/Freecurve_AI_Solvation/results/physics_probes/pimd2_lambda05_5ps/dimethylsulfide/console.txt,39258,1285dfd4e656a533bf89eb6e02d6219d28dd681529d162ce83d3aec2f98591e4
lambda05,0.5,DiMethylSulfide,QMMFVYPAHWMCMS-UHFFFAOYSA-N,timing.json,,/home/galoren/Freecurve_AI_Solvation/results/physics_probes/pimd2_lambda05_5ps/dimethylsulfide/timing.json,381,2e6e48540e6b672531c16d06a66dd5c564f6050f8ce4cea822ea9b6b36f3f6bd
lambda05,0.5,DiMethylSulfide,QMMFVYPAHWMCMS-UHFFFAOYSA-N,energy,lig_slv,/home/galoren/Freecurve_AI_Solvation/results/physics_probes/pimd2_lambda05_5ps/dimethylsulfide/output/Task5_MD_Transition_LIGAnnihilation_6__LIG-SLV.ene,10777,2d0dff37a0c7393b9adcb7199a5095a7c09d9f16c5d492e3321e9893cbf4386d
lambda05,0.5,DiMethylSulfide,QMMFVYPAHWMCMS-UHFFFAOYSA-N,energy,lig,/home/galoren/Freecurve_AI_Solvation/results/physics_probes/pimd2_lambda05_5ps/dimethylsulfide/output/Task5_MD_Transition_LIGAnnihilation_6__LIG.ene,25650,ecc5630298fc880dc49fee72c5011434315cd96f863d794b68332569fa955d53
lambda05,0.5,DiMethylSulfide,QMMFVYPAHWMCMS-UHFFFAOYSA-N,energy,system,/home/galoren/Freecurve_AI_Solvation/results/physics_probes/pimd2_lambda05_5ps/dimethylsulfide/output/Task5_MD_Transition_LIGAnnihilation_6__SYSTEM.ene,22347,518d803812e328810eeade316d0992b3b6ec1ebff7f60500017ed47c0a2db518
lambda05,0.5,DiethylEther,RTZKZFJDLAIYFH-UHFFFAOYSA-N,conf.xml,,/home/galoren/Freecurve_AI_Solvation/results/physics_probes/pimd2_lambda05_5ps/diethylether/conf.xml,15522,601edb14c6bcf9a65d38eab06bf5aafd6a83f4f303c1e06624ed47b66cbd8cd0
lambda05,0.5,DiethylEther,RTZKZFJDLAIYFH-UHFFFAOYSA-N,console.txt,,/home/galoren/Freecurve_AI_Solvation/results/physics_probes/pimd2_lambda05_5ps/diethylether/console.txt,6758,477504ecf769c6e9b8c1f1960dcd2a142c09aa1405c385ad5671775fa9345d9c
lambda05,0.5,DiethylEther,RTZKZFJDLAIYFH-UHFFFAOYSA-N,timing.json,,/home/galoren/Freecurve_AI_Solvation/results/physics_probes/pimd2_lambda05_5ps/diethylether/timing.json,377,c56b1b9df6d566526330c4afae9a59fb18c5de0afc1d123b2fdb6f0bbaadd08a
lambda05,0.5,DimethylDisulfide,WQOXQRCZOLPYPM-UHFFFAOYSA-N,conf.xml,,/home/galoren/Freecurve_AI_Solvation/results/physics_probes/pimd2_lambda05_5ps/dimethyldisulfide/conf.xml,15553,b494a1789adabbfeb299eee840ceb7f5399fbc0f0bcffee6dbe5bfde7658ceb6
lambda05,0.5,DimethylDisulfide,WQOXQRCZOLPYPM-UHFFFAOYSA-N,console.txt,,/home/galoren/Freecurve_AI_Solvation/results/physics_probes/pimd2_lambda05_5ps/dimethyldisulfide/console.txt,39267,27585275c28f12cb54c20582bf70226060b99f6e939fd72a27e69aaa9d63cfc3
lambda05,0.5,DimethylDisulfide,WQOXQRCZOLPYPM-UHFFFAOYSA-N,timing.json,,/home/galoren/Freecurve_AI_Solvation/results/physics_probes/pimd2_lambda05_5ps/dimethyldisulfide/timing.json,385,b59408b5fcda425ae98a50203fe42507a2da4762c46fd15cbb4714c1ab3eb0e7
lambda05,0.5,DimethylDisulfide,WQOXQRCZOLPYPM-UHFFFAOYSA-N,energy,lig_slv,/home/galoren/Freecurve_AI_Solvation/results/physics_probes/pimd2_lambda05_5ps/dimethyldisulfide/output/Task5_MD_Transition_LIGAnnihilation_6__LIG-SLV.ene,10795,e7df0572641339012cdc18ba6e54cffe0a1e57eb3df7a567b7d46b29fdb8db32
lambda05,0.5,DimethylDisulfide,WQOXQRCZOLPYPM-UHFFFAOYSA-N,energy,lig,/home/galoren/Freecurve_AI_Solvation/results/physics_probes/pimd2_lambda05_5ps/dimethyldisulfide/output/Task5_MD_Transition_LIGAnnihilation_6__LIG.ene,25714,d4c2d69585949c1a30e1d7bcfa30b71cf6c821b8e415a13aa766619eb66399a1
lambda05,0.5,DimethylDisulfide,WQOXQRCZOLPYPM-UHFFFAOYSA-N,energy,system,/home/galoren/Freecurve_AI_Solvation/results/physics_probes/pimd2_lambda05_5ps/dimethyldisulfide/output/Task5_MD_Transition_LIGAnnihilation_6__SYSTEM.ene,22352,c0f653d49943c7231343fc1c0de523154f8601bd9e8cc5b7a39d3824f2fb2403
lambda05,0.5,Ethane,OTMSDBZUPAUEDD-UHFFFAOYSA-N,conf.xml,,/home/galoren/Freecurve_AI_Solvation/results/physics_probes/pimd2_lambda05_5ps/ethane/conf.xml,15487,ffea2d6c3ff9e3f772754012b147f113ad33b7b23b3de0d7de889e820a1ce9e5
lambda05,0.5,Ethane,OTMSDBZUPAUEDD-UHFFFAOYSA-N,console.txt,,/home/galoren/Freecurve_AI_Solvation/results/physics_probes/pimd2_lambda05_5ps/ethane/console.txt,39187,d3d5d15e18722047ca5690af2ecae2705d96733da30f32044182d3e9610403e6
lambda05,0.5,Ethane,OTMSDBZUPAUEDD-UHFFFAOYSA-N,timing.json,,/home/galoren/Freecurve_AI_Solvation/results/physics_probes/pimd2_lambda05_5ps/ethane/timing.json,362,728154dee16d1ffba90f338e4a049fbf8a3dc8bb678f8f8ae8c70472ea9f32e4
lambda05,0.5,Ethane,OTMSDBZUPAUEDD-UHFFFAOYSA-N,energy,lig_1,/home/galoren/Freecurve_AI_Solvation/results/physics_probes/pimd2_lambda05_5ps/ethane/output/Task5_MD_Transition_LIGAnnihilation_6__LIG(1).ene,25634,7f710e7b88e875fa0ad922561f22be76f1f5179164ddebb4366ef363caf4cde6
lambda05,0.5,Ethane,OTMSDBZUPAUEDD-UHFFFAOYSA-N,energy,lig_slv_1,/home/galoren/Freecurve_AI_Solvation/results/physics_probes/pimd2_lambda05_5ps/ethane/output/Task5_MD_Transition_LIGAnnihilation_6__LIG-SLV(1).ene,10783,0dc82cbd7027e44bc3affda421181b524db79b12d5e733ecb0dc21b340f2d689
lambda05,0.5,Ethane,OTMSDBZUPAUEDD-UHFFFAOYSA-N,energy,lig_slv,/home/galoren/Freecurve_AI_Solvation/results/physics_probes/pimd2_lambda05_5ps/ethane/output/Task5_MD_Transition_LIGAnnihilation_6__LIG-SLV.ene,10788,c70d2a100259d6ba6da56e440847eafbe7a03bb7d67e19b5e25fd95bf6327566
lambda05,0.5,Ethane,OTMSDBZUPAUEDD-UHFFFAOYSA-N,energy,lig,/home/galoren/Freecurve_AI_Solvation/results/physics_probes/pimd2_lambda05_5ps/ethane/output/Task5_MD_Transition_LIGAnnihilation_6__LIG.ene,25630,c9277f638f9214ed447fc7f2bdb29c5fa04821b40c2d9a020ec3015484a00c9c
lambda05,0.5,Ethane,OTMSDBZUPAUEDD-UHFFFAOYSA-N,energy,system_1,/home/galoren/Freecurve_AI_Solvation/results/physics_probes/pimd2_lambda05_5ps/ethane/output/Task5_MD_Transition_LIGAnnihilation_6__SYSTEM(1).ene,22340,8f61da8abc6a3c153d07c3b9425c19696cacc31873b2bc773260525acb83a883
lambda05,0.5,Ethane,OTMSDBZUPAUEDD-UHFFFAOYSA-N,energy,system,/home/galoren/Freecurve_AI_Solvation/results/physics_probes/pimd2_lambda05_5ps/ethane/output/Task5_MD_Transition_LIGAnnihilation_6__SYSTEM.ene,22342,cc148ee230ed4f92ea54c3b1dc28e064cac4f0b8ce2be6a5386eca59899c7500
lambda05,0.5,EthaneThiol,DNJIEGIFACGWOD-UHFFFAOYSA-N,conf.xml,,/home/galoren/Freecurve_AI_Solvation/results/physics_probes/pimd2_lambda05_5ps/ethanethiol/conf.xml,15516,cc8f3deda85a76e59f5543b27f9ad642ff9aaea970d6751bd734deb0bc89a371
lambda05,0.5,EthaneThiol,DNJIEGIFACGWOD-UHFFFAOYSA-N,console.txt,,/home/galoren/Freecurve_AI_Solvation/results/physics_probes/pimd2_lambda05_5ps/ethanethiol/console.txt,42000,8f89acd3bba7d4f317a9f5d9d841bfef1177487b5678e0fb92fcdacfcad03e26
lambda05,0.5,EthaneThiol,DNJIEGIFACGWOD-UHFFFAOYSA-N,timing.json,,/home/galoren/Freecurve_AI_Solvation/results/physics_probes/pimd2_lambda05_5ps/ethanethiol/timing.json,373,84c33a1283d19b6ce2f217eaab4c22e60c5eb49bf66178bfe93e454a7013253d
lambda05,0.5,EthaneThiol,DNJIEGIFACGWOD-UHFFFAOYSA-N,energy,lig_slv,/home/galoren/Freecurve_AI_Solvation/results/physics_probes/pimd2_lambda05_5ps/ethanethiol/output/Task5_MD_Transition_LIGAnnihilation_6__LIG-SLV.ene,10776,dea81c17b640164fc959ec39e985a9dc48854c93bb8616bda9a1b573152bbf4b
lambda05,0.5,EthaneThiol,DNJIEGIFACGWOD-UHFFFAOYSA-N,energy,lig,/home/galoren/Freecurve_AI_Solvation/results/physics_probes/pimd2_lambda05_5ps/ethanethiol/output/Task5_MD_Transition_LIGAnnihilation_6__LIG.ene,25654,8d04a7b9cb2d5e193765fa1676c5b3c9a00a594e95ce4bf0d0855f970624372d
lambda05,0.5,EthaneThiol,DNJIEGIFACGWOD-UHFFFAOYSA-N,energy,system,/home/galoren/Freecurve_AI_Solvation/results/physics_probes/pimd2_lambda05_5ps/ethanethiol/output/Task5_MD_Transition_LIGAnnihilation_6__SYSTEM.ene,22338,c6cb1a07cad2d1d7512fca504de03b882dc0be9484bf3d60f5741db3e8a312a4
lambda05,0.5,Ethanol,LFQSCWFLJHTTHZ-UHFFFAOYSA-N,conf.xml,,/home/galoren/Freecurve_AI_Solvation/results/physics_probes/pimd2_lambda05_5ps/ethanol/conf.xml,15493,1185303b0fc2bace0987d7a6022b31f23dc781ef803542aa0dd42adc12db8b9b
lambda05,0.5,Ethanol,LFQSCWFLJHTTHZ-UHFFFAOYSA-N,console.txt,,/home/galoren/Freecurve_AI_Solvation/results/physics_probes/pimd2_lambda05_5ps/ethanol/console.txt,40394,197c4918291eb2792e5ab41daab2530806cc847495ea57639e8f17803f375523
lambda05,0.5,Ethanol,LFQSCWFLJHTTHZ-UHFFFAOYSA-N,timing.json,,/home/galoren/Freecurve_AI_Solvation/results/physics_probes/pimd2_lambda05_5ps/ethanol/timing.json,365,0197bacb3b6727b2eb0342ca9de51fb5e814b0d60d6772ca9dc5ec37b4c7fbf9
lambda05,0.5,Ethanol,LFQSCWFLJHTTHZ-UHFFFAOYSA-N,energy,lig_1,/home/galoren/Freecurve_AI_Solvation/results/physics_probes/pimd2_lambda05_5ps/ethanol/output/Task5_MD_Transition_LIGAnnihilation_6__LIG(1).ene,25655,8df5416ad5dc22176738c3c896688e608f1d3f0ae17d36b342f6fbbe9b4e41d9
lambda05,0.5,Ethanol,LFQSCWFLJHTTHZ-UHFFFAOYSA-N,energy,lig_slv_1,/home/galoren/Freecurve_AI_Solvation/results/physics_probes/pimd2_lambda05_5ps/ethanol/output/Task5_MD_Transition_LIGAnnihilation_6__LIG-SLV(1).ene,10778,32a32bfb54ce1f24970485dcac0334485ab34a29f078ad13109935fe74f625b0
lambda05,0.5,Ethanol,LFQSCWFLJHTTHZ-UHFFFAOYSA-N,energy,lig_slv,/home/galoren/Freecurve_AI_Solvation/results/physics_probes/pimd2_lambda05_5ps/ethanol/output/Task5_MD_Transition_LIGAnnihilation_6__LIG-SLV.ene,10798,bb6d7d7acae5567314210e27fcb8de4b9fbc7e328d442a405b4d7982a0fa10fd
lambda05,0.5,Ethanol,LFQSCWFLJHTTHZ-UHFFFAOYSA-N,energy,lig,/home/galoren/Freecurve_AI_Solvation/results/physics_probes/pimd2_lambda05_5ps/ethanol/output/Task5_MD_Transition_LIGAnnihilation_6__LIG.ene,25656,416011c121938d1e755b077e58a334aa5510c8418e44bc4220358f47d7401744
lambda05,0.5,Ethanol,LFQSCWFLJHTTHZ-UHFFFAOYSA-N,energy,system_1,/home/galoren/Freecurve_AI_Solvation/results/physics_probes/pimd2_lambda05_5ps/ethanol/output/Task5_MD_Transition_LIGAnnihilation_6__SYSTEM(1).ene,22348,b8bcdded85efe82ba0e3ae22ed41b974105772391597bb0692f5f3d45ffb4f0a
lambda05,0.5,Ethanol,LFQSCWFLJHTTHZ-UHFFFAOYSA-N,energy,system,/home/galoren/Freecurve_AI_Solvation/results/physics_probes/pimd2_lambda05_5ps/ethanol/output/Task5_MD_Transition_LIGAnnihilation_6__SYSTEM.ene,22357,c975f05c2815dd3520bb10867a245011e0c34e005e2ec182f65c057f73ed7ab8
lambda05,0.5,Ethene,VGGSQFUCUMXWEO-UHFFFAOYSA-N,conf.xml,,/home/galoren/Freecurve_AI_Solvation/results/physics_probes/pimd2_lambda05_5ps/ethene/conf.xml,15486,a534b6b69581c2818ccabeb216bf5fe9e483e290cbc9fb053a20b880715d50b4
lambda05,0.5,Ethene,VGGSQFUCUMXWEO-UHFFFAOYSA-N,console.txt,,/home/galoren/Freecurve_AI_Solvation/results/physics_probes/pimd2_lambda05_5ps/ethene/console.txt,39136,d943b4a109b92f8f0ce19f8a080757f214cae4a459829f09f512dadd6e564468
lambda05,0.5,Ethene,VGGSQFUCUMXWEO-UHFFFAOYSA-N,timing.json,,/home/galoren/Freecurve_AI_Solvation/results/physics_probes/pimd2_lambda05_5ps/ethene/timing.json,362,7bf909315ca70108cb99db36d25cdee10f38b081639302574f2cec39390639cd
lambda05,0.5,Ethene,VGGSQFUCUMXWEO-UHFFFAOYSA-N,energy,lig_slv,/home/galoren/Freecurve_AI_Solvation/results/physics_probes/pimd2_lambda05_5ps/ethene/output/Task5_MD_Transition_LIGAnnihilation_6__LIG-SLV.ene,10786,3beb1f6dc6d6cf0caf94032480e32d94a4d1d5f7b765403b3b0fb9f122c9314d
lambda05,0.5,Ethene,VGGSQFUCUMXWEO-UHFFFAOYSA-N,energy,lig,/home/galoren/Freecurve_AI_Solvation/results/physics_probes/pimd2_lambda05_5ps/ethene/output/Task5_MD_Transition_LIGAnnihilation_6__LIG.ene,25637,7779c1c5bf868c8f05aa19fa7fd564391fa8dab400122fcf8fbdd33dfbfdf46b
lambda05,0.5,Ethene,VGGSQFUCUMXWEO-UHFFFAOYSA-N,energy,system,/home/galoren/Freecurve_AI_Solvation/results/physics_probes/pimd2_lambda05_5ps/ethene/output/Task5_MD_Transition_LIGAnnihilation_6__SYSTEM.ene,22356,f52b6d7ba1e163f313c1f47b6bf297e305c3be183fe66dba018c2dbbce0cb630
lambda05,0.5,EthylAcetate,XEKOWRVHYACXOJ-UHFFFAOYSA-N,conf.xml,,/home/galoren/Freecurve_AI_Solvation/results/physics_probes/pimd2_lambda05_5ps/ethylacetate/conf.xml,15521,561f8c557ed6a30ecbd7ea425dc65c57661b28ae5ae2aeb30cd811c11c6d536f
lambda05,0.5,EthylAcetate,XEKOWRVHYACXOJ-UHFFFAOYSA-N,console.txt,,/home/galoren/Freecurve_AI_Solvation/results/physics_probes/pimd2_lambda05_5ps/ethylacetate/console.txt,40378,3f9bb73a8025c3b775b890c103370d0042bddd0cce5b0b7e4ce2163904050da4
lambda05,0.5,EthylAcetate,XEKOWRVHYACXOJ-UHFFFAOYSA-N,timing.json,,/home/galoren/Freecurve_AI_Solvation/results/physics_probes/pimd2_lambda05_5ps/ethylacetate/timing.json,374,561baadb83ef552196ff6be50cbe13ad10e1b48aa961af132facee9154797767
lambda05,0.5,EthylAcetate,XEKOWRVHYACXOJ-UHFFFAOYSA-N,energy,lig_1,/home/galoren/Freecurve_AI_Solvation/results/physics_probes/pimd2_lambda05_5ps/ethylacetate/output/Task5_MD_Transition_LIGAnnihilation_6__LIG(1).ene,25634,cd3d9cecd8b62fdf12f320a9229773be9ffe4449f3a6ea33ca2379e885e68bd9
lambda05,0.5,EthylAcetate,XEKOWRVHYACXOJ-UHFFFAOYSA-N,energy,lig_slv_1,/home/galoren/Freecurve_AI_Solvation/results/physics_probes/pimd2_lambda05_5ps/ethylacetate/output/Task5_MD_Transition_LIGAnnihilation_6__LIG-SLV(1).ene,10788,043d3c68384c71fdc892128e9542d4de9898e9cf56472bc9ccf94f840415bbfb
lambda05,0.5,EthylAcetate,XEKOWRVHYACXOJ-UHFFFAOYSA-N,energy,lig_slv,/home/galoren/Freecurve_AI_Solvation/results/physics_probes/pimd2_lambda05_5ps/ethylacetate/output/Task5_MD_Transition_LIGAnnihilation_6__LIG-SLV.ene,10784,1b43c305e9e0e93b590f12054b7e00c248c1a585dc222d1a077da8a2ec48cad8
lambda05,0.5,EthylAcetate,XEKOWRVHYACXOJ-UHFFFAOYSA-N,energy,lig,/home/galoren/Freecurve_AI_Solvation/results/physics_probes/pimd2_lambda05_5ps/ethylacetate/output/Task5_MD_Transition_LIGAnnihilation_6__LIG.ene,25651,5c678c575093a9fa196392e90f21f0ef66270e6e0755264cc63656652c292671
lambda05,0.5,EthylAcetate,XEKOWRVHYACXOJ-UHFFFAOYSA-N,energy,system_1,/home/galoren/Freecurve_AI_Solvation/results/physics_probes/pimd2_lambda05_5ps/ethylacetate/output/Task5_MD_Transition_LIGAnnihilation_6__SYSTEM(1).ene,22367,48054313d344b13792bd29b9162941d6ebb2d428c0778118fb5687647a2e6b8d
lambda05,0.5,EthylAcetate,XEKOWRVHYACXOJ-UHFFFAOYSA-N,energy,system,/home/galoren/Freecurve_AI_Solvation/results/physics_probes/pimd2_lambda05_5ps/ethylacetate/output/Task5_MD_Transition_LIGAnnihilation_6__SYSTEM.ene,22350,bf0ff1ffcad6e1365053bcd4a3eb4d1ad2cb6ac39a96637be1cdaf599ad0158c
lambda05,0.5,EthylMethylSulfide,WXEHBUMAEPOYKP-UHFFFAOYSA-N,conf.xml,,/home/galoren/Freecurve_AI_Solvation/results/physics_probes/pimd2_lambda05_5ps/ethylmethylsulfide/conf.xml,15558,3909eb592ef1964a2e85f568bf25b793fccaa37c73d13708ce1dbf4a6e9721b8
lambda05,0.5,EthylMethylSulfide,WXEHBUMAEPOYKP-UHFFFAOYSA-N,console.txt,,/home/galoren/Freecurve_AI_Solvation/results/physics_probes/pimd2_lambda05_5ps/ethylmethylsulfide/console.txt,40470,493276a0ad61fb0fe523ed6f8cbf5039134a2434e1950cd62bb29dd4da8c200b
lambda05,0.5,EthylMethylSulfide,WXEHBUMAEPOYKP-UHFFFAOYSA-N,timing.json,,/home/galoren/Freecurve_AI_Solvation/results/physics_probes/pimd2_lambda05_5ps/ethylmethylsulfide/timing.json,387,e37d9bc603e52bcaacbd0bbec9a12edc2dcc640bdcda0352ecb43ff8696c0dd8
lambda05,0.5,EthylMethylSulfide,WXEHBUMAEPOYKP-UHFFFAOYSA-N,energy,lig_slv,/home/galoren/Freecurve_AI_Solvation/results/physics_probes/pimd2_lambda05_5ps/ethylmethylsulfide/output/Task5_MD_Transition_LIGAnnihilation_6__LIG-SLV.ene,10793,190e59384f0d516c13f4af6688c979a6ab57a57a6b20c9b5386734d3e020fa5e
lambda05,0.5,EthylMethylSulfide,WXEHBUMAEPOYKP-UHFFFAOYSA-N,energy,lig,/home/galoren/Freecurve_AI_Solvation/results/physics_probes/pimd2_lambda05_5ps/ethylmethylsulfide/output/Task5_MD_Transition_LIGAnnihilation_6__LIG.ene,25640,81648a8f0e9d69b9ad2e309e2d8af037d69876c9e7e5263818a14f6938289ca8
lambda05,0.5,EthylMethylSulfide,WXEHBUMAEPOYKP-UHFFFAOYSA-N,energy,system,/home/galoren/Freecurve_AI_Solvation/results/physics_probes/pimd2_lambda05_5ps/ethylmethylsulfide/output/Task5_MD_Transition_LIGAnnihilation_6__SYSTEM.ene,22348,f3e931a08b981fd4b004d241e691a59757ffe64b3305f0d8b04797484a50e7be
lambda05,0.5,Hexane,VLKZOEOYAKHREP-UHFFFAOYSA-N,conf.xml,,/home/galoren/Freecurve_AI_Solvation/results/physics_probes/pimd2_lambda05_5ps/hexane/conf.xml,15487,d81a1535cd35795a66d01de25fad929da7f0c628fd876aa18b57e347db0c6881
lambda05,0.5,Hexane,VLKZOEOYAKHREP-UHFFFAOYSA-N,console.txt,,/home/galoren/Freecurve_AI_Solvation/results/physics_probes/pimd2_lambda05_5ps/hexane/console.txt,39185,f2776c62cbcf2cda9595f82810a14aac53378abec590235323caf7f699072f33
lambda05,0.5,Hexane,VLKZOEOYAKHREP-UHFFFAOYSA-N,timing.json,,/home/galoren/Freecurve_AI_Solvation/results/physics_probes/pimd2_lambda05_5ps/hexane/timing.json,363,35431adf5d85b28d5cb83df1580e389554c022c61f075182cd39ef47b07eaa7e
lambda05,0.5,Hexane,VLKZOEOYAKHREP-UHFFFAOYSA-N,energy,lig_1,/home/galoren/Freecurve_AI_Solvation/results/physics_probes/pimd2_lambda05_5ps/hexane/output/Task5_MD_Transition_LIGAnnihilation_6__LIG(1).ene,17689,6bdeb3a4b355ca2a3c8399aaf24080370cbdfa9bde62fc9b35237c80cc7342a4
lambda05,0.5,Hexane,VLKZOEOYAKHREP-UHFFFAOYSA-N,energy,lig_slv_1,/home/galoren/Freecurve_AI_Solvation/results/physics_probes/pimd2_lambda05_5ps/hexane/output/Task5_MD_Transition_LIGAnnihilation_6__LIG-SLV(1).ene,7429,c0183c6a019fd02e7eec016d2bb9766b41208b966ae84a8ff93fc845d2d22616
lambda05,0.5,Hexane,VLKZOEOYAKHREP-UHFFFAOYSA-N,energy,lig_slv,/home/galoren/Freecurve_AI_Solvation/results/physics_probes/pimd2_lambda05_5ps/hexane/output/Task5_MD_Transition_LIGAnnihilation_6__LIG-SLV.ene,10790,29c1257ea2b8f84ab83beffe3ae0d83fe4d40308f0740524e3c5bb5a9e86669d
lambda05,0.5,Hexane,VLKZOEOYAKHREP-UHFFFAOYSA-N,energy,lig,/home/galoren/Freecurve_AI_Solvation/results/physics_probes/pimd2_lambda05_5ps/hexane/output/Task5_MD_Transition_LIGAnnihilation_6__LIG.ene,25636,4655db696a40d0861fd071cc71aa5310d6e0ddc564999bd8266ee9eaec80a396
lambda05,0.5,Hexane,VLKZOEOYAKHREP-UHFFFAOYSA-N,energy,system_1,/home/galoren/Freecurve_AI_Solvation/results/physics_probes/pimd2_lambda05_5ps/hexane/output/Task5_MD_Transition_LIGAnnihilation_6__SYSTEM(1).ene,15389,86c4cddfc7034488b1b7eecd0da58b1a99ddfd562e56f0147a75d13bf85bdb34
lambda05,0.5,Hexane,VLKZOEOYAKHREP-UHFFFAOYSA-N,energy,system,/home/galoren/Freecurve_AI_Solvation/results/physics_probes/pimd2_lambda05_5ps/hexane/output/Task5_MD_Transition_LIGAnnihilation_6__SYSTEM.ene,22325,eda0849572e86ddc1b0cda87dc9d56029195a8fdff754ee27068bcb852b47561
lambda05,0.5,Imidazole,RAXXELZNTBOGNW-UHFFFAOYSA-N,conf.xml,,/home/galoren/Freecurve_AI_Solvation/results/physics_probes/pimd2_lambda05_5ps/imidazole/conf.xml,15504,24674b11f041b43e40a418fae0b04b34f7b8d1391f05837376b147907cd313d9
lambda05,0.5,Imidazole,RAXXELZNTBOGNW-UHFFFAOYSA-N,console.txt,,/home/galoren/Freecurve_AI_Solvation/results/physics_probes/pimd2_lambda05_5ps/imidazole/console.txt,41978,aae2bd2bec3cd79de866d73ee8a5b45ebf89ab8706238cc3b9f365e14466e85e
lambda05,0.5,Imidazole,RAXXELZNTBOGNW-UHFFFAOYSA-N,timing.json,,/home/galoren/Freecurve_AI_Solvation/results/physics_probes/pimd2_lambda05_5ps/imidazole/timing.json,369,44d108a95f5b375a78a3b348446b252a6ad8a86fccf1a7005681cc633a5d715e
lambda05,0.5,Imidazole,RAXXELZNTBOGNW-UHFFFAOYSA-N,energy,lig_slv,/home/galoren/Freecurve_AI_Solvation/results/physics_probes/pimd2_lambda05_5ps/imidazole/output/Task5_MD_Transition_LIGAnnihilation_6__LIG-SLV.ene,10784,415a272c3832597dc5cd42a399837d01a45a93cfbd56de2c23450ae33c488ef2
lambda05,0.5,Imidazole,RAXXELZNTBOGNW-UHFFFAOYSA-N,energy,lig,/home/galoren/Freecurve_AI_Solvation/results/physics_probes/pimd2_lambda05_5ps/imidazole/output/Task5_MD_Transition_LIGAnnihilation_6__LIG.ene,25697,3057cfd4cb727c8d030d7f90387450aecb8904a56b9c9837f62189337fee0095
lambda05,0.5,Imidazole,RAXXELZNTBOGNW-UHFFFAOYSA-N,energy,system,/home/galoren/Freecurve_AI_Solvation/results/physics_probes/pimd2_lambda05_5ps/imidazole/output/Task5_MD_Transition_LIGAnnihilation_6__SYSTEM.ene,22362,fc23b74650752136b02d0f1a1b9827ff9b9fba3cb33b08360961707456087063
lambda05,0.5,Isobutane,NNPPMTNAJDCUHE-UHFFFAOYSA-N,conf.xml,,/home/galoren/Freecurve_AI_Solvation/results/physics_probes/pimd2_lambda05_5ps/isobutane/conf.xml,15504,3a22f5dcf2abc726bf3d6f1cdac1e31c60f458890a2fe420f85472ed00e9b348
lambda05,0.5,Isobutane,NNPPMTNAJDCUHE-UHFFFAOYSA-N,console.txt,,/home/galoren/Freecurve_AI_Solvation/results/physics_probes/pimd2_lambda05_5ps/isobutane/console.txt,39219,38f69d455898c96af6606665c1f2d703363f0d7dcdc36c020957480da53a4a98
lambda05,0.5,Isobutane,NNPPMTNAJDCUHE-UHFFFAOYSA-N,timing.json,,/home/galoren/Freecurve_AI_Solvation/results/physics_probes/pimd2_lambda05_5ps/isobutane/timing.json,369,61e69f8a856cd6b3276d7c5983ce8782604cdc9ee81b0c1bc51a315b33d94015
lambda05,0.5,Isobutane,NNPPMTNAJDCUHE-UHFFFAOYSA-N,energy,lig_slv,/home/galoren/Freecurve_AI_Solvation/results/physics_probes/pimd2_lambda05_5ps/isobutane/output/Task5_MD_Transition_LIGAnnihilation_6__LIG-SLV.ene,10788,f595c9ec6d0bf35d1736dcca1dce1918acbe871302cae3409a42c83e8131e6fb
lambda05,0.5,Isobutane,NNPPMTNAJDCUHE-UHFFFAOYSA-N,energy,lig,/home/galoren/Freecurve_AI_Solvation/results/physics_probes/pimd2_lambda05_5ps/isobutane/output/Task5_MD_Transition_LIGAnnihilation_6__LIG.ene,25644,b18da2d37e589da6e89a162e85c2fb62d38f4f8944266de54dc30bf9579fe9a4
lambda05,0.5,Isobutane,NNPPMTNAJDCUHE-UHFFFAOYSA-N,energy,system,/home/galoren/Freecurve_AI_Solvation/results/physics_probes/pimd2_lambda05_5ps/isobutane/output/Task5_MD_Transition_LIGAnnihilation_6__SYSTEM.ene,22336,28f02d89759f7d27e3df2513b2e7cc8f1420486a638aeb2605dfa43da831c182
lambda05,0.5,Methane,VNWKTOKETHGBQD-UHFFFAOYSA-N,conf.xml,,/home/galoren/Freecurve_AI_Solvation/results/physics_probes/pimd2_lambda05_5ps/methane/conf.xml,15492,ae53d69f1da9f5fb4f896986dcfb2594105b2b1472421b8a552ca04ee8fa6c57
lambda05,0.5,Methane,VNWKTOKETHGBQD-UHFFFAOYSA-N,console.txt,,/home/galoren/Freecurve_AI_Solvation/results/physics_probes/pimd2_lambda05_5ps/methane/console.txt,39250,70aabb820b290b3a69945aabe6dad47150d03fa648443cc53f963331d8db5cc2
lambda05,0.5,Methane,VNWKTOKETHGBQD-UHFFFAOYSA-N,timing.json,,/home/galoren/Freecurve_AI_Solvation/results/physics_probes/pimd2_lambda05_5ps/methane/timing.json,365,b7b4eacbeca3610815be6fab913163febedf6c7d9a7b9d19b648188b6d99bf7e
lambda05,0.5,Methane,VNWKTOKETHGBQD-UHFFFAOYSA-N,energy,lig_slv,/home/galoren/Freecurve_AI_Solvation/results/physics_probes/pimd2_lambda05_5ps/methane/output/Task5_MD_Transition_LIGAnnihilation_6__LIG-SLV.ene,10780,7d5ade5b843fedb3ee899c01a1c75b6d21745e9b8048908a7691d7462d06626e
lambda05,0.5,Methane,VNWKTOKETHGBQD-UHFFFAOYSA-N,energy,lig,/home/galoren/Freecurve_AI_Solvation/results/physics_probes/pimd2_lambda05_5ps/methane/output/Task5_MD_Transition_LIGAnnihilation_6__LIG.ene,25620,6d2313251ea41eba0432b9a54e009a845cd505dca68ede158eb577dade45433a
lambda05,0.5,Methane,VNWKTOKETHGBQD-UHFFFAOYSA-N,energy,system,/home/galoren/Freecurve_AI_Solvation/results/physics_probes/pimd2_lambda05_5ps/methane/output/Task5_MD_Transition_LIGAnnihilation_6__SYSTEM.ene,22319,6f0025a58287a0205b7434d10023ab8af12fdc1ec76172cde102c8cb52143006
lambda05,0.5,MethaneThiol,LSDPWZHWYPCBBB-UHFFFAOYSA-N,conf.xml,,/home/galoren/Freecurve_AI_Solvation/results/physics_probes/pimd2_lambda05_5ps/methanethiol/conf.xml,15522,fea1617405a50dc0578f8daab2d4dc881f144359fd36cffc3fedba33bddc5306
lambda05,0.5,MethaneThiol,LSDPWZHWYPCBBB-UHFFFAOYSA-N,console.txt,,/home/galoren/Freecurve_AI_Solvation/results/physics_probes/pimd2_lambda05_5ps/methanethiol/console.txt,40421,2ba84f5b32776182e97e1d30ce52b587ae0b094a51653355f1fcc390390d719c
lambda05,0.5,MethaneThiol,LSDPWZHWYPCBBB-UHFFFAOYSA-N,timing.json,,/home/galoren/Freecurve_AI_Solvation/results/physics_probes/pimd2_lambda05_5ps/methanethiol/timing.json,375,71d9ce36e9c7fa38f05d50b0d98508e09fbf554f3b4099edc1887e17237ffb94
lambda05,0.5,MethaneThiol,LSDPWZHWYPCBBB-UHFFFAOYSA-N,energy,lig_slv,/home/galoren/Freecurve_AI_Solvation/results/physics_probes/pimd2_lambda05_5ps/methanethiol/output/Task5_MD_Transition_LIGAnnihilation_6__LIG-SLV.ene,10788,973a1108c9f3b671449d23fcb98bc008c240db38bcec581fc509cf2fd9c4941d
lambda05,0.5,MethaneThiol,LSDPWZHWYPCBBB-UHFFFAOYSA-N,energy,lig,/home/galoren/Freecurve_AI_Solvation/results/physics_probes/pimd2_lambda05_5ps/methanethiol/output/Task5_MD_Transition_LIGAnnihilation_6__LIG.ene,25642,e1ba4223fba7c0690fbbf8e3bf6922de5c4ba1003acf18b638104524a6ad7efc
lambda05,0.5,MethaneThiol,LSDPWZHWYPCBBB-UHFFFAOYSA-N,energy,system,/home/galoren/Freecurve_AI_Solvation/results/physics_probes/pimd2_lambda05_5ps/methanethiol/output/Task5_MD_Transition_LIGAnnihilation_6__SYSTEM.ene,22362,08fba53e7d4396f5e97325ce6d10e5d224dfc446376759dae4867c2146117acf
lambda05,0.5,Methanol,OKKJLVBELUTLKV-UHFFFAOYSA-N,conf.xml,,/home/galoren/Freecurve_AI_Solvation/results/physics_probes/pimd2_lambda05_5ps/methanol/conf.xml,15499,3a3fb316bde1125d2d760e6e650246f2ab1386a712ab482955a6bcba5ae9021d
lambda05,0.5,Methanol,OKKJLVBELUTLKV-UHFFFAOYSA-N,console.txt,,/home/galoren/Freecurve_AI_Solvation/results/physics_probes/pimd2_lambda05_5ps/methanol/console.txt,40399,268858bf11ecbd97ab1661f8eacc1459d41f467bfaed1fac617f0665645524ab
lambda05,0.5,Methanol,OKKJLVBELUTLKV-UHFFFAOYSA-N,timing.json,,/home/galoren/Freecurve_AI_Solvation/results/physics_probes/pimd2_lambda05_5ps/methanol/timing.json,366,9a070cc5fdfeccd7525a52fde19f2d2c6733abb11a65245bfab1630c297b703c
lambda05,0.5,Methanol,OKKJLVBELUTLKV-UHFFFAOYSA-N,energy,lig_slv,/home/galoren/Freecurve_AI_Solvation/results/physics_probes/pimd2_lambda05_5ps/methanol/output/Task5_MD_Transition_LIGAnnihilation_6__LIG-SLV.ene,10776,45d78391c161629c0fd94232bd7a4aa663b18d9a4ca1bbf4fe7cbd3c6a25c72b
lambda05,0.5,Methanol,OKKJLVBELUTLKV-UHFFFAOYSA-N,energy,lig,/home/galoren/Freecurve_AI_Solvation/results/physics_probes/pimd2_lambda05_5ps/methanol/output/Task5_MD_Transition_LIGAnnihilation_6__LIG.ene,25651,5ad2aa55b8a0f83e77a84ea5b00dcc4e59f50ab097181c1fee5848ee3fd4e769
lambda05,0.5,Methanol,OKKJLVBELUTLKV-UHFFFAOYSA-N,energy,system,/home/galoren/Freecurve_AI_Solvation/results/physics_probes/pimd2_lambda05_5ps/methanol/output/Task5_MD_Transition_LIGAnnihilation_6__SYSTEM.ene,22335,c4c50bfb2ce43a5be84d9b602d0794911880bdc83ecbca5763c3a76ae735c9e4
lambda05,0.5,MethylPropionate,RJUFJBKOKNCXHH-UHFFFAOYSA-N,conf.xml,,/home/galoren/Freecurve_AI_Solvation/results/physics_probes/pimd2_lambda05_5ps/methylpropionate/conf.xml,15546,de4c25db41025c1ef4b53729abbad04ab0ca276741912981e21309afb18e2426
lambda05,0.5,MethylPropionate,RJUFJBKOKNCXHH-UHFFFAOYSA-N,console.txt,,/home/galoren/Freecurve_AI_Solvation/results/physics_probes/pimd2_lambda05_5ps/methylpropionate/console.txt,41491,1b3d8fd5efbe9cc775e1ae0c6944a477af6aef8fadc79ed4b9e4598b63085e45
lambda05,0.5,MethylPropionate,RJUFJBKOKNCXHH-UHFFFAOYSA-N,timing.json,,/home/galoren/Freecurve_AI_Solvation/results/physics_probes/pimd2_lambda05_5ps/methylpropionate/timing.json,383,1c57261dfaf618e906e89563d47443725e89b5bf48e167d60059b62681c02886
lambda05,0.5,MethylPropionate,RJUFJBKOKNCXHH-UHFFFAOYSA-N,energy,lig_slv,/home/galoren/Freecurve_AI_Solvation/results/physics_probes/pimd2_lambda05_5ps/methylpropionate/output/Task5_MD_Transition_LIGAnnihilation_6__LIG-SLV.ene,10778,b2e8733cf8ce7a4e961ddb8dc077138b3f4778a0bda0c6729d26f063944b4549
lambda05,0.5,MethylPropionate,RJUFJBKOKNCXHH-UHFFFAOYSA-N,energy,lig,/home/galoren/Freecurve_AI_Solvation/results/physics_probes/pimd2_lambda05_5ps/methylpropionate/output/Task5_MD_Transition_LIGAnnihilation_6__LIG.ene,25652,dfd88c10c7167389e49948e941274013b22c2e395580bd13b33b14797bafdbdb
lambda05,0.5,MethylPropionate,RJUFJBKOKNCXHH-UHFFFAOYSA-N,energy,system,/home/galoren/Freecurve_AI_Solvation/results/physics_probes/pimd2_lambda05_5ps/methylpropionate/output/Task5_MD_Transition_LIGAnnihilation_6__SYSTEM.ene,22350,3799a3bc9173babed8d36f9269cdc53b88d9e0c9ecf7c4f1b303da348bd0bc5c
lambda05,0.5,N-Methylacetamide,OHLUUHNLEMFGTQ-UHFFFAOYSA-N,conf.xml,,/home/galoren/Freecurve_AI_Solvation/results/physics_probes/pimd2_lambda05_5ps/n_methylacetamide/conf.xml,15550,f979e581f3a5d8b162d7d5eae96451f9936b622d52a2bc1cad3f3cbd05024fe3
lambda05,0.5,N-Methylacetamide,OHLUUHNLEMFGTQ-UHFFFAOYSA-N,console.txt,,/home/galoren/Freecurve_AI_Solvation/results/physics_probes/pimd2_lambda05_5ps/n_methylacetamide/console.txt,40423,aeff1bb3113f2c84c23ecddb93d00f1109e384db92ae3d15b748fd06dc56f471
lambda05,0.5,N-Methylacetamide,OHLUUHNLEMFGTQ-UHFFFAOYSA-N,timing.json,,/home/galoren/Freecurve_AI_Solvation/results/physics_probes/pimd2_lambda05_5ps/n_methylacetamide/timing.json,384,d7c2cb949878e63affec45c9cfbaeda51364b19ae92541b11265fb681211a0dc
lambda05,0.5,N-Methylacetamide,OHLUUHNLEMFGTQ-UHFFFAOYSA-N,energy,lig_slv,/home/galoren/Freecurve_AI_Solvation/results/physics_probes/pimd2_lambda05_5ps/n_methylacetamide/output/Task5_MD_Transition_LIGAnnihilation_6__LIG-SLV.ene,10791,39a80591a4d8645a7ffd26ec373b0ed603558325dd727e06e1ac78779b36ce73
lambda05,0.5,N-Methylacetamide,OHLUUHNLEMFGTQ-UHFFFAOYSA-N,energy,lig,/home/galoren/Freecurve_AI_Solvation/results/physics_probes/pimd2_lambda05_5ps/n_methylacetamide/output/Task5_MD_Transition_LIGAnnihilation_6__LIG.ene,25722,5412131122ca76715eca7f670c73ad7c4543c8c6ed81e559b46ab2513fe937f4
lambda05,0.5,N-Methylacetamide,OHLUUHNLEMFGTQ-UHFFFAOYSA-N,energy,system,/home/galoren/Freecurve_AI_Solvation/results/physics_probes/pimd2_lambda05_5ps/n_methylacetamide/output/Task5_MD_Transition_LIGAnnihilation_6__SYSTEM.ene,22361,dedcb578979e7f708c8f8e683cf916f46e3f8aea2dc9b46d2a91f16f14fc0e24
lambda05,0.5,Napthalene,UFWIBTONFRDIAS-UHFFFAOYSA-N,conf.xml,,/home/galoren/Freecurve_AI_Solvation/results/physics_probes/pimd2_lambda05_5ps/napthalene/conf.xml,15510,32b6e49abb5ab4d6d4d521c6639559c88a2630f27e716f5127d929eebb90e749
lambda05,0.5,Napthalene,UFWIBTONFRDIAS-UHFFFAOYSA-N,console.txt,,/home/galoren/Freecurve_AI_Solvation/results/physics_probes/pimd2_lambda05_5ps/napthalene/console.txt,39175,e30793bc330b20b308e19eba46241196ccd58f64937324593f55c9abc86946d9
lambda05,0.5,Napthalene,UFWIBTONFRDIAS-UHFFFAOYSA-N,timing.json,,/home/galoren/Freecurve_AI_Solvation/results/physics_probes/pimd2_lambda05_5ps/napthalene/timing.json,371,6f01143e81c303f1120076729b0e84659473e9da9ed1e6596485326650806080
lambda05,0.5,Napthalene,UFWIBTONFRDIAS-UHFFFAOYSA-N,energy,lig_slv,/home/galoren/Freecurve_AI_Solvation/results/physics_probes/pimd2_lambda05_5ps/napthalene/output/Task5_MD_Transition_LIGAnnihilation_6__LIG-SLV.ene,10781,130623bb9534cd54c55aa1517037b71254f676ce622e44cbe1a6dba2903dcc34
lambda05,0.5,Napthalene,UFWIBTONFRDIAS-UHFFFAOYSA-N,energy,lig,/home/galoren/Freecurve_AI_Solvation/results/physics_probes/pimd2_lambda05_5ps/napthalene/output/Task5_MD_Transition_LIGAnnihilation_6__LIG.ene,25632,63fd9ad4238a211b3b971955541f7b86473ecea960d5c4973711e6f131cdf683
lambda05,0.5,Napthalene,UFWIBTONFRDIAS-UHFFFAOYSA-N,energy,system,/home/galoren/Freecurve_AI_Solvation/results/physics_probes/pimd2_lambda05_5ps/napthalene/output/Task5_MD_Transition_LIGAnnihilation_6__SYSTEM.ene,22326,59da2fd51e98f53d80866eb7b01fa9f65ee13b05a5a5bc4db5857e8c28eebde4
lambda05,0.5,NeoPentane,CRSOQBOWXPBRES-UHFFFAOYSA-N,conf.xml,,/home/galoren/Freecurve_AI_Solvation/results/physics_probes/pimd2_lambda05_5ps/neopentane/conf.xml,15510,a574ddc4ed289871588c03ad43992d7de55f6cfc7e999ce69c4912870065316e
lambda05,0.5,NeoPentane,CRSOQBOWXPBRES-UHFFFAOYSA-N,console.txt,,/home/galoren/Freecurve_AI_Solvation/results/physics_probes/pimd2_lambda05_5ps/neopentane/console.txt,39228,ca5c9b24a01d8b4fa77bf4c3d3c9103916e7701cc26c3766b41106873c825a86
lambda05,0.5,NeoPentane,CRSOQBOWXPBRES-UHFFFAOYSA-N,timing.json,,/home/galoren/Freecurve_AI_Solvation/results/physics_probes/pimd2_lambda05_5ps/neopentane/timing.json,371,dfa1d81936df3d3d77236438586cfaf1a9c70c93267e1f89ffafbe483c83e4f5
lambda05,0.5,NeoPentane,CRSOQBOWXPBRES-UHFFFAOYSA-N,energy,lig_slv,/home/galoren/Freecurve_AI_Solvation/results/physics_probes/pimd2_lambda05_5ps/neopentane/output/Task5_MD_Transition_LIGAnnihilation_6__LIG-SLV.ene,10787,112c4d0bc0537d5700682d32f21eee3e7a3a3f11cd8c469a71cc0cca1c04d8ee
lambda05,0.5,NeoPentane,CRSOQBOWXPBRES-UHFFFAOYSA-N,energy,lig,/home/galoren/Freecurve_AI_Solvation/results/physics_probes/pimd2_lambda05_5ps/neopentane/output/Task5_MD_Transition_LIGAnnihilation_6__LIG.ene,25637,4cf4a66ab363d1fe663af746573db6643921cf00da4cc97896f62dd9dd96651f
lambda05,0.5,NeoPentane,CRSOQBOWXPBRES-UHFFFAOYSA-N,energy,system,/home/galoren/Freecurve_AI_Solvation/results/physics_probes/pimd2_lambda05_5ps/neopentane/output/Task5_MD_Transition_LIGAnnihilation_6__SYSTEM.ene,22331,d48ba37b59d09f22d8a5ea99f39d6c0cfb63f4708d88efe3396e467470acf219
lambda05,0.5,Octane,TVMXDCGIABBOFY-UHFFFAOYSA-N,conf.xml,,/home/galoren/Freecurve_AI_Solvation/results/physics_probes/pimd2_lambda05_5ps/octane/conf.xml,15486,b73623a52d54330b53058beccb4f1b7cc6964d377af2e18efe2713a5dcd23714
lambda05,0.5,Octane,TVMXDCGIABBOFY-UHFFFAOYSA-N,console.txt,,/home/galoren/Freecurve_AI_Solvation/results/physics_probes/pimd2_lambda05_5ps/octane/console.txt,39185,46863871f2d6dfb43d3594dd1621573543b104d520609d0c0ccc07b164b25858
lambda05,0.5,Octane,TVMXDCGIABBOFY-UHFFFAOYSA-N,timing.json,,/home/galoren/Freecurve_AI_Solvation/results/physics_probes/pimd2_lambda05_5ps/octane/timing.json,363,7b4a922074b1138f9356ec9b6f8b38760f5f286d04e322c36762a9fc80eade01
lambda05,0.5,Octane,TVMXDCGIABBOFY-UHFFFAOYSA-N,energy,lig_slv,/home/galoren/Freecurve_AI_Solvation/results/physics_probes/pimd2_lambda05_5ps/octane/output/Task5_MD_Transition_LIGAnnihilation_6__LIG-SLV.ene,10784,735df382a7d0fcc8a7251862b71dfb24e901dde85f9795a10644401bf995fe20
lambda05,0.5,Octane,TVMXDCGIABBOFY-UHFFFAOYSA-N,energy,lig,/home/galoren/Freecurve_AI_Solvation/results/physics_probes/pimd2_lambda05_5ps/octane/output/Task5_MD_Transition_LIGAnnihilation_6__LIG.ene,25649,aa88aa0c6982dbfa3979f1b887ca4dd2f3fdfd2b3431eca0da6a4e1cd59a565e
lambda05,0.5,Octane,TVMXDCGIABBOFY-UHFFFAOYSA-N,energy,system,/home/galoren/Freecurve_AI_Solvation/results/physics_probes/pimd2_lambda05_5ps/octane/output/Task5_MD_Transition_LIGAnnihilation_6__SYSTEM.ene,22333,8871ede8cd20b63bda11ed2afbbbab8a1d4e395b60d0d7e18d8d9e231ce8fc6e
lambda05,0.5,Octanol,KBPLFHHGFOOTCA-UHFFFAOYSA-N,conf.xml,,/home/galoren/Freecurve_AI_Solvation/results/physics_probes/pimd2_lambda05_5ps/octanol/conf.xml,15493,221656236b5f5e36d84133087f6ccf2fe9565769fa11a6d6b63c52c882e82af6
lambda05,0.5,Octanol,KBPLFHHGFOOTCA-UHFFFAOYSA-N,console.txt,,/home/galoren/Freecurve_AI_Solvation/results/physics_probes/pimd2_lambda05_5ps/octanol/console.txt,40394,6f07d4723f16a35f5f030b6b5a3491d5317af9206cbc190ce979d5a15c2f5cde
lambda05,0.5,Octanol,KBPLFHHGFOOTCA-UHFFFAOYSA-N,timing.json,,/home/galoren/Freecurve_AI_Solvation/results/physics_probes/pimd2_lambda05_5ps/octanol/timing.json,365,1ef418007ade1067ce0a5b0fcb502882e67c0b8a76417432e806a927d2a35c9f
lambda05,0.5,Octanol,KBPLFHHGFOOTCA-UHFFFAOYSA-N,energy,lig_slv,/home/galoren/Freecurve_AI_Solvation/results/physics_probes/pimd2_lambda05_5ps/octanol/output/Task5_MD_Transition_LIGAnnihilation_6__LIG-SLV.ene,10779,870720a825bebeea5d821cd00feb1d1c55d2b4636c62e7a081293e17a5eb1fec
lambda05,0.5,Octanol,KBPLFHHGFOOTCA-UHFFFAOYSA-N,energy,lig,/home/galoren/Freecurve_AI_Solvation/results/physics_probes/pimd2_lambda05_5ps/octanol/output/Task5_MD_Transition_LIGAnnihilation_6__LIG.ene,25660,a0d50d5fa23ee5da6fbdc0cea9fb9014a2b85e0eb28268c627e5c7a931afe26c
lambda05,0.5,Octanol,KBPLFHHGFOOTCA-UHFFFAOYSA-N,energy,system,/home/galoren/Freecurve_AI_Solvation/results/physics_probes/pimd2_lambda05_5ps/octanol/output/Task5_MD_Transition_LIGAnnihilation_6__SYSTEM.ene,22331,84fc249c0d0da6dff1c29b04663b9fed2b14dcc3675771fba8fd264b0df76a8f
lambda05,0.5,Pentane,OFBQJSOFQDEBGM-UHFFFAOYSA-N,conf.xml,,/home/galoren/Freecurve_AI_Solvation/results/physics_probes/pimd2_lambda05_5ps/pentane/conf.xml,15492,50afe690c418faf92fd4c424f2fd416b0d32fa3de642ce0b888d09dde5aa49c6
lambda05,0.5,Pentane,OFBQJSOFQDEBGM-UHFFFAOYSA-N,console.txt,,/home/galoren/Freecurve_AI_Solvation/results/physics_probes/pimd2_lambda05_5ps/pentane/console.txt,39206,90f61df614e6bc33f0002412f7bcabb75761f595745126377f4156d6418e0cb8
lambda05,0.5,Pentane,OFBQJSOFQDEBGM-UHFFFAOYSA-N,timing.json,,/home/galoren/Freecurve_AI_Solvation/results/physics_probes/pimd2_lambda05_5ps/pentane/timing.json,365,90e3c632ec4c2d40f6ea2402a940e9df350c18247f196ab791889cf34593d665
lambda05,0.5,Pentane,OFBQJSOFQDEBGM-UHFFFAOYSA-N,energy,lig_slv,/home/galoren/Freecurve_AI_Solvation/results/physics_probes/pimd2_lambda05_5ps/pentane/output/Task5_MD_Transition_LIGAnnihilation_6__LIG-SLV.ene,10787,981bd9f62c1ccd567343ae7bdf8aa224a67f01985985047520ebf467f95e6dac
lambda05,0.5,Pentane,OFBQJSOFQDEBGM-UHFFFAOYSA-N,energy,lig,/home/galoren/Freecurve_AI_Solvation/results/physics_probes/pimd2_lambda05_5ps/pentane/output/Task5_MD_Transition_LIGAnnihilation_6__LIG.ene,25640,d861918aaea0f529f40a1b492ccff587767a183fd4e8755a0af9bf29e48fb662
lambda05,0.5,Pentane,OFBQJSOFQDEBGM-UHFFFAOYSA-N,energy,system,/home/galoren/Freecurve_AI_Solvation/results/physics_probes/pimd2_lambda05_5ps/pentane/output/Task5_MD_Transition_LIGAnnihilation_6__SYSTEM.ene,22324,6e6782ac61fd0640fd5786bb30b0e2c41600565c12cb14bbcbe98bb7a5b8e2a5
lambda05,0.5,Phenol,ISWSIDIOOBJBQZ-UHFFFAOYSA-N,conf.xml,,/home/galoren/Freecurve_AI_Solvation/results/physics_probes/pimd2_lambda05_5ps/phenol/conf.xml,15486,674ca4f0428739f7a37f2c79da102d3dc348e2b3e86771b14665c5f02d82205c
lambda05,0.5,Phenol,ISWSIDIOOBJBQZ-UHFFFAOYSA-N,console.txt,,/home/galoren/Freecurve_AI_Solvation/results/physics_probes/pimd2_lambda05_5ps/phenol/console.txt,6735,b275cc29de435d2ed3bf50b5d698c3b7910662ff910afd92e4c1571e62fb5de5
lambda05,0.5,Phenol,ISWSIDIOOBJBQZ-UHFFFAOYSA-N,timing.json,,/home/galoren/Freecurve_AI_Solvation/results/physics_probes/pimd2_lambda05_5ps/phenol/timing.json,364,7d557c57a8479990e88cd3d2e4f45fcf59d2db16e5fa4a7feaf0ec100c3a5796
lambda05,0.5,Propane,ATUOYWHBWRKTHZ-UHFFFAOYSA-N,conf.xml,,/home/galoren/Freecurve_AI_Solvation/results/physics_probes/pimd2_lambda05_5ps/propane/conf.xml,15493,2c0a3f1b9c34e94e8a8840cb1d198e182869e14658bd86e0dc2045e1b8ee658a
lambda05,0.5,Propane,ATUOYWHBWRKTHZ-UHFFFAOYSA-N,console.txt,,/home/galoren/Freecurve_AI_Solvation/results/physics_probes/pimd2_lambda05_5ps/propane/console.txt,39208,febd12abc46ecdfe82c5b90703487dea0c618a99af9a772887384548c2c3dd3c
lambda05,0.5,Propane,ATUOYWHBWRKTHZ-UHFFFAOYSA-N,timing.json,,/home/galoren/Freecurve_AI_Solvation/results/physics_probes/pimd2_lambda05_5ps/propane/timing.json,364,83ef46cd8697cead16c5c9429d4d3f593952295e492e888f19fa110b4fd06055
lambda05,0.5,Propane,ATUOYWHBWRKTHZ-UHFFFAOYSA-N,energy,lig_slv,/home/galoren/Freecurve_AI_Solvation/results/physics_probes/pimd2_lambda05_5ps/propane/output/Task5_MD_Transition_LIGAnnihilation_6__LIG-SLV.ene,10785,2949ab7d37730ef6501e56b37635d05805ba7fdb2201baa4f3b9091a269b6863
lambda05,0.5,Propane,ATUOYWHBWRKTHZ-UHFFFAOYSA-N,energy,lig,/home/galoren/Freecurve_AI_Solvation/results/physics_probes/pimd2_lambda05_5ps/propane/output/Task5_MD_Transition_LIGAnnihilation_6__LIG.ene,25630,9017490789cafb3bedcc16e9edeed5bbf8eb8d7f27e3a325732d0d7c2d892372
lambda05,0.5,Propane,ATUOYWHBWRKTHZ-UHFFFAOYSA-N,energy,system,/home/galoren/Freecurve_AI_Solvation/results/physics_probes/pimd2_lambda05_5ps/propane/output/Task5_MD_Transition_LIGAnnihilation_6__SYSTEM.ene,22322,fdd4f4bab525d7b9d3a17994a52739b16a6dea30cd551b3741164ad3527a3ce6
lambda05,0.5,Propanol,BDERNNFJNOPAEC-UHFFFAOYSA-N,conf.xml,,/home/galoren/Freecurve_AI_Solvation/results/physics_probes/pimd2_lambda05_5ps/propanol/conf.xml,15498,4103b6c98f8615de96f0c86da8a80dea4cab6394ab393ca05e5e67916ea3bb9d
lambda05,0.5,Propanol,BDERNNFJNOPAEC-UHFFFAOYSA-N,console.txt,,/home/galoren/Freecurve_AI_Solvation/results/physics_probes/pimd2_lambda05_5ps/propanol/console.txt,40398,57657e2c27081370d15f0ae0bbf85b55618c6ecc03ab884164d73a29948f8ea7
lambda05,0.5,Propanol,BDERNNFJNOPAEC-UHFFFAOYSA-N,timing.json,,/home/galoren/Freecurve_AI_Solvation/results/physics_probes/pimd2_lambda05_5ps/propanol/timing.json,367,32fec17a858d661e2b22c9107e59a73688412730fa2334537bc7234946005d1e
lambda05,0.5,Propanol,BDERNNFJNOPAEC-UHFFFAOYSA-N,energy,lig_slv,/home/galoren/Freecurve_AI_Solvation/results/physics_probes/pimd2_lambda05_5ps/propanol/output/Task5_MD_Transition_LIGAnnihilation_6__LIG-SLV.ene,10782,91e2d5a313768ebbce674859491e1b708f79eb82bb010e070a697deb3a581fe8
lambda05,0.5,Propanol,BDERNNFJNOPAEC-UHFFFAOYSA-N,energy,lig,/home/galoren/Freecurve_AI_Solvation/results/physics_probes/pimd2_lambda05_5ps/propanol/output/Task5_MD_Transition_LIGAnnihilation_6__LIG.ene,25649,f00cc057ea208bf3492fc07b9d997caa7d1d8f8358f4ce397875af9c9e6145ac
lambda05,0.5,Propanol,BDERNNFJNOPAEC-UHFFFAOYSA-N,energy,system,/home/galoren/Freecurve_AI_Solvation/results/physics_probes/pimd2_lambda05_5ps/propanol/output/Task5_MD_Transition_LIGAnnihilation_6__SYSTEM.ene,22340,d5179d054b31a3df4e6f2947d2ae4e9a23b51ebc33af862dcbbe8d152b529d3b
lambda05,0.5,Propene,QQONPFPTGQHPMA-UHFFFAOYSA-N,conf.xml,,/home/galoren/Freecurve_AI_Solvation/results/physics_probes/pimd2_lambda05_5ps/propene/conf.xml,15493,6fdb22d6460b49136dbdb373182b8824804807c26fab6feecc6bcac550f1ac7c
lambda05,0.5,Propene,QQONPFPTGQHPMA-UHFFFAOYSA-N,console.txt,,/home/galoren/Freecurve_AI_Solvation/results/physics_probes/pimd2_lambda05_5ps/propene/console.txt,40340,5bef5591f8bc506d4bb2113d4c448d60c4c5db4de87cf8455e0108871566f2ab
lambda05,0.5,Propene,QQONPFPTGQHPMA-UHFFFAOYSA-N,timing.json,,/home/galoren/Freecurve_AI_Solvation/results/physics_probes/pimd2_lambda05_5ps/propene/timing.json,364,15dbb459e233457b691b44beba56cb8bca509ad055e8a1dffd82d09516440f00
lambda05,0.5,Propene,QQONPFPTGQHPMA-UHFFFAOYSA-N,energy,lig_slv,/home/galoren/Freecurve_AI_Solvation/results/physics_probes/pimd2_lambda05_5ps/propene/output/Task5_MD_Transition_LIGAnnihilation_6__LIG-SLV.ene,10783,b5b8e4b2f1681c074963b187e610627a93cf7d3bb47a29df1dae3e23325dedfc
lambda05,0.5,Propene,QQONPFPTGQHPMA-UHFFFAOYSA-N,energy,lig,/home/galoren/Freecurve_AI_Solvation/results/physics_probes/pimd2_lambda05_5ps/propene/output/Task5_MD_Transition_LIGAnnihilation_6__LIG.ene,25667,cb402cc9066b879a6bcb96db1dd8bc30cf7f62b4af060fa8068dcf9ec13f1a2a
lambda05,0.5,Propene,QQONPFPTGQHPMA-UHFFFAOYSA-N,energy,system,/home/galoren/Freecurve_AI_Solvation/results/physics_probes/pimd2_lambda05_5ps/propene/output/Task5_MD_Transition_LIGAnnihilation_6__SYSTEM.ene,22342,4aeea9f6199dee2bef8a268f22ebdcf9bf2183402bcf2aa3407e3d8627fb4cc9
lambda05,0.5,PropylAcetate,YKYONYBAUNKHLG-UHFFFAOYSA-N,conf.xml,,/home/galoren/Freecurve_AI_Solvation/results/physics_probes/pimd2_lambda05_5ps/propylacetate/conf.xml,15528,b2039800516f37bed0942514e3c37ee9fd74f5182d373a77e593390820669ce6
lambda05,0.5,PropylAcetate,YKYONYBAUNKHLG-UHFFFAOYSA-N,console.txt,,/home/galoren/Freecurve_AI_Solvation/results/physics_probes/pimd2_lambda05_5ps/propylacetate/console.txt,40391,95ca643b631af156bd32cfec0546c4253b0f675287347bdd512e30c258ec9d7b
lambda05,0.5,PropylAcetate,YKYONYBAUNKHLG-UHFFFAOYSA-N,timing.json,,/home/galoren/Freecurve_AI_Solvation/results/physics_probes/pimd2_lambda05_5ps/propylacetate/timing.json,377,0b84f5812349a7c8be88ad569ebf22878122edafadf18f15a296641352628163
lambda05,0.5,PropylAcetate,YKYONYBAUNKHLG-UHFFFAOYSA-N,energy,lig_slv,/home/galoren/Freecurve_AI_Solvation/results/physics_probes/pimd2_lambda05_5ps/propylacetate/output/Task5_MD_Transition_LIGAnnihilation_6__LIG-SLV.ene,10780,a25ed6595f71a2fc84cb5f8a324cd55a3085fec043296d5aa3e6cd55a573969f
lambda05,0.5,PropylAcetate,YKYONYBAUNKHLG-UHFFFAOYSA-N,energy,lig,/home/galoren/Freecurve_AI_Solvation/results/physics_probes/pimd2_lambda05_5ps/propylacetate/output/Task5_MD_Transition_LIGAnnihilation_6__LIG.ene,25651,d67c98a81f2fc56e5da0c55fd769e301b1455e57054c485f1b1a3d3c4ae7f582
lambda05,0.5,PropylAcetate,YKYONYBAUNKHLG-UHFFFAOYSA-N,energy,system,/home/galoren/Freecurve_AI_Solvation/results/physics_probes/pimd2_lambda05_5ps/propylacetate/output/Task5_MD_Transition_LIGAnnihilation_6__SYSTEM.ene,22345,9a92e70cd304be33e93c1fae7cf630ecff99d4d6360e41c0a5a9631b3f5dc1d2
lambda05,0.5,Pyrrole,KAESVJOAVNADME-UHFFFAOYSA-N,conf.xml,,/home/galoren/Freecurve_AI_Solvation/results/physics_probes/pimd2_lambda05_5ps/pyrrole/conf.xml,15492,3bae0b0bf2b22758614ca3950ee760f123ae0cdc428917e72967260b89e193ad
lambda05,0.5,Pyrrole,KAESVJOAVNADME-UHFFFAOYSA-N,console.txt,,/home/galoren/Freecurve_AI_Solvation/results/physics_probes/pimd2_lambda05_5ps/pyrrole/console.txt,41953,487fb267809db462c570b060130adf4ea2e940790a92c6601aac559afdfaf711
lambda05,0.5,Pyrrole,KAESVJOAVNADME-UHFFFAOYSA-N,timing.json,,/home/galoren/Freecurve_AI_Solvation/results/physics_probes/pimd2_lambda05_5ps/pyrrole/timing.json,365,41b80a2c464b9193546aaae8a8bcd7c5ad9f5d6329aac1eee3d1c18b04245335
lambda05,0.5,Pyrrole,KAESVJOAVNADME-UHFFFAOYSA-N,energy,lig_slv,/home/galoren/Freecurve_AI_Solvation/results/physics_probes/pimd2_lambda05_5ps/pyrrole/output/Task5_MD_Transition_LIGAnnihilation_6__LIG-SLV.ene,10780,af66dfd7808f5b18f61a883e8a8049a32826fff95575ff13eea6920cb5e4a1fa
lambda05,0.5,Pyrrole,KAESVJOAVNADME-UHFFFAOYSA-N,energy,lig,/home/galoren/Freecurve_AI_Solvation/results/physics_probes/pimd2_lambda05_5ps/pyrrole/output/Task5_MD_Transition_LIGAnnihilation_6__LIG.ene,25642,70c3da11a7cbf7648c84fd69257c9eea54060b91e627ce86252476d47aff9c4d
lambda05,0.5,Pyrrole,KAESVJOAVNADME-UHFFFAOYSA-N,energy,system,/home/galoren/Freecurve_AI_Solvation/results/physics_probes/pimd2_lambda05_5ps/pyrrole/output/Task5_MD_Transition_LIGAnnihilation_6__SYSTEM.ene,22337,1b1c7b5592ca593bca8e7e556de75a471a83301ade416beb1e5f836b45397d16
lambda05,0.5,Toluene,YXFVVABEGXRONW-UHFFFAOYSA-N,conf.xml,,/home/galoren/Freecurve_AI_Solvation/results/physics_probes/pimd2_lambda05_5ps/toluene/conf.xml,15493,071bac27728a4988a0cd8ec944f1c75d2958f098b23665e7d79d38a11407c031
lambda05,0.5,Toluene,YXFVVABEGXRONW-UHFFFAOYSA-N,console.txt,,/home/galoren/Freecurve_AI_Solvation/results/physics_probes/pimd2_lambda05_5ps/toluene/console.txt,40347,e55c68a1098c1a197a584689161feb0d582cb214bad65fee25563bae98e1346e
lambda05,0.5,Toluene,YXFVVABEGXRONW-UHFFFAOYSA-N,timing.json,,/home/galoren/Freecurve_AI_Solvation/results/physics_probes/pimd2_lambda05_5ps/toluene/timing.json,364,c02d4a3e95045eb18da2e76a0c4a866c7a7a14fb41efde4d807468428cdddd93
lambda05,0.5,Toluene,YXFVVABEGXRONW-UHFFFAOYSA-N,energy,lig_slv,/home/galoren/Freecurve_AI_Solvation/results/physics_probes/pimd2_lambda05_5ps/toluene/output/Task5_MD_Transition_LIGAnnihilation_6__LIG-SLV.ene,10786,a19c04bdcd0a7b6b48dbc14bed1e168d1f11457113a93103dd9e16f29f35a723
lambda05,0.5,Toluene,YXFVVABEGXRONW-UHFFFAOYSA-N,energy,lig,/home/galoren/Freecurve_AI_Solvation/results/physics_probes/pimd2_lambda05_5ps/toluene/output/Task5_MD_Transition_LIGAnnihilation_6__LIG.ene,25643,b77f5901aa6310dab3d4804574d1e115782bae22bee60034c4259a8213dc60d1
lambda05,0.5,Toluene,YXFVVABEGXRONW-UHFFFAOYSA-N,energy,system,/home/galoren/Freecurve_AI_Solvation/results/physics_probes/pimd2_lambda05_5ps/toluene/output/Task5_MD_Transition_LIGAnnihilation_6__SYSTEM.ene,22335,b54cc62e5c4b0b273e696183a007ac2afd317f0163b7bb793d7c1b6d4bb12026
lambda05,0.5,Water,XLYOFNOQVPJJNP-UHFFFAOYSA-N,conf.xml,,/home/galoren/Freecurve_AI_Solvation/results/physics_probes/pimd2_lambda05_5ps/water/conf.xml,15481,0fbc2e8aeec7e0120000c87ebbe2d809e7747fc892b5cf677230d4994f5b7f40
lambda05,0.5,Water,XLYOFNOQVPJJNP-UHFFFAOYSA-N,console.txt,,/home/galoren/Freecurve_AI_Solvation/results/physics_probes/pimd2_lambda05_5ps/water/console.txt,38455,3a33c09311205a2e90b26b6d4d340a6da85abba095b20a00f6d643a5e9343395
lambda05,0.5,Water,XLYOFNOQVPJJNP-UHFFFAOYSA-N,timing.json,,/home/galoren/Freecurve_AI_Solvation/results/physics_probes/pimd2_lambda05_5ps/water/timing.json,359,5cf093b814eefddb2064bf7757164b7f7dcfd301a8737b0ba4f5fcbaa9dae825
lambda05,0.5,Water,XLYOFNOQVPJJNP-UHFFFAOYSA-N,energy,lig_slv,/home/galoren/Freecurve_AI_Solvation/results/physics_probes/pimd2_lambda05_5ps/water/output/Task5_MD_Transition_LIGAnnihilation_6__LIG-SLV.ene,10782,1483a127a86d78c9b4d54572b167b2ce323d3ff8a7407b9455a48ff4eeaecac1
lambda05,0.5,Water,XLYOFNOQVPJJNP-UHFFFAOYSA-N,energy,lig,/home/galoren/Freecurve_AI_Solvation/results/physics_probes/pimd2_lambda05_5ps/water/output/Task5_MD_Transition_LIGAnnihilation_6__LIG.ene,25644,1119fc1e01b3fd6a65e0b542cb5380deef5a92a3a20aac17e096c869d9483c9d
lambda05,0.5,Water,XLYOFNOQVPJJNP-UHFFFAOYSA-N,energy,system,/home/galoren/Freecurve_AI_Solvation/results/physics_probes/pimd2_lambda05_5ps/water/output/Task5_MD_Transition_LIGAnnihilation_6__SYSTEM.ene,22358,eb8118163f32dbea3bca82a729fc0ed9ecb0c65d7f1ffc0d7caa4013fcd97d64
lambda05,0.5,acetaldehyde,IKHGUXGNUITLKF-UHFFFAOYSA-N,conf.xml,,/home/galoren/Freecurve_AI_Solvation/results/physics_probes/pimd2_lambda05_5ps/acetaldehyde/conf.xml,15523,276eced9c201549ac6a161ce0b91ff854a031931793b83e1591a4babb01eefdf
lambda05,0.5,acetaldehyde,IKHGUXGNUITLKF-UHFFFAOYSA-N,console.txt,,/home/galoren/Freecurve_AI_Solvation/results/physics_probes/pimd2_lambda05_5ps/acetaldehyde/console.txt,40385,d69ef57a04e9546bf39c4515cb1f8b1c4b7c0e3307151481e5652f732f4e1aed
lambda05,0.5,acetaldehyde,IKHGUXGNUITLKF-UHFFFAOYSA-N,timing.json,,/home/galoren/Freecurve_AI_Solvation/results/physics_probes/pimd2_lambda05_5ps/acetaldehyde/timing.json,375,862723a108aa7083053c7b5d33cba1378fc980e29c8d6a1e0f2d922733c4ad5c
lambda05,0.5,acetaldehyde,IKHGUXGNUITLKF-UHFFFAOYSA-N,energy,lig_slv,/home/galoren/Freecurve_AI_Solvation/results/physics_probes/pimd2_lambda05_5ps/acetaldehyde/output/Task5_MD_Transition_LIGAnnihilation_6__LIG-SLV.ene,10777,5bdf4fb79e89c6114c0f33402a9536b79c7c2c103cd872e1294af1fd685d75cd
lambda05,0.5,acetaldehyde,IKHGUXGNUITLKF-UHFFFAOYSA-N,energy,lig,/home/galoren/Freecurve_AI_Solvation/results/physics_probes/pimd2_lambda05_5ps/acetaldehyde/output/Task5_MD_Transition_LIGAnnihilation_6__LIG.ene,25646,01d2b90354897bc6c828e48d18809800dca9fbe76175d38974996a1c4394c0cb
lambda05,0.5,acetaldehyde,IKHGUXGNUITLKF-UHFFFAOYSA-N,energy,system,/home/galoren/Freecurve_AI_Solvation/results/physics_probes/pimd2_lambda05_5ps/acetaldehyde/output/Task5_MD_Transition_LIGAnnihilation_6__SYSTEM.ene,22357,17e5cd1944c340521d20b2c8a3ace8e6fb6b45b8e690b3d65912a634daedabbb
lambda05,0.5,butanamine,HQABUPZFAYXKJW-UHFFFAOYSA-N,conf.xml,,/home/galoren/Freecurve_AI_Solvation/results/physics_probes/pimd2_lambda05_5ps/butanamine/conf.xml,15510,b573dab1d64da3f3f836ec74a7d66b4b5ca8b7a5602e9191a8ac02b865c55190
lambda05,0.5,butanamine,HQABUPZFAYXKJW-UHFFFAOYSA-N,console.txt,,/home/galoren/Freecurve_AI_Solvation/results/physics_probes/pimd2_lambda05_5ps/butanamine/console.txt,41967,237ed4986c3685ecfd3cf49f10a8db62c9a057d20d1caf3ec25167c58b0ba3d4
lambda05,0.5,butanamine,HQABUPZFAYXKJW-UHFFFAOYSA-N,timing.json,,/home/galoren/Freecurve_AI_Solvation/results/physics_probes/pimd2_lambda05_5ps/butanamine/timing.json,371,fc50e9aae8c30f13a4fd0c89618854ce798a82591fa8f11e5d7f7e6254f60647
lambda05,0.5,butanamine,HQABUPZFAYXKJW-UHFFFAOYSA-N,energy,lig_slv,/home/galoren/Freecurve_AI_Solvation/results/physics_probes/pimd2_lambda05_5ps/butanamine/output/Task5_MD_Transition_LIGAnnihilation_6__LIG-SLV.ene,10783,2343994799df42bb53acfd0cc77b8d9ff354caba8f499d9707bf3b4f7c9af0f0
lambda05,0.5,butanamine,HQABUPZFAYXKJW-UHFFFAOYSA-N,energy,lig,/home/galoren/Freecurve_AI_Solvation/results/physics_probes/pimd2_lambda05_5ps/butanamine/output/Task5_MD_Transition_LIGAnnihilation_6__LIG.ene,25652,7e1b44a3bd78fbc419e33e663009463303343b9597c0e95d03cc0bb134245bdd
lambda05,0.5,butanamine,HQABUPZFAYXKJW-UHFFFAOYSA-N,energy,system,/home/galoren/Freecurve_AI_Solvation/results/physics_probes/pimd2_lambda05_5ps/butanamine/output/Task5_MD_Transition_LIGAnnihilation_6__SYSTEM.ene,22335,a1498d48e0b35bff9fe62ce542546f83d55906dada399dc24d61eb43d0c69b1a
lambda05,0.5,butyricacid,FERIUCNNQQJTOY-UHFFFAOYSA-N,conf.xml,,/home/galoren/Freecurve_AI_Solvation/results/physics_probes/pimd2_lambda05_5ps/butyricacid/conf.xml,15517,d0ce95ca6297ece1290a860f362cd00906811693565cd78f3bb324b522fc5f76
lambda05,0.5,butyricacid,FERIUCNNQQJTOY-UHFFFAOYSA-N,console.txt,,/home/galoren/Freecurve_AI_Solvation/results/physics_probes/pimd2_lambda05_5ps/butyricacid/console.txt,43050,d6f2c14f904f2efd46f8ec2d87a3e7bd81374f2954a97c03bf6ac3d4fdd23afe
lambda05,0.5,butyricacid,FERIUCNNQQJTOY-UHFFFAOYSA-N,timing.json,,/home/galoren/Freecurve_AI_Solvation/results/physics_probes/pimd2_lambda05_5ps/butyricacid/timing.json,372,28252393bafcfc5a481408d337b0753ce9cc736e9ea7148547f40573a8eed001
lambda05,0.5,butyricacid,FERIUCNNQQJTOY-UHFFFAOYSA-N,energy,lig_slv,/home/galoren/Freecurve_AI_Solvation/results/physics_probes/pimd2_lambda05_5ps/butyricacid/output/Task5_MD_Transition_LIGAnnihilation_6__LIG-SLV.ene,10793,29317b1ce355bf07acdf94b358fc7d16868de2a928e5155969ce48af0ffdd496
lambda05,0.5,butyricacid,FERIUCNNQQJTOY-UHFFFAOYSA-N,energy,lig,/home/galoren/Freecurve_AI_Solvation/results/physics_probes/pimd2_lambda05_5ps/butyricacid/output/Task5_MD_Transition_LIGAnnihilation_6__LIG.ene,25661,32f6f01f9385d24eabdb8863a12b8b0e1a0d4e956738dbeeb7e8faca9bfb5341
lambda05,0.5,butyricacid,FERIUCNNQQJTOY-UHFFFAOYSA-N,energy,system,/home/galoren/Freecurve_AI_Solvation/results/physics_probes/pimd2_lambda05_5ps/butyricacid/output/Task5_MD_Transition_LIGAnnihilation_6__SYSTEM.ene,22372,6fe894db3572204154a60868e2b5a2f4e3e05dd7e33b2f0da809322c34d066f8
lambda05,0.5,buytyraldehyde,ZTQSAGDEMFDKMZ-UHFFFAOYSA-N,conf.xml,,/home/galoren/Freecurve_AI_Solvation/results/physics_probes/pimd2_lambda05_5ps/buytyraldehyde/conf.xml,15535,5d52689c95572dd7ee1618b73ed08f05e9df255f0604a32149c101eff80a1bfb
lambda05,0.5,buytyraldehyde,ZTQSAGDEMFDKMZ-UHFFFAOYSA-N,console.txt,,/home/galoren/Freecurve_AI_Solvation/results/physics_probes/pimd2_lambda05_5ps/buytyraldehyde/console.txt,43071,22b0e10590551d26a441d75c02a930031e7fe47d6fe5464e23fe63903960aa7b
lambda05,0.5,buytyraldehyde,ZTQSAGDEMFDKMZ-UHFFFAOYSA-N,timing.json,,/home/galoren/Freecurve_AI_Solvation/results/physics_probes/pimd2_lambda05_5ps/buytyraldehyde/timing.json,379,be79f5cba12ff59d4339cab1c26a2cf49e19b667908106c0aaaee294fd7b5abf
lambda05,0.5,buytyraldehyde,ZTQSAGDEMFDKMZ-UHFFFAOYSA-N,energy,lig_slv,/home/galoren/Freecurve_AI_Solvation/results/physics_probes/pimd2_lambda05_5ps/buytyraldehyde/output/Task5_MD_Transition_LIGAnnihilation_6__LIG-SLV.ene,10785,7f0d78d87abafd8a19ce33c7d10a23ee378a68a919ab71fa9400b2ed3c895127
lambda05,0.5,buytyraldehyde,ZTQSAGDEMFDKMZ-UHFFFAOYSA-N,energy,lig,/home/galoren/Freecurve_AI_Solvation/results/physics_probes/pimd2_lambda05_5ps/buytyraldehyde/output/Task5_MD_Transition_LIGAnnihilation_6__LIG.ene,25666,caa45a26086f35c0e28f0d3d7d72db6cb10e662425baa65220d9e3524e5ec96e
lambda05,0.5,buytyraldehyde,ZTQSAGDEMFDKMZ-UHFFFAOYSA-N,energy,system,/home/galoren/Freecurve_AI_Solvation/results/physics_probes/pimd2_lambda05_5ps/buytyraldehyde/output/Task5_MD_Transition_LIGAnnihilation_6__SYSTEM.ene,22360,70cd1bc3ae53b6ce85890f15db2296effbf45deee9be29e1026c4036f856aac3
lambda05,0.5,dimethylamine,ROSDSFDQCJNGOL-UHFFFAOYSA-N,conf.xml,,/home/galoren/Freecurve_AI_Solvation/results/physics_probes/pimd2_lambda05_5ps/dimethylamine/conf.xml,15528,cba22a2e3acbd049c9629de626cb8611e0d839d97a1152a46329454cbfb5b566
lambda05,0.5,dimethylamine,ROSDSFDQCJNGOL-UHFFFAOYSA-N,console.txt,,/home/galoren/Freecurve_AI_Solvation/results/physics_probes/pimd2_lambda05_5ps/dimethylamine/console.txt,40383,97480e6a2bc9c9525a6ba20a296aaf970df7e8c35b5842abd9802718a2c3d0d8
lambda05,0.5,dimethylamine,ROSDSFDQCJNGOL-UHFFFAOYSA-N,timing.json,,/home/galoren/Freecurve_AI_Solvation/results/physics_probes/pimd2_lambda05_5ps/dimethylamine/timing.json,376,4b742095a25da1a229fb33131fd2726e52331ed611f20b96671907ee1aeb08cf
lambda05,0.5,dimethylamine,ROSDSFDQCJNGOL-UHFFFAOYSA-N,energy,lig_slv,/home/galoren/Freecurve_AI_Solvation/results/physics_probes/pimd2_lambda05_5ps/dimethylamine/output/Task5_MD_Transition_LIGAnnihilation_6__LIG-SLV.ene,10792,ba44e6b2a0476e039bde13307148df4e726921470ee1a82ec1bc5d51866b3b37
lambda05,0.5,dimethylamine,ROSDSFDQCJNGOL-UHFFFAOYSA-N,energy,lig,/home/galoren/Freecurve_AI_Solvation/results/physics_probes/pimd2_lambda05_5ps/dimethylamine/output/Task5_MD_Transition_LIGAnnihilation_6__LIG.ene,25645,39c8c9e647bd9a397b6640c2807f6232d5289abdda7ea71aa5b24555206ad108
lambda05,0.5,dimethylamine,ROSDSFDQCJNGOL-UHFFFAOYSA-N,energy,system,/home/galoren/Freecurve_AI_Solvation/results/physics_probes/pimd2_lambda05_5ps/dimethylamine/output/Task5_MD_Transition_LIGAnnihilation_6__SYSTEM.ene,22356,ecd4f114828cce3872149d52c009cc2ff8204e9b1fbe0a8f95cd405b0b708ce4
lambda05,0.5,ethylamine,QUSNBJAOOMFDIB-UHFFFAOYSA-N,conf.xml,,/home/galoren/Freecurve_AI_Solvation/results/physics_probes/pimd2_lambda05_5ps/ethylamine/conf.xml,15510,4f4507be44177334cc46754dc244b33bbb503f3f53b21a2ad66e69a96c5af77f
lambda05,0.5,ethylamine,QUSNBJAOOMFDIB-UHFFFAOYSA-N,console.txt,,/home/galoren/Freecurve_AI_Solvation/results/physics_probes/pimd2_lambda05_5ps/ethylamine/console.txt,41960,5f4b42fa0b758864e6766dd041cc9cffb6055e39700d29a9838d2f8a230cfeb0
lambda05,0.5,ethylamine,QUSNBJAOOMFDIB-UHFFFAOYSA-N,timing.json,,/home/galoren/Freecurve_AI_Solvation/results/physics_probes/pimd2_lambda05_5ps/ethylamine/timing.json,370,c8f54020be94815b3730b254ac895bb1836bf6059f4ec48de10d7daeb5a261fb
lambda05,0.5,ethylamine,QUSNBJAOOMFDIB-UHFFFAOYSA-N,energy,lig_slv,/home/galoren/Freecurve_AI_Solvation/results/physics_probes/pimd2_lambda05_5ps/ethylamine/output/Task5_MD_Transition_LIGAnnihilation_6__LIG-SLV.ene,10790,e905742eb64641f6ce5f9837e38ace12544849c32997e3651aad9deaa8227d25
lambda05,0.5,ethylamine,QUSNBJAOOMFDIB-UHFFFAOYSA-N,energy,lig,/home/galoren/Freecurve_AI_Solvation/results/physics_probes/pimd2_lambda05_5ps/ethylamine/output/Task5_MD_Transition_LIGAnnihilation_6__LIG.ene,25653,36ed74bc2e4fcdf0037428b507921ac905144957c402dac62c633d7d767a8509
lambda05,0.5,ethylamine,QUSNBJAOOMFDIB-UHFFFAOYSA-N,energy,system,/home/galoren/Freecurve_AI_Solvation/results/physics_probes/pimd2_lambda05_5ps/ethylamine/output/Task5_MD_Transition_LIGAnnihilation_6__SYSTEM.ene,22352,ae97c12d9f817a75595a31dda718802bbc5f9ad7090301dceb34007a892b302c
lambda05,0.5,hexa2none,QQZOPKMRPOGIEB-UHFFFAOYSA-N,conf.xml,,/home/galoren/Freecurve_AI_Solvation/results/physics_probes/pimd2_lambda05_5ps/hexa2none/conf.xml,15504,e14868789ab2fcd0dcec710f0f1192ea2d425cf782c5a8178ff892f20de34d3b
lambda05,0.5,hexa2none,QQZOPKMRPOGIEB-UHFFFAOYSA-N,console.txt,,/home/galoren/Freecurve_AI_Solvation/results/physics_probes/pimd2_lambda05_5ps/hexa2none/console.txt,41447,627f8ac9f0f8f71ab31a4c9bec820d0b5906e7ae0ab8548c64bb5ed66561f9cf
lambda05,0.5,hexa2none,QQZOPKMRPOGIEB-UHFFFAOYSA-N,timing.json,,/home/galoren/Freecurve_AI_Solvation/results/physics_probes/pimd2_lambda05_5ps/hexa2none/timing.json,369,5ccffe3ae5a748dabea2059d66ce1548c54ce95a9439fb08efc5ac247d9a6d59
lambda05,0.5,hexa2none,QQZOPKMRPOGIEB-UHFFFAOYSA-N,energy,lig_slv,/home/galoren/Freecurve_AI_Solvation/results/physics_probes/pimd2_lambda05_5ps/hexa2none/output/Task5_MD_Transition_LIGAnnihilation_6__LIG-SLV.ene,10777,86603656530c21b77cea392d84618485506576feaf6ef8fc9d1c9b4ec691ce15
lambda05,0.5,hexa2none,QQZOPKMRPOGIEB-UHFFFAOYSA-N,energy,lig,/home/galoren/Freecurve_AI_Solvation/results/physics_probes/pimd2_lambda05_5ps/hexa2none/output/Task5_MD_Transition_LIGAnnihilation_6__LIG.ene,25649,c429d74615fec354cbb7e366059a1b0418bc93b2e0502dd2b82d7e527898863b
lambda05,0.5,hexa2none,QQZOPKMRPOGIEB-UHFFFAOYSA-N,energy,system,/home/galoren/Freecurve_AI_Solvation/results/physics_probes/pimd2_lambda05_5ps/hexa2none/output/Task5_MD_Transition_LIGAnnihilation_6__SYSTEM.ene,22353,251e57420569e71b0a55175fbe5272e9b7e3dfd9253c53ad393bf080f5a866d7
lambda05,0.5,m-cresol,RLSSMJSEOOYNOY-UHFFFAOYSA-N,conf.xml,,/home/galoren/Freecurve_AI_Solvation/results/physics_probes/pimd2_lambda05_5ps/m_cresol/conf.xml,15499,44c0d1ee204d63ccef26329d8cd39879e599d23ba65e518094c1efbd4046de59
lambda05,0.5,m-cresol,RLSSMJSEOOYNOY-UHFFFAOYSA-N,console.txt,,/home/galoren/Freecurve_AI_Solvation/results/physics_probes/pimd2_lambda05_5ps/m_cresol/console.txt,41948,edf4e83e31f26682e6337a360cf03cb162c81e4e46fb4800ee240195f4da8196
lambda05,0.5,m-cresol,RLSSMJSEOOYNOY-UHFFFAOYSA-N,timing.json,,/home/galoren/Freecurve_AI_Solvation/results/physics_probes/pimd2_lambda05_5ps/m_cresol/timing.json,366,41fd0abde195e50c05efc1d579aceca6b0222bb5a1a75e2b14de743e50efc38b
lambda05,0.5,m-cresol,RLSSMJSEOOYNOY-UHFFFAOYSA-N,energy,lig_slv,/home/galoren/Freecurve_AI_Solvation/results/physics_probes/pimd2_lambda05_5ps/m_cresol/output/Task5_MD_Transition_LIGAnnihilation_6__LIG-SLV.ene,10783,0129bf54d132c6a8d11fea861f6cabf51b553bed8cd13c3dbaaa84237309779c
lambda05,0.5,m-cresol,RLSSMJSEOOYNOY-UHFFFAOYSA-N,energy,lig,/home/galoren/Freecurve_AI_Solvation/results/physics_probes/pimd2_lambda05_5ps/m_cresol/output/Task5_MD_Transition_LIGAnnihilation_6__LIG.ene,25653,3197abc485a01f94fef5aaf8bd7db763fda9e780cbbf0e16748cf0863c9068f5
lambda05,0.5,m-cresol,RLSSMJSEOOYNOY-UHFFFAOYSA-N,energy,system,/home/galoren/Freecurve_AI_Solvation/results/physics_probes/pimd2_lambda05_5ps/m_cresol/output/Task5_MD_Transition_LIGAnnihilation_6__SYSTEM.ene,22337,92180de07a615c0cb5daca94e9265adc455a7981fe847093bd168d06fb4a6e76
lambda05,0.5,methylamine,BAVYZALUXZFZLV-UHFFFAOYSA-N,conf.xml,,/home/galoren/Freecurve_AI_Solvation/results/physics_probes/pimd2_lambda05_5ps/methylamine/conf.xml,15516,56b5d7a8959789ed7b921ce4c54db63ab15c74623c2c846e0252eb67dfd9de14
lambda05,0.5,methylamine,BAVYZALUXZFZLV-UHFFFAOYSA-N,console.txt,,/home/galoren/Freecurve_AI_Solvation/results/physics_probes/pimd2_lambda05_5ps/methylamine/console.txt,40378,2e37cbf1947de995b26fa9400a019c201e3122f13b9b675fa4891c7785bcc3cf
lambda05,0.5,methylamine,BAVYZALUXZFZLV-UHFFFAOYSA-N,timing.json,,/home/galoren/Freecurve_AI_Solvation/results/physics_probes/pimd2_lambda05_5ps/methylamine/timing.json,372,ea0792ee7d032d96ab25e7bc6188d00a5344a61e9463b23af24fe05503fe7fcf
lambda05,0.5,methylamine,BAVYZALUXZFZLV-UHFFFAOYSA-N,energy,lig_slv,/home/galoren/Freecurve_AI_Solvation/results/physics_probes/pimd2_lambda05_5ps/methylamine/output/Task5_MD_Transition_LIGAnnihilation_6__LIG-SLV.ene,10787,29035724b1f0b9c02c145fec84bc8b0ae23ac1208712988ff63fcc0010d45dd6
lambda05,0.5,methylamine,BAVYZALUXZFZLV-UHFFFAOYSA-N,energy,lig,/home/galoren/Freecurve_AI_Solvation/results/physics_probes/pimd2_lambda05_5ps/methylamine/output/Task5_MD_Transition_LIGAnnihilation_6__LIG.ene,25644,5378217b59e2b28b8af5709bcee0742ec3452cf87368a08f987d88fd18a8fea2
lambda05,0.5,methylamine,BAVYZALUXZFZLV-UHFFFAOYSA-N,energy,system,/home/galoren/Freecurve_AI_Solvation/results/physics_probes/pimd2_lambda05_5ps/methylamine/output/Task5_MD_Transition_LIGAnnihilation_6__SYSTEM.ene,22339,066bd0734e8e12a46385693a181aaa39d37cab15cc7a5ffbde33e8c0c576301e
lambda05,0.5,o-cresol,QWVGKYWNOKOFNN-UHFFFAOYSA-N,conf.xml,,/home/galoren/Freecurve_AI_Solvation/results/physics_probes/pimd2_lambda05_5ps/o_cresol/conf.xml,15499,648fe89e2a222df7409f588df3c2088057059ac442d78270c6ab303a6fdb9ae0
lambda05,0.5,o-cresol,QWVGKYWNOKOFNN-UHFFFAOYSA-N,console.txt,,/home/galoren/Freecurve_AI_Solvation/results/physics_probes/pimd2_lambda05_5ps/o_cresol/console.txt,41946,520730c0c4e88094cf407c41ec18058154bb5e1425d707b21607a5d993fe0d74
lambda05,0.5,o-cresol,QWVGKYWNOKOFNN-UHFFFAOYSA-N,timing.json,,/home/galoren/Freecurve_AI_Solvation/results/physics_probes/pimd2_lambda05_5ps/o_cresol/timing.json,367,6eacedebbff2f012bb25caf63fadb74eed4b1e3ccbc8384503569944071af3f0
lambda05,0.5,o-cresol,QWVGKYWNOKOFNN-UHFFFAOYSA-N,energy,lig_slv,/home/galoren/Freecurve_AI_Solvation/results/physics_probes/pimd2_lambda05_5ps/o_cresol/output/Task5_MD_Transition_LIGAnnihilation_6__LIG-SLV.ene,10772,b43c8e1ece9cc28b842a8294d228f7d5596bf504ed8b43c216f6d1cae93f775f
lambda05,0.5,o-cresol,QWVGKYWNOKOFNN-UHFFFAOYSA-N,energy,lig,/home/galoren/Freecurve_AI_Solvation/results/physics_probes/pimd2_lambda05_5ps/o_cresol/output/Task5_MD_Transition_LIGAnnihilation_6__LIG.ene,25644,d8b04608c05a5edbf0d3ee0c1982e6877a0f66e3906bdeb8fd8ddc2bc3b12463
lambda05,0.5,o-cresol,QWVGKYWNOKOFNN-UHFFFAOYSA-N,energy,system,/home/galoren/Freecurve_AI_Solvation/results/physics_probes/pimd2_lambda05_5ps/o_cresol/output/Task5_MD_Transition_LIGAnnihilation_6__SYSTEM.ene,22321,8f4e1c0ec9d1148ed8b4dff711358376d790be8a9bf922bbb95fde5eceb20c85
lambda05,0.5,p-cresol,IWDCLRJOBJJRNH-UHFFFAOYSA-N,conf.xml,,/home/galoren/Freecurve_AI_Solvation/results/physics_probes/pimd2_lambda05_5ps/p_cresol/conf.xml,15499,9d5a4735ccb4648a4bca887ed808145e2c73226312d0c4bc3aec6bc9e36f1d7e
lambda05,0.5,p-cresol,IWDCLRJOBJJRNH-UHFFFAOYSA-N,console.txt,,/home/galoren/Freecurve_AI_Solvation/results/physics_probes/pimd2_lambda05_5ps/p_cresol/console.txt,41950,56235bacd0b59c4d9a549f5f70ae406e399e2b0f7cebfa922b3aada69d55fefa
lambda05,0.5,p-cresol,IWDCLRJOBJJRNH-UHFFFAOYSA-N,timing.json,,/home/galoren/Freecurve_AI_Solvation/results/physics_probes/pimd2_lambda05_5ps/p_cresol/timing.json,365,55bed61545d6d301c951ff3692cf0ab156e9d0e86ed5e8de664317c0888a901a
lambda05,0.5,p-cresol,IWDCLRJOBJJRNH-UHFFFAOYSA-N,energy,lig_slv,/home/galoren/Freecurve_AI_Solvation/results/physics_probes/pimd2_lambda05_5ps/p_cresol/output/Task5_MD_Transition_LIGAnnihilation_6__LIG-SLV.ene,10789,ccf9b20cd2d0825d7b10e354c1d82753428ad3af9b3d949f6340edc15a0f2ce4
lambda05,0.5,p-cresol,IWDCLRJOBJJRNH-UHFFFAOYSA-N,energy,lig,/home/galoren/Freecurve_AI_Solvation/results/physics_probes/pimd2_lambda05_5ps/p_cresol/output/Task5_MD_Transition_LIGAnnihilation_6__LIG.ene,25638,aea9df6bdb3efa65d1989ea5655400c2cdbe153fe1cd7b70f41f781f8e3c35b2
lambda05,0.5,p-cresol,IWDCLRJOBJJRNH-UHFFFAOYSA-N,energy,system,/home/galoren/Freecurve_AI_Solvation/results/physics_probes/pimd2_lambda05_5ps/p_cresol/output/Task5_MD_Transition_LIGAnnihilation_6__SYSTEM.ene,22339,1f4946c957e972e2957a7420b3774567e7c572e3ff1278060bf61866bc1900e9
lambda05,0.5,pent-1-ene,YWAKXRMUMFPDSH-UHFFFAOYSA-N,conf.xml,,/home/galoren/Freecurve_AI_Solvation/results/physics_probes/pimd2_lambda05_5ps/pent_1_ene/conf.xml,15511,2f7b6a45481ae355cd48753500a609b9545a6da48ab53334724ce160e93944b4
lambda05,0.5,pent-1-ene,YWAKXRMUMFPDSH-UHFFFAOYSA-N,console.txt,,/home/galoren/Freecurve_AI_Solvation/results/physics_probes/pimd2_lambda05_5ps/pent_1_ene/console.txt,41949,8955aa72cb7960a9f0c5e209ebad3fcf82041110d54dc2d6a7d3d6a71fb80ce1
lambda05,0.5,pent-1-ene,YWAKXRMUMFPDSH-UHFFFAOYSA-N,timing.json,,/home/galoren/Freecurve_AI_Solvation/results/physics_probes/pimd2_lambda05_5ps/pent_1_ene/timing.json,371,630f168bf01f1e4759a54ff1c73bfbe5b5593a193fc8b9085bc998bc75ca9b15
lambda05,0.5,pent-1-ene,YWAKXRMUMFPDSH-UHFFFAOYSA-N,energy,lig_slv,/home/galoren/Freecurve_AI_Solvation/results/physics_probes/pimd2_lambda05_5ps/pent_1_ene/output/Task5_MD_Transition_LIGAnnihilation_6__LIG-SLV.ene,10787,b42781e249f83fd7f5e4f17e0110c16eb5ab3befa261b79dcf5402f6b64dfdfe
lambda05,0.5,pent-1-ene,YWAKXRMUMFPDSH-UHFFFAOYSA-N,energy,lig,/home/galoren/Freecurve_AI_Solvation/results/physics_probes/pimd2_lambda05_5ps/pent_1_ene/output/Task5_MD_Transition_LIGAnnihilation_6__LIG.ene,25637,dafc0f2ab9b0768f66907d9f57c7db720d6e39399b91a187b35e2fbe160630b7
lambda05,0.5,pent-1-ene,YWAKXRMUMFPDSH-UHFFFAOYSA-N,energy,system,/home/galoren/Freecurve_AI_Solvation/results/physics_probes/pimd2_lambda05_5ps/pent_1_ene/output/Task5_MD_Transition_LIGAnnihilation_6__SYSTEM.ene,22327,2c648ddd2301600aa981f3b4b56973de80a7e20488abd647aab13b1f327b2db6
lambda05,0.5,phenanthrene,YNPNZTXNASCQKK-UHFFFAOYSA-N,conf.xml,,/home/galoren/Freecurve_AI_Solvation/results/physics_probes/pimd2_lambda05_5ps/phenanthrene/conf.xml,15523,1bac3e9862a1e57520bc34eba6063ecd89f5ad01338a018fd895981f8900ad58
lambda05,0.5,phenanthrene,YNPNZTXNASCQKK-UHFFFAOYSA-N,console.txt,,/home/galoren/Freecurve_AI_Solvation/results/physics_probes/pimd2_lambda05_5ps/phenanthrene/console.txt,40701,680b66a2cf0ae926a9c559fdd857cbeb4b229f4861c47bc8ea0ac242579d384f
lambda05,0.5,phenanthrene,YNPNZTXNASCQKK-UHFFFAOYSA-N,timing.json,,/home/galoren/Freecurve_AI_Solvation/results/physics_probes/pimd2_lambda05_5ps/phenanthrene/timing.json,375,86d8e7a9702832144120e3695156873c19b9680faf3c9df86d70f9e76ca1bb45
lambda05,0.5,phenanthrene,YNPNZTXNASCQKK-UHFFFAOYSA-N,energy,lig_slv,/home/galoren/Freecurve_AI_Solvation/results/physics_probes/pimd2_lambda05_5ps/phenanthrene/output/Task5_MD_Transition_LIGAnnihilation_6__LIG-SLV.ene,10775,0fc2228dae8eaeda92bf17d55597f0ea0550e5651052202ed2ffad7507f4ca11
lambda05,0.5,phenanthrene,YNPNZTXNASCQKK-UHFFFAOYSA-N,energy,lig,/home/galoren/Freecurve_AI_Solvation/results/physics_probes/pimd2_lambda05_5ps/phenanthrene/output/Task5_MD_Transition_LIGAnnihilation_6__LIG.ene,25644,93a9b6512c94bf6c4b16eb07f56b7c6dc405d3f6e7900ca72488f189dcd9233a
lambda05,0.5,phenanthrene,YNPNZTXNASCQKK-UHFFFAOYSA-N,energy,system,/home/galoren/Freecurve_AI_Solvation/results/physics_probes/pimd2_lambda05_5ps/phenanthrene/output/Task5_MD_Transition_LIGAnnihilation_6__SYSTEM.ene,22337,b167edc87cc05948feccd92b0bdeb148af7daeac3bae7db9555702c952db43f3
lambda05,0.5,propionaldehyde,NBBJYMSMWIIQGU-UHFFFAOYSA-N,conf.xml,,/home/galoren/Freecurve_AI_Solvation/results/physics_probes/pimd2_lambda05_5ps/propionaldehyde/conf.xml,15539,2436d1b88ff11e35081641c157d65419ceac7acf82b18f3536ff55506707480f
lambda05,0.5,propionaldehyde,NBBJYMSMWIIQGU-UHFFFAOYSA-N,console.txt,,/home/galoren/Freecurve_AI_Solvation/results/physics_probes/pimd2_lambda05_5ps/propionaldehyde/console.txt,43075,bb93eaa683e1d30cf64b31c4b1278fc00f3d1c509a042c708f821da0c0f524bf
lambda05,0.5,propionaldehyde,NBBJYMSMWIIQGU-UHFFFAOYSA-N,timing.json,,/home/galoren/Freecurve_AI_Solvation/results/physics_probes/pimd2_lambda05_5ps/propionaldehyde/timing.json,380,4e3e706be7e12524b4d7383f2dd7954a0e7d69fc268fd39c79e6254ee3930882
lambda05,0.5,propionaldehyde,NBBJYMSMWIIQGU-UHFFFAOYSA-N,energy,lig_slv,/home/galoren/Freecurve_AI_Solvation/results/physics_probes/pimd2_lambda05_5ps/propionaldehyde/output/Task5_MD_Transition_LIGAnnihilation_6__LIG-SLV.ene,10795,ad4ea79135c7cd2bdc705a973291d3cbf9fdfdebbde4201f040f2cd7413f5670
lambda05,0.5,propionaldehyde,NBBJYMSMWIIQGU-UHFFFAOYSA-N,energy,lig,/home/galoren/Freecurve_AI_Solvation/results/physics_probes/pimd2_lambda05_5ps/propionaldehyde/output/Task5_MD_Transition_LIGAnnihilation_6__LIG.ene,25652,426cf6e83cbdd4794c07e5ec1c8e1ceb3fe882b357347475cdfe692a24287f5d
lambda05,0.5,propionaldehyde,NBBJYMSMWIIQGU-UHFFFAOYSA-N,energy,system,/home/galoren/Freecurve_AI_Solvation/results/physics_probes/pimd2_lambda05_5ps/propionaldehyde/output/Task5_MD_Transition_LIGAnnihilation_6__SYSTEM.ene,22370,51dc20d7a16aea2603094bb7253ceef54400d7e3e46cb20829dfba2f9607262a
lambda05,0.5,propionicacid,XBDQKXXYIPTUBI-UHFFFAOYSA-N,conf.xml,,/home/galoren/Freecurve_AI_Solvation/results/physics_probes/pimd2_lambda05_5ps/propionicacid/conf.xml,15528,84d003ca6e001a829fcb3c56c6bc95ad7d9df15537fad64093829be9b9308d39
lambda05,0.5,propionicacid,XBDQKXXYIPTUBI-UHFFFAOYSA-N,console.txt,,/home/galoren/Freecurve_AI_Solvation/results/physics_probes/pimd2_lambda05_5ps/propionicacid/console.txt,40397,86e33e77a7fba37635361f84581ab6dbd1005f74f398fe3ee649afb5c20a0faf
lambda05,0.5,propionicacid,XBDQKXXYIPTUBI-UHFFFAOYSA-N,timing.json,,/home/galoren/Freecurve_AI_Solvation/results/physics_probes/pimd2_lambda05_5ps/propionicacid/timing.json,377,3b82d76b3ded4f02a170dbdc6e5f4e99619f18c188afcabc7bf154ef8a8a5a1e
lambda05,0.5,propionicacid,XBDQKXXYIPTUBI-UHFFFAOYSA-N,energy,lig_slv,/home/galoren/Freecurve_AI_Solvation/results/physics_probes/pimd2_lambda05_5ps/propionicacid/output/Task5_MD_Transition_LIGAnnihilation_6__LIG-SLV.ene,10778,478345898719d170fc0562d0863fbc5a0e47e75fa8d76ce55b519f5510fa71b8
lambda05,0.5,propionicacid,XBDQKXXYIPTUBI-UHFFFAOYSA-N,energy,lig,/home/galoren/Freecurve_AI_Solvation/results/physics_probes/pimd2_lambda05_5ps/propionicacid/output/Task5_MD_Transition_LIGAnnihilation_6__LIG.ene,25704,e551f81b23dda7048c19893f35beb0683a0d665a4e66f625a7698dad73dd08db
lambda05,0.5,propionicacid,XBDQKXXYIPTUBI-UHFFFAOYSA-N,energy,system,/home/galoren/Freecurve_AI_Solvation/results/physics_probes/pimd2_lambda05_5ps/propionicacid/output/Task5_MD_Transition_LIGAnnihilation_6__SYSTEM.ene,22344,a7f9faac8eb1b3db38658c5da598fedc3f0e0cde53b774c8dd7842bb88874ba6
lambda05,0.5,pyridine,JUJWROOIHBZHMG-UHFFFAOYSA-N,conf.xml,,/home/galoren/Freecurve_AI_Solvation/results/physics_probes/pimd2_lambda05_5ps/pyridine/conf.xml,15499,a9653fc9bb439b12f7051db104043ba2bd550a2c243a33666500fd719a887888
lambda05,0.5,pyridine,JUJWROOIHBZHMG-UHFFFAOYSA-N,console.txt,,/home/galoren/Freecurve_AI_Solvation/results/physics_probes/pimd2_lambda05_5ps/pyridine/console.txt,39159,953579f8d6e66e48180b3cb69374d75efe43785f1ba303e4208a74addb1cbb68
lambda05,0.5,pyridine,JUJWROOIHBZHMG-UHFFFAOYSA-N,timing.json,,/home/galoren/Freecurve_AI_Solvation/results/physics_probes/pimd2_lambda05_5ps/pyridine/timing.json,367,b8b75c6cb19ddc76e93a1de65e26b13dec6d06a2bed25553ce83b7ef9fdb67f5
lambda05,0.5,pyridine,JUJWROOIHBZHMG-UHFFFAOYSA-N,energy,lig_slv,/home/galoren/Freecurve_AI_Solvation/results/physics_probes/pimd2_lambda05_5ps/pyridine/output/Task5_MD_Transition_LIGAnnihilation_6__LIG-SLV.ene,10787,bd3de6b5950c9258a5389770b672d1436f4033826766e2aeeaf975826a6f5776
lambda05,0.5,pyridine,JUJWROOIHBZHMG-UHFFFAOYSA-N,energy,lig,/home/galoren/Freecurve_AI_Solvation/results/physics_probes/pimd2_lambda05_5ps/pyridine/output/Task5_MD_Transition_LIGAnnihilation_6__LIG.ene,25635,3b2d7c04efd21269768b081cd378fd849a1b5580d6ecf700e258b03947bc0b9c
lambda05,0.5,pyridine,JUJWROOIHBZHMG-UHFFFAOYSA-N,energy,system,/home/galoren/Freecurve_AI_Solvation/results/physics_probes/pimd2_lambda05_5ps/pyridine/output/Task5_MD_Transition_LIGAnnihilation_6__SYSTEM.ene,22348,7ed913715d88483abaa265c06fc1027f4ce81d4d1f5cfb75dd95dacb1a91f354
lambda05,0.5,tetracene,IFLREYGFSNHWGE-UHFFFAOYSA-N,conf.xml,,/home/galoren/Freecurve_AI_Solvation/results/physics_probes/pimd2_lambda05_5ps/tetracene/conf.xml,15504,f8552debe3a4db26448430458e0cb9f292c6295b1d3a41f364274e27cee35c8a
lambda05,0.5,tetracene,IFLREYGFSNHWGE-UHFFFAOYSA-N,console.txt,,/home/galoren/Freecurve_AI_Solvation/results/physics_probes/pimd2_lambda05_5ps/tetracene/console.txt,41770,b1ca5199c0d5380acb7421f49df5f3a058174b70ae62bcf7136f3c28406b3cc9
lambda05,0.5,tetracene,IFLREYGFSNHWGE-UHFFFAOYSA-N,timing.json,,/home/galoren/Freecurve_AI_Solvation/results/physics_probes/pimd2_lambda05_5ps/tetracene/timing.json,368,9d5da466651b706767c0cecdec14efd2c37f0d06f7b636b5ba87e0e4f8c9f24a
lambda05,0.5,tetracene,IFLREYGFSNHWGE-UHFFFAOYSA-N,energy,lig_slv,/home/galoren/Freecurve_AI_Solvation/results/physics_probes/pimd2_lambda05_5ps/tetracene/output/Task5_MD_Transition_LIGAnnihilation_6__LIG-SLV.ene,10783,872cba238fa07b8e1b4a7b3e6c6a6b620814332a4f168255e3283b85b08f9ce3
lambda05,0.5,tetracene,IFLREYGFSNHWGE-UHFFFAOYSA-N,energy,lig,/home/galoren/Freecurve_AI_Solvation/results/physics_probes/pimd2_lambda05_5ps/tetracene/output/Task5_MD_Transition_LIGAnnihilation_6__LIG.ene,25637,7e12e5beb8cccca9549d88584be7440ea3926b0786eba059ef1dcee137e4476b
lambda05,0.5,tetracene,IFLREYGFSNHWGE-UHFFFAOYSA-N,energy,system,/home/galoren/Freecurve_AI_Solvation/results/physics_probes/pimd2_lambda05_5ps/tetracene/output/Task5_MD_Transition_LIGAnnihilation_6__SYSTEM.ene,22326,e3ced01adfba2119aaa8ab80ac42be08f5fab4db3b835bc196fa31a53f59f98e
lambda05,0.5,trimethylamine,GETQZCLCWQTVFV-UHFFFAOYSA-N,conf.xml,,/home/galoren/Freecurve_AI_Solvation/results/physics_probes/pimd2_lambda05_5ps/trimethylamine/conf.xml,15534,44397e65293ad3c19bb6ac03b566a7a95a4e0e054db3f7d8f0acea31c977de42
lambda05,0.5,trimethylamine,GETQZCLCWQTVFV-UHFFFAOYSA-N,console.txt,,/home/galoren/Freecurve_AI_Solvation/results/physics_probes/pimd2_lambda05_5ps/trimethylamine/console.txt,39206,30646c8bc252ceee11460524cfc6de78555df2a0356a27c257923c34ef74d285
lambda05,0.5,trimethylamine,GETQZCLCWQTVFV-UHFFFAOYSA-N,timing.json,,/home/galoren/Freecurve_AI_Solvation/results/physics_probes/pimd2_lambda05_5ps/trimethylamine/timing.json,379,31404f311d60ee2b838f43a3c5c8e8ed6d7fbee378b76e5239b74c8285faf85c
lambda05,0.5,trimethylamine,GETQZCLCWQTVFV-UHFFFAOYSA-N,energy,lig_slv,/home/galoren/Freecurve_AI_Solvation/results/physics_probes/pimd2_lambda05_5ps/trimethylamine/output/Task5_MD_Transition_LIGAnnihilation_6__LIG-SLV.ene,10796,a3ab64c47de7fb23c6ab3ca2f51dd1d38e5ea54590b299e68b7b51aefcd90d85
lambda05,0.5,trimethylamine,GETQZCLCWQTVFV-UHFFFAOYSA-N,energy,lig,/home/galoren/Freecurve_AI_Solvation/results/physics_probes/pimd2_lambda05_5ps/trimethylamine/output/Task5_MD_Transition_LIGAnnihilation_6__LIG.ene,25646,1e9800de96cc3b4850da7deb4598e98c31385bdf30740b6c606a176d5b8f67fa
lambda05,0.5,trimethylamine,GETQZCLCWQTVFV-UHFFFAOYSA-N,energy,system,/home/galoren/Freecurve_AI_Solvation/results/physics_probes/pimd2_lambda05_5ps/trimethylamine/output/Task5_MD_Transition_LIGAnnihilation_6__SYSTEM.ene,22350,b3aa984f1fb520f64ae7f1594f30d37359e8441a71e36d70e46ce9976fa60c69
lambda09,0.9,1-Butanethiol,WQAQPCDUOCURKW-UHFFFAOYSA-N,conf.xml,,/home/galoren/Freecurve_AI_Solvation/results/physics_probes/pimd2_lambda09_5ps/1_butanethiol/conf.xml,15530,ada5b3af4069c7e4fc54742bd2894067549c80ded89f926b6a949c93a6a55331
lambda09,0.9,1-Butanethiol,WQAQPCDUOCURKW-UHFFFAOYSA-N,console.txt,,/home/galoren/Freecurve_AI_Solvation/results/physics_probes/pimd2_lambda09_5ps/1_butanethiol/console.txt,42146,10eabdb0d02cc34c37a73bcced29a86b70f80f03bb69ecb7d96efd09693d8e2c
lambda09,0.9,1-Butanethiol,WQAQPCDUOCURKW-UHFFFAOYSA-N,timing.json,,/home/galoren/Freecurve_AI_Solvation/results/physics_probes/pimd2_lambda09_5ps/1_butanethiol/timing.json,378,c0855c3377c892a3fb21fb85e1b12b55c6d1dc34ae5bd8a20204d22b225d139d
lambda09,0.9,1-Butanethiol,WQAQPCDUOCURKW-UHFFFAOYSA-N,energy,lig_slv,/home/galoren/Freecurve_AI_Solvation/results/physics_probes/pimd2_lambda09_5ps/1_butanethiol/output/Task5_MD_Transition_LIGAnnihilation_12__LIG-SLV.ene,10769,c2446a1b280a12423e60380edce22323249fd7a723c59bed43fbe93db0096fc6
lambda09,0.9,1-Butanethiol,WQAQPCDUOCURKW-UHFFFAOYSA-N,energy,lig,/home/galoren/Freecurve_AI_Solvation/results/physics_probes/pimd2_lambda09_5ps/1_butanethiol/output/Task5_MD_Transition_LIGAnnihilation_12__LIG.ene,25658,da9bbd39970c2b6212d5c53a868cb892077ddce7da090f5dbb576491aab6e3b2
lambda09,0.9,1-Butanethiol,WQAQPCDUOCURKW-UHFFFAOYSA-N,energy,system,/home/galoren/Freecurve_AI_Solvation/results/physics_probes/pimd2_lambda09_5ps/1_butanethiol/output/Task5_MD_Transition_LIGAnnihilation_12__SYSTEM.ene,22389,4ef82cb13d14b308cd6af4b44bc7e0d30f80064ef038c504619d82483214937e
lambda09,0.9,1-Butanol,LRHPLDYGYMQRHN-UHFFFAOYSA-N,conf.xml,,/home/galoren/Freecurve_AI_Solvation/results/physics_probes/pimd2_lambda09_5ps/1_butanol/conf.xml,15505,6c63579c48d0eb7d853544182e0bf03c8c9102437fbf6980417a947eceb8e7ec
lambda09,0.9,1-Butanol,LRHPLDYGYMQRHN-UHFFFAOYSA-N,console.txt,,/home/galoren/Freecurve_AI_Solvation/results/physics_probes/pimd2_lambda09_5ps/1_butanol/console.txt,40545,57e5c3e325a039d01bdfb0c1bfc12efbd7f23d767b8b8e3f4bad73249ebfc1eb
lambda09,0.9,1-Butanol,LRHPLDYGYMQRHN-UHFFFAOYSA-N,timing.json,,/home/galoren/Freecurve_AI_Solvation/results/physics_probes/pimd2_lambda09_5ps/1_butanol/timing.json,370,d54b45c66e726032bf7afb1534bbfaebd8a2edc97458bfa516db16e3cdbfdf2b
lambda09,0.9,1-Butanol,LRHPLDYGYMQRHN-UHFFFAOYSA-N,energy,lig_slv,/home/galoren/Freecurve_AI_Solvation/results/physics_probes/pimd2_lambda09_5ps/1_butanol/output/Task5_MD_Transition_LIGAnnihilation_12__LIG-SLV.ene,10769,21f54e428e1d6b0a033826d30551a558bd63030b59cea1404eef09d730e4e107
lambda09,0.9,1-Butanol,LRHPLDYGYMQRHN-UHFFFAOYSA-N,energy,lig,/home/galoren/Freecurve_AI_Solvation/results/physics_probes/pimd2_lambda09_5ps/1_butanol/output/Task5_MD_Transition_LIGAnnihilation_12__LIG.ene,25655,0eb011f66c0141a07673e2dc04324e61dc61ac43b45510bd57670353fad285d7
lambda09,0.9,1-Butanol,LRHPLDYGYMQRHN-UHFFFAOYSA-N,energy,system,/home/galoren/Freecurve_AI_Solvation/results/physics_probes/pimd2_lambda09_5ps/1_butanol/output/Task5_MD_Transition_LIGAnnihilation_12__SYSTEM.ene,22385,942be7a036e3efd1bfa150b5f51564de76a8948787ad2ea8c8dc352758f932ab
lambda09,0.9,1-Pentanol,AMQJEAYHLZJPGS-UHFFFAOYSA-N,conf.xml,,/home/galoren/Freecurve_AI_Solvation/results/physics_probes/pimd2_lambda09_5ps/1_pentanol/conf.xml,15512,b14d198ec1e1b2b34d8fa030ab2be1435de0bfb895dd0e8d9eea2cb08b6b2541
lambda09,0.9,1-Pentanol,AMQJEAYHLZJPGS-UHFFFAOYSA-N,console.txt,,/home/galoren/Freecurve_AI_Solvation/results/physics_probes/pimd2_lambda09_5ps/1_pentanol/console.txt,42141,d0f981932ac656557b99b6f4168acae4887a358621cc55da2943dedf1256feee
lambda09,0.9,1-Pentanol,AMQJEAYHLZJPGS-UHFFFAOYSA-N,timing.json,,/home/galoren/Freecurve_AI_Solvation/results/physics_probes/pimd2_lambda09_5ps/1_pentanol/timing.json,372,741c3a86a65e1d5ce9f3a39a1408ad6da568cbefb634ce2740c7696fdfaeea53
lambda09,0.9,1-Pentanol,AMQJEAYHLZJPGS-UHFFFAOYSA-N,energy,lig_slv,/home/galoren/Freecurve_AI_Solvation/results/physics_probes/pimd2_lambda09_5ps/1_pentanol/output/Task5_MD_Transition_LIGAnnihilation_12__LIG-SLV.ene,10769,6a47ec3db1cc0629fc39f87fa8391d4c0efb2969d313bcbc6031180f1d669cdd
lambda09,0.9,1-Pentanol,AMQJEAYHLZJPGS-UHFFFAOYSA-N,energy,lig,/home/galoren/Freecurve_AI_Solvation/results/physics_probes/pimd2_lambda09_5ps/1_pentanol/output/Task5_MD_Transition_LIGAnnihilation_12__LIG.ene,25663,23badcc1ee16f9e9b0cffe2317b2f84acdd2fc157a8fef7893429858dc1f95d6
lambda09,0.9,1-Pentanol,AMQJEAYHLZJPGS-UHFFFAOYSA-N,energy,system,/home/galoren/Freecurve_AI_Solvation/results/physics_probes/pimd2_lambda09_5ps/1_pentanol/output/Task5_MD_Transition_LIGAnnihilation_12__SYSTEM.ene,22386,9c1a5baa6831b9e5cad0551369dbe754837b95fc25bbb8a29d84ee65a4c8d709
lambda09,0.9,2-Butanone,ZWEHNKRNPOVVGH-UHFFFAOYSA-N,conf.xml,,/home/galoren/Freecurve_AI_Solvation/results/physics_probes/pimd2_lambda09_5ps/2_butanone/conf.xml,15511,66a2cea818c25c765219265435ec44b260eb9a4732690eedad5b429c378f3ea4
lambda09,0.9,2-Butanone,ZWEHNKRNPOVVGH-UHFFFAOYSA-N,console.txt,,/home/galoren/Freecurve_AI_Solvation/results/physics_probes/pimd2_lambda09_5ps/2_butanone/console.txt,41583,c7d7b9c36b9df4d015f4ec4d968726964ffeed1e3ee92ddc498805f628e0cf1a
lambda09,0.9,2-Butanone,ZWEHNKRNPOVVGH-UHFFFAOYSA-N,timing.json,,/home/galoren/Freecurve_AI_Solvation/results/physics_probes/pimd2_lambda09_5ps/2_butanone/timing.json,372,e35a960c8176fae0ff77164001d9ee99f768219908cc51eb0e7cda35e875f430
lambda09,0.9,2-Butanone,ZWEHNKRNPOVVGH-UHFFFAOYSA-N,energy,lig_slv,/home/galoren/Freecurve_AI_Solvation/results/physics_probes/pimd2_lambda09_5ps/2_butanone/output/Task5_MD_Transition_LIGAnnihilation_12__LIG-SLV.ene,10769,d708b9b956225e02bbccd3cefee3f3e37016d6c6bfc329a1944560e7aa3d8a1e
lambda09,0.9,2-Butanone,ZWEHNKRNPOVVGH-UHFFFAOYSA-N,energy,lig,/home/galoren/Freecurve_AI_Solvation/results/physics_probes/pimd2_lambda09_5ps/2_butanone/output/Task5_MD_Transition_LIGAnnihilation_12__LIG.ene,25648,452a4d43250b9bbfa85636049b2e9338d68ba2f17a22801f7f42c6f079b1a98d
lambda09,0.9,2-Butanone,ZWEHNKRNPOVVGH-UHFFFAOYSA-N,energy,system,/home/galoren/Freecurve_AI_Solvation/results/physics_probes/pimd2_lambda09_5ps/2_butanone/output/Task5_MD_Transition_LIGAnnihilation_12__SYSTEM.ene,22381,1f97a50cf7ef721d6f1d85f9af3c1b257736e64ddbd096e3b58464512399582d
lambda09,0.9,2-Methyl-2-Butanol,MSXVEPNJUHWQHW-UHFFFAOYSA-N,conf.xml,,/home/galoren/Freecurve_AI_Solvation/results/physics_probes/pimd2_lambda09_5ps/2_methyl_2_butanol/conf.xml,15560,f6e96a790b4eb551bc5fd2b22cf230d8e748ce963099ef97834116a937b6203e
lambda09,0.9,2-Methyl-2-Butanol,MSXVEPNJUHWQHW-UHFFFAOYSA-N,console.txt,,/home/galoren/Freecurve_AI_Solvation/results/physics_probes/pimd2_lambda09_5ps/2_methyl_2_butanol/console.txt,42194,7ace7268bad7d82ef974411bf05451c60e699361a71930a04cd0ade534e69a99
lambda09,0.9,2-Methyl-2-Butanol,MSXVEPNJUHWQHW-UHFFFAOYSA-N,timing.json,,/home/galoren/Freecurve_AI_Solvation/results/physics_probes/pimd2_lambda09_5ps/2_methyl_2_butanol/timing.json,388,1fd6098b6bd507145e42f9f0ec440cd5f97b4594d4805fd48a520f8c55e9c10f
lambda09,0.9,2-Methyl-2-Butanol,MSXVEPNJUHWQHW-UHFFFAOYSA-N,energy,lig_slv,/home/galoren/Freecurve_AI_Solvation/results/physics_probes/pimd2_lambda09_5ps/2_methyl_2_butanol/output/Task5_MD_Transition_LIGAnnihilation_12__LIG-SLV.ene,10769,af1a3fd50409b0466f88b76d3e17ba87cb7a599ab9d2deb726a559b1bf44b303
lambda09,0.9,2-Methyl-2-Butanol,MSXVEPNJUHWQHW-UHFFFAOYSA-N,energy,lig,/home/galoren/Freecurve_AI_Solvation/results/physics_probes/pimd2_lambda09_5ps/2_methyl_2_butanol/output/Task5_MD_Transition_LIGAnnihilation_12__LIG.ene,25644,03bac42d4b0f4d2ca8fe882a319b3d111f3ffc5cac72c8d0c34062626c28a275
lambda09,0.9,2-Methyl-2-Butanol,MSXVEPNJUHWQHW-UHFFFAOYSA-N,energy,system,/home/galoren/Freecurve_AI_Solvation/results/physics_probes/pimd2_lambda09_5ps/2_methyl_2_butanol/output/Task5_MD_Transition_LIGAnnihilation_12__SYSTEM.ene,22376,25d4bcf096bedca1a049851d309a4e92bb3c7b1658caa30eb31f798c1c061cd6
lambda09,0.9,2-Pentanol,JYVLIDXNZAXMDK-UHFFFAOYSA-N,conf.xml,,/home/galoren/Freecurve_AI_Solvation/results/physics_probes/pimd2_lambda09_5ps/2_pentanol/conf.xml,15512,7b635db4e0072c6f3f21bbbf5721b095e5039ee4d18c2537c23db54891278c55
lambda09,0.9,2-Pentanol,JYVLIDXNZAXMDK-UHFFFAOYSA-N,console.txt,,/home/galoren/Freecurve_AI_Solvation/results/physics_probes/pimd2_lambda09_5ps/2_pentanol/console.txt,42136,38f7c2d979c6fd34a615566e58c085a01f1d8cf86d020bf7c2d9ec9d8ba3b859
lambda09,0.9,2-Pentanol,JYVLIDXNZAXMDK-UHFFFAOYSA-N,timing.json,,/home/galoren/Freecurve_AI_Solvation/results/physics_probes/pimd2_lambda09_5ps/2_pentanol/timing.json,371,fc1efe326a44b2f4dd6d686cb03299c5a31fe0da717b27da8763c3fd1ca47ee0
lambda09,0.9,2-Pentanol,JYVLIDXNZAXMDK-UHFFFAOYSA-N,energy,lig_slv,/home/galoren/Freecurve_AI_Solvation/results/physics_probes/pimd2_lambda09_5ps/2_pentanol/output/Task5_MD_Transition_LIGAnnihilation_12__LIG-SLV.ene,10769,c3719f8a7440e20ac787f70d72d07463b08386e5846aacd94eac909400e40b78
lambda09,0.9,2-Pentanol,JYVLIDXNZAXMDK-UHFFFAOYSA-N,energy,lig,/home/galoren/Freecurve_AI_Solvation/results/physics_probes/pimd2_lambda09_5ps/2_pentanol/output/Task5_MD_Transition_LIGAnnihilation_12__LIG.ene,25655,ce1cacaecf275b170f1f74b5ed415070cfea7240a1431a011bfe0975147a25be
lambda09,0.9,2-Pentanol,JYVLIDXNZAXMDK-UHFFFAOYSA-N,energy,system,/home/galoren/Freecurve_AI_Solvation/results/physics_probes/pimd2_lambda09_5ps/2_pentanol/output/Task5_MD_Transition_LIGAnnihilation_12__SYSTEM.ene,22380,1eeac6c0c87017812897dd13210127a3a94b4b81c1f54556d26ff993ef2168a4
lambda09,0.9,2-Pentanone,XNLICIUVMPYHGG-UHFFFAOYSA-N,conf.xml,,/home/galoren/Freecurve_AI_Solvation/results/physics_probes/pimd2_lambda09_5ps/2_pentanone/conf.xml,15516,09915c247b369c520870c8e6fe7b5e9d3635a6b941e13c111612764a9bda8b42
lambda09,0.9,2-Pentanone,XNLICIUVMPYHGG-UHFFFAOYSA-N,console.txt,,/home/galoren/Freecurve_AI_Solvation/results/physics_probes/pimd2_lambda09_5ps/2_pentanone/console.txt,41595,4cddd530f4f93e60510445a8aa83f1a62ba6e6e44d8291a06f92c316f6cbed98
lambda09,0.9,2-Pentanone,XNLICIUVMPYHGG-UHFFFAOYSA-N,timing.json,,/home/galoren/Freecurve_AI_Solvation/results/physics_probes/pimd2_lambda09_5ps/2_pentanone/timing.json,374,1cad2d0025c52f0db22c10e034f96606d5d2c2c5407a38bf14f4bf55341a4712
lambda09,0.9,2-Pentanone,XNLICIUVMPYHGG-UHFFFAOYSA-N,energy,lig_slv,/home/galoren/Freecurve_AI_Solvation/results/physics_probes/pimd2_lambda09_5ps/2_pentanone/output/Task5_MD_Transition_LIGAnnihilation_12__LIG-SLV.ene,10769,c5f23d4878725e25d72703107e8f46db563bece2edcb4b98db70531e07f1f5df
lambda09,0.9,2-Pentanone,XNLICIUVMPYHGG-UHFFFAOYSA-N,energy,lig,/home/galoren/Freecurve_AI_Solvation/results/physics_probes/pimd2_lambda09_5ps/2_pentanone/output/Task5_MD_Transition_LIGAnnihilation_12__LIG.ene,25663,8628f2e916134919adcf3de5e6f987c20b6f10697212f47a13b99ff8d33f2f51
lambda09,0.9,2-Pentanone,XNLICIUVMPYHGG-UHFFFAOYSA-N,energy,system,/home/galoren/Freecurve_AI_Solvation/results/physics_probes/pimd2_lambda09_5ps/2_pentanone/output/Task5_MD_Transition_LIGAnnihilation_12__SYSTEM.ene,22390,248dd0b5998af6dbcff66fdbf85fc300c73b23434ca2767f29c6aa2579e83538
lambda09,0.9,3-Pentanol,AQIXEPGDORPWBJ-UHFFFAOYSA-N,conf.xml,,/home/galoren/Freecurve_AI_Solvation/results/physics_probes/pimd2_lambda09_5ps/3_pentanol/conf.xml,15511,4a8879daf8cf275b371528978d9f8fe9c291144511610e95507466f4c3407ebd
lambda09,0.9,3-Pentanol,AQIXEPGDORPWBJ-UHFFFAOYSA-N,console.txt,,/home/galoren/Freecurve_AI_Solvation/results/physics_probes/pimd2_lambda09_5ps/3_pentanol/console.txt,42140,9308892a90e525856e7db8263b498a0f16757b4a51f6a105b27bed617ed4f199
lambda09,0.9,3-Pentanol,AQIXEPGDORPWBJ-UHFFFAOYSA-N,timing.json,,/home/galoren/Freecurve_AI_Solvation/results/physics_probes/pimd2_lambda09_5ps/3_pentanol/timing.json,372,dc670737427c4be771e85090b1980d54fc1be1969d9d6d063137da8b04e8510c
lambda09,0.9,3-Pentanol,AQIXEPGDORPWBJ-UHFFFAOYSA-N,energy,lig_slv,/home/galoren/Freecurve_AI_Solvation/results/physics_probes/pimd2_lambda09_5ps/3_pentanol/output/Task5_MD_Transition_LIGAnnihilation_12__LIG-SLV.ene,10769,29556c72d8c683f320b84aea2ec7c7d71c489b2b36d91920ddd47ed9bbeb0b8a
lambda09,0.9,3-Pentanol,AQIXEPGDORPWBJ-UHFFFAOYSA-N,energy,lig,/home/galoren/Freecurve_AI_Solvation/results/physics_probes/pimd2_lambda09_5ps/3_pentanol/output/Task5_MD_Transition_LIGAnnihilation_12__LIG.ene,25656,dd8cd4df5771cb96a39ea48418e0cf385244ed0aad87b58799334ed00d4bbe7b
lambda09,0.9,3-Pentanol,AQIXEPGDORPWBJ-UHFFFAOYSA-N,energy,system,/home/galoren/Freecurve_AI_Solvation/results/physics_probes/pimd2_lambda09_5ps/3_pentanol/output/Task5_MD_Transition_LIGAnnihilation_12__SYSTEM.ene,22388,927b1bb407b941d429df091579b4a03892fe7397224b170dbe9e603e1065c0ad
lambda09,0.9,3-Pentanone,FDPIMTJIUBPUKL-UHFFFAOYSA-N,conf.xml,,/home/galoren/Freecurve_AI_Solvation/results/physics_probes/pimd2_lambda09_5ps/3_pentanone/conf.xml,15517,f4fa83f1e7d3fb41b492296221509b5a67df074176234fb56ef22499f1f38458
lambda09,0.9,3-Pentanone,FDPIMTJIUBPUKL-UHFFFAOYSA-N,console.txt,,/home/galoren/Freecurve_AI_Solvation/results/physics_probes/pimd2_lambda09_5ps/3_pentanone/console.txt,42679,8b6a1f88fb601b484aa923339fb2e95a43de730afc0e642c637c7702ac9b992f
lambda09,0.9,3-Pentanone,FDPIMTJIUBPUKL-UHFFFAOYSA-N,timing.json,,/home/galoren/Freecurve_AI_Solvation/results/physics_probes/pimd2_lambda09_5ps/3_pentanone/timing.json,374,18e0a33b44b5867c509478f89a9d40a69a89196e59881b474869e8cb299ae0d4
lambda09,0.9,3-Pentanone,FDPIMTJIUBPUKL-UHFFFAOYSA-N,energy,lig_slv,/home/galoren/Freecurve_AI_Solvation/results/physics_probes/pimd2_lambda09_5ps/3_pentanone/output/Task5_MD_Transition_LIGAnnihilation_12__LIG-SLV.ene,10769,0f7bac6e2f002bbd01be96e3da7ed3e4e08e75c67170a26e42f270a893eabcbc
lambda09,0.9,3-Pentanone,FDPIMTJIUBPUKL-UHFFFAOYSA-N,energy,lig,/home/galoren/Freecurve_AI_Solvation/results/physics_probes/pimd2_lambda09_5ps/3_pentanone/output/Task5_MD_Transition_LIGAnnihilation_12__LIG.ene,25657,3484b65077242f59aefe7095afdadcd441c64ddf4eae7bb39f511527ddf94b4c
lambda09,0.9,3-Pentanone,FDPIMTJIUBPUKL-UHFFFAOYSA-N,energy,system,/home/galoren/Freecurve_AI_Solvation/results/physics_probes/pimd2_lambda09_5ps/3_pentanone/output/Task5_MD_Transition_LIGAnnihilation_12__SYSTEM.ene,22387,b0738843274f21d936846b8aaabc460ac27becd25955297be3fd2fdc54eea286
lambda09,0.9,3-methyl-indole,ZFRKQXVRDFCRJG-UHFFFAOYSA-N,conf.xml,,/home/galoren/Freecurve_AI_Solvation/results/physics_probes/pimd2_lambda09_5ps/3_methyl_indole/conf.xml,15542,723c2ecbe65d06762962fcfffb3891e72f6c3243c5652f984043e051e288632a
lambda09,0.9,3-methyl-indole,ZFRKQXVRDFCRJG-UHFFFAOYSA-N,console.txt,,/home/galoren/Freecurve_AI_Solvation/results/physics_probes/pimd2_lambda09_5ps/3_methyl_indole/console.txt,44001,f1a322acaeacd68afd7d591b88aec6284dc0df94f1b6166daf56e5a0eaf8df4f
lambda09,0.9,3-methyl-indole,ZFRKQXVRDFCRJG-UHFFFAOYSA-N,timing.json,,/home/galoren/Freecurve_AI_Solvation/results/physics_probes/pimd2_lambda09_5ps/3_methyl_indole/timing.json,382,89178b066517714e2c12c041c0026aeb2d4b24e4012e0d166c91da88f34fe0ec
lambda09,0.9,3-methyl-indole,ZFRKQXVRDFCRJG-UHFFFAOYSA-N,energy,lig_slv,/home/galoren/Freecurve_AI_Solvation/results/physics_probes/pimd2_lambda09_5ps/3_methyl_indole/output/Task5_MD_Transition_LIGAnnihilation_12__LIG-SLV.ene,10769,5a8f5187e5a35300ac343bd3741ef48f40caca71de5189c9e32b56eae8962516
lambda09,0.9,3-methyl-indole,ZFRKQXVRDFCRJG-UHFFFAOYSA-N,energy,lig,/home/galoren/Freecurve_AI_Solvation/results/physics_probes/pimd2_lambda09_5ps/3_methyl_indole/output/Task5_MD_Transition_LIGAnnihilation_12__LIG.ene,25649,421dadc47d20f64288d9677e69b371b61782f7cece3c8313f21dc4ebe39507f9
lambda09,0.9,3-methyl-indole,ZFRKQXVRDFCRJG-UHFFFAOYSA-N,energy,system,/home/galoren/Freecurve_AI_Solvation/results/physics_probes/pimd2_lambda09_5ps/3_methyl_indole/output/Task5_MD_Transition_LIGAnnihilation_12__SYSTEM.ene,22383,17788fcf3b32affb0f79672da266fa3bce6f7444ea66ceea4f9d301096857e33
lambda09,0.9,Acetamide,DLFVBJFMPXGRIB-UHFFFAOYSA-N,conf.xml,,/home/galoren/Freecurve_AI_Solvation/results/physics_probes/pimd2_lambda09_5ps/acetamide/conf.xml,15505,a7ed07d82e9e29820a36c58c32294b63ef1f1c65e8e65635f12ecca3ee4ff142
lambda09,0.9,Acetamide,DLFVBJFMPXGRIB-UHFFFAOYSA-N,console.txt,,/home/galoren/Freecurve_AI_Solvation/results/physics_probes/pimd2_lambda09_5ps/acetamide/console.txt,40373,692097370313927137af356023105e653c59e41c4a8c08a8c9d8601bd2da44ba
lambda09,0.9,Acetamide,DLFVBJFMPXGRIB-UHFFFAOYSA-N,timing.json,,/home/galoren/Freecurve_AI_Solvation/results/physics_probes/pimd2_lambda09_5ps/acetamide/timing.json,370,a354984d1c55457fff89ef7c448c709cbb0206e89fcb8b1d23f35f5c2de8e2c0
lambda09,0.9,Acetamide,DLFVBJFMPXGRIB-UHFFFAOYSA-N,energy,lig_slv,/home/galoren/Freecurve_AI_Solvation/results/physics_probes/pimd2_lambda09_5ps/acetamide/output/Task5_MD_Transition_LIGAnnihilation_12__LIG-SLV.ene,10771,04cb47078c96bae8a1cc098748394a28ad9361cfd635f7e5ba7ada5b2278d590
lambda09,0.9,Acetamide,DLFVBJFMPXGRIB-UHFFFAOYSA-N,energy,lig,/home/galoren/Freecurve_AI_Solvation/results/physics_probes/pimd2_lambda09_5ps/acetamide/output/Task5_MD_Transition_LIGAnnihilation_12__LIG.ene,25751,3f841b576729e736719a09c6ad177318a4a719b8328c9171e055a02a761927a3
lambda09,0.9,Acetamide,DLFVBJFMPXGRIB-UHFFFAOYSA-N,energy,system,/home/galoren/Freecurve_AI_Solvation/results/physics_probes/pimd2_lambda09_5ps/acetamide/output/Task5_MD_Transition_LIGAnnihilation_12__SYSTEM.ene,22386,5659efbd37276d52a33e1a81d894e28bf6efa1b529aaa2d4e190facf40e33c40
lambda09,0.9,AceticAcid,QTBSBXVTEAMEQO-UHFFFAOYSA-N,conf.xml,,/home/galoren/Freecurve_AI_Solvation/results/physics_probes/pimd2_lambda09_5ps/aceticacid/conf.xml,15511,36006a66881e73731db907f1ad68492337d8180423d05d26eab9ea1ea54e8003
lambda09,0.9,AceticAcid,QTBSBXVTEAMEQO-UHFFFAOYSA-N,console.txt,,/home/galoren/Freecurve_AI_Solvation/results/physics_probes/pimd2_lambda09_5ps/aceticacid/console.txt,40506,2b8bdfb73fc950f7f110cfb357ea0c0878632b196147b934d836edb37ed6f5f5
lambda09,0.9,AceticAcid,QTBSBXVTEAMEQO-UHFFFAOYSA-N,timing.json,,/home/galoren/Freecurve_AI_Solvation/results/physics_probes/pimd2_lambda09_5ps/aceticacid/timing.json,372,748d2e1c34dd35c6920d4c1c621d1f9ccfc054651cba1a2185c2a062f6ff366c
lambda09,0.9,AceticAcid,QTBSBXVTEAMEQO-UHFFFAOYSA-N,energy,lig_slv,/home/galoren/Freecurve_AI_Solvation/results/physics_probes/pimd2_lambda09_5ps/aceticacid/output/Task5_MD_Transition_LIGAnnihilation_12__LIG-SLV.ene,10769,65eaebbc9e7195222f47d061dd7a40a6578c5af2ff98b6bc74c3ff3cb99b9249
lambda09,0.9,AceticAcid,QTBSBXVTEAMEQO-UHFFFAOYSA-N,energy,lig,/home/galoren/Freecurve_AI_Solvation/results/physics_probes/pimd2_lambda09_5ps/aceticacid/output/Task5_MD_Transition_LIGAnnihilation_12__LIG.ene,25695,15e5066b6f0166aae10c9434a33fe09f986242fe556515f5623ecd9da6a1564e
lambda09,0.9,AceticAcid,QTBSBXVTEAMEQO-UHFFFAOYSA-N,energy,system,/home/galoren/Freecurve_AI_Solvation/results/physics_probes/pimd2_lambda09_5ps/aceticacid/output/Task5_MD_Transition_LIGAnnihilation_12__SYSTEM.ene,22377,2c0232ae383ce8ff05005f948c1276f9c80ce5ec271cd6311fa3cf0ee88d2566
lambda09,0.9,Acetone,CSCPPACGZOOCGX-UHFFFAOYSA-N,conf.xml,,/home/galoren/Freecurve_AI_Solvation/results/physics_probes/pimd2_lambda09_5ps/acetone/conf.xml,15494,309b0506a5d3c91a346e7ae2488488b8e53fb14cb5ba3ff94aa9cda2bbbf9c61
lambda09,0.9,Acetone,CSCPPACGZOOCGX-UHFFFAOYSA-N,console.txt,,/home/galoren/Freecurve_AI_Solvation/results/physics_probes/pimd2_lambda09_5ps/acetone/console.txt,39288,cfe0059b338a6f7903a1c8dbb99d42483b7e45165f1638f68b2d0e7b54e4a6dd
lambda09,0.9,Acetone,CSCPPACGZOOCGX-UHFFFAOYSA-N,timing.json,,/home/galoren/Freecurve_AI_Solvation/results/physics_probes/pimd2_lambda09_5ps/acetone/timing.json,366,21eacbfe28d0fbaf280937041b7345cd1b1a95c3a096fb80160e93080ab0bdc3
lambda09,0.9,Acetone,CSCPPACGZOOCGX-UHFFFAOYSA-N,energy,lig_slv,/home/galoren/Freecurve_AI_Solvation/results/physics_probes/pimd2_lambda09_5ps/acetone/output/Task5_MD_Transition_LIGAnnihilation_12__LIG-SLV.ene,10769,8eba0eb4ed5cdd40841a54e3bd08fb1f18cf57bfb69cf924428ff9ce6cb4cb55
lambda09,0.9,Acetone,CSCPPACGZOOCGX-UHFFFAOYSA-N,energy,lig,/home/galoren/Freecurve_AI_Solvation/results/physics_probes/pimd2_lambda09_5ps/acetone/output/Task5_MD_Transition_LIGAnnihilation_12__LIG.ene,25645,68704828abdccca43e7b0311ab2551c51f12e4dbbb680445bef9e9a16504076e
lambda09,0.9,Acetone,CSCPPACGZOOCGX-UHFFFAOYSA-N,energy,system,/home/galoren/Freecurve_AI_Solvation/results/physics_probes/pimd2_lambda09_5ps/acetone/output/Task5_MD_Transition_LIGAnnihilation_12__SYSTEM.ene,22372,146674e49ada475232ff3bdd57f80c0d7dff212043b7152016fac170e2a1b860
lambda09,0.9,Aniline,PAYRUJLWNCNPSJ-UHFFFAOYSA-N,conf.xml,,/home/galoren/Freecurve_AI_Solvation/results/physics_probes/pimd2_lambda09_5ps/aniline/conf.xml,15494,5faaef83f76cad694a94d653783825511853c66eeb0a920ef8c5de07a5b1391c
lambda09,0.9,Aniline,PAYRUJLWNCNPSJ-UHFFFAOYSA-N,console.txt,,/home/galoren/Freecurve_AI_Solvation/results/physics_probes/pimd2_lambda09_5ps/aniline/console.txt,40498,d1799b86addbed992d85d75518cde95f265b01a472c034d397d1b9f711dbac34
lambda09,0.9,Aniline,PAYRUJLWNCNPSJ-UHFFFAOYSA-N,timing.json,,/home/galoren/Freecurve_AI_Solvation/results/physics_probes/pimd2_lambda09_5ps/aniline/timing.json,365,6fa25904303d09af24421fb44ebfd2c0572ef46079d3f820f434cd58ee7b8e02
lambda09,0.9,Aniline,PAYRUJLWNCNPSJ-UHFFFAOYSA-N,energy,lig_slv,/home/galoren/Freecurve_AI_Solvation/results/physics_probes/pimd2_lambda09_5ps/aniline/output/Task5_MD_Transition_LIGAnnihilation_12__LIG-SLV.ene,10769,e67976c00693d54897287641952a70332f58db2f99141d6b4164edc431bf5bba
lambda09,0.9,Aniline,PAYRUJLWNCNPSJ-UHFFFAOYSA-N,energy,lig,/home/galoren/Freecurve_AI_Solvation/results/physics_probes/pimd2_lambda09_5ps/aniline/output/Task5_MD_Transition_LIGAnnihilation_12__LIG.ene,25635,63a0a5f50df22629776967d0d8eee36d8383e9639b2ca06457a0ec76a85d8e63
lambda09,0.9,Aniline,PAYRUJLWNCNPSJ-UHFFFAOYSA-N,energy,system,/home/galoren/Freecurve_AI_Solvation/results/physics_probes/pimd2_lambda09_5ps/aniline/output/Task5_MD_Transition_LIGAnnihilation_12__SYSTEM.ene,22373,40249957209106548d8963760ce21a10474c0f669b775317c09fbeb8b8d8db75
lambda09,0.9,Anthracene,MWPLVEDNUUSJAV-UHFFFAOYSA-N,conf.xml,,/home/galoren/Freecurve_AI_Solvation/results/physics_probes/pimd2_lambda09_5ps/anthracene/conf.xml,15511,b27944edf6b4e709e397135419702fc2b7b659e5e94439f43b23198e2bed16b2
lambda09,0.9,Anthracene,MWPLVEDNUUSJAV-UHFFFAOYSA-N,console.txt,,/home/galoren/Freecurve_AI_Solvation/results/physics_probes/pimd2_lambda09_5ps/anthracene/console.txt,39174,5f7cb17fc59fc1bb6412121df6d6d3c75b715bd98d49fca70ba593491e1efadb
lambda09,0.9,Anthracene,MWPLVEDNUUSJAV-UHFFFAOYSA-N,timing.json,,/home/galoren/Freecurve_AI_Solvation/results/physics_probes/pimd2_lambda09_5ps/anthracene/timing.json,372,d37b65c7280fcc22352ebdbb5aef812678396d8a28ed4876451417b4c03cdd1b
lambda09,0.9,Anthracene,MWPLVEDNUUSJAV-UHFFFAOYSA-N,energy,lig_slv,/home/galoren/Freecurve_AI_Solvation/results/physics_probes/pimd2_lambda09_5ps/anthracene/output/Task5_MD_Transition_LIGAnnihilation_12__LIG-SLV.ene,10770,dbdae1c222435f75f34bba0f71cd91f80693e2bde390d410011e0bd139043afb
lambda09,0.9,Anthracene,MWPLVEDNUUSJAV-UHFFFAOYSA-N,energy,lig,/home/galoren/Freecurve_AI_Solvation/results/physics_probes/pimd2_lambda09_5ps/anthracene/output/Task5_MD_Transition_LIGAnnihilation_12__LIG.ene,25648,6666ba981dac299f88f7a2a02d46ff749864e22997dede14972c58624b84149d
lambda09,0.9,Anthracene,MWPLVEDNUUSJAV-UHFFFAOYSA-N,energy,system,/home/galoren/Freecurve_AI_Solvation/results/physics_probes/pimd2_lambda09_5ps/anthracene/output/Task5_MD_Transition_LIGAnnihilation_12__SYSTEM.ene,22384,9e2b45244f41cd3c0ab22e49116bc4c864b55592b7b152ae80ad5c14b146a4a6
lambda09,0.9,Benzene,UHOVQNZJYSORNB-UHFFFAOYSA-N,conf.xml,,/home/galoren/Freecurve_AI_Solvation/results/physics_probes/pimd2_lambda09_5ps/benzene/conf.xml,15494,3334c9b494f86a7d3937abfeeb22fd2d6b8bc63bd7f4b125d216fcc1b6b9e986
lambda09,0.9,Benzene,UHOVQNZJYSORNB-UHFFFAOYSA-N,console.txt,,/home/galoren/Freecurve_AI_Solvation/results/physics_probes/pimd2_lambda09_5ps/benzene/console.txt,39146,e621354c2eb8550ab35abd02865bb044504990f369bb6ca9428c07cd25531447
lambda09,0.9,Benzene,UHOVQNZJYSORNB-UHFFFAOYSA-N,timing.json,,/home/galoren/Freecurve_AI_Solvation/results/physics_probes/pimd2_lambda09_5ps/benzene/timing.json,366,e2cf68f501d952c7fcf50cf5a1e53260cca68c5705ef395d4b3310c89c302e2e
lambda09,0.9,Benzene,UHOVQNZJYSORNB-UHFFFAOYSA-N,energy,lig_slv,/home/galoren/Freecurve_AI_Solvation/results/physics_probes/pimd2_lambda09_5ps/benzene/output/Task5_MD_Transition_LIGAnnihilation_12__LIG-SLV.ene,10769,281559e56cbc1e04b9ee741fdcd307092fd0b15d176f2eab09ef4bdd36475675
lambda09,0.9,Benzene,UHOVQNZJYSORNB-UHFFFAOYSA-N,energy,lig,/home/galoren/Freecurve_AI_Solvation/results/physics_probes/pimd2_lambda09_5ps/benzene/output/Task5_MD_Transition_LIGAnnihilation_12__LIG.ene,25641,7dd1dba44040c23074b70f093a4735d6703c87851a22e7016301dea36cb1123d
lambda09,0.9,Benzene,UHOVQNZJYSORNB-UHFFFAOYSA-N,energy,system,/home/galoren/Freecurve_AI_Solvation/results/physics_probes/pimd2_lambda09_5ps/benzene/output/Task5_MD_Transition_LIGAnnihilation_12__SYSTEM.ene,22379,cb41b8bf6e09a27038b7f6629d9bf7cca8bfe51a96d339a93d45823b3829b36e
lambda09,0.9,Biphenyl,ZUOUZKKEUPVFJK-UHFFFAOYSA-N,conf.xml,,/home/galoren/Freecurve_AI_Solvation/results/physics_probes/pimd2_lambda09_5ps/biphenyl/conf.xml,15499,7cae88f56000bc7d927e2cb80d2ccc7040ae19d7984fd708bb128be18411efe7
lambda09,0.9,Biphenyl,ZUOUZKKEUPVFJK-UHFFFAOYSA-N,console.txt,,/home/galoren/Freecurve_AI_Solvation/results/physics_probes/pimd2_lambda09_5ps/biphenyl/console.txt,40203,a7b970bb73d3b07ee88c71a6ef6fc065fc2a3494433e42aa8ded609bb394d67a
lambda09,0.9,Biphenyl,ZUOUZKKEUPVFJK-UHFFFAOYSA-N,timing.json,,/home/galoren/Freecurve_AI_Solvation/results/physics_probes/pimd2_lambda09_5ps/biphenyl/timing.json,366,e756f22b80bf081352a6bbbd91108068de4d09f0f4bc68154bd69c6beb1ad48a
lambda09,0.9,Biphenyl,ZUOUZKKEUPVFJK-UHFFFAOYSA-N,energy,lig_slv,/home/galoren/Freecurve_AI_Solvation/results/physics_probes/pimd2_lambda09_5ps/biphenyl/output/Task5_MD_Transition_LIGAnnihilation_12__LIG-SLV.ene,10770,57287ec52ad5d6cdbae9dbcf95ba9d35403299df562c9c5da8fc095b7d6b89f7
lambda09,0.9,Biphenyl,ZUOUZKKEUPVFJK-UHFFFAOYSA-N,energy,lig,/home/galoren/Freecurve_AI_Solvation/results/physics_probes/pimd2_lambda09_5ps/biphenyl/output/Task5_MD_Transition_LIGAnnihilation_12__LIG.ene,25645,332227fb4a3188db66e273cbbf690559b23f51d607e355199e95a3408c26d257
lambda09,0.9,Biphenyl,ZUOUZKKEUPVFJK-UHFFFAOYSA-N,energy,system,/home/galoren/Freecurve_AI_Solvation/results/physics_probes/pimd2_lambda09_5ps/biphenyl/output/Task5_MD_Transition_LIGAnnihilation_12__SYSTEM.ene,22383,8ef62528372b08b9b9c489d916afc5596b8efdc7875d87d89c178d1ba0e05c2e
lambda09,0.9,But-1-ene,VXNZUUAINFGPBY-UHFFFAOYSA-N,conf.xml,,/home/galoren/Freecurve_AI_Solvation/results/physics_probes/pimd2_lambda09_5ps/but_1_ene/conf.xml,15505,c725c4a0700b89838b254859970ead3ea41316d4b0372b66079a4640f6538fb4
lambda09,0.9,But-1-ene,VXNZUUAINFGPBY-UHFFFAOYSA-N,console.txt,,/home/galoren/Freecurve_AI_Solvation/results/physics_probes/pimd2_lambda09_5ps/but_1_ene/console.txt,41943,ff511ed902c918e68cb81263c7279c393f1cd1242486b9b5f5629ab112457141
lambda09,0.9,But-1-ene,VXNZUUAINFGPBY-UHFFFAOYSA-N,timing.json,,/home/galoren/Freecurve_AI_Solvation/results/physics_probes/pimd2_lambda09_5ps/but_1_ene/timing.json,368,50ce0e868e043779f79df77286d50991da991257bd3a85403ce65a7b7413a033
lambda09,0.9,But-1-ene,VXNZUUAINFGPBY-UHFFFAOYSA-N,energy,lig_slv,/home/galoren/Freecurve_AI_Solvation/results/physics_probes/pimd2_lambda09_5ps/but_1_ene/output/Task5_MD_Transition_LIGAnnihilation_12__LIG-SLV.ene,10769,fc831897b39961cb4479bf65cdb3e99ce860c4a30ef2129da6cf43625f598785
lambda09,0.9,But-1-ene,VXNZUUAINFGPBY-UHFFFAOYSA-N,energy,lig,/home/galoren/Freecurve_AI_Solvation/results/physics_probes/pimd2_lambda09_5ps/but_1_ene/output/Task5_MD_Transition_LIGAnnihilation_12__LIG.ene,25666,f2e24b99c5da7f9632724f94c27b1fea7cd4d5fdcfc0ebaa687d8d37b9c469a6
lambda09,0.9,But-1-ene,VXNZUUAINFGPBY-UHFFFAOYSA-N,energy,system,/home/galoren/Freecurve_AI_Solvation/results/physics_probes/pimd2_lambda09_5ps/but_1_ene/output/Task5_MD_Transition_LIGAnnihilation_12__SYSTEM.ene,22384,22d244bfb83cc1806d3c3e496874c2845846875b1c1470d26370093e753e8a7d
lambda09,0.9,Buta-13-diene,KAKZBPTYRLMSJV-UHFFFAOYSA-N,conf.xml,,/home/galoren/Freecurve_AI_Solvation/results/physics_probes/pimd2_lambda09_5ps/buta_13_diene/conf.xml,15529,8e34b704021a8cd14dd183073fb648042ae3187b1acc0428aa655fae3b684042
lambda09,0.9,Buta-13-diene,KAKZBPTYRLMSJV-UHFFFAOYSA-N,console.txt,,/home/galoren/Freecurve_AI_Solvation/results/physics_probes/pimd2_lambda09_5ps/buta_13_diene/console.txt,39189,cb8736bd35c09cac86b23bd915f6997e2d677660e25cacd3b9c5a047f107e302
lambda09,0.9,Buta-13-diene,KAKZBPTYRLMSJV-UHFFFAOYSA-N,timing.json,,/home/galoren/Freecurve_AI_Solvation/results/physics_probes/pimd2_lambda09_5ps/buta_13_diene/timing.json,377,2eddb533b1c705f75a928e1ebaeddf08737dba6b0ce1ca4f04494ee491b65e5d
lambda09,0.9,Buta-13-diene,KAKZBPTYRLMSJV-UHFFFAOYSA-N,energy,lig_slv,/home/galoren/Freecurve_AI_Solvation/results/physics_probes/pimd2_lambda09_5ps/buta_13_diene/output/Task5_MD_Transition_LIGAnnihilation_12__LIG-SLV.ene,10771,e55b827304c421df71e089a1451f3f970ada668b597e4025354bdfaba4090de8
lambda09,0.9,Buta-13-diene,KAKZBPTYRLMSJV-UHFFFAOYSA-N,energy,lig,/home/galoren/Freecurve_AI_Solvation/results/physics_probes/pimd2_lambda09_5ps/buta_13_diene/output/Task5_MD_Transition_LIGAnnihilation_12__LIG.ene,25667,68024ede03ea6984a3ff3943cdefcf09569034529fffe207087847987375e66d
lambda09,0.9,Buta-13-diene,KAKZBPTYRLMSJV-UHFFFAOYSA-N,energy,system,/home/galoren/Freecurve_AI_Solvation/results/physics_probes/pimd2_lambda09_5ps/buta_13_diene/output/Task5_MD_Transition_LIGAnnihilation_12__SYSTEM.ene,22374,85612faa7bdf22785daa6defea2307e1a28d1f2841aaa6d3f73d3211736f377d
lambda09,0.9,Butane,IJDNQMDRQITEOD-UHFFFAOYSA-N,conf.xml,,/home/galoren/Freecurve_AI_Solvation/results/physics_probes/pimd2_lambda09_5ps/butane/conf.xml,15487,8247bc32caf32f351d6dd2c886e7c2ab6ad5ff2406656a78d67109302e701e65
lambda09,0.9,Butane,IJDNQMDRQITEOD-UHFFFAOYSA-N,console.txt,,/home/galoren/Freecurve_AI_Solvation/results/physics_probes/pimd2_lambda09_5ps/butane/console.txt,40522,b52ffc63e006d4b9d30b5aedfd244b4b8efe7bc5d86a8b2cc6c38db91f13b654
lambda09,0.9,Butane,IJDNQMDRQITEOD-UHFFFAOYSA-N,timing.json,,/home/galoren/Freecurve_AI_Solvation/results/physics_probes/pimd2_lambda09_5ps/butane/timing.json,364,fc49e72118e2ddc5898f1e7d9426168941221eae5372f49239eed27c5ee79578
lambda09,0.9,Butane,IJDNQMDRQITEOD-UHFFFAOYSA-N,energy,lig_slv,/home/galoren/Freecurve_AI_Solvation/results/physics_probes/pimd2_lambda09_5ps/butane/output/Task5_MD_Transition_LIGAnnihilation_12__LIG-SLV.ene,10769,3762d8a0d1adeee215ddf889c50db5278ca096a4ed8cd7fb772f5e1e5b823741
lambda09,0.9,Butane,IJDNQMDRQITEOD-UHFFFAOYSA-N,energy,lig,/home/galoren/Freecurve_AI_Solvation/results/physics_probes/pimd2_lambda09_5ps/butane/output/Task5_MD_Transition_LIGAnnihilation_12__LIG.ene,25645,8793a1ebfa54d38ba6f18a14a7d53f2fc878ab38cc41cee9647527b1d0a990ae
lambda09,0.9,Butane,IJDNQMDRQITEOD-UHFFFAOYSA-N,energy,system,/home/galoren/Freecurve_AI_Solvation/results/physics_probes/pimd2_lambda09_5ps/butane/output/Task5_MD_Transition_LIGAnnihilation_12__SYSTEM.ene,22373,fdc1603c282be870cfd35894cda747ecd9c3db449893106d0e04e1c046cca279
lambda09,0.9,ButylAcetate,DKPFZGUDAPQIHT-UHFFFAOYSA-N,conf.xml,,/home/galoren/Freecurve_AI_Solvation/results/physics_probes/pimd2_lambda09_5ps/butylacetate/conf.xml,15523,20012e66563a69f692f877b705bd46af9b2e8b23b3985e294eb25d5e6ab3b80a
lambda09,0.9,ButylAcetate,DKPFZGUDAPQIHT-UHFFFAOYSA-N,console.txt,,/home/galoren/Freecurve_AI_Solvation/results/physics_probes/pimd2_lambda09_5ps/butylacetate/console.txt,40517,3b0448c4257c9be1ee7b86e6897821bdbe3ac69f4e0c9d9c5711ee7f70ad855b
lambda09,0.9,ButylAcetate,DKPFZGUDAPQIHT-UHFFFAOYSA-N,timing.json,,/home/galoren/Freecurve_AI_Solvation/results/physics_probes/pimd2_lambda09_5ps/butylacetate/timing.json,376,a5257bb6c628ce01516216f54524462ae6980a5d90fdb13532940751dd9f53e4
lambda09,0.9,ButylAcetate,DKPFZGUDAPQIHT-UHFFFAOYSA-N,energy,lig_slv,/home/galoren/Freecurve_AI_Solvation/results/physics_probes/pimd2_lambda09_5ps/butylacetate/output/Task5_MD_Transition_LIGAnnihilation_12__LIG-SLV.ene,10769,f5b06a7710b1d675a7d8ad3dc4eb92e9d420706ddc9b5a575f1ae542952a926d
lambda09,0.9,ButylAcetate,DKPFZGUDAPQIHT-UHFFFAOYSA-N,energy,lig,/home/galoren/Freecurve_AI_Solvation/results/physics_probes/pimd2_lambda09_5ps/butylacetate/output/Task5_MD_Transition_LIGAnnihilation_12__LIG.ene,25660,1d199414f760166821707e84e4c4aca4fc54bb002ca2f22fba5e17b9c41c7ad3
lambda09,0.9,ButylAcetate,DKPFZGUDAPQIHT-UHFFFAOYSA-N,energy,system,/home/galoren/Freecurve_AI_Solvation/results/physics_probes/pimd2_lambda09_5ps/butylacetate/output/Task5_MD_Transition_LIGAnnihilation_12__SYSTEM.ene,22384,981edaaf82746fa603c4c3d28c07298fc911846459bd9e20b229ca76414b2771
lambda09,0.9,Cycloheptane,DMEGYFMYUHOHGS-UHFFFAOYSA-N,conf.xml,,/home/galoren/Freecurve_AI_Solvation/results/physics_probes/pimd2_lambda09_5ps/cycloheptane/conf.xml,15524,469e4eacc982779001974c70271d8c99bbaa1010dfcab1ced1e58d4142bad5b4
lambda09,0.9,Cycloheptane,DMEGYFMYUHOHGS-UHFFFAOYSA-N,console.txt,,/home/galoren/Freecurve_AI_Solvation/results/physics_probes/pimd2_lambda09_5ps/cycloheptane/console.txt,39381,b96a4d83bf9004d7b9a60290637beef21a0d7346b40512df0ecabe9f0950e9d8
lambda09,0.9,Cycloheptane,DMEGYFMYUHOHGS-UHFFFAOYSA-N,timing.json,,/home/galoren/Freecurve_AI_Solvation/results/physics_probes/pimd2_lambda09_5ps/cycloheptane/timing.json,375,af8011a46b7a919cbc24fd105f229f320e53b7530a9c3941d89fa05433ca12b6
lambda09,0.9,Cycloheptane,DMEGYFMYUHOHGS-UHFFFAOYSA-N,energy,lig_slv,/home/galoren/Freecurve_AI_Solvation/results/physics_probes/pimd2_lambda09_5ps/cycloheptane/output/Task5_MD_Transition_LIGAnnihilation_12__LIG-SLV.ene,10769,5f0008b9a0d7792829d9fcfcccb3f0a52c29febed824f0e45085f2ca5e7b344f
lambda09,0.9,Cycloheptane,DMEGYFMYUHOHGS-UHFFFAOYSA-N,energy,lig,/home/galoren/Freecurve_AI_Solvation/results/physics_probes/pimd2_lambda09_5ps/cycloheptane/output/Task5_MD_Transition_LIGAnnihilation_12__LIG.ene,25656,305be6179864a9515dcee94c174a10fc79afd793337fc1ded6b859fe1b291d72
lambda09,0.9,Cycloheptane,DMEGYFMYUHOHGS-UHFFFAOYSA-N,energy,system,/home/galoren/Freecurve_AI_Solvation/results/physics_probes/pimd2_lambda09_5ps/cycloheptane/output/Task5_MD_Transition_LIGAnnihilation_12__SYSTEM.ene,22381,5d4a75e5d8f7ef25143c9887bf8fd9d54790aebfa946ad47d2ef54ef18acf89f
lambda09,0.9,Cyclohexane,XDTMQSROBMDMFD-UHFFFAOYSA-N,conf.xml,,/home/galoren/Freecurve_AI_Solvation/results/physics_probes/pimd2_lambda09_5ps/cyclohexane/conf.xml,15517,0c3b4b193a650a440e3050080c1589ba922f8dd2f5b4f34814e50cbcf56e3873
lambda09,0.9,Cyclohexane,XDTMQSROBMDMFD-UHFFFAOYSA-N,console.txt,,/home/galoren/Freecurve_AI_Solvation/results/physics_probes/pimd2_lambda09_5ps/cyclohexane/console.txt,39354,55a28ea8be390b34ea354cca172b209c9940daa8c051ae80353dd02e3f6d8879
lambda09,0.9,Cyclohexane,XDTMQSROBMDMFD-UHFFFAOYSA-N,timing.json,,/home/galoren/Freecurve_AI_Solvation/results/physics_probes/pimd2_lambda09_5ps/cyclohexane/timing.json,374,d631b8d91c440d0084387f19047bf98d39f0efdff90a88db0a51fce0e6ae254c
lambda09,0.9,Cyclohexane,XDTMQSROBMDMFD-UHFFFAOYSA-N,energy,lig_slv,/home/galoren/Freecurve_AI_Solvation/results/physics_probes/pimd2_lambda09_5ps/cyclohexane/output/Task5_MD_Transition_LIGAnnihilation_12__LIG-SLV.ene,10771,0dbdbaf15fb2249751715c59889a36a5f6add8d2c4a110b2d13435b43871ca94
lambda09,0.9,Cyclohexane,XDTMQSROBMDMFD-UHFFFAOYSA-N,energy,lig,/home/galoren/Freecurve_AI_Solvation/results/physics_probes/pimd2_lambda09_5ps/cyclohexane/output/Task5_MD_Transition_LIGAnnihilation_12__LIG.ene,25652,a570d2b1418b9ea33d621855b7630f81c87392f7fb9ee641651f80cbf617fb36
lambda09,0.9,Cyclohexane,XDTMQSROBMDMFD-UHFFFAOYSA-N,energy,system,/home/galoren/Freecurve_AI_Solvation/results/physics_probes/pimd2_lambda09_5ps/cyclohexane/output/Task5_MD_Transition_LIGAnnihilation_12__SYSTEM.ene,22381,ecbcc9b62d452ec4b2906e44d592401117c156244847f83329fbfcb1e65d2997
lambda09,0.9,Cyclopentane,RGSFGYAAUTVSQA-UHFFFAOYSA-N,conf.xml,,/home/galoren/Freecurve_AI_Solvation/results/physics_probes/pimd2_lambda09_5ps/cyclopentane/conf.xml,15524,12ac2fe46a5430b057edad25e86fdf72bd2fca353fe8d93759205ad33d321615
lambda09,0.9,Cyclopentane,RGSFGYAAUTVSQA-UHFFFAOYSA-N,console.txt,,/home/galoren/Freecurve_AI_Solvation/results/physics_probes/pimd2_lambda09_5ps/cyclopentane/console.txt,39376,66c83615072420aa54dc23f49063fbe377e9a0fa957835dcc8633596b3d5869e
lambda09,0.9,Cyclopentane,RGSFGYAAUTVSQA-UHFFFAOYSA-N,timing.json,,/home/galoren/Freecurve_AI_Solvation/results/physics_probes/pimd2_lambda09_5ps/cyclopentane/timing.json,376,f63f5f93713d8ec08542dda22f12fecad8a6780a76aae94c897184b8ea4cecb4
lambda09,0.9,Cyclopentane,RGSFGYAAUTVSQA-UHFFFAOYSA-N,energy,lig_slv,/home/galoren/Freecurve_AI_Solvation/results/physics_probes/pimd2_lambda09_5ps/cyclopentane/output/Task5_MD_Transition_LIGAnnihilation_12__LIG-SLV.ene,10770,141bddecd7228bac0d40be38e52e71ca2ada199d2561067d0b89a8754330a008
lambda09,0.9,Cyclopentane,RGSFGYAAUTVSQA-UHFFFAOYSA-N,energy,lig,/home/galoren/Freecurve_AI_Solvation/results/physics_probes/pimd2_lambda09_5ps/cyclopentane/output/Task5_MD_Transition_LIGAnnihilation_12__LIG.ene,25658,4ceabd6a45a7a21ee4a554b48506b3b6887a4bb552ab904e38a26ee78fad22ab
lambda09,0.9,Cyclopentane,RGSFGYAAUTVSQA-UHFFFAOYSA-N,energy,system,/home/galoren/Freecurve_AI_Solvation/results/physics_probes/pimd2_lambda09_5ps/cyclopentane/output/Task5_MD_Transition_LIGAnnihilation_12__SYSTEM.ene,22378,e26db28e3b956e8f37e6ceda98bc367bb912fe90087b2945f70146aef52ab37b
lambda09,0.9,Cyclopropane,LVZWSLJZHVFIQJ-UHFFFAOYSA-N,conf.xml,,/home/galoren/Freecurve_AI_Solvation/results/physics_probes/pimd2_lambda09_5ps/cyclopropane/conf.xml,15523,1ad1fd1cea898302c4bc780a2bf1ed940af83082aeeef5f0b23d7cb9ae8ed486
lambda09,0.9,Cyclopropane,LVZWSLJZHVFIQJ-UHFFFAOYSA-N,console.txt,,/home/galoren/Freecurve_AI_Solvation/results/physics_probes/pimd2_lambda09_5ps/cyclopropane/console.txt,39252,04d52cb45988a6b091dbe71061c2852254e8eb7bcfdafb655d763d008c0eae8a
lambda09,0.9,Cyclopropane,LVZWSLJZHVFIQJ-UHFFFAOYSA-N,timing.json,,/home/galoren/Freecurve_AI_Solvation/results/physics_probes/pimd2_lambda09_5ps/cyclopropane/timing.json,375,25a0a1f97e6bd59fd91fc7a8d1510e429b5b44ed8925bbee5d701172307a9390
lambda09,0.9,Cyclopropane,LVZWSLJZHVFIQJ-UHFFFAOYSA-N,energy,lig_slv,/home/galoren/Freecurve_AI_Solvation/results/physics_probes/pimd2_lambda09_5ps/cyclopropane/output/Task5_MD_Transition_LIGAnnihilation_12__LIG-SLV.ene,10769,9affdadb0cfbc3d593b44c9938f3bd590c20d480cd8fe8f95f59c70ad6d822cb
lambda09,0.9,Cyclopropane,LVZWSLJZHVFIQJ-UHFFFAOYSA-N,energy,lig,/home/galoren/Freecurve_AI_Solvation/results/physics_probes/pimd2_lambda09_5ps/cyclopropane/output/Task5_MD_Transition_LIGAnnihilation_12__LIG.ene,25663,77652680d1b1abaf72bbf5647032b98875c7bb5bbf0f334012b13294bdd9b6ec
lambda09,0.9,Cyclopropane,LVZWSLJZHVFIQJ-UHFFFAOYSA-N,energy,system,/home/galoren/Freecurve_AI_Solvation/results/physics_probes/pimd2_lambda09_5ps/cyclopropane/output/Task5_MD_Transition_LIGAnnihilation_12__SYSTEM.ene,22383,8c7a3522697ebac9f315f144e877a58d231cf870b45f2162361e9cf5015a6f2b
lambda09,0.9,DiEthylSulfide,LJSQFQKUNVCTIA-UHFFFAOYSA-N,conf.xml,,/home/galoren/Freecurve_AI_Solvation/results/physics_probes/pimd2_lambda09_5ps/diethylsulfide/conf.xml,15536,3be413ebe5889ca56c8339bd0857e32c3f90faf89cf331fa07a22e6d0d383d9f
lambda09,0.9,DiEthylSulfide,LJSQFQKUNVCTIA-UHFFFAOYSA-N,console.txt,,/home/galoren/Freecurve_AI_Solvation/results/physics_probes/pimd2_lambda09_5ps/diethylsulfide/console.txt,40581,436f36680f98bc186f6fe5587b53101d32eb6a4a4968d4496c65bb22577592a0
lambda09,0.9,DiEthylSulfide,LJSQFQKUNVCTIA-UHFFFAOYSA-N,timing.json,,/home/galoren/Freecurve_AI_Solvation/results/physics_probes/pimd2_lambda09_5ps/diethylsulfide/timing.json,380,0b7a198e0ab3040fb52911b1d2c9eecbb14d935583c1985ff963fb27d41a5af5
lambda09,0.9,DiEthylSulfide,LJSQFQKUNVCTIA-UHFFFAOYSA-N,energy,lig_slv,/home/galoren/Freecurve_AI_Solvation/results/physics_probes/pimd2_lambda09_5ps/diethylsulfide/output/Task5_MD_Transition_LIGAnnihilation_12__LIG-SLV.ene,10770,87dba19ddff8dc3e8dd893a32acb21069611df02e46778ff78d16638d048d55d
lambda09,0.9,DiEthylSulfide,LJSQFQKUNVCTIA-UHFFFAOYSA-N,energy,lig,/home/galoren/Freecurve_AI_Solvation/results/physics_probes/pimd2_lambda09_5ps/diethylsulfide/output/Task5_MD_Transition_LIGAnnihilation_12__LIG.ene,25651,1f711bb44f0f7e91de080d38dbc0baa2ee805773157560c8c503757ce8c0de14
lambda09,0.9,DiEthylSulfide,LJSQFQKUNVCTIA-UHFFFAOYSA-N,energy,system,/home/galoren/Freecurve_AI_Solvation/results/physics_probes/pimd2_lambda09_5ps/diethylsulfide/output/Task5_MD_Transition_LIGAnnihilation_12__SYSTEM.ene,22383,09a9ede1f83fc3504b08808d78ac175126e8c5b2578f705305bc4dd02c5ba633
lambda09,0.9,DiMethylAcetamide,FXHOOIRPVKKKFG-UHFFFAOYSA-N,conf.xml,,/home/galoren/Freecurve_AI_Solvation/results/physics_probes/pimd2_lambda09_5ps/dimethylacetamide/conf.xml,15553,99e26c27bc32e63c1cccfb3da80face72fde59a1c1e3a23de75be19302eeb234
lambda09,0.9,DiMethylAcetamide,FXHOOIRPVKKKFG-UHFFFAOYSA-N,console.txt,,/home/galoren/Freecurve_AI_Solvation/results/physics_probes/pimd2_lambda09_5ps/dimethylacetamide/console.txt,39232,28180947526d4adb4a623ddee96102a3faaaa2848f27364bbe9a99169a9b8c55
lambda09,0.9,DiMethylAcetamide,FXHOOIRPVKKKFG-UHFFFAOYSA-N,timing.json,,/home/galoren/Freecurve_AI_Solvation/results/physics_probes/pimd2_lambda09_5ps/dimethylacetamide/timing.json,386,f2a40f02a0734c4b138209727bbce3c1843a69bb70cbb1cd0200d6409aab4f18
lambda09,0.9,DiMethylAcetamide,FXHOOIRPVKKKFG-UHFFFAOYSA-N,energy,lig_slv,/home/galoren/Freecurve_AI_Solvation/results/physics_probes/pimd2_lambda09_5ps/dimethylacetamide/output/Task5_MD_Transition_LIGAnnihilation_12__LIG-SLV.ene,10769,2a73c62289864a98a0c8fe619e878dbe5af419da730964ae1151521163eb3f6b
lambda09,0.9,DiMethylAcetamide,FXHOOIRPVKKKFG-UHFFFAOYSA-N,energy,lig,/home/galoren/Freecurve_AI_Solvation/results/physics_probes/pimd2_lambda09_5ps/dimethylacetamide/output/Task5_MD_Transition_LIGAnnihilation_12__LIG.ene,25655,b8ff38f1106a296e1dbea47097fb21efceddf79a7a891f88979d125715af66be
lambda09,0.9,DiMethylAcetamide,FXHOOIRPVKKKFG-UHFFFAOYSA-N,energy,system,/home/galoren/Freecurve_AI_Solvation/results/physics_probes/pimd2_lambda09_5ps/dimethylacetamide/output/Task5_MD_Transition_LIGAnnihilation_12__SYSTEM.ene,22369,0100192561703e2b56f551f4be4f4607b1c82afc6751fbdb45f2aca2e2431f9e
lambda09,0.9,DiMethylEther,LCGLNKUTAGEVQW-UHFFFAOYSA-N,conf.xml,,/home/galoren/Freecurve_AI_Solvation/results/physics_probes/pimd2_lambda09_5ps/dimethylether/conf.xml,15529,34e909b00d72d2617399a2492a137bfd5e422388b18ba8aa1d0f4e6c1ade5d61
lambda09,0.9,DiMethylEther,LCGLNKUTAGEVQW-UHFFFAOYSA-N,console.txt,,/home/galoren/Freecurve_AI_Solvation/results/physics_probes/pimd2_lambda09_5ps/dimethylether/console.txt,39248,b2b5dd83224dbf7433aacd3f171f571b9c391552821157b07a6d864ddb961a82
lambda09,0.9,DiMethylEther,LCGLNKUTAGEVQW-UHFFFAOYSA-N,timing.json,,/home/galoren/Freecurve_AI_Solvation/results/physics_probes/pimd2_lambda09_5ps/dimethylether/timing.json,377,fe228ec23c96b7f9d7ebec8709a16084fa147fe8e68f053dbe528beed97f4521
lambda09,0.9,DiMethylEther,LCGLNKUTAGEVQW-UHFFFAOYSA-N,energy,lig_slv,/home/galoren/Freecurve_AI_Solvation/results/physics_probes/pimd2_lambda09_5ps/dimethylether/output/Task5_MD_Transition_LIGAnnihilation_12__LIG-SLV.ene,10772,5c58cbf359809c8863d720efce21195a078d10f8f9c814b6538e94e2a521ec91
lambda09,0.9,DiMethylEther,LCGLNKUTAGEVQW-UHFFFAOYSA-N,energy,lig,/home/galoren/Freecurve_AI_Solvation/results/physics_probes/pimd2_lambda09_5ps/dimethylether/output/Task5_MD_Transition_LIGAnnihilation_12__LIG.ene,25646,56496dcf338f8c22b570ab8b58cc20dd5c56045c975d216b7114d11285897030
lambda09,0.9,DiMethylEther,LCGLNKUTAGEVQW-UHFFFAOYSA-N,energy,system,/home/galoren/Freecurve_AI_Solvation/results/physics_probes/pimd2_lambda09_5ps/dimethylether/output/Task5_MD_Transition_LIGAnnihilation_12__SYSTEM.ene,22377,21f64c050e7d492241bc6d4fd9f135665e06bcfb9b13dd2fd34f5eff37a5fd2c
lambda09,0.9,DiMethylSulfide,QMMFVYPAHWMCMS-UHFFFAOYSA-N,conf.xml,,/home/galoren/Freecurve_AI_Solvation/results/physics_probes/pimd2_lambda09_5ps/dimethylsulfide/conf.xml,15541,3b40df6adcf8413dde1140219ae53a627460aeb9e38470db9a369e77eab0c5ce
lambda09,0.9,DiMethylSulfide,QMMFVYPAHWMCMS-UHFFFAOYSA-N,console.txt,,/home/galoren/Freecurve_AI_Solvation/results/physics_probes/pimd2_lambda09_5ps/dimethylsulfide/console.txt,39254,fb2211c946cf3f13f2382667b4c3a153cae6e9ce85229aba1c2ce2d1a9e63552
lambda09,0.9,DiMethylSulfide,QMMFVYPAHWMCMS-UHFFFAOYSA-N,timing.json,,/home/galoren/Freecurve_AI_Solvation/results/physics_probes/pimd2_lambda09_5ps/dimethylsulfide/timing.json,380,2bdef21cfb1b8268d7e8115fdb511a8883b8e4cde27e8040c9f5d9c0909aa1e0
lambda09,0.9,DiMethylSulfide,QMMFVYPAHWMCMS-UHFFFAOYSA-N,energy,lig_slv,/home/galoren/Freecurve_AI_Solvation/results/physics_probes/pimd2_lambda09_5ps/dimethylsulfide/output/Task5_MD_Transition_LIGAnnihilation_12__LIG-SLV.ene,10770,b42f4b2ba6572b6ce084f47201c016eef6ad28972a063bc3fe386e049eb6c80c
lambda09,0.9,DiMethylSulfide,QMMFVYPAHWMCMS-UHFFFAOYSA-N,energy,lig,/home/galoren/Freecurve_AI_Solvation/results/physics_probes/pimd2_lambda09_5ps/dimethylsulfide/output/Task5_MD_Transition_LIGAnnihilation_12__LIG.ene,25652,b2013ee5e1c01fe5e5a00f03c86c8b986752c9f99d2ecab44a049ab5e2154e3c
lambda09,0.9,DiMethylSulfide,QMMFVYPAHWMCMS-UHFFFAOYSA-N,energy,system,/home/galoren/Freecurve_AI_Solvation/results/physics_probes/pimd2_lambda09_5ps/dimethylsulfide/output/Task5_MD_Transition_LIGAnnihilation_12__SYSTEM.ene,22381,60df9ab3b578abf69d3d68fbfa04b8ce71e423b6c22f6cba3b9b8637684edb8b
lambda09,0.9,DiethylEther,RTZKZFJDLAIYFH-UHFFFAOYSA-N,conf.xml,,/home/galoren/Freecurve_AI_Solvation/results/physics_probes/pimd2_lambda09_5ps/diethylether/conf.xml,15523,fbe2e848839162d51003a5e1a7d2abe8f670f555942c231c80b000c827e2485c
lambda09,0.9,DiethylEther,RTZKZFJDLAIYFH-UHFFFAOYSA-N,console.txt,,/home/galoren/Freecurve_AI_Solvation/results/physics_probes/pimd2_lambda09_5ps/diethylether/console.txt,6758,75584de1ea1834c23d9e8ab15891c9385d5ab77be547bd1e2d016cf8bc32e788
lambda09,0.9,DiethylEther,RTZKZFJDLAIYFH-UHFFFAOYSA-N,timing.json,,/home/galoren/Freecurve_AI_Solvation/results/physics_probes/pimd2_lambda09_5ps/diethylether/timing.json,376,ecb7d27fa5911f6cfcffe4875f6235614a83446caf6936c7275e69db822dd076
lambda09,0.9,DimethylDisulfide,WQOXQRCZOLPYPM-UHFFFAOYSA-N,conf.xml,,/home/galoren/Freecurve_AI_Solvation/results/physics_probes/pimd2_lambda09_5ps/dimethyldisulfide/conf.xml,15554,89c9d6eac7531958c9a41690f50ce4729ca183a358edd8467fdae63bdd5363f3
lambda09,0.9,DimethylDisulfide,WQOXQRCZOLPYPM-UHFFFAOYSA-N,console.txt,,/home/galoren/Freecurve_AI_Solvation/results/physics_probes/pimd2_lambda09_5ps/dimethyldisulfide/console.txt,39271,d032a313ffe5680950fa9fec18c70f5e41c2b9ceb809b87ec87ac78bd6e58646
lambda09,0.9,DimethylDisulfide,WQOXQRCZOLPYPM-UHFFFAOYSA-N,timing.json,,/home/galoren/Freecurve_AI_Solvation/results/physics_probes/pimd2_lambda09_5ps/dimethyldisulfide/timing.json,386,2f6ead6ccbe4d7afba28cc8eb0e41c484931ddea23ab402ac7f2379b6b9d459a
lambda09,0.9,DimethylDisulfide,WQOXQRCZOLPYPM-UHFFFAOYSA-N,energy,lig_slv,/home/galoren/Freecurve_AI_Solvation/results/physics_probes/pimd2_lambda09_5ps/dimethyldisulfide/output/Task5_MD_Transition_LIGAnnihilation_12__LIG-SLV.ene,10769,004045668aed08aac04c3a97efd8c92425c7d16a84131144fc16d6d2816d37dc
lambda09,0.9,DimethylDisulfide,WQOXQRCZOLPYPM-UHFFFAOYSA-N,energy,lig,/home/galoren/Freecurve_AI_Solvation/results/physics_probes/pimd2_lambda09_5ps/dimethyldisulfide/output/Task5_MD_Transition_LIGAnnihilation_12__LIG.ene,25696,68557b634c0b1b817393c63afb54a63009a152ed82190342d87b701eebbc8c99
lambda09,0.9,DimethylDisulfide,WQOXQRCZOLPYPM-UHFFFAOYSA-N,energy,system,/home/galoren/Freecurve_AI_Solvation/results/physics_probes/pimd2_lambda09_5ps/dimethyldisulfide/output/Task5_MD_Transition_LIGAnnihilation_12__SYSTEM.ene,22382,61ca391c9ee3d0bbc4c1a6be036b2b40be35ad2bd916a27e8bf08d85938a6dc7
lambda09,0.9,Ethane,OTMSDBZUPAUEDD-UHFFFAOYSA-N,conf.xml,,/home/galoren/Freecurve_AI_Solvation/results/physics_probes/pimd2_lambda09_5ps/ethane/conf.xml,15488,da11aa7917c5ec71a9705d1ad4528bb2671c4ce266516064a69f0f50a0eafa56
lambda09,0.9,Ethane,OTMSDBZUPAUEDD-UHFFFAOYSA-N,console.txt,,/home/galoren/Freecurve_AI_Solvation/results/physics_probes/pimd2_lambda09_5ps/ethane/console.txt,39189,75df0f3a6474477151dcb0a7b50dcff9a214a4c9a05de47a33442fa22907793c
lambda09,0.9,Ethane,OTMSDBZUPAUEDD-UHFFFAOYSA-N,timing.json,,/home/galoren/Freecurve_AI_Solvation/results/physics_probes/pimd2_lambda09_5ps/ethane/timing.json,364,97dc4913b6ee6cc10ebbcacf0dc5426035f2fc28c66ffc2009a4c30265664e9a
lambda09,0.9,Ethane,OTMSDBZUPAUEDD-UHFFFAOYSA-N,energy,lig_slv,/home/galoren/Freecurve_AI_Solvation/results/physics_probes/pimd2_lambda09_5ps/ethane/output/Task5_MD_Transition_LIGAnnihilation_12__LIG-SLV.ene,10769,d4d2b9cdfacebab493e558d3d81daacce5f0c864aa7997ccb33ffe404534a96c
lambda09,0.9,Ethane,OTMSDBZUPAUEDD-UHFFFAOYSA-N,energy,lig,/home/galoren/Freecurve_AI_Solvation/results/physics_probes/pimd2_lambda09_5ps/ethane/output/Task5_MD_Transition_LIGAnnihilation_12__LIG.ene,25642,e0f2fd93531dc9b60faa3a5f03c7fbf1bd5fda482cd78aad3416cb9790071877
lambda09,0.9,Ethane,OTMSDBZUPAUEDD-UHFFFAOYSA-N,energy,system,/home/galoren/Freecurve_AI_Solvation/results/physics_probes/pimd2_lambda09_5ps/ethane/output/Task5_MD_Transition_LIGAnnihilation_12__SYSTEM.ene,22381,52c15d53e37a45ef8fb7c2daec7184b42fb8b7e941825f76bdab4236f10f3766
lambda09,0.9,EthaneThiol,DNJIEGIFACGWOD-UHFFFAOYSA-N,conf.xml,,/home/galoren/Freecurve_AI_Solvation/results/physics_probes/pimd2_lambda09_5ps/ethanethiol/conf.xml,15517,fd45c7f474eebf6854b7981b84c6aea515a18ee688b5fb269e1e3279e22c7f80
lambda09,0.9,EthaneThiol,DNJIEGIFACGWOD-UHFFFAOYSA-N,console.txt,,/home/galoren/Freecurve_AI_Solvation/results/physics_probes/pimd2_lambda09_5ps/ethanethiol/console.txt,42000,2360d45f2f56d38fcc4424c92c0f33e3c8edbe944d00ebd39adb349a9d2c3b14
lambda09,0.9,EthaneThiol,DNJIEGIFACGWOD-UHFFFAOYSA-N,timing.json,,/home/galoren/Freecurve_AI_Solvation/results/physics_probes/pimd2_lambda09_5ps/ethanethiol/timing.json,373,c876d38502e90730d23e0c8ecdc8f8a92b3869569c59cb317d8a8ea7df414d78
lambda09,0.9,EthaneThiol,DNJIEGIFACGWOD-UHFFFAOYSA-N,energy,lig_slv,/home/galoren/Freecurve_AI_Solvation/results/physics_probes/pimd2_lambda09_5ps/ethanethiol/output/Task5_MD_Transition_LIGAnnihilation_12__LIG-SLV.ene,10769,1f31f5e9c61e28c6d47f74380ebfbf8e7f2e132130d7498dc45123f71df3ca25
lambda09,0.9,EthaneThiol,DNJIEGIFACGWOD-UHFFFAOYSA-N,energy,lig,/home/galoren/Freecurve_AI_Solvation/results/physics_probes/pimd2_lambda09_5ps/ethanethiol/output/Task5_MD_Transition_LIGAnnihilation_12__LIG.ene,25644,b493d031faf1d4f3a891e4ba86056f4bb90c2e80bcf47d74698d27a86d5d7cc4
lambda09,0.9,EthaneThiol,DNJIEGIFACGWOD-UHFFFAOYSA-N,energy,system,/home/galoren/Freecurve_AI_Solvation/results/physics_probes/pimd2_lambda09_5ps/ethanethiol/output/Task5_MD_Transition_LIGAnnihilation_12__SYSTEM.ene,22376,c23a04fbdff6991eecfe10efbd520652f865334dbb21c8ccbc5374248693cda7
lambda09,0.9,Ethanol,LFQSCWFLJHTTHZ-UHFFFAOYSA-N,conf.xml,,/home/galoren/Freecurve_AI_Solvation/results/physics_probes/pimd2_lambda09_5ps/ethanol/conf.xml,15494,b38f66c1cdef3c1f731d16db6b028aada9b17db813644c8d7a4ba7492f155f2f
lambda09,0.9,Ethanol,LFQSCWFLJHTTHZ-UHFFFAOYSA-N,console.txt,,/home/galoren/Freecurve_AI_Solvation/results/physics_probes/pimd2_lambda09_5ps/ethanol/console.txt,40392,98262b1c88071be575b77bd38fe6e83a3fd302b233d61646a5e658c1ebd9a2b1
lambda09,0.9,Ethanol,LFQSCWFLJHTTHZ-UHFFFAOYSA-N,timing.json,,/home/galoren/Freecurve_AI_Solvation/results/physics_probes/pimd2_lambda09_5ps/ethanol/timing.json,365,72028247605cf3d3580444b776ab799c77a2c1f4e42c5b822c5d75a74106f381
lambda09,0.9,Ethanol,LFQSCWFLJHTTHZ-UHFFFAOYSA-N,energy,lig_slv,/home/galoren/Freecurve_AI_Solvation/results/physics_probes/pimd2_lambda09_5ps/ethanol/output/Task5_MD_Transition_LIGAnnihilation_12__LIG-SLV.ene,10770,3a10732ae9e5bb9cccec28b4a0ac2c49fe8426227c71936086f888219a1f03f4
lambda09,0.9,Ethanol,LFQSCWFLJHTTHZ-UHFFFAOYSA-N,energy,lig,/home/galoren/Freecurve_AI_Solvation/results/physics_probes/pimd2_lambda09_5ps/ethanol/output/Task5_MD_Transition_LIGAnnihilation_12__LIG.ene,25645,7f46ed2604f60a6c2fc2ba0577c87f5d83c3e476619fed78f1e1e6f40d395ccc
lambda09,0.9,Ethanol,LFQSCWFLJHTTHZ-UHFFFAOYSA-N,energy,system,/home/galoren/Freecurve_AI_Solvation/results/physics_probes/pimd2_lambda09_5ps/ethanol/output/Task5_MD_Transition_LIGAnnihilation_12__SYSTEM.ene,22377,3fe76bea87c3ad807434b55fdff38d63d6e9d4a968f8bd2315be0813cf61949d
lambda09,0.9,Ethene,VGGSQFUCUMXWEO-UHFFFAOYSA-N,conf.xml,,/home/galoren/Freecurve_AI_Solvation/results/physics_probes/pimd2_lambda09_5ps/ethene/conf.xml,15487,8caabd57a1d7d3690ea3997e45cbfac0d4b50b0c404298856c9e670243fab2c4
lambda09,0.9,Ethene,VGGSQFUCUMXWEO-UHFFFAOYSA-N,console.txt,,/home/galoren/Freecurve_AI_Solvation/results/physics_probes/pimd2_lambda09_5ps/ethene/console.txt,39138,7fe0a1f2e04ff76cdd2649976029d2def87f627e39ff8841049a519955539434
lambda09,0.9,Ethene,VGGSQFUCUMXWEO-UHFFFAOYSA-N,timing.json,,/home/galoren/Freecurve_AI_Solvation/results/physics_probes/pimd2_lambda09_5ps/ethene/timing.json,364,0f6259db237666be0405f6e988ce128f133d15494eea408ee679c88be3ca5586
lambda09,0.9,Ethene,VGGSQFUCUMXWEO-UHFFFAOYSA-N,energy,lig_slv,/home/galoren/Freecurve_AI_Solvation/results/physics_probes/pimd2_lambda09_5ps/ethene/output/Task5_MD_Transition_LIGAnnihilation_12__LIG-SLV.ene,10771,17c9be3cb4d973cd69f5f85184fb0b4164dc215fd1e8d58fe1eb67d626ed98f7
lambda09,0.9,Ethene,VGGSQFUCUMXWEO-UHFFFAOYSA-N,energy,lig,/home/galoren/Freecurve_AI_Solvation/results/physics_probes/pimd2_lambda09_5ps/ethene/output/Task5_MD_Transition_LIGAnnihilation_12__LIG.ene,25642,a8f7ef905637d2cc38d8ca0d707d778549d0a360b6fc82f293d77c3cf0086031
lambda09,0.9,Ethene,VGGSQFUCUMXWEO-UHFFFAOYSA-N,energy,system,/home/galoren/Freecurve_AI_Solvation/results/physics_probes/pimd2_lambda09_5ps/ethene/output/Task5_MD_Transition_LIGAnnihilation_12__SYSTEM.ene,22388,48073aa3dd43a3478fffa4a5fbf08d4fa5d982da4e131d8915ec2329a4d8f066
lambda09,0.9,EthylAcetate,XEKOWRVHYACXOJ-UHFFFAOYSA-N,conf.xml,,/home/galoren/Freecurve_AI_Solvation/results/physics_probes/pimd2_lambda09_5ps/ethylacetate/conf.xml,15522,6615075d5a8a7d07ebf74dd6726c994206c98f58590312d026a283c6acf2917c
lambda09,0.9,EthylAcetate,XEKOWRVHYACXOJ-UHFFFAOYSA-N,console.txt,,/home/galoren/Freecurve_AI_Solvation/results/physics_probes/pimd2_lambda09_5ps/ethylacetate/console.txt,40381,77846494d4cde727cc150a9395938012f6cf112ae95b2b3d3c2bdc8b79521a67
lambda09,0.9,EthylAcetate,XEKOWRVHYACXOJ-UHFFFAOYSA-N,timing.json,,/home/galoren/Freecurve_AI_Solvation/results/physics_probes/pimd2_lambda09_5ps/ethylacetate/timing.json,376,fb16c366e5ea8517c3e6c604e121a278511cd4c1ac0101b72a6ab3909c6f9f7e
lambda09,0.9,EthylAcetate,XEKOWRVHYACXOJ-UHFFFAOYSA-N,energy,lig_slv,/home/galoren/Freecurve_AI_Solvation/results/physics_probes/pimd2_lambda09_5ps/ethylacetate/output/Task5_MD_Transition_LIGAnnihilation_12__LIG-SLV.ene,10769,3915f6753a4ef2a144c06011635d8bd3e392c494532eb8ccc91570630247e359
lambda09,0.9,EthylAcetate,XEKOWRVHYACXOJ-UHFFFAOYSA-N,energy,lig,/home/galoren/Freecurve_AI_Solvation/results/physics_probes/pimd2_lambda09_5ps/ethylacetate/output/Task5_MD_Transition_LIGAnnihilation_12__LIG.ene,25656,1a429d2136ccdb675df61a87adc66e57a957ed51a9641806119dae781c4d8f32
lambda09,0.9,EthylAcetate,XEKOWRVHYACXOJ-UHFFFAOYSA-N,energy,system,/home/galoren/Freecurve_AI_Solvation/results/physics_probes/pimd2_lambda09_5ps/ethylacetate/output/Task5_MD_Transition_LIGAnnihilation_12__SYSTEM.ene,22391,8be9d0889a8835b6ecba6a3a4d9e461f37d55af7e757db30969e98f011336514
lambda09,0.9,EthylMethylSulfide,WXEHBUMAEPOYKP-UHFFFAOYSA-N,conf.xml,,/home/galoren/Freecurve_AI_Solvation/results/physics_probes/pimd2_lambda09_5ps/ethylmethylsulfide/conf.xml,15559,361fc7541ae5bee2f54a8d48465d820803ad7f6bd9f622d80d4647166e4293a8
lambda09,0.9,EthylMethylSulfide,WXEHBUMAEPOYKP-UHFFFAOYSA-N,console.txt,,/home/galoren/Freecurve_AI_Solvation/results/physics_probes/pimd2_lambda09_5ps/ethylmethylsulfide/console.txt,40473,cb6543d581897c442027742b6c51ecccbc9d9557aeb0e227c600fcd9f6f8967b
lambda09,0.9,EthylMethylSulfide,WXEHBUMAEPOYKP-UHFFFAOYSA-N,timing.json,,/home/galoren/Freecurve_AI_Solvation/results/physics_probes/pimd2_lambda09_5ps/ethylmethylsulfide/timing.json,388,24d620a4dd862d93758b6f997a59eda5a0d4b8a127d4c32566d8a24f7c6a1899
lambda09,0.9,EthylMethylSulfide,WXEHBUMAEPOYKP-UHFFFAOYSA-N,energy,lig_slv,/home/galoren/Freecurve_AI_Solvation/results/physics_probes/pimd2_lambda09_5ps/ethylmethylsulfide/output/Task5_MD_Transition_LIGAnnihilation_12__LIG-SLV.ene,10771,48f0f002cf0a507359793f0106b605f92db0c20e0e989bd16b9cb3623a0c00d1
lambda09,0.9,EthylMethylSulfide,WXEHBUMAEPOYKP-UHFFFAOYSA-N,energy,lig,/home/galoren/Freecurve_AI_Solvation/results/physics_probes/pimd2_lambda09_5ps/ethylmethylsulfide/output/Task5_MD_Transition_LIGAnnihilation_12__LIG.ene,25646,fddf8b5320690427fc62bc141354ed846243c2a722230f921fd51b8918aacd1a
lambda09,0.9,EthylMethylSulfide,WXEHBUMAEPOYKP-UHFFFAOYSA-N,energy,system,/home/galoren/Freecurve_AI_Solvation/results/physics_probes/pimd2_lambda09_5ps/ethylmethylsulfide/output/Task5_MD_Transition_LIGAnnihilation_12__SYSTEM.ene,22375,10a16ad16cf9ead6bb05d2bb2735eed46510a6d1d5870c98ac5fe40e91ad0ece
lambda09,0.9,Hexane,VLKZOEOYAKHREP-UHFFFAOYSA-N,conf.xml,,/home/galoren/Freecurve_AI_Solvation/results/physics_probes/pimd2_lambda09_5ps/hexane/conf.xml,15488,4dd5fc69a76b26fd1a65b1eb2e64c6e2c8703030729537cc2dd48e34b887a146
lambda09,0.9,Hexane,VLKZOEOYAKHREP-UHFFFAOYSA-N,console.txt,,/home/galoren/Freecurve_AI_Solvation/results/physics_probes/pimd2_lambda09_5ps/hexane/console.txt,39319,fe1ea2b404b7c671af80da13a6d64b5cab59dcf7be6e11659c011661a5a325ca
lambda09,0.9,Hexane,VLKZOEOYAKHREP-UHFFFAOYSA-N,timing.json,,/home/galoren/Freecurve_AI_Solvation/results/physics_probes/pimd2_lambda09_5ps/hexane/timing.json,364,7c6181c7401c05d5f299a5f261286cfc7677737d2ec4f6153be595f994a601bc
lambda09,0.9,Hexane,VLKZOEOYAKHREP-UHFFFAOYSA-N,energy,lig_slv,/home/galoren/Freecurve_AI_Solvation/results/physics_probes/pimd2_lambda09_5ps/hexane/output/Task5_MD_Transition_LIGAnnihilation_12__LIG-SLV.ene,10769,8dd71de2d1af1916db1fe4dc8386bca8e537df0fc3a22e35d6ca3b75204c9ff1
lambda09,0.9,Hexane,VLKZOEOYAKHREP-UHFFFAOYSA-N,energy,lig,/home/galoren/Freecurve_AI_Solvation/results/physics_probes/pimd2_lambda09_5ps/hexane/output/Task5_MD_Transition_LIGAnnihilation_12__LIG.ene,25653,1be446650b94f326225c630b09184c62be2714fb5de15b6025c6bab50d24657b
lambda09,0.9,Hexane,VLKZOEOYAKHREP-UHFFFAOYSA-N,energy,system,/home/galoren/Freecurve_AI_Solvation/results/physics_probes/pimd2_lambda09_5ps/hexane/output/Task5_MD_Transition_LIGAnnihilation_12__SYSTEM.ene,22378,d2bda588f39d0acd012a193d4bfea9123124c527a6f8a749be4ece7d19438126
lambda09,0.9,Imidazole,RAXXELZNTBOGNW-UHFFFAOYSA-N,conf.xml,,/home/galoren/Freecurve_AI_Solvation/results/physics_probes/pimd2_lambda09_5ps/imidazole/conf.xml,15505,335dfeece4512e350f94f6f61e659bb9ab53348db81a22714d5907062d8b9e2d
lambda09,0.9,Imidazole,RAXXELZNTBOGNW-UHFFFAOYSA-N,console.txt,,/home/galoren/Freecurve_AI_Solvation/results/physics_probes/pimd2_lambda09_5ps/imidazole/console.txt,42108,4a0c632e86b0b9ac5535587207e16dc445162effe054e561f1655be026ff6e6f
lambda09,0.9,Imidazole,RAXXELZNTBOGNW-UHFFFAOYSA-N,timing.json,,/home/galoren/Freecurve_AI_Solvation/results/physics_probes/pimd2_lambda09_5ps/imidazole/timing.json,370,f7ab9fb2cdab1aab0faef6b78a313fbed8e3a1e38eff10a94fafe84dcebc7ae4
lambda09,0.9,Imidazole,RAXXELZNTBOGNW-UHFFFAOYSA-N,energy,lig_slv,/home/galoren/Freecurve_AI_Solvation/results/physics_probes/pimd2_lambda09_5ps/imidazole/output/Task5_MD_Transition_LIGAnnihilation_12__LIG-SLV.ene,10769,b3c02aaf7842fbcab2f20286ac81c6c325c2d350b153dd9a6d1e1565434869ef
lambda09,0.9,Imidazole,RAXXELZNTBOGNW-UHFFFAOYSA-N,energy,lig,/home/galoren/Freecurve_AI_Solvation/results/physics_probes/pimd2_lambda09_5ps/imidazole/output/Task5_MD_Transition_LIGAnnihilation_12__LIG.ene,25666,8120269b4884b649e082c39fb38c433e185d62ef62618088380a8b3f1e87479c
lambda09,0.9,Imidazole,RAXXELZNTBOGNW-UHFFFAOYSA-N,energy,system,/home/galoren/Freecurve_AI_Solvation/results/physics_probes/pimd2_lambda09_5ps/imidazole/output/Task5_MD_Transition_LIGAnnihilation_12__SYSTEM.ene,22388,012c4999fa7c0578deb62262b4516a1b82ab210f2dbbfe0bde063db1cd49aa1d
lambda09,0.9,Isobutane,NNPPMTNAJDCUHE-UHFFFAOYSA-N,conf.xml,,/home/galoren/Freecurve_AI_Solvation/results/physics_probes/pimd2_lambda09_5ps/isobutane/conf.xml,15505,7cb7dda69a7b487e5e8b8169a6e8a0b56591848e8a02dd5e2623f51b668860ae
lambda09,0.9,Isobutane,NNPPMTNAJDCUHE-UHFFFAOYSA-N,console.txt,,/home/galoren/Freecurve_AI_Solvation/results/physics_probes/pimd2_lambda09_5ps/isobutane/console.txt,39355,6d9b85f9f1e9053fb5da5fa49f57918d0e0ce137d13f73931d2e21acc4663577
lambda09,0.9,Isobutane,NNPPMTNAJDCUHE-UHFFFAOYSA-N,timing.json,,/home/galoren/Freecurve_AI_Solvation/results/physics_probes/pimd2_lambda09_5ps/isobutane/timing.json,370,06b2c316307eee22e88b1bb275fd3851f6335acb4a82a716417e9e02e65d1cf9
lambda09,0.9,Isobutane,NNPPMTNAJDCUHE-UHFFFAOYSA-N,energy,lig_slv,/home/galoren/Freecurve_AI_Solvation/results/physics_probes/pimd2_lambda09_5ps/isobutane/output/Task5_MD_Transition_LIGAnnihilation_12__LIG-SLV.ene,10769,ce61298c40eea2cb38a99841ab86ba62547635533cc1a0ae25968cbeec3904a5
lambda09,0.9,Isobutane,NNPPMTNAJDCUHE-UHFFFAOYSA-N,energy,lig,/home/galoren/Freecurve_AI_Solvation/results/physics_probes/pimd2_lambda09_5ps/isobutane/output/Task5_MD_Transition_LIGAnnihilation_12__LIG.ene,25645,302ecec0e1f6c6e8f008129cedfd74b33ee8218b2fb2f803df2c2efe3a54fa41
lambda09,0.9,Isobutane,NNPPMTNAJDCUHE-UHFFFAOYSA-N,energy,system,/home/galoren/Freecurve_AI_Solvation/results/physics_probes/pimd2_lambda09_5ps/isobutane/output/Task5_MD_Transition_LIGAnnihilation_12__SYSTEM.ene,22379,a17945a7190c1192bb42c3a7fecbde6273e272fcb6b0194f5b6ff999b33ca04d
lambda09,0.9,Methane,VNWKTOKETHGBQD-UHFFFAOYSA-N,conf.xml,,/home/galoren/Freecurve_AI_Solvation/results/physics_probes/pimd2_lambda09_5ps/methane/conf.xml,15493,daeb66299b57b789edb3541d93d67a8dcd3fb5d924df1815b1f14a1be8ab125c
lambda09,0.9,Methane,VNWKTOKETHGBQD-UHFFFAOYSA-N,console.txt,,/home/galoren/Freecurve_AI_Solvation/results/physics_probes/pimd2_lambda09_5ps/methane/console.txt,39253,215cd25fdf19d41a0d67f3c2f206a62735d96310871e6d44e6634f89ce45d5fb
lambda09,0.9,Methane,VNWKTOKETHGBQD-UHFFFAOYSA-N,timing.json,,/home/galoren/Freecurve_AI_Solvation/results/physics_probes/pimd2_lambda09_5ps/methane/timing.json,366,1dde8ba9f128086ff429be30b78af8a86b7aa1dccaf7b26661cc46a4a68fa03b
lambda09,0.9,Methane,VNWKTOKETHGBQD-UHFFFAOYSA-N,energy,lig_slv,/home/galoren/Freecurve_AI_Solvation/results/physics_probes/pimd2_lambda09_5ps/methane/output/Task5_MD_Transition_LIGAnnihilation_12__LIG-SLV.ene,10771,4e06e967bc784b1fcbe79840faaf157bcc8089b1f7c50bd14cd6d257dd3369e1
lambda09,0.9,Methane,VNWKTOKETHGBQD-UHFFFAOYSA-N,energy,lig,/home/galoren/Freecurve_AI_Solvation/results/physics_probes/pimd2_lambda09_5ps/methane/output/Task5_MD_Transition_LIGAnnihilation_12__LIG.ene,25641,5654feda656ba3dfec80de5048983f994b201417fa5d3b2038138e7051b81fde
lambda09,0.9,Methane,VNWKTOKETHGBQD-UHFFFAOYSA-N,energy,system,/home/galoren/Freecurve_AI_Solvation/results/physics_probes/pimd2_lambda09_5ps/methane/output/Task5_MD_Transition_LIGAnnihilation_12__SYSTEM.ene,22375,93783a2fca6bdcfa5a7315f8cef5e8f9ca9c7939b7ac4bb4ecebc6cc13bbf040
lambda09,0.9,MethaneThiol,LSDPWZHWYPCBBB-UHFFFAOYSA-N,conf.xml,,/home/galoren/Freecurve_AI_Solvation/results/physics_probes/pimd2_lambda09_5ps/methanethiol/conf.xml,15523,1666853bdf654df7288386a76ae18c9076329fb2dcbce4301b8feabd147d7569
lambda09,0.9,MethaneThiol,LSDPWZHWYPCBBB-UHFFFAOYSA-N,console.txt,,/home/galoren/Freecurve_AI_Solvation/results/physics_probes/pimd2_lambda09_5ps/methanethiol/console.txt,40424,4ebea3f036b5b82f34c29ab5e995ea33421516305b3f4e8b9c25ab50fc06738a
lambda09,0.9,MethaneThiol,LSDPWZHWYPCBBB-UHFFFAOYSA-N,timing.json,,/home/galoren/Freecurve_AI_Solvation/results/physics_probes/pimd2_lambda09_5ps/methanethiol/timing.json,376,f478c22507395b7704eefd8619aff2e94dc6b2f41d2f7645e64466ee522c1466
lambda09,0.9,MethaneThiol,LSDPWZHWYPCBBB-UHFFFAOYSA-N,energy,lig_slv,/home/galoren/Freecurve_AI_Solvation/results/physics_probes/pimd2_lambda09_5ps/methanethiol/output/Task5_MD_Transition_LIGAnnihilation_12__LIG-SLV.ene,10769,bd2f850f1368074cab0deda58343d1779435756d62d86c36917d33e0bbad4eb6
lambda09,0.9,MethaneThiol,LSDPWZHWYPCBBB-UHFFFAOYSA-N,energy,lig,/home/galoren/Freecurve_AI_Solvation/results/physics_probes/pimd2_lambda09_5ps/methanethiol/output/Task5_MD_Transition_LIGAnnihilation_12__LIG.ene,25642,780be5eb219248899d4b15b7f391e498cd0411d7124239ad1985a28bcb809cf1
lambda09,0.9,MethaneThiol,LSDPWZHWYPCBBB-UHFFFAOYSA-N,energy,system,/home/galoren/Freecurve_AI_Solvation/results/physics_probes/pimd2_lambda09_5ps/methanethiol/output/Task5_MD_Transition_LIGAnnihilation_12__SYSTEM.ene,22371,f7c6d56b4f85995e741f9e216d487767ccfcef9eb1177329df757e73b76d22ca
lambda09,0.9,Methanol,OKKJLVBELUTLKV-UHFFFAOYSA-N,conf.xml,,/home/galoren/Freecurve_AI_Solvation/results/physics_probes/pimd2_lambda09_5ps/methanol/conf.xml,15500,01de3a0b6c908c2a080af7b4db05681ba23c093087c6a76f5169ddf6552049a2
lambda09,0.9,Methanol,OKKJLVBELUTLKV-UHFFFAOYSA-N,console.txt,,/home/galoren/Freecurve_AI_Solvation/results/physics_probes/pimd2_lambda09_5ps/methanol/console.txt,40402,d81d6542bf23d8dc3fe29f050265f4981c41f494e9aacd1c33d297aafcd6fbd3
lambda09,0.9,Methanol,OKKJLVBELUTLKV-UHFFFAOYSA-N,timing.json,,/home/galoren/Freecurve_AI_Solvation/results/physics_probes/pimd2_lambda09_5ps/methanol/timing.json,368,d36d4932dbc2ad13f4e69b3abc5d7a85c909239bbca85a8329a4afb38e1be2b8
lambda09,0.9,Methanol,OKKJLVBELUTLKV-UHFFFAOYSA-N,energy,lig_slv,/home/galoren/Freecurve_AI_Solvation/results/physics_probes/pimd2_lambda09_5ps/methanol/output/Task5_MD_Transition_LIGAnnihilation_12__LIG-SLV.ene,10773,19fb21d183f630b83473282506dbba585046c0d9873bff8d4bdf272389555637
lambda09,0.9,Methanol,OKKJLVBELUTLKV-UHFFFAOYSA-N,energy,lig,/home/galoren/Freecurve_AI_Solvation/results/physics_probes/pimd2_lambda09_5ps/methanol/output/Task5_MD_Transition_LIGAnnihilation_12__LIG.ene,25656,ea8ca0cb51f97dbd824afd6246ce1bb4e76eff242177bcb1a2315be55148ede2
lambda09,0.9,Methanol,OKKJLVBELUTLKV-UHFFFAOYSA-N,energy,system,/home/galoren/Freecurve_AI_Solvation/results/physics_probes/pimd2_lambda09_5ps/methanol/output/Task5_MD_Transition_LIGAnnihilation_12__SYSTEM.ene,22374,2b55026280128554c2d3ce391d13365530da8b035d326758c9e8e6812d1a29a4
lambda09,0.9,MethylPropionate,RJUFJBKOKNCXHH-UHFFFAOYSA-N,conf.xml,,/home/galoren/Freecurve_AI_Solvation/results/physics_probes/pimd2_lambda09_5ps/methylpropionate/conf.xml,15547,18a2468e4ace89f670287d1f7f206dbc3f08749acd208a65088e74bb539efe23
lambda09,0.9,MethylPropionate,RJUFJBKOKNCXHH-UHFFFAOYSA-N,console.txt,,/home/galoren/Freecurve_AI_Solvation/results/physics_probes/pimd2_lambda09_5ps/methylpropionate/console.txt,41491,b669f92276b6b593399c593f9208d4cdcc8d5fc38217b7dd9974a60f018f1c39
lambda09,0.9,MethylPropionate,RJUFJBKOKNCXHH-UHFFFAOYSA-N,timing.json,,/home/galoren/Freecurve_AI_Solvation/results/physics_probes/pimd2_lambda09_5ps/methylpropionate/timing.json,384,dee2df5550a7f9b2834144267de3c475fa1a3ca56b95fb874feb5c25e9029308
lambda09,0.9,MethylPropionate,RJUFJBKOKNCXHH-UHFFFAOYSA-N,energy,lig_slv,/home/galoren/Freecurve_AI_Solvation/results/physics_probes/pimd2_lambda09_5ps/methylpropionate/output/Task5_MD_Transition_LIGAnnihilation_12__LIG-SLV.ene,10770,40c0bd4217420a28c161d71c8ba15504f520485594c5b3317ace72e36412115f
lambda09,0.9,MethylPropionate,RJUFJBKOKNCXHH-UHFFFAOYSA-N,energy,lig,/home/galoren/Freecurve_AI_Solvation/results/physics_probes/pimd2_lambda09_5ps/methylpropionate/output/Task5_MD_Transition_LIGAnnihilation_12__LIG.ene,25657,1152212aba1db33afd1bfdfeb5f1596ce42d323eec14728633996edc3c294273
lambda09,0.9,MethylPropionate,RJUFJBKOKNCXHH-UHFFFAOYSA-N,energy,system,/home/galoren/Freecurve_AI_Solvation/results/physics_probes/pimd2_lambda09_5ps/methylpropionate/output/Task5_MD_Transition_LIGAnnihilation_12__SYSTEM.ene,22395,dd192be691d5c261bd7cf0214d043a4098e073e2a7eb15e4130488ac5219f8da
lambda09,0.9,N-Methylacetamide,OHLUUHNLEMFGTQ-UHFFFAOYSA-N,conf.xml,,/home/galoren/Freecurve_AI_Solvation/results/physics_probes/pimd2_lambda09_5ps/n_methylacetamide/conf.xml,15551,3024af1e93e658da012d7f6f57c6f85cfea5d476beb90c0cdc3993a21e5604d0
lambda09,0.9,N-Methylacetamide,OHLUUHNLEMFGTQ-UHFFFAOYSA-N,console.txt,,/home/galoren/Freecurve_AI_Solvation/results/physics_probes/pimd2_lambda09_5ps/n_methylacetamide/console.txt,40559,b935cb2e80b196a3652890e029baff718218b9559eba7d09e7ca0522753af399
lambda09,0.9,N-Methylacetamide,OHLUUHNLEMFGTQ-UHFFFAOYSA-N,timing.json,,/home/galoren/Freecurve_AI_Solvation/results/physics_probes/pimd2_lambda09_5ps/n_methylacetamide/timing.json,386,28edb38b33b903467cc052aa368bd988a2b41c39cba6790f46e6c8db863fd50e
lambda09,0.9,N-Methylacetamide,OHLUUHNLEMFGTQ-UHFFFAOYSA-N,energy,lig_slv,/home/galoren/Freecurve_AI_Solvation/results/physics_probes/pimd2_lambda09_5ps/n_methylacetamide/output/Task5_MD_Transition_LIGAnnihilation_12__LIG-SLV.ene,10769,74e8bcbc5cb530a3e1d2ba5999103a24835dbfd73d036133608230f843946c8b
lambda09,0.9,N-Methylacetamide,OHLUUHNLEMFGTQ-UHFFFAOYSA-N,energy,lig,/home/galoren/Freecurve_AI_Solvation/results/physics_probes/pimd2_lambda09_5ps/n_methylacetamide/output/Task5_MD_Transition_LIGAnnihilation_12__LIG.ene,25729,da151ec26d5ff84423540330ced1904da492af4d122b25e9e2f1424109f9696c
lambda09,0.9,N-Methylacetamide,OHLUUHNLEMFGTQ-UHFFFAOYSA-N,energy,system,/home/galoren/Freecurve_AI_Solvation/results/physics_probes/pimd2_lambda09_5ps/n_methylacetamide/output/Task5_MD_Transition_LIGAnnihilation_12__SYSTEM.ene,22385,351355b1faa7d1ad761247937012958b18fa1f9c3d828a56bfe3e70c5a0404af
lambda09,0.9,Napthalene,UFWIBTONFRDIAS-UHFFFAOYSA-N,conf.xml,,/home/galoren/Freecurve_AI_Solvation/results/physics_probes/pimd2_lambda09_5ps/napthalene/conf.xml,15511,617920813066f6aa4f48a87bb0c2c397e537af4a53c888754ff43c74fb00c954
lambda09,0.9,Napthalene,UFWIBTONFRDIAS-UHFFFAOYSA-N,console.txt,,/home/galoren/Freecurve_AI_Solvation/results/physics_probes/pimd2_lambda09_5ps/napthalene/console.txt,39179,06b9ad0539d6a7cfbb1cd236a1760a5c2c4a3a9ccc8f30c0bb1b413e375b47f0
lambda09,0.9,Napthalene,UFWIBTONFRDIAS-UHFFFAOYSA-N,timing.json,,/home/galoren/Freecurve_AI_Solvation/results/physics_probes/pimd2_lambda09_5ps/napthalene/timing.json,371,9481fad920c02e8ea57cf1bb47b3db74a3242f2e71a25e90e926f69fd2b71165
lambda09,0.9,Napthalene,UFWIBTONFRDIAS-UHFFFAOYSA-N,energy,lig_slv,/home/galoren/Freecurve_AI_Solvation/results/physics_probes/pimd2_lambda09_5ps/napthalene/output/Task5_MD_Transition_LIGAnnihilation_12__LIG-SLV.ene,10769,676cacad1d25bc2be88d94199a6d873fe1b9fd40002f48bba4a1359e18de4a88
lambda09,0.9,Napthalene,UFWIBTONFRDIAS-UHFFFAOYSA-N,energy,lig,/home/galoren/Freecurve_AI_Solvation/results/physics_probes/pimd2_lambda09_5ps/napthalene/output/Task5_MD_Transition_LIGAnnihilation_12__LIG.ene,25634,fecf228939d6de764d3e5bc7c2d10f281b9bb5f22857e7e44c1adf114b3c8dbe
lambda09,0.9,Napthalene,UFWIBTONFRDIAS-UHFFFAOYSA-N,energy,system,/home/galoren/Freecurve_AI_Solvation/results/physics_probes/pimd2_lambda09_5ps/napthalene/output/Task5_MD_Transition_LIGAnnihilation_12__SYSTEM.ene,22373,a0703d5b7c08a283d0de008bd606ab4aaa7b977bff71ed72439f514cde714a51
lambda09,0.9,NeoPentane,CRSOQBOWXPBRES-UHFFFAOYSA-N,conf.xml,,/home/galoren/Freecurve_AI_Solvation/results/physics_probes/pimd2_lambda09_5ps/neopentane/conf.xml,15511,a1784810abca4453b1938c3f3bddffaa22f12b343a9e81d05a1bfd4589e7e7b0
lambda09,0.9,NeoPentane,CRSOQBOWXPBRES-UHFFFAOYSA-N,console.txt,,/home/galoren/Freecurve_AI_Solvation/results/physics_probes/pimd2_lambda09_5ps/neopentane/console.txt,39364,26c5f08cd639b0ce0e4a0b5724927d1cc3e2bf6530c13bac08a7a7eb54762ffa
lambda09,0.9,NeoPentane,CRSOQBOWXPBRES-UHFFFAOYSA-N,timing.json,,/home/galoren/Freecurve_AI_Solvation/results/physics_probes/pimd2_lambda09_5ps/neopentane/timing.json,372,3df2e6e0b5d4727dd1ecce9e4a0c748a5b8b6521caec58a67dd89d4ede3093ed
lambda09,0.9,NeoPentane,CRSOQBOWXPBRES-UHFFFAOYSA-N,energy,lig_slv,/home/galoren/Freecurve_AI_Solvation/results/physics_probes/pimd2_lambda09_5ps/neopentane/output/Task5_MD_Transition_LIGAnnihilation_12__LIG-SLV.ene,10769,9897afee00a100b0c55a46e5e9f51bbd8b9ccf17f21576fd48988be953110287
lambda09,0.9,NeoPentane,CRSOQBOWXPBRES-UHFFFAOYSA-N,energy,lig,/home/galoren/Freecurve_AI_Solvation/results/physics_probes/pimd2_lambda09_5ps/neopentane/output/Task5_MD_Transition_LIGAnnihilation_12__LIG.ene,25640,d193bd5b1d784bf2dcb27e000f413e1ff5cf0f354777fc05c7e5cf92f449bb9d
lambda09,0.9,NeoPentane,CRSOQBOWXPBRES-UHFFFAOYSA-N,energy,system,/home/galoren/Freecurve_AI_Solvation/results/physics_probes/pimd2_lambda09_5ps/neopentane/output/Task5_MD_Transition_LIGAnnihilation_12__SYSTEM.ene,22376,f42942fbd53b63339d93a51cdd194369eb214b9e5f3a121256979e73123f7205
lambda09,0.9,Octane,TVMXDCGIABBOFY-UHFFFAOYSA-N,conf.xml,,/home/galoren/Freecurve_AI_Solvation/results/physics_probes/pimd2_lambda09_5ps/octane/conf.xml,15487,28513402ae596aed83298bbf0cb2dff3d8951165040f5e1c44c7806d0dd35466
lambda09,0.9,Octane,TVMXDCGIABBOFY-UHFFFAOYSA-N,console.txt,,/home/galoren/Freecurve_AI_Solvation/results/physics_probes/pimd2_lambda09_5ps/octane/console.txt,39321,93d4fd455a2795c0b473a44b066e352f675cf4df0bd80f645add84c94295efcc
lambda09,0.9,Octane,TVMXDCGIABBOFY-UHFFFAOYSA-N,timing.json,,/home/galoren/Freecurve_AI_Solvation/results/physics_probes/pimd2_lambda09_5ps/octane/timing.json,364,5b00d0c408a3bc42d51a3e8429763e7e6ccf465bc1e2e4c72b81d858f54f0e5c
lambda09,0.9,Octane,TVMXDCGIABBOFY-UHFFFAOYSA-N,energy,lig_slv,/home/galoren/Freecurve_AI_Solvation/results/physics_probes/pimd2_lambda09_5ps/octane/output/Task5_MD_Transition_LIGAnnihilation_12__LIG-SLV.ene,10769,a234b8edda4d522a95050e6abb6da9833b793ae706322a04f9a4e31602254639
lambda09,0.9,Octane,TVMXDCGIABBOFY-UHFFFAOYSA-N,energy,lig,/home/galoren/Freecurve_AI_Solvation/results/physics_probes/pimd2_lambda09_5ps/octane/output/Task5_MD_Transition_LIGAnnihilation_12__LIG.ene,25656,51181379f9e8ac595a8f7f9aa8efa8e8f5ec6fd83a8d9516c86a4601cc6c164d
lambda09,0.9,Octane,TVMXDCGIABBOFY-UHFFFAOYSA-N,energy,system,/home/galoren/Freecurve_AI_Solvation/results/physics_probes/pimd2_lambda09_5ps/octane/output/Task5_MD_Transition_LIGAnnihilation_12__SYSTEM.ene,22374,658746eabad8b3d3c6a7460552b9efb507f39625d42bc2083c07d99c57333f7f
lambda09,0.9,Octanol,KBPLFHHGFOOTCA-UHFFFAOYSA-N,conf.xml,,/home/galoren/Freecurve_AI_Solvation/results/physics_probes/pimd2_lambda09_5ps/octanol/conf.xml,15494,7a78226f737f50008f7637de5571d44eeb65dc5c57d4cffe45fa03211b5994d5
lambda09,0.9,Octanol,KBPLFHHGFOOTCA-UHFFFAOYSA-N,console.txt,,/home/galoren/Freecurve_AI_Solvation/results/physics_probes/pimd2_lambda09_5ps/octanol/console.txt,40526,0fdb619a34cd93045303201cd041016e36075df1e26ec20306e55d0dda8c060d
lambda09,0.9,Octanol,KBPLFHHGFOOTCA-UHFFFAOYSA-N,timing.json,,/home/galoren/Freecurve_AI_Solvation/results/physics_probes/pimd2_lambda09_5ps/octanol/timing.json,366,fdf6a3a922ec101b36c619eab49a8df24a9a0a14484501ba0d5ae33ed0f2bb11
lambda09,0.9,Octanol,KBPLFHHGFOOTCA-UHFFFAOYSA-N,energy,lig_slv,/home/galoren/Freecurve_AI_Solvation/results/physics_probes/pimd2_lambda09_5ps/octanol/output/Task5_MD_Transition_LIGAnnihilation_12__LIG-SLV.ene,10769,50dd4a1cf66408d9c870833ff6b1ad5bfcdf1fe9dd75aded54047a67cef40973
lambda09,0.9,Octanol,KBPLFHHGFOOTCA-UHFFFAOYSA-N,energy,lig,/home/galoren/Freecurve_AI_Solvation/results/physics_probes/pimd2_lambda09_5ps/octanol/output/Task5_MD_Transition_LIGAnnihilation_12__LIG.ene,25656,81e2923e5630e19dd4a2e539a83751e6da923ea8877a4ed7769f617692aa8144
lambda09,0.9,Octanol,KBPLFHHGFOOTCA-UHFFFAOYSA-N,energy,system,/home/galoren/Freecurve_AI_Solvation/results/physics_probes/pimd2_lambda09_5ps/octanol/output/Task5_MD_Transition_LIGAnnihilation_12__SYSTEM.ene,22378,d6a742d0d5b0e0a7c244601900b0cf5c8045359f7dd0a9606436bf4abef3948b
lambda09,0.9,Pentane,OFBQJSOFQDEBGM-UHFFFAOYSA-N,conf.xml,,/home/galoren/Freecurve_AI_Solvation/results/physics_probes/pimd2_lambda09_5ps/pentane/conf.xml,15493,2afc5cef397af0a203e79c9beb56b1beeb3936e8480910a558185449e1486336
lambda09,0.9,Pentane,OFBQJSOFQDEBGM-UHFFFAOYSA-N,console.txt,,/home/galoren/Freecurve_AI_Solvation/results/physics_probes/pimd2_lambda09_5ps/pentane/console.txt,39342,94d27eac9b685f92927fe2b44253926678c92a581bcbe3bb8f73e7ae6ddaa862
lambda09,0.9,Pentane,OFBQJSOFQDEBGM-UHFFFAOYSA-N,timing.json,,/home/galoren/Freecurve_AI_Solvation/results/physics_probes/pimd2_lambda09_5ps/pentane/timing.json,366,951fb81b5d0fd70fadc8a5867975dc1565939d6e3ba5f1480f6a6a0659904892
lambda09,0.9,Pentane,OFBQJSOFQDEBGM-UHFFFAOYSA-N,energy,lig_slv,/home/galoren/Freecurve_AI_Solvation/results/physics_probes/pimd2_lambda09_5ps/pentane/output/Task5_MD_Transition_LIGAnnihilation_12__LIG-SLV.ene,10769,4daf6d3fbddb84451fe13b90237c7de9018a676ad7d8b94ae356875e2684fbb7
lambda09,0.9,Pentane,OFBQJSOFQDEBGM-UHFFFAOYSA-N,energy,lig,/home/galoren/Freecurve_AI_Solvation/results/physics_probes/pimd2_lambda09_5ps/pentane/output/Task5_MD_Transition_LIGAnnihilation_12__LIG.ene,25657,7b8c40d2facf327ad54efade4d9c8ec15eabc69f273705070e580d668363b18e
lambda09,0.9,Pentane,OFBQJSOFQDEBGM-UHFFFAOYSA-N,energy,system,/home/galoren/Freecurve_AI_Solvation/results/physics_probes/pimd2_lambda09_5ps/pentane/output/Task5_MD_Transition_LIGAnnihilation_12__SYSTEM.ene,22381,e7ba41f1ac33f59033021099a612ed5e2c798956968c13dd7dc0602338e91075
lambda09,0.9,Phenol,ISWSIDIOOBJBQZ-UHFFFAOYSA-N,conf.xml,,/home/galoren/Freecurve_AI_Solvation/results/physics_probes/pimd2_lambda09_5ps/phenol/conf.xml,15487,e79fae29e88acc82264437237bf1da1d1d7ae015ba67317b1ad37f9f09c0cb6f
lambda09,0.9,Phenol,ISWSIDIOOBJBQZ-UHFFFAOYSA-N,console.txt,,/home/galoren/Freecurve_AI_Solvation/results/physics_probes/pimd2_lambda09_5ps/phenol/console.txt,6735,12c7526d5fcc221fb4bac377949b2e57233e69c4d3ec8cf0c64fb5ad288602f3
lambda09,0.9,Phenol,ISWSIDIOOBJBQZ-UHFFFAOYSA-N,timing.json,,/home/galoren/Freecurve_AI_Solvation/results/physics_probes/pimd2_lambda09_5ps/phenol/timing.json,365,05c15d4c7a9a1ae243e0df2ad1b182425370d9b70fbab03cbfdf1a5295e28a65
lambda09,0.9,Propane,ATUOYWHBWRKTHZ-UHFFFAOYSA-N,conf.xml,,/home/galoren/Freecurve_AI_Solvation/results/physics_probes/pimd2_lambda09_5ps/propane/conf.xml,15494,5e217d0034f34a478354c6a47efc526e71a6cc6b4e0c3eea0921f8d32a364227
lambda09,0.9,Propane,ATUOYWHBWRKTHZ-UHFFFAOYSA-N,console.txt,,/home/galoren/Freecurve_AI_Solvation/results/physics_probes/pimd2_lambda09_5ps/propane/console.txt,39209,fca89851a403cfda3ccb41f89afbef0a13bdaab660e1bc66a1ba5fdb9d55acb2
lambda09,0.9,Propane,ATUOYWHBWRKTHZ-UHFFFAOYSA-N,timing.json,,/home/galoren/Freecurve_AI_Solvation/results/physics_probes/pimd2_lambda09_5ps/propane/timing.json,366,ffc9986cf720ea69bbe87215dc33a1eb6f34708375d89451474d33b1c025d4b6
lambda09,0.9,Propane,ATUOYWHBWRKTHZ-UHFFFAOYSA-N,energy,lig_slv,/home/galoren/Freecurve_AI_Solvation/results/physics_probes/pimd2_lambda09_5ps/propane/output/Task5_MD_Transition_LIGAnnihilation_12__LIG-SLV.ene,10772,eae01a6914be09ea251f13dbe9b137f3c7a0286d6ae5648cd03ebe5bb03ae8d6
lambda09,0.9,Propane,ATUOYWHBWRKTHZ-UHFFFAOYSA-N,energy,lig,/home/galoren/Freecurve_AI_Solvation/results/physics_probes/pimd2_lambda09_5ps/propane/output/Task5_MD_Transition_LIGAnnihilation_12__LIG.ene,25656,9f2be7d1fa29c69e936b8323d66a09a2bd1fb02bb3b8af53bb67c2de11508568
lambda09,0.9,Propane,ATUOYWHBWRKTHZ-UHFFFAOYSA-N,energy,system,/home/galoren/Freecurve_AI_Solvation/results/physics_probes/pimd2_lambda09_5ps/propane/output/Task5_MD_Transition_LIGAnnihilation_12__SYSTEM.ene,22390,f088ff60abfbcabcdff6bed4d98575ba2ea4cdc5eb25f0dcc493fa46b35a5946
lambda09,0.9,Propanol,BDERNNFJNOPAEC-UHFFFAOYSA-N,conf.xml,,/home/galoren/Freecurve_AI_Solvation/results/physics_probes/pimd2_lambda09_5ps/propanol/conf.xml,15499,dc6564d5b7c086a25556a907427d0eba95e8dfc630218f00bcbeb3200936438d
lambda09,0.9,Propanol,BDERNNFJNOPAEC-UHFFFAOYSA-N,console.txt,,/home/galoren/Freecurve_AI_Solvation/results/physics_probes/pimd2_lambda09_5ps/propanol/console.txt,40532,d91aa2715363cb2862caea90901deb805a2db16371fdf1010e508c6d88e6230c
lambda09,0.9,Propanol,BDERNNFJNOPAEC-UHFFFAOYSA-N,timing.json,,/home/galoren/Freecurve_AI_Solvation/results/physics_probes/pimd2_lambda09_5ps/propanol/timing.json,368,2f435fea4f11b065a6b72e5eb73ceee037068a2781ebbc5e6354edc159410ade
lambda09,0.9,Propanol,BDERNNFJNOPAEC-UHFFFAOYSA-N,energy,lig_slv,/home/galoren/Freecurve_AI_Solvation/results/physics_probes/pimd2_lambda09_5ps/propanol/output/Task5_MD_Transition_LIGAnnihilation_12__LIG-SLV.ene,10772,8c183010b32e220b945cf831a72d256cfa4059f32ed4dfee73e1f965662babf8
lambda09,0.9,Propanol,BDERNNFJNOPAEC-UHFFFAOYSA-N,energy,lig,/home/galoren/Freecurve_AI_Solvation/results/physics_probes/pimd2_lambda09_5ps/propanol/output/Task5_MD_Transition_LIGAnnihilation_12__LIG.ene,25653,344c8ef73c734a3a8d84b89187a1125be8cb85ad87196287699cfa9ada3ac1b5
lambda09,0.9,Propanol,BDERNNFJNOPAEC-UHFFFAOYSA-N,energy,system,/home/galoren/Freecurve_AI_Solvation/results/physics_probes/pimd2_lambda09_5ps/propanol/output/Task5_MD_Transition_LIGAnnihilation_12__SYSTEM.ene,22368,17aa139dc150800149ea79b0b98acd92d8e0448edadbe777915f99e6b70657ba
lambda09,0.9,Propene,QQONPFPTGQHPMA-UHFFFAOYSA-N,conf.xml,,/home/galoren/Freecurve_AI_Solvation/results/physics_probes/pimd2_lambda09_5ps/propene/conf.xml,15494,3528eec3e3f98d98f0090da4c7c56ef66f2b319b5f3eb08eccf30eebd144c0b3
lambda09,0.9,Propene,QQONPFPTGQHPMA-UHFFFAOYSA-N,console.txt,,/home/galoren/Freecurve_AI_Solvation/results/physics_probes/pimd2_lambda09_5ps/propene/console.txt,40479,3b87811d21b0935a5bce4fdb8cfd65b02651621a6a48711c54c806a7e71fbcf9
lambda09,0.9,Propene,QQONPFPTGQHPMA-UHFFFAOYSA-N,timing.json,,/home/galoren/Freecurve_AI_Solvation/results/physics_probes/pimd2_lambda09_5ps/propene/timing.json,366,d84012b0cf46fded762c1f115f48de894cec1928ec5ce1f79f4559ef4206480f
lambda09,0.9,Propene,QQONPFPTGQHPMA-UHFFFAOYSA-N,energy,lig_slv,/home/galoren/Freecurve_AI_Solvation/results/physics_probes/pimd2_lambda09_5ps/propene/output/Task5_MD_Transition_LIGAnnihilation_12__LIG-SLV.ene,10769,67c5a514ed53d692cc290be8ca01f3eebe6f29d46af5b9b1e011293197c6b4cc
lambda09,0.9,Propene,QQONPFPTGQHPMA-UHFFFAOYSA-N,energy,lig,/home/galoren/Freecurve_AI_Solvation/results/physics_probes/pimd2_lambda09_5ps/propene/output/Task5_MD_Transition_LIGAnnihilation_12__LIG.ene,25664,117520ab6b85a8fad9c2149b0083a695b3413f2f4fd92d5368a4905ff6d7f8f1
lambda09,0.9,Propene,QQONPFPTGQHPMA-UHFFFAOYSA-N,energy,system,/home/galoren/Freecurve_AI_Solvation/results/physics_probes/pimd2_lambda09_5ps/propene/output/Task5_MD_Transition_LIGAnnihilation_12__SYSTEM.ene,22391,5b8ef8a81ed486e8f992b69c14c145afc6969412c679057682977be757a31f2a
lambda09,0.9,PropylAcetate,YKYONYBAUNKHLG-UHFFFAOYSA-N,conf.xml,,/home/galoren/Freecurve_AI_Solvation/results/physics_probes/pimd2_lambda09_5ps/propylacetate/conf.xml,15529,cc1a9aad02bde1ca7d16ca8a69cf02005d900fabcd297711602de77e9199dd86
lambda09,0.9,PropylAcetate,YKYONYBAUNKHLG-UHFFFAOYSA-N,console.txt,,/home/galoren/Freecurve_AI_Solvation/results/physics_probes/pimd2_lambda09_5ps/propylacetate/console.txt,40388,befb699e824370fe51c7b2050ab4b4fd1b2cfa8a07aa505ada69d848a7ca5c5a
lambda09,0.9,PropylAcetate,YKYONYBAUNKHLG-UHFFFAOYSA-N,timing.json,,/home/galoren/Freecurve_AI_Solvation/results/physics_probes/pimd2_lambda09_5ps/propylacetate/timing.json,378,e812f5dc5457886868e834b70add6c3e94f5e759fc67602824cd7d59782635c6
lambda09,0.9,PropylAcetate,YKYONYBAUNKHLG-UHFFFAOYSA-N,energy,lig_slv,/home/galoren/Freecurve_AI_Solvation/results/physics_probes/pimd2_lambda09_5ps/propylacetate/output/Task5_MD_Transition_LIGAnnihilation_12__LIG-SLV.ene,10769,be12594a01090bf74efbc0836d9baff92eff43da3d970cb835ba1401f9dee258
lambda09,0.9,PropylAcetate,YKYONYBAUNKHLG-UHFFFAOYSA-N,energy,lig,/home/galoren/Freecurve_AI_Solvation/results/physics_probes/pimd2_lambda09_5ps/propylacetate/output/Task5_MD_Transition_LIGAnnihilation_12__LIG.ene,25651,97a9ebe8b3aa42934783880c4d3f17d0dc0c5b3fd93d0bf51f104d227b5f05a6
lambda09,0.9,PropylAcetate,YKYONYBAUNKHLG-UHFFFAOYSA-N,energy,system,/home/galoren/Freecurve_AI_Solvation/results/physics_probes/pimd2_lambda09_5ps/propylacetate/output/Task5_MD_Transition_LIGAnnihilation_12__SYSTEM.ene,22383,9ebf774975c36b4afd75ab7c5eab0b3e1e8c155c6773264c0f294aea8aec7be0
lambda09,0.9,Pyrrole,KAESVJOAVNADME-UHFFFAOYSA-N,conf.xml,,/home/galoren/Freecurve_AI_Solvation/results/physics_probes/pimd2_lambda09_5ps/pyrrole/conf.xml,15493,5a20a1ab00abb1be31790b85fa158b6bd6b3e44e8e2c786272ccde24bf3ffeee
lambda09,0.9,Pyrrole,KAESVJOAVNADME-UHFFFAOYSA-N,console.txt,,/home/galoren/Freecurve_AI_Solvation/results/physics_probes/pimd2_lambda09_5ps/pyrrole/console.txt,41956,153521a1ba754bbdc23f1d74539e6e3fd8f281c62f205655b892e4f05e179a63
lambda09,0.9,Pyrrole,KAESVJOAVNADME-UHFFFAOYSA-N,timing.json,,/home/galoren/Freecurve_AI_Solvation/results/physics_probes/pimd2_lambda09_5ps/pyrrole/timing.json,366,1b967770f2539292cb0dc8f88a52631cb3e274562d41543e14244774657f50ef
lambda09,0.9,Pyrrole,KAESVJOAVNADME-UHFFFAOYSA-N,energy,lig_slv,/home/galoren/Freecurve_AI_Solvation/results/physics_probes/pimd2_lambda09_5ps/pyrrole/output/Task5_MD_Transition_LIGAnnihilation_12__LIG-SLV.ene,10769,c5efb4b2da80b75cd1d63c4841ab51ccecad0d5cc9ea55c13697069b87e62aa0
lambda09,0.9,Pyrrole,KAESVJOAVNADME-UHFFFAOYSA-N,energy,lig,/home/galoren/Freecurve_AI_Solvation/results/physics_probes/pimd2_lambda09_5ps/pyrrole/output/Task5_MD_Transition_LIGAnnihilation_12__LIG.ene,25651,dcb6d338f74e5e5e9f61065e11515409aacc8360121a0510f44ba5119b3cbcfb
lambda09,0.9,Pyrrole,KAESVJOAVNADME-UHFFFAOYSA-N,energy,system,/home/galoren/Freecurve_AI_Solvation/results/physics_probes/pimd2_lambda09_5ps/pyrrole/output/Task5_MD_Transition_LIGAnnihilation_12__SYSTEM.ene,22376,c2914a2baa23a9e6826dc8488ba6724a16aca66579729032c8fbef40650b460a
lambda09,0.9,Toluene,YXFVVABEGXRONW-UHFFFAOYSA-N,conf.xml,,/home/galoren/Freecurve_AI_Solvation/results/physics_probes/pimd2_lambda09_5ps/toluene/conf.xml,15494,9c4987977a6e94aba77c2c8fe41eaa72914ef1924e82673bb1073cff57af42de
lambda09,0.9,Toluene,YXFVVABEGXRONW-UHFFFAOYSA-N,console.txt,,/home/galoren/Freecurve_AI_Solvation/results/physics_probes/pimd2_lambda09_5ps/toluene/console.txt,40352,369ca354b2f423360f766ee36f92ba6412e23d6ee03bf8c0f6e31f4e076a56a0
lambda09,0.9,Toluene,YXFVVABEGXRONW-UHFFFAOYSA-N,timing.json,,/home/galoren/Freecurve_AI_Solvation/results/physics_probes/pimd2_lambda09_5ps/toluene/timing.json,366,56d47f6d2cbe81f9d70d5230e112366bf9794b54fb4400d4b5eed61419805dcd
lambda09,0.9,Toluene,YXFVVABEGXRONW-UHFFFAOYSA-N,energy,lig_slv,/home/galoren/Freecurve_AI_Solvation/results/physics_probes/pimd2_lambda09_5ps/toluene/output/Task5_MD_Transition_LIGAnnihilation_12__LIG-SLV.ene,10769,058655baecba93929e66369700e4856f8f461e4538ff801b888e5f03cc46f421
lambda09,0.9,Toluene,YXFVVABEGXRONW-UHFFFAOYSA-N,energy,lig,/home/galoren/Freecurve_AI_Solvation/results/physics_probes/pimd2_lambda09_5ps/toluene/output/Task5_MD_Transition_LIGAnnihilation_12__LIG.ene,25644,4c33577a47989791e55d60242af1ca3ea922532a16bbe0a8362161fedb02c1c6
lambda09,0.9,Toluene,YXFVVABEGXRONW-UHFFFAOYSA-N,energy,system,/home/galoren/Freecurve_AI_Solvation/results/physics_probes/pimd2_lambda09_5ps/toluene/output/Task5_MD_Transition_LIGAnnihilation_12__SYSTEM.ene,22380,b50bffcbf46429408d4c44b7edad3cadf5ccf022ba569c081c8621bec04428ea
lambda09,0.9,Water,XLYOFNOQVPJJNP-UHFFFAOYSA-N,conf.xml,,/home/galoren/Freecurve_AI_Solvation/results/physics_probes/pimd2_lambda09_5ps/water/conf.xml,15482,f9505a605b5d26c8804dec637c052be27f8932216aba6a87c49b7115b9fbb6a3
lambda09,0.9,Water,XLYOFNOQVPJJNP-UHFFFAOYSA-N,console.txt,,/home/galoren/Freecurve_AI_Solvation/results/physics_probes/pimd2_lambda09_5ps/water/console.txt,38458,29743febc7f18ac2382905ba139ce062979181905beaafbddd8fa1efd29afa92
lambda09,0.9,Water,XLYOFNOQVPJJNP-UHFFFAOYSA-N,timing.json,,/home/galoren/Freecurve_AI_Solvation/results/physics_probes/pimd2_lambda09_5ps/water/timing.json,362,6d3a64b118e64a88fde35d2ea89b65783f11e3c38373d6aa3d07c2d06bfb7a3d
lambda09,0.9,Water,XLYOFNOQVPJJNP-UHFFFAOYSA-N,energy,lig_slv,/home/galoren/Freecurve_AI_Solvation/results/physics_probes/pimd2_lambda09_5ps/water/output/Task5_MD_Transition_LIGAnnihilation_12__LIG-SLV.ene,10776,5353f5d114c28738992d2487dfa266301f962b9f8ff53edb3adab59db4151163
lambda09,0.9,Water,XLYOFNOQVPJJNP-UHFFFAOYSA-N,energy,lig,/home/galoren/Freecurve_AI_Solvation/results/physics_probes/pimd2_lambda09_5ps/water/output/Task5_MD_Transition_LIGAnnihilation_12__LIG.ene,25640,21c9c5ed2cedaca5fb2b7fbc64f38e60aae2bb5a8e3ae60a6fb9cb6a26d81e45
lambda09,0.9,Water,XLYOFNOQVPJJNP-UHFFFAOYSA-N,energy,system,/home/galoren/Freecurve_AI_Solvation/results/physics_probes/pimd2_lambda09_5ps/water/output/Task5_MD_Transition_LIGAnnihilation_12__SYSTEM.ene,22380,4141676f4812e2501fbb606c738273b7e38f8b0c5f1b269617447804bdd6cc45
lambda09,0.9,acetaldehyde,IKHGUXGNUITLKF-UHFFFAOYSA-N,conf.xml,,/home/galoren/Freecurve_AI_Solvation/results/physics_probes/pimd2_lambda09_5ps/acetaldehyde/conf.xml,15524,d2c475de66e4fdc29cef4e42c6abbba939bea7d825f88e064b869bc8a687e2be
lambda09,0.9,acetaldehyde,IKHGUXGNUITLKF-UHFFFAOYSA-N,console.txt,,/home/galoren/Freecurve_AI_Solvation/results/physics_probes/pimd2_lambda09_5ps/acetaldehyde/console.txt,40520,979c2e300356a25f53531238d2bce31416470553bab22c832b9379316333d460
lambda09,0.9,acetaldehyde,IKHGUXGNUITLKF-UHFFFAOYSA-N,timing.json,,/home/galoren/Freecurve_AI_Solvation/results/physics_probes/pimd2_lambda09_5ps/acetaldehyde/timing.json,376,91c0cf5c20d9b95c4bce77bfb98023c2dac01961d254161a3bf5158cb23c504e
lambda09,0.9,acetaldehyde,IKHGUXGNUITLKF-UHFFFAOYSA-N,energy,lig_slv,/home/galoren/Freecurve_AI_Solvation/results/physics_probes/pimd2_lambda09_5ps/acetaldehyde/output/Task5_MD_Transition_LIGAnnihilation_12__LIG-SLV.ene,10769,48e8fbafd7faf2c322eee17b904903429c2466679ff6d4ce02ee8a341be675c4
lambda09,0.9,acetaldehyde,IKHGUXGNUITLKF-UHFFFAOYSA-N,energy,lig,/home/galoren/Freecurve_AI_Solvation/results/physics_probes/pimd2_lambda09_5ps/acetaldehyde/output/Task5_MD_Transition_LIGAnnihilation_12__LIG.ene,25650,b71fd4e48de50173351ddf33468864b87269669681025de218ee4cc9a4f22777
lambda09,0.9,acetaldehyde,IKHGUXGNUITLKF-UHFFFAOYSA-N,energy,system,/home/galoren/Freecurve_AI_Solvation/results/physics_probes/pimd2_lambda09_5ps/acetaldehyde/output/Task5_MD_Transition_LIGAnnihilation_12__SYSTEM.ene,22384,10946445dbdfea80d8f2b1202569a1c80bf242c1fc48e645a5cee64b62c0aa18
lambda09,0.9,butanamine,HQABUPZFAYXKJW-UHFFFAOYSA-N,conf.xml,,/home/galoren/Freecurve_AI_Solvation/results/physics_probes/pimd2_lambda09_5ps/butanamine/conf.xml,15511,357c689eba106821e2f58e902d6887edccbf9e2cf7bff33eb91fde56714edd33
lambda09,0.9,butanamine,HQABUPZFAYXKJW-UHFFFAOYSA-N,console.txt,,/home/galoren/Freecurve_AI_Solvation/results/physics_probes/pimd2_lambda09_5ps/butanamine/console.txt,41966,fb0981f9201de7e89e905aae605eb5f0fe09bf09c0fb639dc5023b5ad0f88fa2
lambda09,0.9,butanamine,HQABUPZFAYXKJW-UHFFFAOYSA-N,timing.json,,/home/galoren/Freecurve_AI_Solvation/results/physics_probes/pimd2_lambda09_5ps/butanamine/timing.json,372,a8ba0090a5d255e38ba9fe8da6d75ed2485c9f43779597b2f6af7057daf199ec
lambda09,0.9,butanamine,HQABUPZFAYXKJW-UHFFFAOYSA-N,energy,lig_slv,/home/galoren/Freecurve_AI_Solvation/results/physics_probes/pimd2_lambda09_5ps/butanamine/output/Task5_MD_Transition_LIGAnnihilation_12__LIG-SLV.ene,10769,7890927ae21cc90bc82a320c644dfc2e20f9408af5bdd9f35cf1da5c6b14d54a
lambda09,0.9,butanamine,HQABUPZFAYXKJW-UHFFFAOYSA-N,energy,lig,/home/galoren/Freecurve_AI_Solvation/results/physics_probes/pimd2_lambda09_5ps/butanamine/output/Task5_MD_Transition_LIGAnnihilation_12__LIG.ene,25658,d67831dd54219c81b0040cfda9d9c848f7c6a9a367dcb068ec3bccd5ca90487d
lambda09,0.9,butanamine,HQABUPZFAYXKJW-UHFFFAOYSA-N,energy,system,/home/galoren/Freecurve_AI_Solvation/results/physics_probes/pimd2_lambda09_5ps/butanamine/output/Task5_MD_Transition_LIGAnnihilation_12__SYSTEM.ene,22380,e8c2bf02a5cf6be9c9dec07cd9faf9b8c6e2276efdbcf589528618f5f5be95e9
lambda09,0.9,butyricacid,FERIUCNNQQJTOY-UHFFFAOYSA-N,conf.xml,,/home/galoren/Freecurve_AI_Solvation/results/physics_probes/pimd2_lambda09_5ps/butyricacid/conf.xml,15518,76154a7865fddc7dd1e9584862fe374656984806a517b394bd584e98bfedf4d5
lambda09,0.9,butyricacid,FERIUCNNQQJTOY-UHFFFAOYSA-N,console.txt,,/home/galoren/Freecurve_AI_Solvation/results/physics_probes/pimd2_lambda09_5ps/butyricacid/console.txt,43180,05b81c08186041f72b9467e044640456a4875723cc1039f957aa22a3b48ef659
lambda09,0.9,butyricacid,FERIUCNNQQJTOY-UHFFFAOYSA-N,timing.json,,/home/galoren/Freecurve_AI_Solvation/results/physics_probes/pimd2_lambda09_5ps/butyricacid/timing.json,374,69e3df0e56ef31e745ece9c3dba81f60e044d084c68e32849977c85eeac30c1a
lambda09,0.9,butyricacid,FERIUCNNQQJTOY-UHFFFAOYSA-N,energy,lig_slv,/home/galoren/Freecurve_AI_Solvation/results/physics_probes/pimd2_lambda09_5ps/butyricacid/output/Task5_MD_Transition_LIGAnnihilation_12__LIG-SLV.ene,10769,4841e8bbb3111d4affcd88cb915967930eb1725842d2dc2b4ccf77da28b52b4b
lambda09,0.9,butyricacid,FERIUCNNQQJTOY-UHFFFAOYSA-N,energy,lig,/home/galoren/Freecurve_AI_Solvation/results/physics_probes/pimd2_lambda09_5ps/butyricacid/output/Task5_MD_Transition_LIGAnnihilation_12__LIG.ene,25657,843c927b03a43cde76fed77535598e7ae417e13cab7fa610290dc07fdd4f9e7d
lambda09,0.9,butyricacid,FERIUCNNQQJTOY-UHFFFAOYSA-N,energy,system,/home/galoren/Freecurve_AI_Solvation/results/physics_probes/pimd2_lambda09_5ps/butyricacid/output/Task5_MD_Transition_LIGAnnihilation_12__SYSTEM.ene,22380,3e766cf403ee344148a6351e36cd1e807323f9c97f3909e0e8a0a942ea4035b8
lambda09,0.9,buytyraldehyde,ZTQSAGDEMFDKMZ-UHFFFAOYSA-N,conf.xml,,/home/galoren/Freecurve_AI_Solvation/results/physics_probes/pimd2_lambda09_5ps/buytyraldehyde/conf.xml,15536,a773b655910f444c410cd3d3a0eab693a507220344aa9427f4b0ccf1ecf389a4
lambda09,0.9,buytyraldehyde,ZTQSAGDEMFDKMZ-UHFFFAOYSA-N,console.txt,,/home/galoren/Freecurve_AI_Solvation/results/physics_probes/pimd2_lambda09_5ps/buytyraldehyde/console.txt,43208,7720c940831d07480e0887e931c311c1ccfb172f450d8ee3ae8252c719c858a2
lambda09,0.9,buytyraldehyde,ZTQSAGDEMFDKMZ-UHFFFAOYSA-N,timing.json,,/home/galoren/Freecurve_AI_Solvation/results/physics_probes/pimd2_lambda09_5ps/buytyraldehyde/timing.json,380,ba25cd97148a3b8ac6bd360e8cfa43800b26ba45e97682d40ee3bfceb7770bac
lambda09,0.9,buytyraldehyde,ZTQSAGDEMFDKMZ-UHFFFAOYSA-N,energy,lig_slv,/home/galoren/Freecurve_AI_Solvation/results/physics_probes/pimd2_lambda09_5ps/buytyraldehyde/output/Task5_MD_Transition_LIGAnnihilation_12__LIG-SLV.ene,10769,f196cfe09be6c5b38a4bd2b65e2bd123bd9d0029766337dd186b7c0d81debab9
lambda09,0.9,buytyraldehyde,ZTQSAGDEMFDKMZ-UHFFFAOYSA-N,energy,lig,/home/galoren/Freecurve_AI_Solvation/results/physics_probes/pimd2_lambda09_5ps/buytyraldehyde/output/Task5_MD_Transition_LIGAnnihilation_12__LIG.ene,25662,c2d1e3ce0c4efae441807a75bfe0e5094d82f1102ecda452dec9e8e2e22ef15d
lambda09,0.9,buytyraldehyde,ZTQSAGDEMFDKMZ-UHFFFAOYSA-N,energy,system,/home/galoren/Freecurve_AI_Solvation/results/physics_probes/pimd2_lambda09_5ps/buytyraldehyde/output/Task5_MD_Transition_LIGAnnihilation_12__SYSTEM.ene,22391,8bfb83867af0e27d0a2b394e07b581d6e94406235a47b6aa38e09a74504de7d3
lambda09,0.9,dimethylamine,ROSDSFDQCJNGOL-UHFFFAOYSA-N,conf.xml,,/home/galoren/Freecurve_AI_Solvation/results/physics_probes/pimd2_lambda09_5ps/dimethylamine/conf.xml,15529,2cae42297da3a822b6a32417a4886d9814fcc181dc004f956f991b885d33569f
lambda09,0.9,dimethylamine,ROSDSFDQCJNGOL-UHFFFAOYSA-N,console.txt,,/home/galoren/Freecurve_AI_Solvation/results/physics_probes/pimd2_lambda09_5ps/dimethylamine/console.txt,40391,ab366aa7693062ed92b9a03061698d54d5631d7aebcaf65cf625937c3885a44f
lambda09,0.9,dimethylamine,ROSDSFDQCJNGOL-UHFFFAOYSA-N,timing.json,,/home/galoren/Freecurve_AI_Solvation/results/physics_probes/pimd2_lambda09_5ps/dimethylamine/timing.json,378,5f1bee288ed89c00129fe33a4498b628f30840f15fe5cdddc71ce339b83ff583
lambda09,0.9,dimethylamine,ROSDSFDQCJNGOL-UHFFFAOYSA-N,energy,lig_slv,/home/galoren/Freecurve_AI_Solvation/results/physics_probes/pimd2_lambda09_5ps/dimethylamine/output/Task5_MD_Transition_LIGAnnihilation_12__LIG-SLV.ene,10771,ae4e004eb27ae95f719adf899f53af8642176b8337fc6a79c2e5df2dc43eac79
lambda09,0.9,dimethylamine,ROSDSFDQCJNGOL-UHFFFAOYSA-N,energy,lig,/home/galoren/Freecurve_AI_Solvation/results/physics_probes/pimd2_lambda09_5ps/dimethylamine/output/Task5_MD_Transition_LIGAnnihilation_12__LIG.ene,25647,640596269e572d5dbfb875d531607668365991ed3f6a136dbd41d6fbe099ddf7
lambda09,0.9,dimethylamine,ROSDSFDQCJNGOL-UHFFFAOYSA-N,energy,system,/home/galoren/Freecurve_AI_Solvation/results/physics_probes/pimd2_lambda09_5ps/dimethylamine/output/Task5_MD_Transition_LIGAnnihilation_12__SYSTEM.ene,22372,36f0630a7b2a36e7aa27db87fc2f08559fdc7bd0ed0deebaadd952b634ee6cfa
lambda09,0.9,ethylamine,QUSNBJAOOMFDIB-UHFFFAOYSA-N,conf.xml,,/home/galoren/Freecurve_AI_Solvation/results/physics_probes/pimd2_lambda09_5ps/ethylamine/conf.xml,15511,ae7b22719fa4f5a47c2497030542e4c6db2d4cce782e70ac83d68eb042e82697
lambda09,0.9,ethylamine,QUSNBJAOOMFDIB-UHFFFAOYSA-N,console.txt,,/home/galoren/Freecurve_AI_Solvation/results/physics_probes/pimd2_lambda09_5ps/ethylamine/console.txt,6749,68d03589dbed97de3f310ba7a5eba18b41c9975bd669ca923245cb77afb99447
lambda09,0.9,ethylamine,QUSNBJAOOMFDIB-UHFFFAOYSA-N,timing.json,,/home/galoren/Freecurve_AI_Solvation/results/physics_probes/pimd2_lambda09_5ps/ethylamine/timing.json,374,a16b8313ebc9cafd63d27c185564983d259526bb6949f38b67aa7e35c784bb47
lambda09,0.9,hexa2none,QQZOPKMRPOGIEB-UHFFFAOYSA-N,conf.xml,,/home/galoren/Freecurve_AI_Solvation/results/physics_probes/pimd2_lambda09_5ps/hexa2none/conf.xml,15505,bd4f31c0bedac57203da0969f71595319f9206c1c7275305e9738cb20fd5fd88
lambda09,0.9,hexa2none,QQZOPKMRPOGIEB-UHFFFAOYSA-N,console.txt,,/home/galoren/Freecurve_AI_Solvation/results/physics_probes/pimd2_lambda09_5ps/hexa2none/console.txt,41583,d165de648b6cb41e675da5da106189541cd2cc07561f68a1c2f898f30bbeb542
lambda09,0.9,hexa2none,QQZOPKMRPOGIEB-UHFFFAOYSA-N,timing.json,,/home/galoren/Freecurve_AI_Solvation/results/physics_probes/pimd2_lambda09_5ps/hexa2none/timing.json,370,864aec3959651347d1ea65a049e1845cf1de03d2c3f81dd05afbc4fd8564c71e
lambda09,0.9,hexa2none,QQZOPKMRPOGIEB-UHFFFAOYSA-N,energy,lig_slv,/home/galoren/Freecurve_AI_Solvation/results/physics_probes/pimd2_lambda09_5ps/hexa2none/output/Task5_MD_Transition_LIGAnnihilation_12__LIG-SLV.ene,10769,3e7356edd8181f56b882ae800b93b653f5da4797e63dda340cf10daacaa49a5d
lambda09,0.9,hexa2none,QQZOPKMRPOGIEB-UHFFFAOYSA-N,energy,lig,/home/galoren/Freecurve_AI_Solvation/results/physics_probes/pimd2_lambda09_5ps/hexa2none/output/Task5_MD_Transition_LIGAnnihilation_12__LIG.ene,25658,c5e277415559aab239f32eda7be411aaa389d8811c88218048d077eac8d98842
lambda09,0.9,hexa2none,QQZOPKMRPOGIEB-UHFFFAOYSA-N,energy,system,/home/galoren/Freecurve_AI_Solvation/results/physics_probes/pimd2_lambda09_5ps/hexa2none/output/Task5_MD_Transition_LIGAnnihilation_12__SYSTEM.ene,22380,3a2da972a9230ad98c47617315858d1d92da8667bd5c471634afbe4b702d9512
lambda09,0.9,m-cresol,RLSSMJSEOOYNOY-UHFFFAOYSA-N,conf.xml,,/home/galoren/Freecurve_AI_Solvation/results/physics_probes/pimd2_lambda09_5ps/m_cresol/conf.xml,15500,b2007504dbe998cf1ff0e9f8febec2fdf83a0cd998e65ed1575fd13d55a7894b
lambda09,0.9,m-cresol,RLSSMJSEOOYNOY-UHFFFAOYSA-N,console.txt,,/home/galoren/Freecurve_AI_Solvation/results/physics_probes/pimd2_lambda09_5ps/m_cresol/console.txt,41957,24daa9f9b18d6b3972b58694ff32bbb1b3b8c9416c09e6042f7a7d6537c2bdf4
lambda09,0.9,m-cresol,RLSSMJSEOOYNOY-UHFFFAOYSA-N,timing.json,,/home/galoren/Freecurve_AI_Solvation/results/physics_probes/pimd2_lambda09_5ps/m_cresol/timing.json,368,8bbd6881682031223fcfe6e9a4557e5c99fc2391df21abae6e1e4a4db2e5d0b3
lambda09,0.9,m-cresol,RLSSMJSEOOYNOY-UHFFFAOYSA-N,energy,lig_slv,/home/galoren/Freecurve_AI_Solvation/results/physics_probes/pimd2_lambda09_5ps/m_cresol/output/Task5_MD_Transition_LIGAnnihilation_12__LIG-SLV.ene,10771,5b47e119756c85844b5dfbe98549dfc6b8fbbb30f8d8a7c081c74d808318607c
lambda09,0.9,m-cresol,RLSSMJSEOOYNOY-UHFFFAOYSA-N,energy,lig,/home/galoren/Freecurve_AI_Solvation/results/physics_probes/pimd2_lambda09_5ps/m_cresol/output/Task5_MD_Transition_LIGAnnihilation_12__LIG.ene,25644,c169e10de02eb2c1fdd6975fecbdb53b7a1a799fecfdc5c74112ee87f3fe979a
lambda09,0.9,m-cresol,RLSSMJSEOOYNOY-UHFFFAOYSA-N,energy,system,/home/galoren/Freecurve_AI_Solvation/results/physics_probes/pimd2_lambda09_5ps/m_cresol/output/Task5_MD_Transition_LIGAnnihilation_12__SYSTEM.ene,22379,bd7fb87fb2e46bf311b3504dad6c36c53a4ef20c330b1bfd4c7261a05a364f88
lambda09,0.9,methylamine,BAVYZALUXZFZLV-UHFFFAOYSA-N,conf.xml,,/home/galoren/Freecurve_AI_Solvation/results/physics_probes/pimd2_lambda09_5ps/methylamine/conf.xml,15517,00916c573be85ed77471c50ef1423cc7b5094fba13cc47864a73d64463d45669
lambda09,0.9,methylamine,BAVYZALUXZFZLV-UHFFFAOYSA-N,console.txt,,/home/galoren/Freecurve_AI_Solvation/results/physics_probes/pimd2_lambda09_5ps/methylamine/console.txt,40387,2fe5f8b066a523bd485bbbc217e7ae082f6a2349e89f298f72dd5e829e085321
lambda09,0.9,methylamine,BAVYZALUXZFZLV-UHFFFAOYSA-N,timing.json,,/home/galoren/Freecurve_AI_Solvation/results/physics_probes/pimd2_lambda09_5ps/methylamine/timing.json,374,3f924a9befea35162eb26327752b2ea74b824a444f12e4d7f89cb554b1ab5442
lambda09,0.9,methylamine,BAVYZALUXZFZLV-UHFFFAOYSA-N,energy,lig_slv,/home/galoren/Freecurve_AI_Solvation/results/physics_probes/pimd2_lambda09_5ps/methylamine/output/Task5_MD_Transition_LIGAnnihilation_12__LIG-SLV.ene,10770,5f2c6046b83670f618d36afaea13a68e80ea67ea1adafc61f1fba46aacb4a631
lambda09,0.9,methylamine,BAVYZALUXZFZLV-UHFFFAOYSA-N,energy,lig,/home/galoren/Freecurve_AI_Solvation/results/physics_probes/pimd2_lambda09_5ps/methylamine/output/Task5_MD_Transition_LIGAnnihilation_12__LIG.ene,25644,92acf26437aadeb45908603c03005c5cd5ba8680d1a7771e1ddb8a12c310cf62
lambda09,0.9,methylamine,BAVYZALUXZFZLV-UHFFFAOYSA-N,energy,system,/home/galoren/Freecurve_AI_Solvation/results/physics_probes/pimd2_lambda09_5ps/methylamine/output/Task5_MD_Transition_LIGAnnihilation_12__SYSTEM.ene,22374,7e8be3bfd5c1eabcd3388a238baa6932d5cf33cf096830539cd5c2b1ad299768
lambda09,0.9,o-cresol,QWVGKYWNOKOFNN-UHFFFAOYSA-N,conf.xml,,/home/galoren/Freecurve_AI_Solvation/results/physics_probes/pimd2_lambda09_5ps/o_cresol/conf.xml,15500,af8eb5b14a065dcc807feb64c74250512ba1a9d3685f0958c4eb53d616daff8d
lambda09,0.9,o-cresol,QWVGKYWNOKOFNN-UHFFFAOYSA-N,console.txt,,/home/galoren/Freecurve_AI_Solvation/results/physics_probes/pimd2_lambda09_5ps/o_cresol/console.txt,41953,ce66058cadcd96b82ea12acc9ff27c6c35e18b5f52f4538edea2b2024d09018c
lambda09,0.9,o-cresol,QWVGKYWNOKOFNN-UHFFFAOYSA-N,timing.json,,/home/galoren/Freecurve_AI_Solvation/results/physics_probes/pimd2_lambda09_5ps/o_cresol/timing.json,368,9cc1baca326b411151a6af6132a299df4dde64f1af25d897fcfdd1189d88b505
lambda09,0.9,o-cresol,QWVGKYWNOKOFNN-UHFFFAOYSA-N,energy,lig_slv,/home/galoren/Freecurve_AI_Solvation/results/physics_probes/pimd2_lambda09_5ps/o_cresol/output/Task5_MD_Transition_LIGAnnihilation_12__LIG-SLV.ene,10771,f4c84bb4254ec04bad0decc20f4da4063f10be3d98e4255d3851f07f7ae853f2
lambda09,0.9,o-cresol,QWVGKYWNOKOFNN-UHFFFAOYSA-N,energy,lig,/home/galoren/Freecurve_AI_Solvation/results/physics_probes/pimd2_lambda09_5ps/o_cresol/output/Task5_MD_Transition_LIGAnnihilation_12__LIG.ene,25655,bca6cf4567f04422d03afc061979f0b2652240d9c5fcc07af603cff50e8a20d1
lambda09,0.9,o-cresol,QWVGKYWNOKOFNN-UHFFFAOYSA-N,energy,system,/home/galoren/Freecurve_AI_Solvation/results/physics_probes/pimd2_lambda09_5ps/o_cresol/output/Task5_MD_Transition_LIGAnnihilation_12__SYSTEM.ene,22387,8743a509c7b955ec62c71a366983c6b2bbe512ad6fc95b508af680afd9949528
lambda09,0.9,p-cresol,IWDCLRJOBJJRNH-UHFFFAOYSA-N,conf.xml,,/home/galoren/Freecurve_AI_Solvation/results/physics_probes/pimd2_lambda09_5ps/p_cresol/conf.xml,15500,d3c747af030fb8c7cc0bb34f6a919140472b4245e2c22bc85b0f5cc7fab67e31
lambda09,0.9,p-cresol,IWDCLRJOBJJRNH-UHFFFAOYSA-N,console.txt,,/home/galoren/Freecurve_AI_Solvation/results/physics_probes/pimd2_lambda09_5ps/p_cresol/console.txt,41955,709681e73290cd326593eddd32091e7ebb4fb99cb51aabe7fe92988f20010ae8
lambda09,0.9,p-cresol,IWDCLRJOBJJRNH-UHFFFAOYSA-N,timing.json,,/home/galoren/Freecurve_AI_Solvation/results/physics_probes/pimd2_lambda09_5ps/p_cresol/timing.json,368,10b898e3d8ed071d1cbebce6171158263ae5f364baf70d059f7a447cb9f399ad
lambda09,0.9,p-cresol,IWDCLRJOBJJRNH-UHFFFAOYSA-N,energy,lig_slv,/home/galoren/Freecurve_AI_Solvation/results/physics_probes/pimd2_lambda09_5ps/p_cresol/output/Task5_MD_Transition_LIGAnnihilation_12__LIG-SLV.ene,10770,3ac9d2dfac8bea5d6e1c989a9cc0bad0ccc948e96e3b3b36b10dc938e6dc8c5c
lambda09,0.9,p-cresol,IWDCLRJOBJJRNH-UHFFFAOYSA-N,energy,lig,/home/galoren/Freecurve_AI_Solvation/results/physics_probes/pimd2_lambda09_5ps/p_cresol/output/Task5_MD_Transition_LIGAnnihilation_12__LIG.ene,25643,8b4a18e5ebf2ec679188b2701b73b0eb3244119a3a46665684d67d136a57b69b
lambda09,0.9,p-cresol,IWDCLRJOBJJRNH-UHFFFAOYSA-N,energy,system,/home/galoren/Freecurve_AI_Solvation/results/physics_probes/pimd2_lambda09_5ps/p_cresol/output/Task5_MD_Transition_LIGAnnihilation_12__SYSTEM.ene,22382,ba13a5ed27bdf5e2e5ea0c19a55cbc322f0275bc1460f4d5e7914821f342406c
lambda09,0.9,pent-1-ene,YWAKXRMUMFPDSH-UHFFFAOYSA-N,conf.xml,,/home/galoren/Freecurve_AI_Solvation/results/physics_probes/pimd2_lambda09_5ps/pent_1_ene/conf.xml,15512,4d7ac9f3b1a6d7ac88124d952234b7316aa2e5b3c6b3f56e169e83beec820588
lambda09,0.9,pent-1-ene,YWAKXRMUMFPDSH-UHFFFAOYSA-N,console.txt,,/home/galoren/Freecurve_AI_Solvation/results/physics_probes/pimd2_lambda09_5ps/pent_1_ene/console.txt,41955,aa1ce8598018646db6b72bf6fa13de2509a3d43fbe0bb61152e4d1d21bcffc01
lambda09,0.9,pent-1-ene,YWAKXRMUMFPDSH-UHFFFAOYSA-N,timing.json,,/home/galoren/Freecurve_AI_Solvation/results/physics_probes/pimd2_lambda09_5ps/pent_1_ene/timing.json,372,9b8a96830101e91688669e34f8fa061693dd2bd94df091961a5a767478334028
lambda09,0.9,pent-1-ene,YWAKXRMUMFPDSH-UHFFFAOYSA-N,energy,lig_slv,/home/galoren/Freecurve_AI_Solvation/results/physics_probes/pimd2_lambda09_5ps/pent_1_ene/output/Task5_MD_Transition_LIGAnnihilation_12__LIG-SLV.ene,10769,354922e2782d8e918d23e05d1fa8c2a580b42f6fe383c0be630604086936bd58
lambda09,0.9,pent-1-ene,YWAKXRMUMFPDSH-UHFFFAOYSA-N,energy,lig,/home/galoren/Freecurve_AI_Solvation/results/physics_probes/pimd2_lambda09_5ps/pent_1_ene/output/Task5_MD_Transition_LIGAnnihilation_12__LIG.ene,25657,49b8de53e0a413a31381a69315f3172b3f02a1963ffe8255b08e917825e88986
lambda09,0.9,pent-1-ene,YWAKXRMUMFPDSH-UHFFFAOYSA-N,energy,system,/home/galoren/Freecurve_AI_Solvation/results/physics_probes/pimd2_lambda09_5ps/pent_1_ene/output/Task5_MD_Transition_LIGAnnihilation_12__SYSTEM.ene,22375,3e1291e715bbe358eb9d395dc0d5bff457074bc3fd1e71b1e0954ecedbfd2dce
lambda09,0.9,phenanthrene,YNPNZTXNASCQKK-UHFFFAOYSA-N,conf.xml,,/home/galoren/Freecurve_AI_Solvation/results/physics_probes/pimd2_lambda09_5ps/phenanthrene/conf.xml,15524,0444303def8ad7fdc74ed7e028b3bd8f41352f413a200425ee5570a0605e286a
lambda09,0.9,phenanthrene,YNPNZTXNASCQKK-UHFFFAOYSA-N,console.txt,,/home/galoren/Freecurve_AI_Solvation/results/physics_probes/pimd2_lambda09_5ps/phenanthrene/console.txt,40698,547bc6ede8f206ab078215fa2196d258734414c06e01e3182c17478d75069baa
lambda09,0.9,phenanthrene,YNPNZTXNASCQKK-UHFFFAOYSA-N,timing.json,,/home/galoren/Freecurve_AI_Solvation/results/physics_probes/pimd2_lambda09_5ps/phenanthrene/timing.json,376,f1c73e854976ab2d135e65a153af16e01673a7672e5e891181cf4b55df4c3c6a
lambda09,0.9,phenanthrene,YNPNZTXNASCQKK-UHFFFAOYSA-N,energy,lig_slv,/home/galoren/Freecurve_AI_Solvation/results/physics_probes/pimd2_lambda09_5ps/phenanthrene/output/Task5_MD_Transition_LIGAnnihilation_12__LIG-SLV.ene,10769,a6efdfd75ee471d787c0609541fd2e3483f8f6bf3dfb15a0270b95bdb65006ef
lambda09,0.9,phenanthrene,YNPNZTXNASCQKK-UHFFFAOYSA-N,energy,lig,/home/galoren/Freecurve_AI_Solvation/results/physics_probes/pimd2_lambda09_5ps/phenanthrene/output/Task5_MD_Transition_LIGAnnihilation_12__LIG.ene,25648,145be1a66a06d07c55b7f4ebd94c2222027c7bf900e81a157fb133df8b9970cf
lambda09,0.9,phenanthrene,YNPNZTXNASCQKK-UHFFFAOYSA-N,energy,system,/home/galoren/Freecurve_AI_Solvation/results/physics_probes/pimd2_lambda09_5ps/phenanthrene/output/Task5_MD_Transition_LIGAnnihilation_12__SYSTEM.ene,22387,030db7f1ff4c52948cc857d677cde6a62501cd41dcb78548896d5035e64ea7d0
lambda09,0.9,propionaldehyde,NBBJYMSMWIIQGU-UHFFFAOYSA-N,conf.xml,,/home/galoren/Freecurve_AI_Solvation/results/physics_probes/pimd2_lambda09_5ps/propionaldehyde/conf.xml,15540,1a03b571c118c62af7fbdeac831c0247c29a8c85e0a68624c547e36996108a66
lambda09,0.9,propionaldehyde,NBBJYMSMWIIQGU-UHFFFAOYSA-N,console.txt,,/home/galoren/Freecurve_AI_Solvation/results/physics_probes/pimd2_lambda09_5ps/propionaldehyde/console.txt,43080,bb555483039321f96f9925ffbe1e20b418cc5a07b0f29e1d47a299ce0b98af1d
lambda09,0.9,propionaldehyde,NBBJYMSMWIIQGU-UHFFFAOYSA-N,timing.json,,/home/galoren/Freecurve_AI_Solvation/results/physics_probes/pimd2_lambda09_5ps/propionaldehyde/timing.json,382,052d6fc9c2f61e3881cdbf143228ab83468cb55c259580be0738d39b7be6f7f2
lambda09,0.9,propionaldehyde,NBBJYMSMWIIQGU-UHFFFAOYSA-N,energy,lig_slv,/home/galoren/Freecurve_AI_Solvation/results/physics_probes/pimd2_lambda09_5ps/propionaldehyde/output/Task5_MD_Transition_LIGAnnihilation_12__LIG-SLV.ene,10769,656cd5d66a946ea3a22c925f779d62862f22e4f99b8ee5570db3d7f73b85c34b
lambda09,0.9,propionaldehyde,NBBJYMSMWIIQGU-UHFFFAOYSA-N,energy,lig,/home/galoren/Freecurve_AI_Solvation/results/physics_probes/pimd2_lambda09_5ps/propionaldehyde/output/Task5_MD_Transition_LIGAnnihilation_12__LIG.ene,25657,045150ba456855e2e27a17c68407e00caa54877e8b0b21db60516c942d5e026c
lambda09,0.9,propionaldehyde,NBBJYMSMWIIQGU-UHFFFAOYSA-N,energy,system,/home/galoren/Freecurve_AI_Solvation/results/physics_probes/pimd2_lambda09_5ps/propionaldehyde/output/Task5_MD_Transition_LIGAnnihilation_12__SYSTEM.ene,22384,f68ed7edf31722f4a0bcc614be142b146037997ac2c799713e24385baddae216
lambda09,0.9,propionicacid,XBDQKXXYIPTUBI-UHFFFAOYSA-N,conf.xml,,/home/galoren/Freecurve_AI_Solvation/results/physics_probes/pimd2_lambda09_5ps/propionicacid/conf.xml,15529,0e8d8ee31ed2fdaf485a9a4445de7c866d81e308fc42a6e6fe7fbd18664924eb
lambda09,0.9,propionicacid,XBDQKXXYIPTUBI-UHFFFAOYSA-N,console.txt,,/home/galoren/Freecurve_AI_Solvation/results/physics_probes/pimd2_lambda09_5ps/propionicacid/console.txt,40529,047e602f49820aec5c15999429650e2752f00f5c44901c6b0f510323ec4c8d57
lambda09,0.9,propionicacid,XBDQKXXYIPTUBI-UHFFFAOYSA-N,timing.json,,/home/galoren/Freecurve_AI_Solvation/results/physics_probes/pimd2_lambda09_5ps/propionicacid/timing.json,377,1339dea05e98b49212da3bf6ae60b2c8de8acf12e49479121284358a3640adc2
lambda09,0.9,propionicacid,XBDQKXXYIPTUBI-UHFFFAOYSA-N,energy,lig_slv,/home/galoren/Freecurve_AI_Solvation/results/physics_probes/pimd2_lambda09_5ps/propionicacid/output/Task5_MD_Transition_LIGAnnihilation_12__LIG-SLV.ene,10769,5c132556911f665c1a4cdb321f20b7b0c4556781056e1f5a2e4c776ced2d4194
lambda09,0.9,propionicacid,XBDQKXXYIPTUBI-UHFFFAOYSA-N,energy,lig,/home/galoren/Freecurve_AI_Solvation/results/physics_probes/pimd2_lambda09_5ps/propionicacid/output/Task5_MD_Transition_LIGAnnihilation_12__LIG.ene,25707,42fbc12dae52c44f7e5e81132753276c0a4182993ff4e92b953d462c7792c5b8
lambda09,0.9,propionicacid,XBDQKXXYIPTUBI-UHFFFAOYSA-N,energy,system,/home/galoren/Freecurve_AI_Solvation/results/physics_probes/pimd2_lambda09_5ps/propionicacid/output/Task5_MD_Transition_LIGAnnihilation_12__SYSTEM.ene,22382,c66e97bd08c3b71dada082187d2015c0664fdf465afdf35dff01a4cad4f0125d
lambda09,0.9,pyridine,JUJWROOIHBZHMG-UHFFFAOYSA-N,conf.xml,,/home/galoren/Freecurve_AI_Solvation/results/physics_probes/pimd2_lambda09_5ps/pyridine/conf.xml,15500,69a237114b788714ea6ae767785058382c4c17977bfb1e48b4cb7b414c80c9c6
lambda09,0.9,pyridine,JUJWROOIHBZHMG-UHFFFAOYSA-N,console.txt,,/home/galoren/Freecurve_AI_Solvation/results/physics_probes/pimd2_lambda09_5ps/pyridine/console.txt,39293,60cbda57b3efe5e50817dd4ce3363117020fa7aa2b4a67eeab06dc47cd7a52e0
lambda09,0.9,pyridine,JUJWROOIHBZHMG-UHFFFAOYSA-N,timing.json,,/home/galoren/Freecurve_AI_Solvation/results/physics_probes/pimd2_lambda09_5ps/pyridine/timing.json,367,159790d6b6e5618dc87c559b3ed732f12e2d442d639fb5adff818f851cbd223d
lambda09,0.9,pyridine,JUJWROOIHBZHMG-UHFFFAOYSA-N,energy,lig_slv,/home/galoren/Freecurve_AI_Solvation/results/physics_probes/pimd2_lambda09_5ps/pyridine/output/Task5_MD_Transition_LIGAnnihilation_12__LIG-SLV.ene,10769,b608f664b01890db0e126687d7db7b5d1e3a31c844913f41f8b912bb13616722
lambda09,0.9,pyridine,JUJWROOIHBZHMG-UHFFFAOYSA-N,energy,lig,/home/galoren/Freecurve_AI_Solvation/results/physics_probes/pimd2_lambda09_5ps/pyridine/output/Task5_MD_Transition_LIGAnnihilation_12__LIG.ene,25616,da6e1763fe174c30707e5300a41d1579892aeff8102f633c8ad11c1302e3ad04
lambda09,0.9,pyridine,JUJWROOIHBZHMG-UHFFFAOYSA-N,energy,system,/home/galoren/Freecurve_AI_Solvation/results/physics_probes/pimd2_lambda09_5ps/pyridine/output/Task5_MD_Transition_LIGAnnihilation_12__SYSTEM.ene,22372,2d2381e54168d2d371c4e9b82fa2bc7dfc2b6083a4991bb3a30e5594307e7803
lambda09,0.9,tetracene,IFLREYGFSNHWGE-UHFFFAOYSA-N,conf.xml,,/home/galoren/Freecurve_AI_Solvation/results/physics_probes/pimd2_lambda09_5ps/tetracene/conf.xml,15505,0af9c87ef8bb15b6f9e9b76c48a61a5d523349a7c3d9decd04e077e7aea84379
lambda09,0.9,tetracene,IFLREYGFSNHWGE-UHFFFAOYSA-N,console.txt,,/home/galoren/Freecurve_AI_Solvation/results/physics_probes/pimd2_lambda09_5ps/tetracene/console.txt,41772,0b2bfaab87d24f7ced18d9a17d1824f507a6b5e991058a711eef3b9222be3464
lambda09,0.9,tetracene,IFLREYGFSNHWGE-UHFFFAOYSA-N,timing.json,,/home/galoren/Freecurve_AI_Solvation/results/physics_probes/pimd2_lambda09_5ps/tetracene/timing.json,369,c40de07c138f018001a3131802f7b88f01a8175f75a6b43621bac8b051502ae0
lambda09,0.9,tetracene,IFLREYGFSNHWGE-UHFFFAOYSA-N,energy,lig_slv,/home/galoren/Freecurve_AI_Solvation/results/physics_probes/pimd2_lambda09_5ps/tetracene/output/Task5_MD_Transition_LIGAnnihilation_12__LIG-SLV.ene,10772,1cb322257cce2223b8ff8f7818059c4cdf4cf2f53c6c7fd4b1d76351589c33bb
lambda09,0.9,tetracene,IFLREYGFSNHWGE-UHFFFAOYSA-N,energy,lig,/home/galoren/Freecurve_AI_Solvation/results/physics_probes/pimd2_lambda09_5ps/tetracene/output/Task5_MD_Transition_LIGAnnihilation_12__LIG.ene,25642,53ab77d61d6a4c61239ed8cfc0e76d926552c280a28ab0ea3b8a06fbe8208bc5
lambda09,0.9,tetracene,IFLREYGFSNHWGE-UHFFFAOYSA-N,energy,system,/home/galoren/Freecurve_AI_Solvation/results/physics_probes/pimd2_lambda09_5ps/tetracene/output/Task5_MD_Transition_LIGAnnihilation_12__SYSTEM.ene,22373,fbe5d8a5ff4b21a28d2baa5fd3bbdc946427e0861ea5cc4bb0e9df8d47166fc0
lambda09,0.9,trimethylamine,GETQZCLCWQTVFV-UHFFFAOYSA-N,conf.xml,,/home/galoren/Freecurve_AI_Solvation/results/physics_probes/pimd2_lambda09_5ps/trimethylamine/conf.xml,15535,902862abbfd8ac7d8da5705239a80300a0d89b146f383a1789135a6c8a7a1cab
lambda09,0.9,trimethylamine,GETQZCLCWQTVFV-UHFFFAOYSA-N,console.txt,,/home/galoren/Freecurve_AI_Solvation/results/physics_probes/pimd2_lambda09_5ps/trimethylamine/console.txt,39339,e04c7abf413f066a19245287ef11e1633133fdd8200f91399c980bdc24c0c93d
lambda09,0.9,trimethylamine,GETQZCLCWQTVFV-UHFFFAOYSA-N,timing.json,,/home/galoren/Freecurve_AI_Solvation/results/physics_probes/pimd2_lambda09_5ps/trimethylamine/timing.json,379,4dbb915284e3f36930a461b233dd6e23526ae0d743961d7f7142a1da97b31299
lambda09,0.9,trimethylamine,GETQZCLCWQTVFV-UHFFFAOYSA-N,energy,lig_slv,/home/galoren/Freecurve_AI_Solvation/results/physics_probes/pimd2_lambda09_5ps/trimethylamine/output/Task5_MD_Transition_LIGAnnihilation_12__LIG-SLV.ene,10769,ac046b35beab62be8de08cc445f9c62f0747a572d5db351922b20cd0a8810b7e
lambda09,0.9,trimethylamine,GETQZCLCWQTVFV-UHFFFAOYSA-N,energy,lig,/home/galoren/Freecurve_AI_Solvation/results/physics_probes/pimd2_lambda09_5ps/trimethylamine/output/Task5_MD_Transition_LIGAnnihilation_12__LIG.ene,25652,53657f801a60ff8d27c57e6e2f1e91cd7d59e2bf03be1a94304a6dcefee2c8e4
lambda09,0.9,trimethylamine,GETQZCLCWQTVFV-UHFFFAOYSA-N,energy,system,/home/galoren/Freecurve_AI_Solvation/results/physics_probes/pimd2_lambda09_5ps/trimethylamine/output/Task5_MD_Transition_LIGAnnihilation_12__SYSTEM.ene,22372,2e82826445a1fcc0cd725955595b4e20ee81a76732431ec39dd016d2e52651aa
