molecule_name,method,total_windows,half_width_90_kcal_mol
Cyclohexane,fixed_solvai_bq,3,3.70323172243337
Cyclohexane,fixed_solvai_bq,4,3.6891397534769337
Cyclohexane,fixed_solvai_bq,5,3.6587295617095568
Cyclohexane,fixed_solvai_bq,6,3.0054598629148406
Cyclohexane,fixed_solvai_bq,7,2.5508180046131437
Cyclohexane,fixed_solvai_bq,8,2.550180032848098
Cyclohexane,fixed_solvai_bq,9,2.5285919322707673
Cyclohexane,fixed_solvai_bq,10,2.442137442919821
Cyclohexane,fixed_solvai_bq,11,2.375893346124376
Cyclohexane,fixed_solvai_bq,12,2.2320175458293616
Cyclohexane,fixed_solvai_bq,13,2.0104846607959046
Cyclohexane,fixed_solvai_bq,14,1.8613056059008763
Cyclohexane,fixed_solvai_bq,15,1.8187028126902474
Cyclohexane,uniform_solvai_bq,3,3.70323172243337
Cyclohexane,uniform_solvai_bq,4,3.0640125132727554
Cyclohexane,uniform_solvai_bq,5,2.622441887618875
Cyclohexane,uniform_solvai_bq,6,2.597160213467735
Cyclohexane,uniform_solvai_bq,7,2.5142431191876176
Cyclohexane,uniform_solvai_bq,8,2.450456746588403
Cyclohexane,uniform_solvai_bq,9,2.3106016812063874
Cyclohexane,uniform_solvai_bq,10,2.1197056960166405
Cyclohexane,uniform_solvai_bq,11,2.044838145021598
Cyclohexane,uniform_solvai_bq,12,1.9015204362178793
Cyclohexane,uniform_solvai_bq,13,1.898418523440104
Cyclohexane,uniform_solvai_bq,14,1.8508781811720934
Cyclohexane,uniform_solvai_bq,15,1.8187028126902476
Cyclohexane,curvature_solvai_bq,3,3.70323172243337
Cyclohexane,curvature_solvai_bq,4,3.348254525860996
Cyclohexane,curvature_solvai_bq,5,2.622441887618875
Cyclohexane,curvature_solvai_bq,6,2.4643348506980924
Cyclohexane,curvature_solvai_bq,7,2.338032450637227
Cyclohexane,curvature_solvai_bq,8,2.267516243548036
Cyclohexane,curvature_solvai_bq,9,2.1749228836035197
Cyclohexane,curvature_solvai_bq,10,2.1197056960166405
Cyclohexane,curvature_solvai_bq,11,1.984245526870685
Cyclohexane,curvature_solvai_bq,12,1.9015204362178788
Cyclohexane,curvature_solvai_bq,13,1.8540598580256442
Cyclohexane,curvature_solvai_bq,14,1.850878181172093
Cyclohexane,curvature_solvai_bq,15,1.8187028126902474
Cyclohexane,generic_bq,3,3.9106504068589847
Cyclohexane,generic_bq,4,3.2192593268673146
Cyclohexane,generic_bq,5,2.1138852360879445
Cyclohexane,generic_bq,6,1.9291942756243343
Cyclohexane,generic_bq,7,1.77477885152785
Cyclohexane,generic_bq,8,1.630268807241772
Cyclohexane,generic_bq,9,1.4557968687719762
Cyclohexane,generic_bq,10,1.3425026633583277
Cyclohexane,generic_bq,11,1.210180579983157
Cyclohexane,generic_bq,12,1.1678511159335572
Cyclohexane,generic_bq,13,1.062424281619692
Cyclohexane,generic_bq,14,1.0439767301062326
Cyclohexane,generic_bq,15,1.0330514114489182
Cyclohexane,active_solvai_bq,3,3.70323172243337
Cyclohexane,active_solvai_bq,4,3.348254525860996
Cyclohexane,active_solvai_bq,5,2.622441887618875
Cyclohexane,active_solvai_bq,6,2.5347577393624827
Cyclohexane,active_solvai_bq,7,2.4919212617773545
Cyclohexane,active_solvai_bq,8,2.4060791495468465
Cyclohexane,active_solvai_bq,9,2.260295448247897
Cyclohexane,active_solvai_bq,10,2.1815130158800153
Cyclohexane,active_solvai_bq,11,2.137938351639233
Cyclohexane,active_solvai_bq,12,1.9771122660796414
Cyclohexane,active_solvai_bq,13,1.8396770531289153
Cyclohexane,active_solvai_bq,14,1.8231024866472365
Cyclohexane,active_solvai_bq,15,1.8187028126902474
Cyclohexane,oracle_non_deployable,3,3.70323172243337
Cyclohexane,oracle_non_deployable,4,3.4293564776330125
Cyclohexane,oracle_non_deployable,5,3.38124489832328
Cyclohexane,oracle_non_deployable,6,3.156076661347181
Cyclohexane,oracle_non_deployable,7,3.1494431474929345
Cyclohexane,oracle_non_deployable,8,2.7110915961959856
Cyclohexane,oracle_non_deployable,9,2.4872337154171835
Cyclohexane,oracle_non_deployable,10,2.2351337209091047
Cyclohexane,oracle_non_deployable,11,2.2024286958968333
Cyclohexane,oracle_non_deployable,12,2.1007532698748017
Cyclohexane,oracle_non_deployable,13,1.9890772983481142
Cyclohexane,oracle_non_deployable,14,1.823102486647236
Cyclohexane,oracle_non_deployable,15,1.8187028126902474
Cyclohexane,random_solvai_bq,3,3.70323172243337
Cyclohexane,random_solvai_bq,4,3.6604200815152224
Cyclohexane,random_solvai_bq,5,3.6571118115717693
Cyclohexane,random_solvai_bq,6,3.297255539265273
Cyclohexane,random_solvai_bq,7,2.937145505515322
Cyclohexane,random_solvai_bq,8,2.7830422453761274
Cyclohexane,random_solvai_bq,9,2.483347616167998
Cyclohexane,random_solvai_bq,10,2.3364548610677778
Cyclohexane,random_solvai_bq,11,2.275792147049451
Cyclohexane,random_solvai_bq,12,2.203734452231013
Cyclohexane,random_solvai_bq,13,1.8396770531289148
Cyclohexane,random_solvai_bq,14,1.823102486647236
Cyclohexane,random_solvai_bq,15,1.8187028126902474
Cyclohexane,random_solvai_bq,3,3.70323172243337
Cyclohexane,random_solvai_bq,4,3.6891397534769337
Cyclohexane,random_solvai_bq,5,3.6045512459689477
Cyclohexane,random_solvai_bq,6,3.5588785116624644
Cyclohexane,random_solvai_bq,7,3.3910728007931352
Cyclohexane,random_solvai_bq,8,3.3885381872851275
Cyclohexane,random_solvai_bq,9,3.1222904904457067
Cyclohexane,random_solvai_bq,10,2.7470592395282845
Cyclohexane,random_solvai_bq,11,2.6240678277894127
Cyclohexane,random_solvai_bq,12,2.0674741325357973
Cyclohexane,random_solvai_bq,13,1.9616996318735245
Cyclohexane,random_solvai_bq,14,1.9568027480260164
Cyclohexane,random_solvai_bq,15,1.8187028126902474
Cyclohexane,random_solvai_bq,3,3.70323172243337
Cyclohexane,random_solvai_bq,4,3.6189726103037647
Cyclohexane,random_solvai_bq,5,3.322237388548875
Cyclohexane,random_solvai_bq,6,3.095024231342338
Cyclohexane,random_solvai_bq,7,2.5511546731138455
Cyclohexane,random_solvai_bq,8,2.333136285422091
Cyclohexane,random_solvai_bq,9,2.26459049598083
Cyclohexane,random_solvai_bq,10,2.2413860585843026
Cyclohexane,random_solvai_bq,11,2.076315749478552
Cyclohexane,random_solvai_bq,12,1.9697789177888794
Cyclohexane,random_solvai_bq,13,1.8858896682027422
Cyclohexane,random_solvai_bq,14,1.8353171097453775
Cyclohexane,random_solvai_bq,15,1.8187028126902474
Cyclohexane,random_solvai_bq,3,3.70323172243337
Cyclohexane,random_solvai_bq,4,3.6891397534769337
Cyclohexane,random_solvai_bq,5,3.526660328286172
Cyclohexane,random_solvai_bq,6,3.2530290731879377
Cyclohexane,random_solvai_bq,7,3.216397162533646
Cyclohexane,random_solvai_bq,8,3.1995015486113503
Cyclohexane,random_solvai_bq,9,3.02830063224065
Cyclohexane,random_solvai_bq,10,2.9803977200818546
Cyclohexane,random_solvai_bq,11,2.925914195911961
Cyclohexane,random_solvai_bq,12,2.6179810769418834
Cyclohexane,random_solvai_bq,13,1.964345647508524
Cyclohexane,random_solvai_bq,14,1.9632953920691936
Cyclohexane,random_solvai_bq,15,1.8187028126902474
Cyclohexane,random_solvai_bq,3,3.70323172243337
Cyclohexane,random_solvai_bq,4,3.0640125132727554
Cyclohexane,random_solvai_bq,5,2.961621873783676
Cyclohexane,random_solvai_bq,6,2.927811427001628
Cyclohexane,random_solvai_bq,7,2.8796847067580895
Cyclohexane,random_solvai_bq,8,2.8061443453355333
Cyclohexane,random_solvai_bq,9,2.7726988243199595
Cyclohexane,random_solvai_bq,10,2.3633268638058698
Cyclohexane,random_solvai_bq,11,2.1231413353226154
Cyclohexane,random_solvai_bq,12,1.948403207919237
Cyclohexane,random_solvai_bq,13,1.932761144292725
Cyclohexane,random_solvai_bq,14,1.8508781811720934
Cyclohexane,random_solvai_bq,15,1.8187028126902474
Cyclohexane,random_solvai_bq,3,3.70323172243337
Cyclohexane,random_solvai_bq,4,3.0640125132727554
Cyclohexane,random_solvai_bq,5,3.0121292955538506
Cyclohexane,random_solvai_bq,6,2.905861468244291
Cyclohexane,random_solvai_bq,7,2.8713945879860097
Cyclohexane,random_solvai_bq,8,2.848756616582336
Cyclohexane,random_solvai_bq,9,2.755158882830178
Cyclohexane,random_solvai_bq,10,2.751203620941801
Cyclohexane,random_solvai_bq,11,2.4894023984766953
Cyclohexane,random_solvai_bq,12,2.487022691259399
Cyclohexane,random_solvai_bq,13,2.0838618032341847
Cyclohexane,random_solvai_bq,14,1.9055552774136215
Cyclohexane,random_solvai_bq,15,1.8187028126902474
Cyclohexane,random_solvai_bq,3,3.70323172243337
Cyclohexane,random_solvai_bq,4,3.6189726103037647
Cyclohexane,random_solvai_bq,5,3.6045512459689477
Cyclohexane,random_solvai_bq,6,3.602166901299496
Cyclohexane,random_solvai_bq,7,3.556463546948744
Cyclohexane,random_solvai_bq,8,2.882505027022629
Cyclohexane,random_solvai_bq,9,2.848055271888327
Cyclohexane,random_solvai_bq,10,2.442366774747546
Cyclohexane,random_solvai_bq,11,2.3614162943859545
Cyclohexane,random_solvai_bq,12,2.2458527411324773
Cyclohexane,random_solvai_bq,13,2.2421889782488664
Cyclohexane,random_solvai_bq,14,2.002904245279353
Cyclohexane,random_solvai_bq,15,1.8187028126902474
Cyclohexane,random_solvai_bq,3,3.70323172243337
Cyclohexane,random_solvai_bq,4,3.4293564776330125
Cyclohexane,random_solvai_bq,5,3.3829969003441915
Cyclohexane,random_solvai_bq,6,3.005560939235875
Cyclohexane,random_solvai_bq,7,2.817164559019151
Cyclohexane,random_solvai_bq,8,2.7451577672379837
Cyclohexane,random_solvai_bq,9,2.4879005746126874
Cyclohexane,random_solvai_bq,10,2.156981294956495
Cyclohexane,random_solvai_bq,11,1.9964942067619271
Cyclohexane,random_solvai_bq,12,1.9951895873587377
Cyclohexane,random_solvai_bq,13,1.8775430003830407
Cyclohexane,random_solvai_bq,14,1.8613056059008757
Cyclohexane,random_solvai_bq,15,1.8187028126902474
Cyclohexane,random_solvai_bq,3,3.70323172243337
Cyclohexane,random_solvai_bq,4,3.0640125132727554
Cyclohexane,random_solvai_bq,5,3.031346504100138
Cyclohexane,random_solvai_bq,6,3.009911784304171
Cyclohexane,random_solvai_bq,7,2.9214820417834604
Cyclohexane,random_solvai_bq,8,2.4736791096957513
Cyclohexane,random_solvai_bq,9,2.377864788747405
Cyclohexane,random_solvai_bq,10,2.3488312465923458
Cyclohexane,random_solvai_bq,11,2.118346765068359
Cyclohexane,random_solvai_bq,12,2.1156211895751165
Cyclohexane,random_solvai_bq,13,2.032508337381382
Cyclohexane,random_solvai_bq,14,2.002904245279353
Cyclohexane,random_solvai_bq,15,1.8187028126902474
Cyclohexane,random_solvai_bq,3,3.70323172243337
Cyclohexane,random_solvai_bq,4,3.6604200815152224
Cyclohexane,random_solvai_bq,5,3.2966183630053774
Cyclohexane,random_solvai_bq,6,3.2257518113037107
Cyclohexane,random_solvai_bq,7,3.209564102708395
Cyclohexane,random_solvai_bq,8,3.125041043504091
Cyclohexane,random_solvai_bq,9,2.9828670818945477
Cyclohexane,random_solvai_bq,10,2.6819289993756295
Cyclohexane,random_solvai_bq,11,2.679174806837697
Cyclohexane,random_solvai_bq,12,2.2688038224868867
Cyclohexane,random_solvai_bq,13,2.1962267945159564
Cyclohexane,random_solvai_bq,14,2.1876211693747822
Cyclohexane,random_solvai_bq,15,1.818702812690247
Cyclohexane,random_solvai_bq,3,3.70323172243337
Cyclohexane,random_solvai_bq,4,3.5018466855764627
Cyclohexane,random_solvai_bq,5,3.4565418392887315
Cyclohexane,random_solvai_bq,6,3.4413968196941407
Cyclohexane,random_solvai_bq,7,3.0444992958980035
Cyclohexane,random_solvai_bq,8,3.041718957665091
Cyclohexane,random_solvai_bq,9,3.0408894304003815
Cyclohexane,random_solvai_bq,10,2.485884677055759
Cyclohexane,random_solvai_bq,11,2.2629589448018055
Cyclohexane,random_solvai_bq,12,2.1134618384931776
Cyclohexane,random_solvai_bq,13,1.9799170791904113
Cyclohexane,random_solvai_bq,14,1.8613056059008763
Cyclohexane,random_solvai_bq,15,1.8187028126902474
Cyclohexane,random_solvai_bq,3,3.70323172243337
Cyclohexane,random_solvai_bq,4,3.5018466855764627
Cyclohexane,random_solvai_bq,5,3.4565418392887315
Cyclohexane,random_solvai_bq,6,2.978894482507085
Cyclohexane,random_solvai_bq,7,2.9570795824598153
Cyclohexane,random_solvai_bq,8,2.7170525582156566
Cyclohexane,random_solvai_bq,9,2.6154036216076655
Cyclohexane,random_solvai_bq,10,2.6143317545766944
Cyclohexane,random_solvai_bq,11,2.234657451744067
Cyclohexane,random_solvai_bq,12,2.122181530517287
Cyclohexane,random_solvai_bq,13,1.908645166836066
Cyclohexane,random_solvai_bq,14,1.9055552774136215
Cyclohexane,random_solvai_bq,15,1.8187028126902474
Cyclohexane,random_solvai_bq,3,3.70323172243337
Cyclohexane,random_solvai_bq,4,3.672938207359475
Cyclohexane,random_solvai_bq,5,3.0273292958576903
Cyclohexane,random_solvai_bq,6,3.0182080582287556
Cyclohexane,random_solvai_bq,7,2.904576725578181
Cyclohexane,random_solvai_bq,8,2.699584150555585
Cyclohexane,random_solvai_bq,9,2.684716364147073
Cyclohexane,random_solvai_bq,10,2.6476502105085484
Cyclohexane,random_solvai_bq,11,2.276657971505818
Cyclohexane,random_solvai_bq,12,2.159925488379798
Cyclohexane,random_solvai_bq,13,2.132091655700059
Cyclohexane,random_solvai_bq,14,1.9632953920691936
Cyclohexane,random_solvai_bq,15,1.8187028126902476
Cyclohexane,random_solvai_bq,3,3.70323172243337
Cyclohexane,random_solvai_bq,4,3.0640125132727554
Cyclohexane,random_solvai_bq,5,3.031346504100138
Cyclohexane,random_solvai_bq,6,2.5809617449789544
Cyclohexane,random_solvai_bq,7,2.51358461441455
Cyclohexane,random_solvai_bq,8,2.4200507868749135
Cyclohexane,random_solvai_bq,9,2.41636503746468
Cyclohexane,random_solvai_bq,10,2.327735863625066
Cyclohexane,random_solvai_bq,11,2.134797854681929
Cyclohexane,random_solvai_bq,12,2.0905799763990918
Cyclohexane,random_solvai_bq,13,2.0759955819625238
Cyclohexane,random_solvai_bq,14,1.9055552774136215
Cyclohexane,random_solvai_bq,15,1.8187028126902474
Cyclohexane,random_solvai_bq,3,3.70323172243337
Cyclohexane,random_solvai_bq,4,3.4293564776330125
Cyclohexane,random_solvai_bq,5,3.057648856992883
Cyclohexane,random_solvai_bq,6,3.005560939235875
Cyclohexane,random_solvai_bq,7,2.817164559019151
Cyclohexane,random_solvai_bq,8,2.7511051224004563
Cyclohexane,random_solvai_bq,9,2.7237050071680016
Cyclohexane,random_solvai_bq,10,2.6596485627766286
Cyclohexane,random_solvai_bq,11,2.1230572791215274
Cyclohexane,random_solvai_bq,12,2.108534037779849
Cyclohexane,random_solvai_bq,13,2.0800148188729937
Cyclohexane,random_solvai_bq,14,1.9315805525649812
Cyclohexane,random_solvai_bq,15,1.8187028126902474
Cyclohexane,random_solvai_bq,3,3.70323172243337
Cyclohexane,random_solvai_bq,4,3.5413988369526
Cyclohexane,random_solvai_bq,5,3.526660328286172
Cyclohexane,random_solvai_bq,6,3.43904250280834
Cyclohexane,random_solvai_bq,7,3.1805684189611068
Cyclohexane,random_solvai_bq,8,3.049287685708381
Cyclohexane,random_solvai_bq,9,2.9828670818945477
Cyclohexane,random_solvai_bq,10,2.979985305029056
Cyclohexane,random_solvai_bq,11,2.1194146532001352
Cyclohexane,random_solvai_bq,12,2.115935800316878
Cyclohexane,random_solvai_bq,13,2.013271613198075
Cyclohexane,random_solvai_bq,14,1.9055552774136215
Cyclohexane,random_solvai_bq,15,1.8187028126902476
Cyclohexane,random_solvai_bq,3,3.70323172243337
Cyclohexane,random_solvai_bq,4,3.4988469284491575
Cyclohexane,random_solvai_bq,5,3.4363929524759755
Cyclohexane,random_solvai_bq,6,2.7354924605139237
Cyclohexane,random_solvai_bq,7,2.725394592112146
Cyclohexane,random_solvai_bq,8,2.6416527673189285
Cyclohexane,random_solvai_bq,9,2.584331532317887
Cyclohexane,random_solvai_bq,10,2.288398565483006
Cyclohexane,random_solvai_bq,11,2.2593429662647155
Cyclohexane,random_solvai_bq,12,2.2458527411324773
Cyclohexane,random_solvai_bq,13,2.2421889782488664
Cyclohexane,random_solvai_bq,14,1.9848576628127639
Cyclohexane,random_solvai_bq,15,1.8187028126902474
Cyclohexane,random_solvai_bq,3,3.70323172243337
Cyclohexane,random_solvai_bq,4,3.699961732128635
Cyclohexane,random_solvai_bq,5,3.4953857381943365
Cyclohexane,random_solvai_bq,6,3.4490456935709592
Cyclohexane,random_solvai_bq,7,3.2317040147125375
Cyclohexane,random_solvai_bq,8,2.7097540179260085
Cyclohexane,random_solvai_bq,9,2.686913346491796
Cyclohexane,random_solvai_bq,10,2.4043001278142717
Cyclohexane,random_solvai_bq,11,2.3873137032027225
Cyclohexane,random_solvai_bq,12,2.3579319459602983
Cyclohexane,random_solvai_bq,13,2.242188978248867
Cyclohexane,random_solvai_bq,14,2.002904245279353
Cyclohexane,random_solvai_bq,15,1.8187028126902476
Cyclohexane,random_solvai_bq,3,3.70323172243337
Cyclohexane,random_solvai_bq,4,3.699961732128635
Cyclohexane,random_solvai_bq,5,3.5379793402967006
Cyclohexane,random_solvai_bq,6,3.2237952559879557
Cyclohexane,random_solvai_bq,7,2.942854918124189
Cyclohexane,random_solvai_bq,8,2.895428481643347
Cyclohexane,random_solvai_bq,9,2.508217783057391
Cyclohexane,random_solvai_bq,10,2.3628782445242416
Cyclohexane,random_solvai_bq,11,2.351269940972648
Cyclohexane,random_solvai_bq,12,2.283440869001319
Cyclohexane,random_solvai_bq,13,1.9327611442927246
Cyclohexane,random_solvai_bq,14,1.9055552774136215
Cyclohexane,random_solvai_bq,15,1.8187028126902474
Cyclohexane,random_solvai_bq,3,3.70323172243337
Cyclohexane,random_solvai_bq,4,3.5413988369526
Cyclohexane,random_solvai_bq,5,3.336131460463882
Cyclohexane,random_solvai_bq,6,3.13724416700656
Cyclohexane,random_solvai_bq,7,3.0871437920414024
Cyclohexane,random_solvai_bq,8,3.066408249899944
Cyclohexane,random_solvai_bq,9,2.970083786303719
Cyclohexane,random_solvai_bq,10,2.943662110162244
Cyclohexane,random_solvai_bq,11,2.0712717680131623
Cyclohexane,random_solvai_bq,12,2.0578654018357376
Cyclohexane,random_solvai_bq,13,1.9474370999454065
Cyclohexane,random_solvai_bq,14,1.931580552564982
Cyclohexane,random_solvai_bq,15,1.8187028126902476
Octane,fixed_solvai_bq,3,3.872343266081384
Octane,fixed_solvai_bq,4,3.8556849111030367
Octane,fixed_solvai_bq,5,3.754296242934342
Octane,fixed_solvai_bq,6,3.0953366839096086
Octane,fixed_solvai_bq,7,2.568026624987986
Octane,fixed_solvai_bq,8,2.5652032381738787
Octane,fixed_solvai_bq,9,2.4524288294556746
Octane,fixed_solvai_bq,10,2.358916885870292
Octane,fixed_solvai_bq,11,2.2847772054632185
Octane,fixed_solvai_bq,12,2.194039551078192
Octane,fixed_solvai_bq,13,1.9980839110237174
Octane,fixed_solvai_bq,14,1.8069357750897708
Octane,fixed_solvai_bq,15,1.7195065061405719
Octane,uniform_solvai_bq,3,3.872343266081384
Octane,uniform_solvai_bq,4,3.241861571846388
Octane,uniform_solvai_bq,5,2.745047869411393
Octane,uniform_solvai_bq,6,2.7162955463982463
Octane,uniform_solvai_bq,7,2.6404807852965004
Octane,uniform_solvai_bq,8,2.57535206628874
Octane,uniform_solvai_bq,9,2.4951415159017496
Octane,uniform_solvai_bq,10,2.3088188940559777
Octane,uniform_solvai_bq,11,2.128950123377981
Octane,uniform_solvai_bq,12,1.9515587909605676
Octane,uniform_solvai_bq,13,1.935269538924229
Octane,uniform_solvai_bq,14,1.813087388392838
Octane,uniform_solvai_bq,15,1.7195065061405719
Octane,curvature_solvai_bq,3,3.872343266081384
Octane,curvature_solvai_bq,4,3.241861571846388
Octane,curvature_solvai_bq,5,2.745047869411393
Octane,curvature_solvai_bq,6,2.685263040016661
Octane,curvature_solvai_bq,7,2.6231349052381345
Octane,curvature_solvai_bq,8,2.5446479759779406
Octane,curvature_solvai_bq,9,2.3622385206055427
Octane,curvature_solvai_bq,10,2.1867679682466563
Octane,curvature_solvai_bq,11,2.0434895954398615
Octane,curvature_solvai_bq,12,1.8973973299785243
Octane,curvature_solvai_bq,13,1.8304653489232259
Octane,curvature_solvai_bq,14,1.7378202239548908
Octane,curvature_solvai_bq,15,1.7195065061405719
Octane,generic_bq,3,4.090459490836895
Octane,generic_bq,4,3.353492878782368
Octane,generic_bq,5,2.3059592408562906
Octane,generic_bq,6,2.09032528972721
Octane,generic_bq,7,1.9768142312785855
Octane,generic_bq,8,1.850922886789442
Octane,generic_bq,9,1.694184226559449
Octane,generic_bq,10,1.5832555436037763
Octane,generic_bq,11,1.247034377988438
Octane,generic_bq,12,1.1204574332207995
Octane,generic_bq,13,1.008763769393831
Octane,generic_bq,14,0.997811614723033
Octane,generic_bq,15,0.9940029786983642
Octane,active_solvai_bq,3,3.872343266081384
Octane,active_solvai_bq,4,3.241861571846388
Octane,active_solvai_bq,5,2.745047869411393
Octane,active_solvai_bq,6,2.5444758311740956
Octane,active_solvai_bq,7,2.5003629040412942
Octane,active_solvai_bq,8,2.412750638082081
Octane,active_solvai_bq,9,2.3216959237098838
Octane,active_solvai_bq,10,2.096029528625224
Octane,active_solvai_bq,11,2.023984129692828
Octane,active_solvai_bq,12,1.8988669704767398
Octane,active_solvai_bq,13,1.7331334419867914
Octane,active_solvai_bq,14,1.7285093523105939
Octane,active_solvai_bq,15,1.7195065061405719
Octane,oracle_non_deployable,3,3.872343266081384
Octane,oracle_non_deployable,4,3.6602104764018164
Octane,oracle_non_deployable,5,3.416624569957936
Octane,oracle_non_deployable,6,3.143866101312182
Octane,oracle_non_deployable,7,2.9385432000417846
Octane,oracle_non_deployable,8,2.6777686895601915
Octane,oracle_non_deployable,9,2.538137404953858
Octane,oracle_non_deployable,10,2.478871229831963
Octane,oracle_non_deployable,11,2.147244619304635
Octane,oracle_non_deployable,12,2.1435141185344597
Octane,oracle_non_deployable,13,2.0097455837765605
Octane,oracle_non_deployable,14,1.7285093523105939
Octane,oracle_non_deployable,15,1.7195065061405719
Octane,random_solvai_bq,3,3.872343266081384
Octane,random_solvai_bq,4,3.692298042060398
Octane,random_solvai_bq,5,3.5980133252379805
Octane,random_solvai_bq,6,2.9086620607967464
Octane,random_solvai_bq,7,2.7316170545417435
Octane,random_solvai_bq,8,2.7027282319887185
Octane,random_solvai_bq,9,2.2651879965938035
Octane,random_solvai_bq,10,2.2165924902725256
Octane,random_solvai_bq,11,2.0949630132656605
Octane,random_solvai_bq,12,2.079919872186059
Octane,random_solvai_bq,13,1.9654490252271766
Octane,random_solvai_bq,14,1.8857545970938978
Octane,random_solvai_bq,15,1.7195065061405719
Octane,random_solvai_bq,3,3.872343266081384
Octane,random_solvai_bq,4,3.692298042060398
Octane,random_solvai_bq,5,3.451083951374798
Octane,random_solvai_bq,6,3.4371372288714896
Octane,random_solvai_bq,7,3.335648330900696
Octane,random_solvai_bq,8,3.00631632222001
Octane,random_solvai_bq,9,2.835284954758021
Octane,random_solvai_bq,10,2.7853290150915635
Octane,random_solvai_bq,11,2.423941326262435
Octane,random_solvai_bq,12,2.2217801612675183
Octane,random_solvai_bq,13,2.2185336854401925
Octane,random_solvai_bq,14,2.0857822488288376
Octane,random_solvai_bq,15,1.7195065061405719
Octane,random_solvai_bq,3,3.872343266081384
Octane,random_solvai_bq,4,3.6602104764018164
Octane,random_solvai_bq,5,3.3686083930781314
Octane,random_solvai_bq,6,3.1005021530544017
Octane,random_solvai_bq,7,3.024915435341493
Octane,random_solvai_bq,8,2.8446572236498437
Octane,random_solvai_bq,9,2.266377068388036
Octane,random_solvai_bq,10,2.0780175524766467
Octane,random_solvai_bq,11,2.0440280251364147
Octane,random_solvai_bq,12,1.8904935319199956
Octane,random_solvai_bq,13,1.7331334419867914
Octane,random_solvai_bq,14,1.72415474033509
Octane,random_solvai_bq,15,1.719506506140572
Octane,random_solvai_bq,3,3.872343266081384
Octane,random_solvai_bq,4,3.6602104764018164
Octane,random_solvai_bq,5,3.5500914628051032
Octane,random_solvai_bq,6,3.536632413357256
Octane,random_solvai_bq,7,3.2302318578741844
Octane,random_solvai_bq,8,3.2246889080964616
Octane,random_solvai_bq,9,3.089780217120992
Octane,random_solvai_bq,10,2.2390368496085946
Octane,random_solvai_bq,11,2.1286431077595465
Octane,random_solvai_bq,12,2.056219430071987
Octane,random_solvai_bq,13,1.9436413614394943
Octane,random_solvai_bq,14,1.8551986377234886
Octane,random_solvai_bq,15,1.7195065061405714
Octane,random_solvai_bq,3,3.872343266081384
Octane,random_solvai_bq,4,3.692298042060398
Octane,random_solvai_bq,5,3.331975244522631
Octane,random_solvai_bq,6,3.217934065086098
Octane,random_solvai_bq,7,3.181743796077561
Octane,random_solvai_bq,8,3.1667196017948758
Octane,random_solvai_bq,9,2.8798634612995158
Octane,random_solvai_bq,10,2.8219878554055113
Octane,random_solvai_bq,11,2.81567939510272
Octane,random_solvai_bq,12,2.4209671086228823
Octane,random_solvai_bq,13,2.215294860897333
Octane,random_solvai_bq,14,1.877601921708257
Octane,random_solvai_bq,15,1.7195065061405719
Octane,random_solvai_bq,3,3.872343266081384
Octane,random_solvai_bq,4,3.771402460142596
Octane,random_solvai_bq,5,3.754296242934342
Octane,random_solvai_bq,6,3.5172941960924122
Octane,random_solvai_bq,7,3.011143578799923
Octane,random_solvai_bq,8,2.8533324328292924
Octane,random_solvai_bq,9,2.3041302412794282
Octane,random_solvai_bq,10,2.186885049222788
Octane,random_solvai_bq,11,2.05903140467654
Octane,random_solvai_bq,12,1.967289419248241
Octane,random_solvai_bq,13,1.824371125249874
Octane,random_solvai_bq,14,1.7378202239548908
Octane,random_solvai_bq,15,1.7195065061405719
Octane,random_solvai_bq,3,3.872343266081384
Octane,random_solvai_bq,4,3.8556849111030367
Octane,random_solvai_bq,5,3.8553706057449424
Octane,random_solvai_bq,6,3.449648030838985
Octane,random_solvai_bq,7,3.179290972798568
Octane,random_solvai_bq,8,3.0082825688986374
Octane,random_solvai_bq,9,2.932670150489426
Octane,random_solvai_bq,10,2.8413141030773903
Octane,random_solvai_bq,11,2.258610104161338
Octane,random_solvai_bq,12,2.0114567890535167
Octane,random_solvai_bq,13,1.8918761687252825
Octane,random_solvai_bq,14,1.883655557400515
Octane,random_solvai_bq,15,1.7195065061405719
Octane,random_solvai_bq,3,3.872343266081384
Octane,random_solvai_bq,4,3.6957488074336076
Octane,random_solvai_bq,5,3.5614045254728746
Octane,random_solvai_bq,6,3.5432846283428763
Octane,random_solvai_bq,7,3.136814123477611
Octane,random_solvai_bq,8,3.1324879587555117
Octane,random_solvai_bq,9,2.7718515623686533
Octane,random_solvai_bq,10,2.7190399385094404
Octane,random_solvai_bq,11,2.5500562912613454
Octane,random_solvai_bq,12,2.157445675641061
Octane,random_solvai_bq,13,1.7965959732214543
Octane,random_solvai_bq,14,1.7378202239548908
Octane,random_solvai_bq,15,1.719506506140572
Octane,random_solvai_bq,3,3.872343266081384
Octane,random_solvai_bq,4,3.241861571846388
Octane,random_solvai_bq,5,2.745047869411393
Octane,random_solvai_bq,6,2.598420121231819
Octane,random_solvai_bq,7,2.4013783543699696
Octane,random_solvai_bq,8,2.3545662339632445
Octane,random_solvai_bq,9,2.324422983376419
Octane,random_solvai_bq,10,2.233648967928281
Octane,random_solvai_bq,11,2.1167916813743775
Octane,random_solvai_bq,12,2.110634494968634
Octane,random_solvai_bq,13,2.0366225469420534
Octane,random_solvai_bq,14,1.8836555574005145
Octane,random_solvai_bq,15,1.7195065061405719
Octane,random_solvai_bq,3,3.872343266081384
Octane,random_solvai_bq,4,3.241861571846388
Octane,random_solvai_bq,5,3.0245131123439872
Octane,random_solvai_bq,6,2.99150235948794
Octane,random_solvai_bq,7,2.9677938110758753
Octane,random_solvai_bq,8,2.5041799667516518
Octane,random_solvai_bq,9,2.3854772725028557
Octane,random_solvai_bq,10,2.339399703642314
Octane,random_solvai_bq,11,2.1708076979046864
Octane,random_solvai_bq,12,2.0934328525511723
Octane,random_solvai_bq,13,2.089602942692904
Octane,random_solvai_bq,14,1.8551986377234888
Octane,random_solvai_bq,15,1.7195065061405719
Octane,random_solvai_bq,3,3.872343266081384
Octane,random_solvai_bq,4,3.6602104764018164
Octane,random_solvai_bq,5,3.647157820067463
Octane,random_solvai_bq,6,3.4025365828539127
Octane,random_solvai_bq,7,3.28378726413068
Octane,random_solvai_bq,8,2.7888187110239704
Octane,random_solvai_bq,9,2.585771057068176
Octane,random_solvai_bq,10,2.4549767317322453
Octane,random_solvai_bq,11,2.328088430159826
Octane,random_solvai_bq,12,2.266719557185563
Octane,random_solvai_bq,13,2.2631866515460186
Octane,random_solvai_bq,14,1.8857545970938983
Octane,random_solvai_bq,15,1.7195065061405719
Octane,random_solvai_bq,3,3.872343266081384
Octane,random_solvai_bq,4,3.643078402124659
Octane,random_solvai_bq,5,3.4547848177709795
Octane,random_solvai_bq,6,2.9957658656988624
Octane,random_solvai_bq,7,2.96991844483753
Octane,random_solvai_bq,8,2.3605998040607385
Octane,random_solvai_bq,9,2.287453175604685
Octane,random_solvai_bq,10,2.2846285008958254
Octane,random_solvai_bq,11,2.101526406741992
Octane,random_solvai_bq,12,2.0376461328731574
Octane,random_solvai_bq,13,1.8862556377443
Octane,random_solvai_bq,14,1.877601921708257
Octane,random_solvai_bq,15,1.7195065061405719
Octane,random_solvai_bq,3,3.872343266081384
Octane,random_solvai_bq,4,3.42682546110967
Octane,random_solvai_bq,5,3.2275544582344544
Octane,random_solvai_bq,6,3.2261005779949836
Octane,random_solvai_bq,7,3.171829948558861
Octane,random_solvai_bq,8,3.070913057950766
Octane,random_solvai_bq,9,3.0498805085720226
Octane,random_solvai_bq,10,2.6915096244323777
Octane,random_solvai_bq,11,2.5913980792764546
Octane,random_solvai_bq,12,2.180543226450636
Octane,random_solvai_bq,13,2.1085389249276605
Octane,random_solvai_bq,14,1.7378202239548903
Octane,random_solvai_bq,15,1.7195065061405719
Octane,random_solvai_bq,3,3.872343266081384
Octane,random_solvai_bq,4,3.468606537044884
Octane,random_solvai_bq,5,3.2952952304061296
Octane,random_solvai_bq,6,3.0861584265009636
Octane,random_solvai_bq,7,2.754669981110546
Octane,random_solvai_bq,8,2.6793531622578044
Octane,random_solvai_bq,9,2.3593188855760343
Octane,random_solvai_bq,10,2.3562618721940227
Octane,random_solvai_bq,11,2.2888825469927285
Octane,random_solvai_bq,12,2.225407144971098
Octane,random_solvai_bq,13,1.8634179012774819
Octane,random_solvai_bq,14,1.8551986377234893
Octane,random_solvai_bq,15,1.7195065061405719
Octane,random_solvai_bq,3,3.872343266081384
Octane,random_solvai_bq,4,3.42682546110967
Octane,random_solvai_bq,5,3.1634368091592995
Octane,random_solvai_bq,6,3.14821565687428
Octane,random_solvai_bq,7,3.016622747669074
Octane,random_solvai_bq,8,2.4698518657042148
Octane,random_solvai_bq,9,2.46461380236461
Octane,random_solvai_bq,10,2.381776067005581
Octane,random_solvai_bq,11,2.2811347983884285
Octane,random_solvai_bq,12,2.2219312721052478
Octane,random_solvai_bq,13,2.029638340880721
Octane,random_solvai_bq,14,1.883655557400515
Octane,random_solvai_bq,15,1.7195065061405719
Octane,random_solvai_bq,3,3.872343266081384
Octane,random_solvai_bq,4,3.8600080053981403
Octane,random_solvai_bq,5,3.219180844458253
Octane,random_solvai_bq,6,3.0970243032723377
Octane,random_solvai_bq,7,3.0656554991443206
Octane,random_solvai_bq,8,2.4698518657042148
Octane,random_solvai_bq,9,2.3070473284081054
Octane,random_solvai_bq,10,2.301395721776752
Octane,random_solvai_bq,11,2.1756830342089235
Octane,random_solvai_bq,12,2.082456114624978
Octane,random_solvai_bq,13,1.9694607946605804
Octane,random_solvai_bq,14,1.8130873883928385
Octane,random_solvai_bq,15,1.7195065061405719
Octane,random_solvai_bq,3,3.872343266081384
Octane,random_solvai_bq,4,3.771402460142596
Octane,random_solvai_bq,5,3.3537668140449246
Octane,random_solvai_bq,6,3.221762730257117
Octane,random_solvai_bq,7,3.173218647359197
Octane,random_solvai_bq,8,3.0971604338182774
Octane,random_solvai_bq,9,3.0817239947674535
Octane,random_solvai_bq,10,3.0102785821578975
Octane,random_solvai_bq,11,2.1163477861073963
Octane,random_solvai_bq,12,2.00630402353627
Octane,random_solvai_bq,13,1.8899939426837118
Octane,random_solvai_bq,14,1.8857545970938978
Octane,random_solvai_bq,15,1.719506506140572
Octane,random_solvai_bq,3,3.872343266081384
Octane,random_solvai_bq,4,3.7494162339656105
Octane,random_solvai_bq,5,3.429121527322215
Octane,random_solvai_bq,6,3.3130534102959595
Octane,random_solvai_bq,7,3.226481682553458
Octane,random_solvai_bq,8,3.2064697252743675
Octane,random_solvai_bq,9,3.012162153272215
Octane,random_solvai_bq,10,2.9553379852910284
Octane,random_solvai_bq,11,2.591398079276455
Octane,random_solvai_bq,12,2.590906450544282
Octane,random_solvai_bq,13,2.530592500633132
Octane,random_solvai_bq,14,2.0857822488288376
Octane,random_solvai_bq,15,1.719506506140572
Octane,random_solvai_bq,3,3.872343266081384
Octane,random_solvai_bq,4,3.771402460142596
Octane,random_solvai_bq,5,3.505340833390297
Octane,random_solvai_bq,6,3.2727653593697106
Octane,random_solvai_bq,7,2.7693395418275344
Octane,random_solvai_bq,8,2.6801030964946735
Octane,random_solvai_bq,9,2.6210650754151845
Octane,random_solvai_bq,10,2.4208393243014763
Octane,random_solvai_bq,11,2.235325285858648
Octane,random_solvai_bq,12,2.1854893776462943
Octane,random_solvai_bq,13,2.163542403392837
Octane,random_solvai_bq,14,1.813087388392838
Octane,random_solvai_bq,15,1.719506506140572
Octane,random_solvai_bq,3,3.872343266081384
Octane,random_solvai_bq,4,3.6602104764018164
Octane,random_solvai_bq,5,3.343457330328492
Octane,random_solvai_bq,6,3.2427842470618304
Octane,random_solvai_bq,7,3.1931436430259255
Octane,random_solvai_bq,8,3.0316217986322544
Octane,random_solvai_bq,9,3.010314732819869
Octane,random_solvai_bq,10,2.1218399499517098
Octane,random_solvai_bq,11,2.025034335762646
Octane,random_solvai_bq,12,1.9112861379083612
Octane,random_solvai_bq,13,1.9024710669417124
Octane,random_solvai_bq,14,1.8857545970938978
Octane,random_solvai_bq,15,1.7195065061405719
Octanol,fixed_solvai_bq,3,4.058276790865473
Octanol,fixed_solvai_bq,4,4.037095734626263
Octanol,fixed_solvai_bq,5,3.9517160108206784
Octanol,fixed_solvai_bq,6,3.385529372021089
Octanol,fixed_solvai_bq,7,2.877477657779599
Octanol,fixed_solvai_bq,8,2.8635499567995986
Octanol,fixed_solvai_bq,9,2.7315055074011707
Octanol,fixed_solvai_bq,10,2.6599004413572707
Octanol,fixed_solvai_bq,11,2.500565194243015
Octanol,fixed_solvai_bq,12,2.313404541766519
Octanol,fixed_solvai_bq,13,2.2339274337976427
Octanol,fixed_solvai_bq,14,2.2215372832751226
Octanol,fixed_solvai_bq,15,2.150299430539462
Octanol,uniform_solvai_bq,3,4.058276790865473
Octanol,uniform_solvai_bq,4,3.512084185195721
Octanol,uniform_solvai_bq,5,3.0277652524782144
Octanol,uniform_solvai_bq,6,2.996080686976186
Octanol,uniform_solvai_bq,7,2.9334471724349274
Octanol,uniform_solvai_bq,8,2.7897131284544243
Octanol,uniform_solvai_bq,9,2.6227853294952705
Octanol,uniform_solvai_bq,10,2.5452598596993123
Octanol,uniform_solvai_bq,11,2.4025327810889414
Octanol,uniform_solvai_bq,12,2.3908880175621854
Octanol,uniform_solvai_bq,13,2.3711306473844154
Octanol,uniform_solvai_bq,14,2.2659185251483605
Octanol,uniform_solvai_bq,15,2.1502994305394623
Octanol,curvature_solvai_bq,3,4.058276790865473
Octanol,curvature_solvai_bq,4,3.512084185195721
Octanol,curvature_solvai_bq,5,3.0277652524782144
Octanol,curvature_solvai_bq,6,2.972223227442229
Octanol,curvature_solvai_bq,7,2.8548256180357923
Octanol,curvature_solvai_bq,8,2.666579137160932
Octanol,curvature_solvai_bq,9,2.5903651694154033
Octanol,curvature_solvai_bq,10,2.450266837142323
Octanol,curvature_solvai_bq,11,2.3463880882999804
Octanol,curvature_solvai_bq,12,2.296495539599898
Octanol,curvature_solvai_bq,13,2.2865850655014133
Octanol,curvature_solvai_bq,14,2.1720663599887216
Octanol,curvature_solvai_bq,15,2.1502994305394623
Octanol,generic_bq,3,4.122707395584516
Octanol,generic_bq,4,3.382439057737837
Octanol,generic_bq,5,2.3658768331304425
Octanol,generic_bq,6,2.2498009558118026
Octanol,generic_bq,7,2.1350074219369906
Octanol,generic_bq,8,1.9759942242953727
Octanol,generic_bq,9,1.8252490627658748
Octanol,generic_bq,10,1.7400036274733424
Octanol,generic_bq,11,1.5076270105166234
Octanol,generic_bq,12,1.3665875808981514
Octanol,generic_bq,13,1.3511301417609263
Octanol,generic_bq,14,1.3215083135389727
Octanol,generic_bq,15,1.3205186311476123
Octanol,active_solvai_bq,3,4.058276790865473
Octanol,active_solvai_bq,4,3.6483222716106023
Octanol,active_solvai_bq,5,3.027765252478214
Octanol,active_solvai_bq,6,2.921463073159403
Octanol,active_solvai_bq,7,2.799718961879747
Octanol,active_solvai_bq,8,2.717130005925682
Octanol,active_solvai_bq,9,2.5395225050539394
Octanol,active_solvai_bq,10,2.2952641152668845
Octanol,active_solvai_bq,11,2.244321080350286
Octanol,active_solvai_bq,12,2.1838208569283797
Octanol,active_solvai_bq,13,2.1730892105127677
Octanol,active_solvai_bq,14,2.151243196299834
Octanol,active_solvai_bq,15,2.150299430539462
Octanol,oracle_non_deployable,3,4.058276790865473
Octanol,oracle_non_deployable,4,3.512084185195721
Octanol,oracle_non_deployable,5,3.4046754883138672
Octanol,oracle_non_deployable,6,3.355277917242018
Octanol,oracle_non_deployable,7,2.9106509242497234
Octanol,oracle_non_deployable,8,2.7843451382869486
Octanol,oracle_non_deployable,9,2.7745581989163597
Octanol,oracle_non_deployable,10,2.579818717129422
Octanol,oracle_non_deployable,11,2.534601436943861
Octanol,oracle_non_deployable,12,2.4298648844557262
Octanol,oracle_non_deployable,13,2.410347177055486
Octanol,oracle_non_deployable,14,2.151243196299834
Octanol,oracle_non_deployable,15,2.1502994305394623
Octanol,random_solvai_bq,3,4.058276790865473
Octanol,random_solvai_bq,4,3.9733522334316946
Octanol,random_solvai_bq,5,3.879411235016204
Octanol,random_solvai_bq,6,3.7892732305828343
Octanol,random_solvai_bq,7,3.766579758280472
Octanol,random_solvai_bq,8,3.4035857121127497
Octanol,random_solvai_bq,9,3.372479407567051
Octanol,random_solvai_bq,10,3.3161700236528686
Octanol,random_solvai_bq,11,2.8915525732829686
Octanol,random_solvai_bq,12,2.8799359128209594
Octanol,random_solvai_bq,13,2.470008229382856
Octanol,random_solvai_bq,14,2.363150718018872
Octanol,random_solvai_bq,15,2.150299430539462
Octanol,random_solvai_bq,3,4.058276790865473
Octanol,random_solvai_bq,4,3.9733522334316946
Octanol,random_solvai_bq,5,3.6311893219141713
Octanol,random_solvai_bq,6,3.607942169585883
Octanol,random_solvai_bq,7,3.5981471457473932
Octanol,random_solvai_bq,8,3.485131974982118
Octanol,random_solvai_bq,9,3.0168838403980294
Octanol,random_solvai_bq,10,2.975155168760733
Octanol,random_solvai_bq,11,2.968316720406332
Octanol,random_solvai_bq,12,2.736463083577204
Octanol,random_solvai_bq,13,2.4700635347577
Octanol,random_solvai_bq,14,2.3631507180188716
Octanol,random_solvai_bq,15,2.150299430539462
Octanol,random_solvai_bq,3,4.058276790865473
Octanol,random_solvai_bq,4,4.037095734626263
Octanol,random_solvai_bq,5,3.93207973357091
Octanol,random_solvai_bq,6,3.5364006350621824
Octanol,random_solvai_bq,7,3.1357552924552694
Octanol,random_solvai_bq,8,2.940012755291466
Octanol,random_solvai_bq,9,2.928588293116509
Octanol,random_solvai_bq,10,2.693333029965427
Octanol,random_solvai_bq,11,2.6921760062593947
Octanol,random_solvai_bq,12,2.6824422326524697
Octanol,random_solvai_bq,13,2.410251921656427
Octanol,random_solvai_bq,14,2.2086669368808214
Octanol,random_solvai_bq,15,2.150299430539462
Octanol,random_solvai_bq,3,4.058276790865473
Octanol,random_solvai_bq,4,3.6483222716106023
Octanol,random_solvai_bq,5,3.6393025371992986
Octanol,random_solvai_bq,6,3.542067253337341
Octanol,random_solvai_bq,7,3.449364405561343
Octanol,random_solvai_bq,8,2.975563821284076
Octanol,random_solvai_bq,9,2.870709925723531
Octanol,random_solvai_bq,10,2.8412382027928227
Octanol,random_solvai_bq,11,2.605705414695977
Octanol,random_solvai_bq,12,2.5025642773359977
Octanol,random_solvai_bq,13,2.4822673450306607
Octanol,random_solvai_bq,14,2.4302993659697205
Octanol,random_solvai_bq,15,2.1502994305394623
Octanol,random_solvai_bq,3,4.058276790865473
Octanol,random_solvai_bq,4,3.965694323451996
Octanol,random_solvai_bq,5,3.62275480031877
Octanol,random_solvai_bq,6,3.5994531679138175
Octanol,random_solvai_bq,7,3.5115887727868116
Octanol,random_solvai_bq,8,3.5015242233691466
Octanol,random_solvai_bq,9,3.3348152353045073
Octanol,random_solvai_bq,10,3.3344537090668553
Octanol,random_solvai_bq,11,3.3060462770480665
Octanol,random_solvai_bq,12,2.951835284641626
Octanol,random_solvai_bq,13,2.863502012770094
Octanol,random_solvai_bq,14,2.4673901624929973
Octanol,random_solvai_bq,15,2.150299430539462
Octanol,random_solvai_bq,3,4.058276790865473
Octanol,random_solvai_bq,4,3.965694323451996
Octanol,random_solvai_bq,5,3.9440160910605333
Octanol,random_solvai_bq,6,3.8639922049490636
Octanol,random_solvai_bq,7,3.7770204932815576
Octanol,random_solvai_bq,8,3.7681745775975557
Octanol,random_solvai_bq,9,3.7437140927921706
Octanol,random_solvai_bq,10,3.1381217068735676
Octanol,random_solvai_bq,11,2.703002718598531
Octanol,random_solvai_bq,12,2.630611214448896
Octanol,random_solvai_bq,13,2.530544454890453
Octanol,random_solvai_bq,14,2.3811362090529298
Octanol,random_solvai_bq,15,2.1502994305394614
Octanol,random_solvai_bq,3,4.058276790865473
Octanol,random_solvai_bq,4,3.965694323451996
Octanol,random_solvai_bq,5,3.8861168665434813
Octanol,random_solvai_bq,6,3.799651608660058
Octanol,random_solvai_bq,7,3.7770204932815576
Octanol,random_solvai_bq,8,3.7681745775975557
Octanol,random_solvai_bq,9,3.7437140927921706
Octanol,random_solvai_bq,10,3.3780893384532886
Octanol,random_solvai_bq,11,2.968316720406332
Octanol,random_solvai_bq,12,2.780323675588351
Octanol,random_solvai_bq,13,2.3802814347010517
Octanol,random_solvai_bq,14,2.2704871531402233
Octanol,random_solvai_bq,15,2.150299430539462
Octanol,random_solvai_bq,3,4.058276790865473
Octanol,random_solvai_bq,4,3.6483222716106023
Octanol,random_solvai_bq,5,3.625264864380167
Octanol,random_solvai_bq,6,3.5278806674098964
Octanol,random_solvai_bq,7,3.4417700378075096
Octanol,random_solvai_bq,8,3.4341968612985334
Octanol,random_solvai_bq,9,3.3558564399847475
Octanol,random_solvai_bq,10,3.3453355420812474
Octanol,random_solvai_bq,11,2.9185789681951935
Octanol,random_solvai_bq,12,2.87993591282096
Octanol,random_solvai_bq,13,2.470008229382856
Octanol,random_solvai_bq,14,2.2704871531402233
Octanol,random_solvai_bq,15,2.1502994305394614
Octanol,random_solvai_bq,3,4.058276790865473
Octanol,random_solvai_bq,4,3.6483222716106023
Octanol,random_solvai_bq,5,3.6393025371992986
Octanol,random_solvai_bq,6,3.0169101547716926
Octanol,random_solvai_bq,7,2.898870017949067
Octanol,random_solvai_bq,8,2.8408075344334893
Octanol,random_solvai_bq,9,2.8002122453897877
Octanol,random_solvai_bq,10,2.783264761725062
Octanol,random_solvai_bq,11,2.7182942136758736
Octanol,random_solvai_bq,12,2.5883469897492786
Octanol,random_solvai_bq,13,2.5305444548904537
Octanol,random_solvai_bq,14,2.363150718018872
Octanol,random_solvai_bq,15,2.1502994305394623
Octanol,random_solvai_bq,3,4.058276790865473
Octanol,random_solvai_bq,4,3.512084185195721
Octanol,random_solvai_bq,5,3.237217275790606
Octanol,random_solvai_bq,6,3.0824840997774308
Octanol,random_solvai_bq,7,2.847698365086888
Octanol,random_solvai_bq,8,2.4846721581449644
Octanol,random_solvai_bq,9,2.4792832012123185
Octanol,random_solvai_bq,10,2.4408641074871418
Octanol,random_solvai_bq,11,2.365708651682311
Octanol,random_solvai_bq,12,2.254972346057057
Octanol,random_solvai_bq,13,2.2339274337976427
Octanol,random_solvai_bq,14,2.1611504792625635
Octanol,random_solvai_bq,15,2.150299430539462
Octanol,random_solvai_bq,3,4.058276790865473
Octanol,random_solvai_bq,4,3.888766030742437
Octanol,random_solvai_bq,5,3.4587675720640396
Octanol,random_solvai_bq,6,3.3642590664905425
Octanol,random_solvai_bq,7,3.3047633978819175
Octanol,random_solvai_bq,8,2.7843451382869477
Octanol,random_solvai_bq,9,2.525257338158315
Octanol,random_solvai_bq,10,2.47952153518442
Octanol,random_solvai_bq,11,2.4757773048871523
Octanol,random_solvai_bq,12,2.456592696993931
Octanol,random_solvai_bq,13,2.2339274337976427
Octanol,random_solvai_bq,14,2.221537283275122
Octanol,random_solvai_bq,15,2.150299430539462
Octanol,random_solvai_bq,3,4.058276790865473
Octanol,random_solvai_bq,4,3.6483222716106023
Octanol,random_solvai_bq,5,3.625264864380167
Octanol,random_solvai_bq,6,3.6155280085378765
Octanol,random_solvai_bq,7,3.224340968440979
Octanol,random_solvai_bq,8,3.1681654485990176
Octanol,random_solvai_bq,9,2.9967959614927753
Octanol,random_solvai_bq,10,2.7689870343899186
Octanol,random_solvai_bq,11,2.638403696594913
Octanol,random_solvai_bq,12,2.3828719576903286
Octanol,random_solvai_bq,13,2.2339274337976427
Octanol,random_solvai_bq,14,2.221537283275122
Octanol,random_solvai_bq,15,2.1502994305394614
Octanol,random_solvai_bq,3,4.058276790865473
Octanol,random_solvai_bq,4,4.024838528230947
Octanol,random_solvai_bq,5,3.8538571387257368
Octanol,random_solvai_bq,6,3.749741598830894
Octanol,random_solvai_bq,7,3.307380651759922
Octanol,random_solvai_bq,8,3.2075866879331114
Octanol,random_solvai_bq,9,3.1716865669225425
Octanol,random_solvai_bq,10,2.6938014105126897
Octanol,random_solvai_bq,11,2.648535680813764
Octanol,random_solvai_bq,12,2.5491726360868823
Octanol,random_solvai_bq,13,2.382988114885318
Octanol,random_solvai_bq,14,2.172066359988721
Octanol,random_solvai_bq,15,2.1502994305394623
Octanol,random_solvai_bq,3,4.058276790865473
Octanol,random_solvai_bq,4,3.7239250564909816
Octanol,random_solvai_bq,5,3.4170839543978317
Octanol,random_solvai_bq,6,3.350163798207314
Octanol,random_solvai_bq,7,3.237352954169172
Octanol,random_solvai_bq,8,3.2050674728057267
Octanol,random_solvai_bq,9,2.757606946248855
Octanol,random_solvai_bq,10,2.715321372967804
Octanol,random_solvai_bq,11,2.697928693700665
Octanol,random_solvai_bq,12,2.563100536365624
Octanol,random_solvai_bq,13,2.4248201587660856
Octanol,random_solvai_bq,14,2.363150718018872
Octanol,random_solvai_bq,15,2.150299430539462
Octanol,random_solvai_bq,3,4.058276790865473
Octanol,random_solvai_bq,4,4.037095734626263
Octanol,random_solvai_bq,5,3.93207973357091
Octanol,random_solvai_bq,6,3.7844735369344544
Octanol,random_solvai_bq,7,3.7135897678205296
Octanol,random_solvai_bq,8,3.328439212755809
Octanol,random_solvai_bq,9,2.629960074519741
Octanol,random_solvai_bq,10,2.486482936525138
Octanol,random_solvai_bq,11,2.4703367566395484
Octanol,random_solvai_bq,12,2.4608733853945814
Octanol,random_solvai_bq,13,2.4600434395062725
Octanol,random_solvai_bq,14,2.2704871531402233
Octanol,random_solvai_bq,15,2.1502994305394614
Octanol,random_solvai_bq,3,4.058276790865473
Octanol,random_solvai_bq,4,3.6483222716106023
Octanol,random_solvai_bq,5,3.449829397733169
Octanol,random_solvai_bq,6,3.4254361493168934
Octanol,random_solvai_bq,7,3.3646980510066746
Octanol,random_solvai_bq,8,3.1467868322237313
Octanol,random_solvai_bq,9,2.6042289016985065
Octanol,random_solvai_bq,10,2.586367215528154
Octanol,random_solvai_bq,11,2.5398100758459234
Octanol,random_solvai_bq,12,2.531406673746515
Octanol,random_solvai_bq,13,2.3819937558275983
Octanol,random_solvai_bq,14,2.1512431962998337
Octanol,random_solvai_bq,15,2.1502994305394614
Octanol,random_solvai_bq,3,4.058276790865473
Octanol,random_solvai_bq,4,3.832001412760892
Octanol,random_solvai_bq,5,3.810055822597027
Octanol,random_solvai_bq,6,3.7194301430287777
Octanol,random_solvai_bq,7,3.2641490456878874
Octanol,random_solvai_bq,8,2.9595916268051194
Octanol,random_solvai_bq,9,2.8320235620042875
Octanol,random_solvai_bq,10,2.8193568904203814
Octanol,random_solvai_bq,11,2.581812075025451
Octanol,random_solvai_bq,12,2.562142841872362
Octanol,random_solvai_bq,13,2.4936638092388566
Octanol,random_solvai_bq,14,2.430299365969721
Octanol,random_solvai_bq,15,2.150299430539462
Octanol,random_solvai_bq,3,4.058276790865473
Octanol,random_solvai_bq,4,4.024838528230947
Octanol,random_solvai_bq,5,4.003480565486978
Octanol,random_solvai_bq,6,3.4457929614270175
Octanol,random_solvai_bq,7,3.3493606246139063
Octanol,random_solvai_bq,8,3.2462462148688953
Octanol,random_solvai_bq,9,3.136263579554408
Octanol,random_solvai_bq,10,2.676459202495588
Octanol,random_solvai_bq,11,2.496133754602345
Octanol,random_solvai_bq,12,2.3908880175621854
Octanol,random_solvai_bq,13,2.242612966458557
Octanol,random_solvai_bq,14,2.1720663599887216
Octanol,random_solvai_bq,15,2.150299430539462
Octanol,random_solvai_bq,3,4.058276790865473
Octanol,random_solvai_bq,4,3.965694323451996
Octanol,random_solvai_bq,5,3.7388865484450453
Octanol,random_solvai_bq,6,3.554084190493907
Octanol,random_solvai_bq,7,3.530400811295109
Octanol,random_solvai_bq,8,3.332920253057749
Octanol,random_solvai_bq,9,2.8416753501847585
Octanol,random_solvai_bq,10,2.799788510463285
Octanol,random_solvai_bq,11,2.781666485938139
Octanol,random_solvai_bq,12,2.778629369949105
Octanol,random_solvai_bq,13,2.709946687862785
Octanol,random_solvai_bq,14,2.4673901624929973
Octanol,random_solvai_bq,15,2.1502994305394623
Octanol,random_solvai_bq,3,4.058276790865473
Octanol,random_solvai_bq,4,4.037561191566256
Octanol,random_solvai_bq,5,3.810055822597027
Octanol,random_solvai_bq,6,3.535267562631482
Octanol,random_solvai_bq,7,3.4356350994427616
Octanol,random_solvai_bq,8,3.424967906709726
Octanol,random_solvai_bq,9,2.9471409070588197
Octanol,random_solvai_bq,10,2.8412382027928227
Octanol,random_solvai_bq,11,2.746957703871445
Octanol,random_solvai_bq,12,2.341861429316708
Octanol,random_solvai_bq,13,2.3258125341834828
Octanol,random_solvai_bq,14,2.2704871531402233
Octanol,random_solvai_bq,15,2.150299430539462
AceticAcid,fixed_solvai_bq,3,3.8825772089136565
AceticAcid,fixed_solvai_bq,4,3.8729296212137108
AceticAcid,fixed_solvai_bq,5,3.8542641639213158
AceticAcid,fixed_solvai_bq,6,3.0319104672172688
AceticAcid,fixed_solvai_bq,7,2.2526014932423837
AceticAcid,fixed_solvai_bq,8,2.1837137713812362
AceticAcid,fixed_solvai_bq,9,2.181063878441566
AceticAcid,fixed_solvai_bq,10,2.0424926021581102
AceticAcid,fixed_solvai_bq,11,1.7962209733929253
AceticAcid,fixed_solvai_bq,12,1.6784062264821475
AceticAcid,fixed_solvai_bq,13,1.5607446677433328
AceticAcid,fixed_solvai_bq,14,1.4417702214037025
AceticAcid,fixed_solvai_bq,15,1.2893413161901184
AceticAcid,uniform_solvai_bq,3,3.8825772089136565
AceticAcid,uniform_solvai_bq,4,3.068960012655444
AceticAcid,uniform_solvai_bq,5,2.308429351786986
AceticAcid,uniform_solvai_bq,6,2.2906404564516016
AceticAcid,uniform_solvai_bq,7,2.1640073110827767
AceticAcid,uniform_solvai_bq,8,1.9331497238246371
AceticAcid,uniform_solvai_bq,9,1.8224858393689347
AceticAcid,uniform_solvai_bq,10,1.7350860747324004
AceticAcid,uniform_solvai_bq,11,1.6699523202888968
AceticAcid,uniform_solvai_bq,12,1.5638171400895544
AceticAcid,uniform_solvai_bq,13,1.4559331084418967
AceticAcid,uniform_solvai_bq,14,1.3107752698346413
AceticAcid,uniform_solvai_bq,15,1.289341316190118
AceticAcid,curvature_solvai_bq,3,3.8825772089136565
AceticAcid,curvature_solvai_bq,4,3.068960012655444
AceticAcid,curvature_solvai_bq,5,2.967741115064533
AceticAcid,curvature_solvai_bq,6,2.827833196015248
AceticAcid,curvature_solvai_bq,7,1.9589182166751882
AceticAcid,curvature_solvai_bq,8,1.849851055998534
AceticAcid,curvature_solvai_bq,9,1.8036569437471808
AceticAcid,curvature_solvai_bq,10,1.6997791617570588
AceticAcid,curvature_solvai_bq,11,1.5033954884780811
AceticAcid,curvature_solvai_bq,12,1.4870520179944655
AceticAcid,curvature_solvai_bq,13,1.4452399432627427
AceticAcid,curvature_solvai_bq,14,1.4100304317561583
AceticAcid,curvature_solvai_bq,15,1.289341316190118
AceticAcid,generic_bq,3,3.970652460458151
AceticAcid,generic_bq,4,3.1260923794391253
AceticAcid,generic_bq,5,1.9378857047177012
AceticAcid,generic_bq,6,1.8323588697354094
AceticAcid,generic_bq,7,1.7129860617804546
AceticAcid,generic_bq,8,1.5345055132035268
AceticAcid,generic_bq,9,1.280582289811517
AceticAcid,generic_bq,10,1.069468496381624
AceticAcid,generic_bq,11,0.9622115107131499
AceticAcid,generic_bq,12,0.7974046969036553
AceticAcid,generic_bq,13,0.7271238546806889
AceticAcid,generic_bq,14,0.7125350370318467
AceticAcid,generic_bq,15,0.6962992581961481
AceticAcid,active_solvai_bq,3,3.8825772089136565
AceticAcid,active_solvai_bq,4,3.068960012655444
AceticAcid,active_solvai_bq,5,2.308429351786986
AceticAcid,active_solvai_bq,6,2.158319411767174
AceticAcid,active_solvai_bq,7,1.9589182166751882
AceticAcid,active_solvai_bq,8,1.7918182120411856
AceticAcid,active_solvai_bq,9,1.6431310800542602
AceticAcid,active_solvai_bq,10,1.5197540146467043
AceticAcid,active_solvai_bq,11,1.5048811507792577
AceticAcid,active_solvai_bq,12,1.3639430943331963
AceticAcid,active_solvai_bq,13,1.314653747816509
AceticAcid,active_solvai_bq,14,1.3062633425724999
AceticAcid,active_solvai_bq,15,1.289341316190118
AceticAcid,oracle_non_deployable,3,3.8825772089136565
AceticAcid,oracle_non_deployable,4,3.5183554734908347
AceticAcid,oracle_non_deployable,5,3.3152410506117236
AceticAcid,oracle_non_deployable,6,3.298664691708371
AceticAcid,oracle_non_deployable,7,2.9345764230778655
AceticAcid,oracle_non_deployable,8,2.934216480288825
AceticAcid,oracle_non_deployable,9,2.2603756832298276
AceticAcid,oracle_non_deployable,10,2.002910961441402
AceticAcid,oracle_non_deployable,11,1.6611305711979105
AceticAcid,oracle_non_deployable,12,1.5334635360391335
AceticAcid,oracle_non_deployable,13,1.4232900640415624
AceticAcid,oracle_non_deployable,14,1.4105658224557194
AceticAcid,oracle_non_deployable,15,1.2893413161901184
AceticAcid,random_solvai_bq,3,3.8825772089136565
AceticAcid,random_solvai_bq,4,3.5183554734908347
AceticAcid,random_solvai_bq,5,2.9779993735622092
AceticAcid,random_solvai_bq,6,2.7350432363146053
AceticAcid,random_solvai_bq,7,2.570705258842496
AceticAcid,random_solvai_bq,8,2.477763514303723
AceticAcid,random_solvai_bq,9,2.4574569598670593
AceticAcid,random_solvai_bq,10,2.396649777673447
AceticAcid,random_solvai_bq,11,2.3853365128797788
AceticAcid,random_solvai_bq,12,1.9462653096243698
AceticAcid,random_solvai_bq,13,1.6209522430153143
AceticAcid,random_solvai_bq,14,1.5170967350293212
AceticAcid,random_solvai_bq,15,1.2893413161901182
AceticAcid,random_solvai_bq,3,3.8825772089136565
AceticAcid,random_solvai_bq,4,3.8386537476252007
AceticAcid,random_solvai_bq,5,3.622910788562022
AceticAcid,random_solvai_bq,6,3.4752867904458706
AceticAcid,random_solvai_bq,7,2.8349316076407605
AceticAcid,random_solvai_bq,8,2.306367673655884
AceticAcid,random_solvai_bq,9,2.1003500773422616
AceticAcid,random_solvai_bq,10,2.042623693953626
AceticAcid,random_solvai_bq,11,1.837605319255864
AceticAcid,random_solvai_bq,12,1.441478915199518
AceticAcid,random_solvai_bq,13,1.418349671957645
AceticAcid,random_solvai_bq,14,1.297841079152128
AceticAcid,random_solvai_bq,15,1.2893413161901184
AceticAcid,random_solvai_bq,3,3.8825772089136565
AceticAcid,random_solvai_bq,4,3.068960012655444
AceticAcid,random_solvai_bq,5,3.051516309508431
AceticAcid,random_solvai_bq,6,2.9898929001964816
AceticAcid,random_solvai_bq,7,2.890986877308824
AceticAcid,random_solvai_bq,8,2.8841493223572248
AceticAcid,random_solvai_bq,9,2.1568328483088597
AceticAcid,random_solvai_bq,10,1.9060846047901823
AceticAcid,random_solvai_bq,11,1.5478731947031041
AceticAcid,random_solvai_bq,12,1.487692552988189
AceticAcid,random_solvai_bq,13,1.4802827964974203
AceticAcid,random_solvai_bq,14,1.441770221403702
AceticAcid,random_solvai_bq,15,1.2893413161901182
AceticAcid,random_solvai_bq,3,3.8825772089136565
AceticAcid,random_solvai_bq,4,3.868803666237039
AceticAcid,random_solvai_bq,5,3.051516309508431
AceticAcid,random_solvai_bq,6,2.274622055541945
AceticAcid,random_solvai_bq,7,2.15077851747646
AceticAcid,random_solvai_bq,8,1.9401672620137773
AceticAcid,random_solvai_bq,9,1.8603166542800036
AceticAcid,random_solvai_bq,10,1.8338444099411901
AceticAcid,random_solvai_bq,11,1.8179633772628214
AceticAcid,random_solvai_bq,12,1.808146897935312
AceticAcid,random_solvai_bq,13,1.7154060937137188
AceticAcid,random_solvai_bq,14,1.3360444711494912
AceticAcid,random_solvai_bq,15,1.289341316190118
AceticAcid,random_solvai_bq,3,3.8825772089136565
AceticAcid,random_solvai_bq,4,3.699514025154511
AceticAcid,random_solvai_bq,5,3.6577113651569233
AceticAcid,random_solvai_bq,6,3.594772350640807
AceticAcid,random_solvai_bq,7,3.587241247766038
AceticAcid,random_solvai_bq,8,3.539654867547527
AceticAcid,random_solvai_bq,9,3.124359913860771
AceticAcid,random_solvai_bq,10,2.607651114742312
AceticAcid,random_solvai_bq,11,2.6016509792927764
AceticAcid,random_solvai_bq,12,2.5329206830901727
AceticAcid,random_solvai_bq,13,1.6945939878189056
AceticAcid,random_solvai_bq,14,1.297841079152128
AceticAcid,random_solvai_bq,15,1.2893413161901177
AceticAcid,random_solvai_bq,3,3.8825772089136565
AceticAcid,random_solvai_bq,4,3.669417520665421
AceticAcid,random_solvai_bq,5,3.654749819564274
AceticAcid,random_solvai_bq,6,3.417681738160393
AceticAcid,random_solvai_bq,7,3.1170155788005123
AceticAcid,random_solvai_bq,8,3.0951995692713834
AceticAcid,random_solvai_bq,9,3.0931329047572773
AceticAcid,random_solvai_bq,10,3.081014332292996
AceticAcid,random_solvai_bq,11,3.073818567812614
AceticAcid,random_solvai_bq,12,3.028229014952619
AceticAcid,random_solvai_bq,13,1.8486427168927737
AceticAcid,random_solvai_bq,14,1.6004399958720141
AceticAcid,random_solvai_bq,15,1.2893413161901173
AceticAcid,random_solvai_bq,3,3.8825772089136565
AceticAcid,random_solvai_bq,4,3.863958356088922
AceticAcid,random_solvai_bq,5,3.0453709232680906
AceticAcid,random_solvai_bq,6,3.045039239015855
AceticAcid,random_solvai_bq,7,2.983282040705245
AceticAcid,random_solvai_bq,8,2.765581638131353
AceticAcid,random_solvai_bq,9,2.4547793815928314
AceticAcid,random_solvai_bq,10,2.336059175367462
AceticAcid,random_solvai_bq,11,2.1535823854393406
AceticAcid,random_solvai_bq,12,1.7214285069736035
AceticAcid,random_solvai_bq,13,1.7154060937137183
AceticAcid,random_solvai_bq,14,1.3360444711494914
AceticAcid,random_solvai_bq,15,1.2893413161901177
AceticAcid,random_solvai_bq,3,3.8825772089136565
AceticAcid,random_solvai_bq,4,3.863958356088922
AceticAcid,random_solvai_bq,5,3.8636969414304025
AceticAcid,random_solvai_bq,6,3.8540020917115876
AceticAcid,random_solvai_bq,7,3.2772741910296848
AceticAcid,random_solvai_bq,8,2.707893269916541
AceticAcid,random_solvai_bq,9,2.653790093438893
AceticAcid,random_solvai_bq,10,2.533615174673227
AceticAcid,random_solvai_bq,11,2.4779749059927916
AceticAcid,random_solvai_bq,12,2.401593422687912
AceticAcid,random_solvai_bq,13,2.313813406008759
AceticAcid,random_solvai_bq,14,1.687091715641571
AceticAcid,random_solvai_bq,15,1.2893413161901184
AceticAcid,random_solvai_bq,3,3.8825772089136565
AceticAcid,random_solvai_bq,4,3.3165728593756976
AceticAcid,random_solvai_bq,5,3.305273607210011
AceticAcid,random_solvai_bq,6,2.7418349451994284
AceticAcid,random_solvai_bq,7,2.2450368835861956
AceticAcid,random_solvai_bq,8,2.101482207918367
AceticAcid,random_solvai_bq,9,2.0224876354266956
AceticAcid,random_solvai_bq,10,2.012880506709838
AceticAcid,random_solvai_bq,11,1.8156877775049474
AceticAcid,random_solvai_bq,12,1.7041436646294132
AceticAcid,random_solvai_bq,13,1.7000252506530307
AceticAcid,random_solvai_bq,14,1.6870917156415715
AceticAcid,random_solvai_bq,15,1.289341316190118
AceticAcid,random_solvai_bq,3,3.8825772089136565
AceticAcid,random_solvai_bq,4,3.8729296212137108
AceticAcid,random_solvai_bq,5,3.8368468543641367
AceticAcid,random_solvai_bq,6,3.262919499010519
AceticAcid,random_solvai_bq,7,2.222931888880361
AceticAcid,random_solvai_bq,8,2.151156757934657
AceticAcid,random_solvai_bq,9,2.064234632893275
AceticAcid,random_solvai_bq,10,2.0626590052640825
AceticAcid,random_solvai_bq,11,1.9639065234514825
AceticAcid,random_solvai_bq,12,1.860561637770038
AceticAcid,random_solvai_bq,13,1.6979407266242066
AceticAcid,random_solvai_bq,14,1.684868673195716
AceticAcid,random_solvai_bq,15,1.2893413161901184
AceticAcid,random_solvai_bq,3,3.8825772089136565
AceticAcid,random_solvai_bq,4,3.8386537476252007
AceticAcid,random_solvai_bq,5,3.8368468543641367
AceticAcid,random_solvai_bq,6,3.0051858272159464
AceticAcid,random_solvai_bq,7,2.902736998982583
AceticAcid,random_solvai_bq,8,2.884288324623623
AceticAcid,random_solvai_bq,9,2.4967536595729265
AceticAcid,random_solvai_bq,10,2.488880024285824
AceticAcid,random_solvai_bq,11,2.297434817498233
AceticAcid,random_solvai_bq,12,1.54074565659765
AceticAcid,random_solvai_bq,13,1.4802827964974206
AceticAcid,random_solvai_bq,14,1.2939194772262708
AceticAcid,random_solvai_bq,15,1.2893413161901177
AceticAcid,random_solvai_bq,3,3.8825772089136565
AceticAcid,random_solvai_bq,4,3.068960012655444
AceticAcid,random_solvai_bq,5,3.051516309508431
AceticAcid,random_solvai_bq,6,2.8373285850001633
AceticAcid,random_solvai_bq,7,2.3596682397141224
AceticAcid,random_solvai_bq,8,2.279415563831062
AceticAcid,random_solvai_bq,9,2.0345828162132245
AceticAcid,random_solvai_bq,10,1.7962389148933378
AceticAcid,random_solvai_bq,11,1.5254693922520652
AceticAcid,random_solvai_bq,12,1.5182360808730633
AceticAcid,random_solvai_bq,13,1.5118869303457427
AceticAcid,random_solvai_bq,14,1.4417702214037018
AceticAcid,random_solvai_bq,15,1.2893413161901182
AceticAcid,random_solvai_bq,3,3.8825772089136565
AceticAcid,random_solvai_bq,4,3.734774531969758
AceticAcid,random_solvai_bq,5,3.7022213038570166
AceticAcid,random_solvai_bq,6,3.350545218719619
AceticAcid,random_solvai_bq,7,3.31802845525921
AceticAcid,random_solvai_bq,8,2.3133072898727987
AceticAcid,random_solvai_bq,9,2.2313879797160987
AceticAcid,random_solvai_bq,10,1.970087190067234
AceticAcid,random_solvai_bq,11,1.9662555097928291
AceticAcid,random_solvai_bq,12,1.8112216773184902
AceticAcid,random_solvai_bq,13,1.697940726624207
AceticAcid,random_solvai_bq,14,1.3062633425725
AceticAcid,random_solvai_bq,15,1.289341316190118
AceticAcid,random_solvai_bq,3,3.8825772089136565
AceticAcid,random_solvai_bq,4,3.863958356088922
AceticAcid,random_solvai_bq,5,3.7020955819996737
AceticAcid,random_solvai_bq,6,3.3181214029807538
AceticAcid,random_solvai_bq,7,3.3137834899208105
AceticAcid,random_solvai_bq,8,3.189469882591907
AceticAcid,random_solvai_bq,9,2.6853193230920414
AceticAcid,random_solvai_bq,10,2.6076511147423123
AceticAcid,random_solvai_bq,11,1.9129305432946369
AceticAcid,random_solvai_bq,12,1.7326822713735892
AceticAcid,random_solvai_bq,13,1.3442459506383462
AceticAcid,random_solvai_bq,14,1.3360444711494919
AceticAcid,random_solvai_bq,15,1.2893413161901186
AceticAcid,random_solvai_bq,3,3.8825772089136565
AceticAcid,random_solvai_bq,4,3.868803666237039
AceticAcid,random_solvai_bq,5,3.5031501916395857
AceticAcid,random_solvai_bq,6,3.3182616684066493
AceticAcid,random_solvai_bq,7,3.079342443411906
AceticAcid,random_solvai_bq,8,2.7556528373965294
AceticAcid,random_solvai_bq,9,2.022725412074337
AceticAcid,random_solvai_bq,10,1.699628406109444
AceticAcid,random_solvai_bq,11,1.5894208314392713
AceticAcid,random_solvai_bq,12,1.4603566371867132
AceticAcid,random_solvai_bq,13,1.3146537478165092
AceticAcid,random_solvai_bq,14,1.3062633425725003
AceticAcid,random_solvai_bq,15,1.289341316190118
AceticAcid,random_solvai_bq,3,3.8825772089136565
AceticAcid,random_solvai_bq,4,3.5183554734908347
AceticAcid,random_solvai_bq,5,3.3545430120305837
AceticAcid,random_solvai_bq,6,3.3182616684066493
AceticAcid,random_solvai_bq,7,3.3137834899208105
AceticAcid,random_solvai_bq,8,2.7332608212343077
AceticAcid,random_solvai_bq,9,2.581143338552644
AceticAcid,random_solvai_bq,10,2.183984322019119
AceticAcid,random_solvai_bq,11,1.9147633793389027
AceticAcid,random_solvai_bq,12,1.5543632011652901
AceticAcid,random_solvai_bq,13,1.4183496719576447
AceticAcid,random_solvai_bq,14,1.2978410791521282
AceticAcid,random_solvai_bq,15,1.2893413161901184
AceticAcid,random_solvai_bq,3,3.8825772089136565
AceticAcid,random_solvai_bq,4,3.734774531969758
AceticAcid,random_solvai_bq,5,3.7020955819996737
AceticAcid,random_solvai_bq,6,3.489565165839502
AceticAcid,random_solvai_bq,7,3.3738957949772446
AceticAcid,random_solvai_bq,8,3.163778443921851
AceticAcid,random_solvai_bq,9,2.7042262226668687
AceticAcid,random_solvai_bq,10,2.6271147763815375
AceticAcid,random_solvai_bq,11,1.8245916717973119
AceticAcid,random_solvai_bq,12,1.8189145679337932
AceticAcid,random_solvai_bq,13,1.7011506805117382
AceticAcid,random_solvai_bq,14,1.684868673195716
AceticAcid,random_solvai_bq,15,1.2893413161901186
AceticAcid,random_solvai_bq,3,3.8825772089136565
AceticAcid,random_solvai_bq,4,3.669417520665421
AceticAcid,random_solvai_bq,5,3.654749819564274
AceticAcid,random_solvai_bq,6,3.6080540301785597
AceticAcid,random_solvai_bq,7,3.602605800515224
AceticAcid,random_solvai_bq,8,3.3559907768163177
AceticAcid,random_solvai_bq,9,2.685627691618451
AceticAcid,random_solvai_bq,10,2.6361389407259015
AceticAcid,random_solvai_bq,11,2.6335042600384755
AceticAcid,random_solvai_bq,12,2.053607196900782
AceticAcid,random_solvai_bq,13,1.6375773122626949
AceticAcid,random_solvai_bq,14,1.6004399958720141
AceticAcid,random_solvai_bq,15,1.2893413161901188
AceticAcid,random_solvai_bq,3,3.8825772089136565
AceticAcid,random_solvai_bq,4,3.068960012655444
AceticAcid,random_solvai_bq,5,2.429226904008972
AceticAcid,random_solvai_bq,6,2.298027457768813
AceticAcid,random_solvai_bq,7,2.113879331574888
AceticAcid,random_solvai_bq,8,2.015979712663602
AceticAcid,random_solvai_bq,9,1.7707244269329605
AceticAcid,random_solvai_bq,10,1.7091083548017376
AceticAcid,random_solvai_bq,11,1.7024306550902897
AceticAcid,random_solvai_bq,12,1.5271194953198906
AceticAcid,random_solvai_bq,13,1.3023892440503615
AceticAcid,random_solvai_bq,14,1.2939194772262708
AceticAcid,random_solvai_bq,15,1.289341316190118
AceticAcid,random_solvai_bq,3,3.8825772089136565
AceticAcid,random_solvai_bq,4,3.8386537476252007
AceticAcid,random_solvai_bq,5,3.622910788562022
AceticAcid,random_solvai_bq,6,3.2349622853706435
AceticAcid,random_solvai_bq,7,3.2086055282806627
AceticAcid,random_solvai_bq,8,2.13406456374681
AceticAcid,random_solvai_bq,9,1.9949256826384858
AceticAcid,random_solvai_bq,10,1.7443426607019998
AceticAcid,random_solvai_bq,11,1.7317367921151754
AceticAcid,random_solvai_bq,12,1.7214285069736035
AceticAcid,random_solvai_bq,13,1.3442459506383455
AceticAcid,random_solvai_bq,14,1.297841079152128
AceticAcid,random_solvai_bq,15,1.2893413161901188
Acetamide,fixed_solvai_bq,3,3.795228062362072
Acetamide,fixed_solvai_bq,4,3.790821948872003
Acetamide,fixed_solvai_bq,5,3.7648052169004953
Acetamide,fixed_solvai_bq,6,3.192561528112059
Acetamide,fixed_solvai_bq,7,2.748378551309242
Acetamide,fixed_solvai_bq,8,2.7237882016054886
Acetamide,fixed_solvai_bq,9,2.7150038825902363
Acetamide,fixed_solvai_bq,10,2.5828505044194583
Acetamide,fixed_solvai_bq,11,2.3884142491162956
Acetamide,fixed_solvai_bq,12,2.1910040029781546
Acetamide,fixed_solvai_bq,13,1.835853272305723
Acetamide,fixed_solvai_bq,14,1.7906267957104773
Acetamide,fixed_solvai_bq,15,1.7637829297494172
Acetamide,uniform_solvai_bq,3,3.795228062362072
Acetamide,uniform_solvai_bq,4,3.229012790678469
Acetamide,uniform_solvai_bq,5,2.7940556551214675
Acetamide,uniform_solvai_bq,6,2.7873358977102844
Acetamide,uniform_solvai_bq,7,2.6691410862696046
Acetamide,uniform_solvai_bq,8,2.482003758341774
Acetamide,uniform_solvai_bq,9,2.2911985604300513
Acetamide,uniform_solvai_bq,10,2.0128484739096373
Acetamide,uniform_solvai_bq,11,1.9201450093976584
Acetamide,uniform_solvai_bq,12,1.8776528654780893
Acetamide,uniform_solvai_bq,13,1.8257255107807608
Acetamide,uniform_solvai_bq,14,1.797532029092518
Acetamide,uniform_solvai_bq,15,1.7637829297494172
Acetamide,curvature_solvai_bq,3,3.795228062362072
Acetamide,curvature_solvai_bq,4,3.229012790678469
Acetamide,curvature_solvai_bq,5,2.7940556551214675
Acetamide,curvature_solvai_bq,6,2.6790093245247704
Acetamide,curvature_solvai_bq,7,2.4928373291699204
Acetamide,curvature_solvai_bq,8,2.3029525156864605
Acetamide,curvature_solvai_bq,9,2.256468343638586
Acetamide,curvature_solvai_bq,10,1.9341566080757775
Acetamide,curvature_solvai_bq,11,1.9055355348488852
Acetamide,curvature_solvai_bq,12,1.8744669446226225
Acetamide,curvature_solvai_bq,13,1.832277683274966
Acetamide,curvature_solvai_bq,14,1.8174809575711912
Acetamide,curvature_solvai_bq,15,1.7637829297494176
Acetamide,generic_bq,3,3.936610015693617
Acetamide,generic_bq,4,3.181841206378144
Acetamide,generic_bq,5,2.1356974743412516
Acetamide,generic_bq,6,1.960556939705824
Acetamide,generic_bq,7,1.7907727860296132
Acetamide,generic_bq,8,1.5813302041829902
Acetamide,generic_bq,9,1.3388731601713437
Acetamide,generic_bq,10,1.1957952567121177
Acetamide,generic_bq,11,1.0254988022234566
Acetamide,generic_bq,12,1.009958736309965
Acetamide,generic_bq,13,0.9767754544509724
Acetamide,generic_bq,14,0.9641740050821237
Acetamide,generic_bq,15,0.9565543127885067
Acetamide,active_solvai_bq,3,3.795228062362072
Acetamide,active_solvai_bq,4,3.229012790678469
Acetamide,active_solvai_bq,5,2.7940556551214675
Acetamide,active_solvai_bq,6,2.6460999890559154
Acetamide,active_solvai_bq,7,2.4928373291699204
Acetamide,active_solvai_bq,8,2.405305974120906
Acetamide,active_solvai_bq,9,2.1997225735603267
Acetamide,active_solvai_bq,10,2.1229778334494016
Acetamide,active_solvai_bq,11,1.8770860105264449
Acetamide,active_solvai_bq,12,1.8146067377800235
Acetamide,active_solvai_bq,13,1.7706775665949017
Acetamide,active_solvai_bq,14,1.7662504792754472
Acetamide,active_solvai_bq,15,1.763782929749417
Acetamide,oracle_non_deployable,3,3.795228062362072
Acetamide,oracle_non_deployable,4,3.777155709861806
Acetamide,oracle_non_deployable,5,3.555209344557756
Acetamide,oracle_non_deployable,6,3.5273966192108577
Acetamide,oracle_non_deployable,7,2.8921185447356215
Acetamide,oracle_non_deployable,8,2.8902917653246614
Acetamide,oracle_non_deployable,9,2.7682552162062057
Acetamide,oracle_non_deployable,10,2.336997419717046
Acetamide,oracle_non_deployable,11,2.182128052485203
Acetamide,oracle_non_deployable,12,1.8693980830894437
Acetamide,oracle_non_deployable,13,1.8397697758598737
Acetamide,oracle_non_deployable,14,1.8075711587123373
Acetamide,oracle_non_deployable,15,1.763782929749417
Acetamide,random_solvai_bq,3,3.795228062362072
Acetamide,random_solvai_bq,4,3.459790076878765
Acetamide,random_solvai_bq,5,3.111021034225606
Acetamide,random_solvai_bq,6,3.088851995980961
Acetamide,random_solvai_bq,7,3.056785672230779
Acetamide,random_solvai_bq,8,2.6835702320383232
Acetamide,random_solvai_bq,9,2.395849306047912
Acetamide,random_solvai_bq,10,2.261918806178365
Acetamide,random_solvai_bq,11,2.2596147800982465
Acetamide,random_solvai_bq,12,2.1710279932815073
Acetamide,random_solvai_bq,13,2.0288881057922388
Acetamide,random_solvai_bq,14,1.7975320290925185
Acetamide,random_solvai_bq,15,1.7637829297494172
Acetamide,random_solvai_bq,3,3.795228062362072
Acetamide,random_solvai_bq,4,3.5222004564972615
Acetamide,random_solvai_bq,5,3.1832725542502764
Acetamide,random_solvai_bq,6,2.8040223515964304
Acetamide,random_solvai_bq,7,2.596951042164976
Acetamide,random_solvai_bq,8,2.4721686146322015
Acetamide,random_solvai_bq,9,2.165381620180868
Acetamide,random_solvai_bq,10,2.065978633217746
Acetamide,random_solvai_bq,11,1.9739988095338536
Acetamide,random_solvai_bq,12,1.8647875773416989
Acetamide,random_solvai_bq,13,1.8502508539198426
Acetamide,random_solvai_bq,14,1.8174809575711908
Acetamide,random_solvai_bq,15,1.7637829297494165
Acetamide,random_solvai_bq,3,3.795228062362072
Acetamide,random_solvai_bq,4,3.5000528721100985
Acetamide,random_solvai_bq,5,3.132942465009849
Acetamide,random_solvai_bq,6,3.068700406712236
Acetamide,random_solvai_bq,7,2.808966519259282
Acetamide,random_solvai_bq,8,2.5891389474597735
Acetamide,random_solvai_bq,9,2.132393696847574
Acetamide,random_solvai_bq,10,2.1064713976303757
Acetamide,random_solvai_bq,11,2.0977406919278514
Acetamide,random_solvai_bq,12,1.8913118880903983
Acetamide,random_solvai_bq,13,1.8397697758598737
Acetamide,random_solvai_bq,14,1.8075711587123373
Acetamide,random_solvai_bq,15,1.763782929749417
Acetamide,random_solvai_bq,3,3.795228062362072
Acetamide,random_solvai_bq,4,3.433817064137976
Acetamide,random_solvai_bq,5,3.3705419029008237
Acetamide,random_solvai_bq,6,3.3501793982523234
Acetamide,random_solvai_bq,7,3.348709015958152
Acetamide,random_solvai_bq,8,3.303081273341877
Acetamide,random_solvai_bq,9,2.9006205518008965
Acetamide,random_solvai_bq,10,2.826281829680628
Acetamide,random_solvai_bq,11,2.6257374483861424
Acetamide,random_solvai_bq,12,2.508631940734856
Acetamide,random_solvai_bq,13,2.087192171895621
Acetamide,random_solvai_bq,14,2.058199614034843
Acetamide,random_solvai_bq,15,1.763782929749417
Acetamide,random_solvai_bq,3,3.795228062362072
Acetamide,random_solvai_bq,4,3.5551426972813975
Acetamide,random_solvai_bq,5,3.509903020170966
Acetamide,random_solvai_bq,6,3.212716575445288
Acetamide,random_solvai_bq,7,2.8358174732732317
Acetamide,random_solvai_bq,8,2.7684447224819237
Acetamide,random_solvai_bq,9,2.7233855356518553
Acetamide,random_solvai_bq,10,2.7201658543347076
Acetamide,random_solvai_bq,11,2.44543907932282
Acetamide,random_solvai_bq,12,2.1802982254722676
Acetamide,random_solvai_bq,13,2.047496131709482
Acetamide,random_solvai_bq,14,2.0454556585723442
Acetamide,random_solvai_bq,15,1.7637829297494165
Acetamide,random_solvai_bq,3,3.795228062362072
Acetamide,random_solvai_bq,4,3.769241743174897
Acetamide,random_solvai_bq,5,3.402274139764217
Acetamide,random_solvai_bq,6,3.094754396131327
Acetamide,random_solvai_bq,7,2.9986812033160484
Acetamide,random_solvai_bq,8,2.5252354674548303
Acetamide,random_solvai_bq,9,2.479807350478007
Acetamide,random_solvai_bq,10,2.476744369154781
Acetamide,random_solvai_bq,11,2.274467742485359
Acetamide,random_solvai_bq,12,2.192829182729263
Acetamide,random_solvai_bq,13,2.176914749107092
Acetamide,random_solvai_bq,14,1.9396235317012538
Acetamide,random_solvai_bq,15,1.763782929749417
Acetamide,random_solvai_bq,3,3.795228062362072
Acetamide,random_solvai_bq,4,3.769241743174897
Acetamide,random_solvai_bq,5,3.5467417294479713
Acetamide,random_solvai_bq,6,3.2527491757012665
Acetamide,random_solvai_bq,7,2.9987846021513618
Acetamide,random_solvai_bq,8,2.4979460411345054
Acetamide,random_solvai_bq,9,2.2099740487738657
Acetamide,random_solvai_bq,10,2.173259108250549
Acetamide,random_solvai_bq,11,2.1438584004735506
Acetamide,random_solvai_bq,12,2.0854659572053764
Acetamide,random_solvai_bq,13,2.062443713399569
Acetamide,random_solvai_bq,14,1.7682161972631087
Acetamide,random_solvai_bq,15,1.763782929749417
Acetamide,random_solvai_bq,3,3.795228062362072
Acetamide,random_solvai_bq,4,3.229012790678469
Acetamide,random_solvai_bq,5,3.2232005443169505
Acetamide,random_solvai_bq,6,2.7873358977102844
Acetamide,random_solvai_bq,7,2.6691410862696046
Acetamide,random_solvai_bq,8,2.5626095700418925
Acetamide,random_solvai_bq,9,2.3681795604521967
Acetamide,random_solvai_bq,10,2.327266527430777
Acetamide,random_solvai_bq,11,2.2637684831188465
Acetamide,random_solvai_bq,12,2.1802982254722676
Acetamide,random_solvai_bq,13,2.176914749107093
Acetamide,random_solvai_bq,14,1.9396235317012538
Acetamide,random_solvai_bq,15,1.7637829297494172
Acetamide,random_solvai_bq,3,3.795228062362072
Acetamide,random_solvai_bq,4,3.5222004564972615
Acetamide,random_solvai_bq,5,3.2620802014580437
Acetamide,random_solvai_bq,6,3.2232148069772526
Acetamide,random_solvai_bq,7,3.016434971533724
Acetamide,random_solvai_bq,8,3.013469929488353
Acetamide,random_solvai_bq,9,2.495736187046373
Acetamide,random_solvai_bq,10,2.4260637986161755
Acetamide,random_solvai_bq,11,2.1852975546217572
Acetamide,random_solvai_bq,12,2.1107358064085173
Acetamide,random_solvai_bq,13,1.9105789780281275
Acetamide,random_solvai_bq,14,1.8767656153645893
Acetamide,random_solvai_bq,15,1.763782929749417
Acetamide,random_solvai_bq,3,3.795228062362072
Acetamide,random_solvai_bq,4,3.769241743174897
Acetamide,random_solvai_bq,5,3.7510441919140733
Acetamide,random_solvai_bq,6,3.7466241090017696
Acetamide,random_solvai_bq,7,3.4913028273204305
Acetamide,random_solvai_bq,8,3.4335690656881037
Acetamide,random_solvai_bq,9,2.7904707374213764
Acetamide,random_solvai_bq,10,2.788578592196031
Acetamide,random_solvai_bq,11,2.6599162291659755
Acetamide,random_solvai_bq,12,2.47913690866516
Acetamide,random_solvai_bq,13,2.176914749107092
Acetamide,random_solvai_bq,14,2.0454556585723442
Acetamide,random_solvai_bq,15,1.763782929749417
Acetamide,random_solvai_bq,3,3.795228062362072
Acetamide,random_solvai_bq,4,3.769241743174897
Acetamide,random_solvai_bq,5,3.7648052169004953
Acetamide,random_solvai_bq,6,3.6636061421866235
Acetamide,random_solvai_bq,7,3.4586509399282295
Acetamide,random_solvai_bq,8,3.085654931088421
Acetamide,random_solvai_bq,9,2.767453742259022
Acetamide,random_solvai_bq,10,2.730034816713474
Acetamide,random_solvai_bq,11,2.456623705497174
Acetamide,random_solvai_bq,12,2.4424247943044026
Acetamide,random_solvai_bq,13,2.3263143967297344
Acetamide,random_solvai_bq,14,2.0454556585723442
Acetamide,random_solvai_bq,15,1.7637829297494172
Acetamide,random_solvai_bq,3,3.795228062362072
Acetamide,random_solvai_bq,4,3.5222004564972615
Acetamide,random_solvai_bq,5,3.1832725542502764
Acetamide,random_solvai_bq,6,3.149070396079702
Acetamide,random_solvai_bq,7,2.729397360848472
Acetamide,random_solvai_bq,8,2.683681637522531
Acetamide,random_solvai_bq,9,2.682545347862491
Acetamide,random_solvai_bq,10,2.5722008484810255
Acetamide,random_solvai_bq,11,2.5579393677178244
Acetamide,random_solvai_bq,12,2.3029073630411063
Acetamide,random_solvai_bq,13,2.2995161099645745
Acetamide,random_solvai_bq,14,1.8767656153645893
Acetamide,random_solvai_bq,15,1.7637829297494172
Acetamide,random_solvai_bq,3,3.795228062362072
Acetamide,random_solvai_bq,4,3.766586566838349
Acetamide,random_solvai_bq,5,3.423688969973634
Acetamide,random_solvai_bq,6,2.782848927743195
Acetamide,random_solvai_bq,7,2.6671471560137507
Acetamide,random_solvai_bq,8,2.48833163841339
Acetamide,random_solvai_bq,9,2.1658250466883384
Acetamide,random_solvai_bq,10,2.128329190730352
Acetamide,random_solvai_bq,11,2.1156308393664
Acetamide,random_solvai_bq,12,2.114516068278487
Acetamide,random_solvai_bq,13,2.0685929727970036
Acetamide,random_solvai_bq,14,2.0454556585723442
Acetamide,random_solvai_bq,15,1.7637829297494172
Acetamide,random_solvai_bq,3,3.795228062362072
Acetamide,random_solvai_bq,4,3.709025957553334
Acetamide,random_solvai_bq,5,3.484526888416202
Acetamide,random_solvai_bq,6,3.4410835884172646
Acetamide,random_solvai_bq,7,2.957305311418255
Acetamide,random_solvai_bq,8,2.6324275760134976
Acetamide,random_solvai_bq,9,2.6248329881350663
Acetamide,random_solvai_bq,10,2.4008856118386244
Acetamide,random_solvai_bq,11,2.2129365547055873
Acetamide,random_solvai_bq,12,2.156430993550684
Acetamide,random_solvai_bq,13,2.15237341556502
Acetamide,random_solvai_bq,14,1.8767656153645897
Acetamide,random_solvai_bq,15,1.763782929749417
Acetamide,random_solvai_bq,3,3.795228062362072
Acetamide,random_solvai_bq,4,3.433817064137976
Acetamide,random_solvai_bq,5,3.0483597647525054
Acetamide,random_solvai_bq,6,3.042859730631648
Acetamide,random_solvai_bq,7,3.0071786848778914
Acetamide,random_solvai_bq,8,2.8029968216871812
Acetamide,random_solvai_bq,9,2.7833761740263
Acetamide,random_solvai_bq,10,2.3344333896254756
Acetamide,random_solvai_bq,11,2.3020420757321687
Acetamide,random_solvai_bq,12,2.060775168603033
Acetamide,random_solvai_bq,13,1.8502508539198428
Acetamide,random_solvai_bq,14,1.797532029092518
Acetamide,random_solvai_bq,15,1.7637829297494165
Acetamide,random_solvai_bq,3,3.795228062362072
Acetamide,random_solvai_bq,4,3.5551426972813975
Acetamide,random_solvai_bq,5,3.35156181796731
Acetamide,random_solvai_bq,6,3.3076684433410333
Acetamide,random_solvai_bq,7,2.6376766129530154
Acetamide,random_solvai_bq,8,2.5028468916918634
Acetamide,random_solvai_bq,9,2.4389440757186045
Acetamide,random_solvai_bq,10,2.4312376511070215
Acetamide,random_solvai_bq,11,2.3075138462275366
Acetamide,random_solvai_bq,12,2.278138281307758
Acetamide,random_solvai_bq,13,2.1205964887323145
Acetamide,random_solvai_bq,14,1.797532029092518
Acetamide,random_solvai_bq,15,1.7637829297494172
Acetamide,random_solvai_bq,3,3.795228062362072
Acetamide,random_solvai_bq,4,3.766586566838349
Acetamide,random_solvai_bq,5,3.543850728134633
Acetamide,random_solvai_bq,6,3.4392459811459526
Acetamide,random_solvai_bq,7,3.1879521890260314
Acetamide,random_solvai_bq,8,3.166415818931123
Acetamide,random_solvai_bq,9,3.1648186681934125
Acetamide,random_solvai_bq,10,3.049358122040655
Acetamide,random_solvai_bq,11,3.0233294618375623
Acetamide,random_solvai_bq,12,2.4865455887882364
Acetamide,random_solvai_bq,13,2.0016521729843704
Acetamide,random_solvai_bq,14,1.7682161972631085
Acetamide,random_solvai_bq,15,1.7637829297494172
Acetamide,random_solvai_bq,3,3.795228062362072
Acetamide,random_solvai_bq,4,3.5222004564972615
Acetamide,random_solvai_bq,5,3.1293985791058803
Acetamide,random_solvai_bq,6,3.0340152513761653
Acetamide,random_solvai_bq,7,2.55900691665988
Acetamide,random_solvai_bq,8,2.3169100883375626
Acetamide,random_solvai_bq,9,2.0262190755700966
Acetamide,random_solvai_bq,10,2.0128484739096373
Acetamide,random_solvai_bq,11,1.9713161246814142
Acetamide,random_solvai_bq,12,1.8776528654780897
Acetamide,random_solvai_bq,13,1.843543042846902
Acetamide,random_solvai_bq,14,1.8174809575711908
Acetamide,random_solvai_bq,15,1.763782929749417
Acetamide,random_solvai_bq,3,3.795228062362072
Acetamide,random_solvai_bq,4,3.433817064137976
Acetamide,random_solvai_bq,5,3.276501344839327
Acetamide,random_solvai_bq,6,2.9559289955646735
Acetamide,random_solvai_bq,7,2.8740644582649795
Acetamide,random_solvai_bq,8,2.8568746540149528
Acetamide,random_solvai_bq,9,2.416247414195297
Acetamide,random_solvai_bq,10,2.403952598924587
Acetamide,random_solvai_bq,11,2.146454889712638
Acetamide,random_solvai_bq,12,1.8626451343348354
Acetamide,random_solvai_bq,13,1.860005729513928
Acetamide,random_solvai_bq,14,1.8075711587123373
Acetamide,random_solvai_bq,15,1.763782929749417
Acetamide,random_solvai_bq,3,3.795228062362072
Acetamide,random_solvai_bq,4,3.5000528721100985
Acetamide,random_solvai_bq,5,3.276501344839327
Acetamide,random_solvai_bq,6,3.264552274020793
Acetamide,random_solvai_bq,7,3.204217344238012
Acetamide,random_solvai_bq,8,3.1859437046475887
Acetamide,random_solvai_bq,9,2.855222098976608
Acetamide,random_solvai_bq,10,2.810736096104876
Acetamide,random_solvai_bq,11,2.8075542028528813
Acetamide,random_solvai_bq,12,2.3010579246739264
Acetamide,random_solvai_bq,13,2.129462324406845
Acetamide,random_solvai_bq,14,2.0920625898027376
Acetamide,random_solvai_bq,15,1.763782929749417
DiMethylEther,fixed_solvai_bq,3,3.595870610950244
DiMethylEther,fixed_solvai_bq,4,3.5849349342488126
DiMethylEther,fixed_solvai_bq,5,3.5694081452371975
DiMethylEther,fixed_solvai_bq,6,2.7635976810773006
DiMethylEther,fixed_solvai_bq,7,1.805785063902443
DiMethylEther,fixed_solvai_bq,8,1.7938297806146564
DiMethylEther,fixed_solvai_bq,9,1.7937371849773711
DiMethylEther,fixed_solvai_bq,10,1.662012131959408
DiMethylEther,fixed_solvai_bq,11,1.471496821518437
DiMethylEther,fixed_solvai_bq,12,1.3968916677663035
DiMethylEther,fixed_solvai_bq,13,1.1314225440952477
DiMethylEther,fixed_solvai_bq,14,1.1062939568013013
DiMethylEther,fixed_solvai_bq,15,1.0107417413517008
DiMethylEther,uniform_solvai_bq,3,3.595870610950244
DiMethylEther,uniform_solvai_bq,4,2.8013828222381743
DiMethylEther,uniform_solvai_bq,5,1.870762760241226
DiMethylEther,uniform_solvai_bq,6,1.844051858172439
DiMethylEther,uniform_solvai_bq,7,1.7387230144976962
DiMethylEther,uniform_solvai_bq,8,1.561483709514082
DiMethylEther,uniform_solvai_bq,9,1.4907900216934644
DiMethylEther,uniform_solvai_bq,10,1.2962418638573785
DiMethylEther,uniform_solvai_bq,11,1.1969820391018604
DiMethylEther,uniform_solvai_bq,12,1.1735399601499907
DiMethylEther,uniform_solvai_bq,13,1.114954546985609
DiMethylEther,uniform_solvai_bq,14,1.0282140232808943
DiMethylEther,uniform_solvai_bq,15,1.0107417413517006
DiMethylEther,curvature_solvai_bq,3,3.595870610950244
DiMethylEther,curvature_solvai_bq,4,2.8013828222381743
DiMethylEther,curvature_solvai_bq,5,1.870762760241226
DiMethylEther,curvature_solvai_bq,6,1.7828681535959592
DiMethylEther,curvature_solvai_bq,7,1.6136543701189845
DiMethylEther,curvature_solvai_bq,8,1.5456462568953286
DiMethylEther,curvature_solvai_bq,9,1.5007589918387672
DiMethylEther,curvature_solvai_bq,10,1.2647268709280384
DiMethylEther,curvature_solvai_bq,11,1.1795570530421937
DiMethylEther,curvature_solvai_bq,12,1.1642257212857723
DiMethylEther,curvature_solvai_bq,13,1.1499791943994548
DiMethylEther,curvature_solvai_bq,14,1.075008656443978
DiMethylEther,curvature_solvai_bq,15,1.0107417413517008
DiMethylEther,generic_bq,3,3.8743285498764397
DiMethylEther,generic_bq,4,3.0007511694447664
DiMethylEther,generic_bq,5,1.7546292624561262
DiMethylEther,generic_bq,6,1.6102751354505989
DiMethylEther,generic_bq,7,1.4778118471258395
DiMethylEther,generic_bq,8,1.28697150885676
DiMethylEther,generic_bq,9,1.0405411610643736
DiMethylEther,generic_bq,10,0.8395893292534017
DiMethylEther,generic_bq,11,0.6573356141860638
DiMethylEther,generic_bq,12,0.6050018304833589
DiMethylEther,generic_bq,13,0.5816352566233812
DiMethylEther,generic_bq,14,0.5711320595175124
DiMethylEther,generic_bq,15,0.5474409952503674
DiMethylEther,active_solvai_bq,3,3.595870610950244
DiMethylEther,active_solvai_bq,4,2.8013828222381743
DiMethylEther,active_solvai_bq,5,1.870762760241226
DiMethylEther,active_solvai_bq,6,1.7557576653673717
DiMethylEther,active_solvai_bq,7,1.6136543701189845
DiMethylEther,active_solvai_bq,8,1.463220643795669
DiMethylEther,active_solvai_bq,9,1.3650458226897038
DiMethylEther,active_solvai_bq,10,1.2456013728848052
DiMethylEther,active_solvai_bq,11,1.1879466129483136
DiMethylEther,active_solvai_bq,12,1.0539581802796605
DiMethylEther,active_solvai_bq,13,1.037174415946539
DiMethylEther,active_solvai_bq,14,1.0370026098900689
DiMethylEther,active_solvai_bq,15,1.0107417413517008
DiMethylEther,oracle_non_deployable,3,3.595870610950244
DiMethylEther,oracle_non_deployable,4,3.287671247030247
DiMethylEther,oracle_non_deployable,5,2.9474751926007507
DiMethylEther,oracle_non_deployable,6,2.942570283138791
DiMethylEther,oracle_non_deployable,7,2.869464255868393
DiMethylEther,oracle_non_deployable,8,2.8694642469796467
DiMethylEther,oracle_non_deployable,9,2.2577751197513227
DiMethylEther,oracle_non_deployable,10,1.948363100869196
DiMethylEther,oracle_non_deployable,11,1.8428437621193943
DiMethylEther,oracle_non_deployable,12,1.8296294048814181
DiMethylEther,oracle_non_deployable,13,1.5614459224074184
DiMethylEther,oracle_non_deployable,14,1.2613382625812055
DiMethylEther,oracle_non_deployable,15,1.0107417413517004
DiMethylEther,random_solvai_bq,3,3.595870610950244
DiMethylEther,random_solvai_bq,4,2.8013828222381743
DiMethylEther,random_solvai_bq,5,1.870762760241226
DiMethylEther,random_solvai_bq,6,1.7557576653673717
DiMethylEther,random_solvai_bq,7,1.7154657537957576
DiMethylEther,random_solvai_bq,8,1.6772247594559446
DiMethylEther,random_solvai_bq,9,1.6182699833129508
DiMethylEther,random_solvai_bq,10,1.4972006653501349
DiMethylEther,random_solvai_bq,11,1.3841521091093103
DiMethylEther,random_solvai_bq,12,1.3772163313991836
DiMethylEther,random_solvai_bq,13,1.3014678597726657
DiMethylEther,random_solvai_bq,14,1.299496972244926
DiMethylEther,random_solvai_bq,15,1.0107417413517006
DiMethylEther,random_solvai_bq,3,3.595870610950244
DiMethylEther,random_solvai_bq,4,3.100124353455612
DiMethylEther,random_solvai_bq,5,2.9693458917159994
DiMethylEther,random_solvai_bq,6,2.9361116355820394
DiMethylEther,random_solvai_bq,7,2.8379853060081923
DiMethylEther,random_solvai_bq,8,2.43563474738702
DiMethylEther,random_solvai_bq,9,2.340891853150321
DiMethylEther,random_solvai_bq,10,2.248290240189501
DiMethylEther,random_solvai_bq,11,2.235548493010355
DiMethylEther,random_solvai_bq,12,1.538930414646927
DiMethylEther,random_solvai_bq,13,1.5389255155948065
DiMethylEther,random_solvai_bq,14,1.5271957597509906
DiMethylEther,random_solvai_bq,15,1.0107417413517013
DiMethylEther,random_solvai_bq,3,3.595870610950244
DiMethylEther,random_solvai_bq,4,3.5849349342488126
DiMethylEther,random_solvai_bq,5,3.230693266328174
DiMethylEther,random_solvai_bq,6,2.664629815561539
DiMethylEther,random_solvai_bq,7,2.2442655935160354
DiMethylEther,random_solvai_bq,8,2.1983092499005905
DiMethylEther,random_solvai_bq,9,2.1541442299847917
DiMethylEther,random_solvai_bq,10,1.8147109849540604
DiMethylEther,random_solvai_bq,11,1.7258206215225411
DiMethylEther,random_solvai_bq,12,1.5597345451580216
DiMethylEther,random_solvai_bq,13,1.550600783776927
DiMethylEther,random_solvai_bq,14,1.0446535016894911
DiMethylEther,random_solvai_bq,15,1.0107417413517006
DiMethylEther,random_solvai_bq,3,3.595870610950244
DiMethylEther,random_solvai_bq,4,3.5901195352278257
DiMethylEther,random_solvai_bq,5,3.397527365900586
DiMethylEther,random_solvai_bq,6,2.5223605144357317
DiMethylEther,random_solvai_bq,7,1.8236581654118746
DiMethylEther,random_solvai_bq,8,1.7342308476579702
DiMethylEther,random_solvai_bq,9,1.5337524849892519
DiMethylEther,random_solvai_bq,10,1.2742998269254802
DiMethylEther,random_solvai_bq,11,1.2070907492962453
DiMethylEther,random_solvai_bq,12,1.1829446633014458
DiMethylEther,random_solvai_bq,13,1.1653167541188023
DiMethylEther,random_solvai_bq,14,1.1062939568013013
DiMethylEther,random_solvai_bq,15,1.0107417413517006
DiMethylEther,random_solvai_bq,3,3.595870610950244
DiMethylEther,random_solvai_bq,4,3.100124353455612
DiMethylEther,random_solvai_bq,5,3.087433245983693
DiMethylEther,random_solvai_bq,6,2.956093432965719
DiMethylEther,random_solvai_bq,7,2.85410312307415
DiMethylEther,random_solvai_bq,8,2.2998831015922208
DiMethylEther,random_solvai_bq,9,2.2378803089653427
DiMethylEther,random_solvai_bq,10,2.2230296341580336
DiMethylEther,random_solvai_bq,11,1.7023079988527274
DiMethylEther,random_solvai_bq,12,1.2366548379440059
DiMethylEther,random_solvai_bq,13,1.099737202704688
DiMethylEther,random_solvai_bq,14,1.0750086564439774
DiMethylEther,random_solvai_bq,15,1.0107417413517008
DiMethylEther,random_solvai_bq,3,3.595870610950244
DiMethylEther,random_solvai_bq,4,3.5901195352278257
DiMethylEther,random_solvai_bq,5,3.281430940062854
DiMethylEther,random_solvai_bq,6,2.923288452895272
DiMethylEther,random_solvai_bq,7,2.2539004167912133
DiMethylEther,random_solvai_bq,8,1.9568702420048232
DiMethylEther,random_solvai_bq,9,1.5142839273973603
DiMethylEther,random_solvai_bq,10,1.4585924696103814
DiMethylEther,random_solvai_bq,11,1.3430459210483667
DiMethylEther,random_solvai_bq,12,1.3270401829225182
DiMethylEther,random_solvai_bq,13,1.1653167541188019
DiMethylEther,random_solvai_bq,14,1.1062939568013008
DiMethylEther,random_solvai_bq,15,1.010741741351701
DiMethylEther,random_solvai_bq,3,3.595870610950244
DiMethylEther,random_solvai_bq,4,2.8013828222381743
DiMethylEther,random_solvai_bq,5,2.3929091528105664
DiMethylEther,random_solvai_bq,6,2.3244200515509923
DiMethylEther,random_solvai_bq,7,2.315170669528309
DiMethylEther,random_solvai_bq,8,2.293648837427127
DiMethylEther,random_solvai_bq,9,1.9966151860904149
DiMethylEther,random_solvai_bq,10,1.9027498731212107
DiMethylEther,random_solvai_bq,11,1.519062916253079
DiMethylEther,random_solvai_bq,12,1.327040182922519
DiMethylEther,random_solvai_bq,13,1.165316754118802
DiMethylEther,random_solvai_bq,14,1.1062939568013015
DiMethylEther,random_solvai_bq,15,1.0107417413517006
DiMethylEther,random_solvai_bq,3,3.595870610950244
DiMethylEther,random_solvai_bq,4,3.242870584716501
DiMethylEther,random_solvai_bq,5,2.679381234697715
DiMethylEther,random_solvai_bq,6,2.652564016713963
DiMethylEther,random_solvai_bq,7,2.636614523205857
DiMethylEther,random_solvai_bq,8,2.34368016494494
DiMethylEther,random_solvai_bq,9,2.341477084315862
DiMethylEther,random_solvai_bq,10,2.333737860828223
DiMethylEther,random_solvai_bq,11,2.261371576925526
DiMethylEther,random_solvai_bq,12,1.7032382914454927
DiMethylEther,random_solvai_bq,13,1.2791705816154681
DiMethylEther,random_solvai_bq,14,1.2613382625812053
DiMethylEther,random_solvai_bq,15,1.0107417413517001
DiMethylEther,random_solvai_bq,3,3.595870610950244
DiMethylEther,random_solvai_bq,4,3.100124353455612
DiMethylEther,random_solvai_bq,5,2.6793812346977144
DiMethylEther,random_solvai_bq,6,2.2913935741880476
DiMethylEther,random_solvai_bq,7,2.2599567006604597
DiMethylEther,random_solvai_bq,8,2.2005967515156355
DiMethylEther,random_solvai_bq,9,1.84564554246135
DiMethylEther,random_solvai_bq,10,1.8377406900335276
DiMethylEther,random_solvai_bq,11,1.7135432069391927
DiMethylEther,random_solvai_bq,12,1.6502241863525247
DiMethylEther,random_solvai_bq,13,1.5885245178844905
DiMethylEther,random_solvai_bq,14,1.5271957597509904
DiMethylEther,random_solvai_bq,15,1.0107417413517008
DiMethylEther,random_solvai_bq,3,3.595870610950244
DiMethylEther,random_solvai_bq,4,3.100124353455612
DiMethylEther,random_solvai_bq,5,3.0866238970110715
DiMethylEther,random_solvai_bq,6,2.0947845794279223
DiMethylEther,random_solvai_bq,7,2.0455294358542595
DiMethylEther,random_solvai_bq,8,1.8224554819206158
DiMethylEther,random_solvai_bq,9,1.6942664235143599
DiMethylEther,random_solvai_bq,10,1.5253018197063726
DiMethylEther,random_solvai_bq,11,1.2530661509402217
DiMethylEther,random_solvai_bq,12,1.1151142420152362
DiMethylEther,random_solvai_bq,13,1.0283873293839723
DiMethylEther,random_solvai_bq,14,1.0282140232808938
DiMethylEther,random_solvai_bq,15,1.0107417413517008
DiMethylEther,random_solvai_bq,3,3.595870610950244
DiMethylEther,random_solvai_bq,4,3.2877220359907673
DiMethylEther,random_solvai_bq,5,3.1026209295792775
DiMethylEther,random_solvai_bq,6,2.9425702831387905
DiMethylEther,random_solvai_bq,7,2.9047347065413156
DiMethylEther,random_solvai_bq,8,2.390061224173163
DiMethylEther,random_solvai_bq,9,2.360008245793943
DiMethylEther,random_solvai_bq,10,2.2857365939840375
DiMethylEther,random_solvai_bq,11,1.6116501801657273
DiMethylEther,random_solvai_bq,12,1.551223235064482
DiMethylEther,random_solvai_bq,13,1.5394765830797135
DiMethylEther,random_solvai_bq,14,1.0269748249599782
DiMethylEther,random_solvai_bq,15,1.010741741351701
DiMethylEther,random_solvai_bq,3,3.595870610950244
DiMethylEther,random_solvai_bq,4,3.2877220359907673
DiMethylEther,random_solvai_bq,5,3.281430940062854
DiMethylEther,random_solvai_bq,6,2.735584455451926
DiMethylEther,random_solvai_bq,7,2.7212255823254554
DiMethylEther,random_solvai_bq,8,2.423496569894655
DiMethylEther,random_solvai_bq,9,1.9294773954205953
DiMethylEther,random_solvai_bq,10,1.9144101234250566
DiMethylEther,random_solvai_bq,11,1.84088827043742
DiMethylEther,random_solvai_bq,12,1.8407534820220017
DiMethylEther,random_solvai_bq,13,1.5661745003856917
DiMethylEther,random_solvai_bq,14,1.261338262581205
DiMethylEther,random_solvai_bq,15,1.0107417413517006
DiMethylEther,random_solvai_bq,3,3.595870610950244
DiMethylEther,random_solvai_bq,4,3.100124353455612
DiMethylEther,random_solvai_bq,5,3.0725866770873598
DiMethylEther,random_solvai_bq,6,2.6473853587573295
DiMethylEther,random_solvai_bq,7,2.6324546459028446
DiMethylEther,random_solvai_bq,8,2.582918915323945
DiMethylEther,random_solvai_bq,9,2.146596935380879
DiMethylEther,random_solvai_bq,10,2.1349421503335764
DiMethylEther,random_solvai_bq,11,2.089436980702957
DiMethylEther,random_solvai_bq,12,1.7156295434481916
DiMethylEther,random_solvai_bq,13,1.294969379561363
DiMethylEther,random_solvai_bq,14,1.0446535016894918
DiMethylEther,random_solvai_bq,15,1.0107417413517008
DiMethylEther,random_solvai_bq,3,3.595870610950244
DiMethylEther,random_solvai_bq,4,2.93244521941495
DiMethylEther,random_solvai_bq,5,2.9189394126901527
DiMethylEther,random_solvai_bq,6,2.9084856498825165
DiMethylEther,random_solvai_bq,7,1.8329630793574192
DiMethylEther,random_solvai_bq,8,1.7431652412431
DiMethylEther,random_solvai_bq,9,1.5818978919470208
DiMethylEther,random_solvai_bq,10,1.5196621488441813
DiMethylEther,random_solvai_bq,11,1.5046341561759022
DiMethylEther,random_solvai_bq,12,1.4102275135499307
DiMethylEther,random_solvai_bq,13,1.3347198552680795
DiMethylEther,random_solvai_bq,14,1.0109180228177908
DiMethylEther,random_solvai_bq,15,1.0107417413517008
DiMethylEther,random_solvai_bq,3,3.595870610950244
DiMethylEther,random_solvai_bq,4,3.2877220359907673
DiMethylEther,random_solvai_bq,5,2.9474751926007507
DiMethylEther,random_solvai_bq,6,2.324444659627665
DiMethylEther,random_solvai_bq,7,2.3182255506619938
DiMethylEther,random_solvai_bq,8,2.0177125136724654
DiMethylEther,random_solvai_bq,9,1.978962380996084
DiMethylEther,random_solvai_bq,10,1.7173177382692795
DiMethylEther,random_solvai_bq,11,1.617836901294319
DiMethylEther,random_solvai_bq,12,1.3303615365287274
DiMethylEther,random_solvai_bq,13,1.2787458667894622
DiMethylEther,random_solvai_bq,14,1.261338262581205
DiMethylEther,random_solvai_bq,15,1.0107417413517013
DiMethylEther,random_solvai_bq,3,3.595870610950244
DiMethylEther,random_solvai_bq,4,2.8013828222381743
DiMethylEther,random_solvai_bq,5,2.7939969027834595
DiMethylEther,random_solvai_bq,6,1.8494973379027584
DiMethylEther,random_solvai_bq,7,1.733000091258605
DiMethylEther,random_solvai_bq,8,1.6644196706343377
DiMethylEther,random_solvai_bq,9,1.635240422162072
DiMethylEther,random_solvai_bq,10,1.458592469610381
DiMethylEther,random_solvai_bq,11,1.2826581223552653
DiMethylEther,random_solvai_bq,12,1.259438988420696
DiMethylEther,random_solvai_bq,13,1.2056303374715602
DiMethylEther,random_solvai_bq,14,1.0370026098900689
DiMethylEther,random_solvai_bq,15,1.0107417413517008
DiMethylEther,random_solvai_bq,3,3.595870610950244
DiMethylEther,random_solvai_bq,4,3.5842379243178075
DiMethylEther,random_solvai_bq,5,3.222455852168546
DiMethylEther,random_solvai_bq,6,2.657945497065497
DiMethylEther,random_solvai_bq,7,2.6257744190222194
DiMethylEther,random_solvai_bq,8,2.617594032712734
DiMethylEther,random_solvai_bq,9,2.573727082234273
DiMethylEther,random_solvai_bq,10,2.0991525583453443
DiMethylEther,random_solvai_bq,11,1.724466952236579
DiMethylEther,random_solvai_bq,12,1.3069816622018613
DiMethylEther,random_solvai_bq,13,1.1064548837030874
DiMethylEther,random_solvai_bq,14,1.1062939568013004
DiMethylEther,random_solvai_bq,15,1.0107417413517006
DiMethylEther,random_solvai_bq,3,3.595870610950244
DiMethylEther,random_solvai_bq,4,3.5849349342488126
DiMethylEther,random_solvai_bq,5,3.2757068338884343
DiMethylEther,random_solvai_bq,6,2.9097033946677984
DiMethylEther,random_solvai_bq,7,2.852887833538487
DiMethylEther,random_solvai_bq,8,2.834093167888267
DiMethylEther,random_solvai_bq,9,2.1938952993032608
DiMethylEther,random_solvai_bq,10,1.8751661716150265
DiMethylEther,random_solvai_bq,11,1.8621810610524132
DiMethylEther,random_solvai_bq,12,1.6041144287567053
DiMethylEther,random_solvai_bq,13,1.3136380969504584
DiMethylEther,random_solvai_bq,14,1.075008656443978
DiMethylEther,random_solvai_bq,15,1.010741741351701
DiMethylEther,random_solvai_bq,3,3.595870610950244
DiMethylEther,random_solvai_bq,4,3.5849349342488126
DiMethylEther,random_solvai_bq,5,3.3921104758868696
DiMethylEther,random_solvai_bq,6,3.216963662774921
DiMethylEther,random_solvai_bq,7,2.8183191719637954
DiMethylEther,random_solvai_bq,8,2.762889055645969
DiMethylEther,random_solvai_bq,9,2.1931913002982273
DiMethylEther,random_solvai_bq,10,2.1683707955301195
DiMethylEther,random_solvai_bq,11,2.153992000187449
DiMethylEther,random_solvai_bq,12,2.137128851760941
DiMethylEther,random_solvai_bq,13,2.133403421533268
DiMethylEther,random_solvai_bq,14,1.2994969722449266
DiMethylEther,random_solvai_bq,15,1.0107417413517008
DiMethylEther,random_solvai_bq,3,3.595870610950244
DiMethylEther,random_solvai_bq,4,3.100124353455612
DiMethylEther,random_solvai_bq,5,3.087433245983693
DiMethylEther,random_solvai_bq,6,3.0637899757452756
DiMethylEther,random_solvai_bq,7,3.061261312092152
DiMethylEther,random_solvai_bq,8,3.0185865911721312
DiMethylEther,random_solvai_bq,9,2.802730215213038
DiMethylEther,random_solvai_bq,10,2.7641795191260927
DiMethylEther,random_solvai_bq,11,1.5797507400402562
DiMethylEther,random_solvai_bq,12,1.4283033781951
DiMethylEther,random_solvai_bq,13,1.354686557055725
DiMethylEther,random_solvai_bq,14,1.334531473440189
DiMethylEther,random_solvai_bq,15,1.0107417413517008
EthylAcetate,fixed_solvai_bq,3,3.9278835750116103
EthylAcetate,fixed_solvai_bq,4,3.9147762154695327
EthylAcetate,fixed_solvai_bq,5,3.8703134306406515
EthylAcetate,fixed_solvai_bq,6,3.1790771678848184
EthylAcetate,fixed_solvai_bq,7,2.95051822431191
EthylAcetate,fixed_solvai_bq,8,2.9493131499667617
EthylAcetate,fixed_solvai_bq,9,2.925713357323122
EthylAcetate,fixed_solvai_bq,10,2.8323099989105263
EthylAcetate,fixed_solvai_bq,11,2.663396205462254
EthylAcetate,fixed_solvai_bq,12,2.3646673517857737
EthylAcetate,fixed_solvai_bq,13,1.8057062977830105
EthylAcetate,fixed_solvai_bq,14,1.7536410977928087
EthylAcetate,fixed_solvai_bq,15,1.7259636451026374
EthylAcetate,uniform_solvai_bq,3,3.9278835750116103
EthylAcetate,uniform_solvai_bq,4,3.2524869944830197
EthylAcetate,uniform_solvai_bq,5,3.0311063584024587
EthylAcetate,uniform_solvai_bq,6,3.0102496651485247
EthylAcetate,uniform_solvai_bq,7,2.921914760705327
EthylAcetate,uniform_solvai_bq,8,2.7590122387618217
EthylAcetate,uniform_solvai_bq,9,2.4713191681660494
EthylAcetate,uniform_solvai_bq,10,1.9940746666809717
EthylAcetate,uniform_solvai_bq,11,1.8540869733548475
EthylAcetate,uniform_solvai_bq,12,1.8045632412428518
EthylAcetate,uniform_solvai_bq,13,1.7979227761028194
EthylAcetate,uniform_solvai_bq,14,1.7637211357986615
EthylAcetate,uniform_solvai_bq,15,1.725963645102637
EthylAcetate,curvature_solvai_bq,3,3.9278835750116103
EthylAcetate,curvature_solvai_bq,4,3.2524869944830197
EthylAcetate,curvature_solvai_bq,5,3.0311063584024587
EthylAcetate,curvature_solvai_bq,6,2.958060944060982
EthylAcetate,curvature_solvai_bq,7,2.800704043337525
EthylAcetate,curvature_solvai_bq,8,2.5181253484670894
EthylAcetate,curvature_solvai_bq,9,2.0517952680062614
EthylAcetate,curvature_solvai_bq,10,1.9160290846829806
EthylAcetate,curvature_solvai_bq,11,1.8844678077209345
EthylAcetate,curvature_solvai_bq,12,1.8352489029633798
EthylAcetate,curvature_solvai_bq,13,1.798992977851242
EthylAcetate,curvature_solvai_bq,14,1.7328799633158265
EthylAcetate,curvature_solvai_bq,15,1.7259636451026368
EthylAcetate,generic_bq,3,3.999889295316502
EthylAcetate,generic_bq,4,3.4294795102676447
EthylAcetate,generic_bq,5,2.4130360842207996
EthylAcetate,generic_bq,6,2.1237321447473425
EthylAcetate,generic_bq,7,1.850665843015588
EthylAcetate,generic_bq,8,1.648197833250786
EthylAcetate,generic_bq,9,1.4388775505066145
EthylAcetate,generic_bq,10,1.3447490281589045
EthylAcetate,generic_bq,11,1.129598337674269
EthylAcetate,generic_bq,12,1.1239538094922856
EthylAcetate,generic_bq,13,1.0612156585864523
EthylAcetate,generic_bq,14,1.000829012607158
EthylAcetate,generic_bq,15,0.98803636699002
EthylAcetate,active_solvai_bq,3,3.9278835750116103
EthylAcetate,active_solvai_bq,4,3.2524869944830197
EthylAcetate,active_solvai_bq,5,3.0311063584024587
EthylAcetate,active_solvai_bq,6,2.8864952394761874
EthylAcetate,active_solvai_bq,7,2.768951007603865
EthylAcetate,active_solvai_bq,8,2.6436776548324787
EthylAcetate,active_solvai_bq,9,2.337633618772599
EthylAcetate,active_solvai_bq,10,2.241851994292533
EthylAcetate,active_solvai_bq,11,1.8724524505044409
EthylAcetate,active_solvai_bq,12,1.8444934168286142
EthylAcetate,active_solvai_bq,13,1.7920869190602555
EthylAcetate,active_solvai_bq,14,1.7487303705645767
EthylAcetate,active_solvai_bq,15,1.7259636451026368
EthylAcetate,oracle_non_deployable,3,3.9278835750116103
EthylAcetate,oracle_non_deployable,4,3.2524869944830197
EthylAcetate,oracle_non_deployable,5,3.094649001811078
EthylAcetate,oracle_non_deployable,6,2.987645926176813
EthylAcetate,oracle_non_deployable,7,2.9804421442041806
EthylAcetate,oracle_non_deployable,8,2.748567215338157
EthylAcetate,oracle_non_deployable,9,2.4020828768813276
EthylAcetate,oracle_non_deployable,10,2.3283405483454285
EthylAcetate,oracle_non_deployable,11,2.309973993396814
EthylAcetate,oracle_non_deployable,12,2.1220174809402805
EthylAcetate,oracle_non_deployable,13,1.9117403390990835
EthylAcetate,oracle_non_deployable,14,1.7487303705645763
EthylAcetate,oracle_non_deployable,15,1.725963645102637
EthylAcetate,random_solvai_bq,3,3.9278835750116103
EthylAcetate,random_solvai_bq,4,3.870269601998454
EthylAcetate,random_solvai_bq,5,3.8663416932054524
EthylAcetate,random_solvai_bq,6,3.680499974876481
EthylAcetate,random_solvai_bq,7,3.5255944078341592
EthylAcetate,random_solvai_bq,8,3.5148670567482285
EthylAcetate,random_solvai_bq,9,2.7338611127197967
EthylAcetate,random_solvai_bq,10,2.7277337449484023
EthylAcetate,random_solvai_bq,11,2.502102236573685
EthylAcetate,random_solvai_bq,12,2.376698215748046
EthylAcetate,random_solvai_bq,13,2.1623171175156277
EthylAcetate,random_solvai_bq,14,1.9524891187071638
EthylAcetate,random_solvai_bq,15,1.7259636451026379
EthylAcetate,random_solvai_bq,3,3.9278835750116103
EthylAcetate,random_solvai_bq,4,3.2524869944830197
EthylAcetate,random_solvai_bq,5,2.788992811211098
EthylAcetate,random_solvai_bq,6,2.66963135601258
EthylAcetate,random_solvai_bq,7,2.6466721559492834
EthylAcetate,random_solvai_bq,8,2.539437713542246
EthylAcetate,random_solvai_bq,9,2.509338089689931
EthylAcetate,random_solvai_bq,10,2.4262024559412394
EthylAcetate,random_solvai_bq,11,2.424892009809077
EthylAcetate,random_solvai_bq,12,2.318603149040012
EthylAcetate,random_solvai_bq,13,2.2984146939103995
EthylAcetate,random_solvai_bq,14,2.1161224457640726
EthylAcetate,random_solvai_bq,15,1.7259636451026374
EthylAcetate,random_solvai_bq,3,3.9278835750116103
EthylAcetate,random_solvai_bq,4,3.9240133378101825
EthylAcetate,random_solvai_bq,5,3.743067509575845
EthylAcetate,random_solvai_bq,6,3.023561524201693
EthylAcetate,random_solvai_bq,7,2.9118954193075544
EthylAcetate,random_solvai_bq,8,2.897193034772312
EthylAcetate,random_solvai_bq,9,2.5115564715994307
EthylAcetate,random_solvai_bq,10,2.4906910263505155
EthylAcetate,random_solvai_bq,11,2.3676138848571555
EthylAcetate,random_solvai_bq,12,2.3153137285656364
EthylAcetate,random_solvai_bq,13,1.9726415847404666
EthylAcetate,random_solvai_bq,14,1.7487303705645763
EthylAcetate,random_solvai_bq,15,1.7259636451026374
EthylAcetate,random_solvai_bq,3,3.9278835750116103
EthylAcetate,random_solvai_bq,4,3.7982176877857246
EthylAcetate,random_solvai_bq,5,3.784661285003578
EthylAcetate,random_solvai_bq,6,3.5271203727327514
EthylAcetate,random_solvai_bq,7,3.467075479503598
EthylAcetate,random_solvai_bq,8,3.0401234084693365
EthylAcetate,random_solvai_bq,9,2.9502218853004725
EthylAcetate,random_solvai_bq,10,2.9496829821899717
EthylAcetate,random_solvai_bq,11,2.48764985611117
EthylAcetate,random_solvai_bq,12,2.3642570995315686
EthylAcetate,random_solvai_bq,13,2.0016967465680047
EthylAcetate,random_solvai_bq,14,1.9818335450677953
EthylAcetate,random_solvai_bq,15,1.7259636451026374
EthylAcetate,random_solvai_bq,3,3.9278835750116103
EthylAcetate,random_solvai_bq,4,3.7012396424517062
EthylAcetate,random_solvai_bq,5,3.6318204969107217
EthylAcetate,random_solvai_bq,6,3.627137406538655
EthylAcetate,random_solvai_bq,7,3.2608832979450098
EthylAcetate,random_solvai_bq,8,3.213657927247908
EthylAcetate,random_solvai_bq,9,2.766806677066317
EthylAcetate,random_solvai_bq,10,2.7630235783664103
EthylAcetate,random_solvai_bq,11,2.650821937896027
EthylAcetate,random_solvai_bq,12,2.3419299552744617
EthylAcetate,random_solvai_bq,13,2.2627840767422405
EthylAcetate,random_solvai_bq,14,2.0364790639182857
EthylAcetate,random_solvai_bq,15,1.7259636451026379
EthylAcetate,random_solvai_bq,3,3.9278835750116103
EthylAcetate,random_solvai_bq,4,3.9147762154695327
EthylAcetate,random_solvai_bq,5,3.5496133326734833
EthylAcetate,random_solvai_bq,6,3.2970663707517938
EthylAcetate,random_solvai_bq,7,3.237036968815514
EthylAcetate,random_solvai_bq,8,2.973497210909299
EthylAcetate,random_solvai_bq,9,2.4838481284322937
EthylAcetate,random_solvai_bq,10,2.3821943617192414
EthylAcetate,random_solvai_bq,11,2.357218522836948
EthylAcetate,random_solvai_bq,12,2.073635227641679
EthylAcetate,random_solvai_bq,13,1.7704899998520498
EthylAcetate,random_solvai_bq,14,1.7328799633158265
EthylAcetate,random_solvai_bq,15,1.7259636451026374
EthylAcetate,random_solvai_bq,3,3.9278835750116103
EthylAcetate,random_solvai_bq,4,3.5573826691857544
EthylAcetate,random_solvai_bq,5,3.352461550134433
EthylAcetate,random_solvai_bq,6,3.189043436185372
EthylAcetate,random_solvai_bq,7,2.98555836800854
EthylAcetate,random_solvai_bq,8,2.5735124458279186
EthylAcetate,random_solvai_bq,9,2.348751873528447
EthylAcetate,random_solvai_bq,10,2.3259607632121844
EthylAcetate,random_solvai_bq,11,2.206103401506064
EthylAcetate,random_solvai_bq,12,2.15293517531259
EthylAcetate,random_solvai_bq,13,2.1217092220694673
EthylAcetate,random_solvai_bq,14,2.1161224457640726
EthylAcetate,random_solvai_bq,15,1.725963645102637
EthylAcetate,random_solvai_bq,3,3.9278835750116103
EthylAcetate,random_solvai_bq,4,3.9147762154695327
EthylAcetate,random_solvai_bq,5,3.8703134306406515
EthylAcetate,random_solvai_bq,6,3.5005153973735523
EthylAcetate,random_solvai_bq,7,3.2373341529447845
EthylAcetate,random_solvai_bq,8,2.7839364148110084
EthylAcetate,random_solvai_bq,9,2.759878838508365
EthylAcetate,random_solvai_bq,10,2.533383084557335
EthylAcetate,random_solvai_bq,11,1.8893878201046312
EthylAcetate,random_solvai_bq,12,1.8162535529170094
EthylAcetate,random_solvai_bq,13,1.760448575542748
EthylAcetate,random_solvai_bq,14,1.7536410977928087
EthylAcetate,random_solvai_bq,15,1.7259636451026374
EthylAcetate,random_solvai_bq,3,3.9278835750116103
EthylAcetate,random_solvai_bq,4,3.2524869944830197
EthylAcetate,random_solvai_bq,5,3.094649001811078
EthylAcetate,random_solvai_bq,6,3.023049554936595
EthylAcetate,random_solvai_bq,7,2.705732112101582
EthylAcetate,random_solvai_bq,8,2.5030869289442776
EthylAcetate,random_solvai_bq,9,2.2600053996801237
EthylAcetate,random_solvai_bq,10,2.2077213998369523
EthylAcetate,random_solvai_bq,11,2.103439458778857
EthylAcetate,random_solvai_bq,12,2.079941357820186
EthylAcetate,random_solvai_bq,13,2.0741797127213735
EthylAcetate,random_solvai_bq,14,1.9886595451967246
EthylAcetate,random_solvai_bq,15,1.7259636451026368
EthylAcetate,random_solvai_bq,3,3.9278835750116103
EthylAcetate,random_solvai_bq,4,3.883570858506113
EthylAcetate,random_solvai_bq,5,3.647867426349554
EthylAcetate,random_solvai_bq,6,3.441190478917471
EthylAcetate,random_solvai_bq,7,3.3405884239563304
EthylAcetate,random_solvai_bq,8,2.4988260187049636
EthylAcetate,random_solvai_bq,9,2.4896469122420775
EthylAcetate,random_solvai_bq,10,2.306599973577397
EthylAcetate,random_solvai_bq,11,2.2299520187949997
EthylAcetate,random_solvai_bq,12,2.0072814243075094
EthylAcetate,random_solvai_bq,13,1.806718205645299
EthylAcetate,random_solvai_bq,14,1.769878062817651
EthylAcetate,random_solvai_bq,15,1.7259636451026374
EthylAcetate,random_solvai_bq,3,3.9278835750116103
EthylAcetate,random_solvai_bq,4,3.870269601998454
EthylAcetate,random_solvai_bq,5,3.493664316162987
EthylAcetate,random_solvai_bq,6,3.156363755996457
EthylAcetate,random_solvai_bq,7,3.0282780225388324
EthylAcetate,random_solvai_bq,8,2.8838877909027425
EthylAcetate,random_solvai_bq,9,2.458130535412576
EthylAcetate,random_solvai_bq,10,2.3023098307260614
EthylAcetate,random_solvai_bq,11,2.2872176555222925
EthylAcetate,random_solvai_bq,12,2.062699034295036
EthylAcetate,random_solvai_bq,13,2.029208015011659
EthylAcetate,random_solvai_bq,14,1.9818335450677957
EthylAcetate,random_solvai_bq,15,1.7259636451026374
EthylAcetate,random_solvai_bq,3,3.9278835750116103
EthylAcetate,random_solvai_bq,4,3.5536267345039647
EthylAcetate,random_solvai_bq,5,3.178916074149313
EthylAcetate,random_solvai_bq,6,2.7499245886626054
EthylAcetate,random_solvai_bq,7,2.3487559073516704
EthylAcetate,random_solvai_bq,8,2.2862387638880524
EthylAcetate,random_solvai_bq,9,2.1456432093750646
EthylAcetate,random_solvai_bq,10,2.1267449690001228
EthylAcetate,random_solvai_bq,11,2.0942801427097186
EthylAcetate,random_solvai_bq,12,1.8444934168286147
EthylAcetate,random_solvai_bq,13,1.792086919060256
EthylAcetate,random_solvai_bq,14,1.7698780628176505
EthylAcetate,random_solvai_bq,15,1.725963645102637
EthylAcetate,random_solvai_bq,3,3.9278835750116103
EthylAcetate,random_solvai_bq,4,3.9240133378101825
EthylAcetate,random_solvai_bq,5,3.5530734777398902
EthylAcetate,random_solvai_bq,6,3.542405693193339
EthylAcetate,random_solvai_bq,7,3.478412999384541
EthylAcetate,random_solvai_bq,8,3.266195460681585
EthylAcetate,random_solvai_bq,9,3.090888723483921
EthylAcetate,random_solvai_bq,10,2.6103800339922945
EthylAcetate,random_solvai_bq,11,2.50305900663195
EthylAcetate,random_solvai_bq,12,2.3367171147207837
EthylAcetate,random_solvai_bq,13,2.1344641340002966
EthylAcetate,random_solvai_bq,14,1.7487303705645767
EthylAcetate,random_solvai_bq,15,1.725963645102637
EthylAcetate,random_solvai_bq,3,3.9278835750116103
EthylAcetate,random_solvai_bq,4,3.870269601998454
EthylAcetate,random_solvai_bq,5,3.529339056873597
EthylAcetate,random_solvai_bq,6,3.266091586955415
EthylAcetate,random_solvai_bq,7,3.0334860578619183
EthylAcetate,random_solvai_bq,8,3.0096478255626407
EthylAcetate,random_solvai_bq,9,2.507953708347175
EthylAcetate,random_solvai_bq,10,2.5012439293116397
EthylAcetate,random_solvai_bq,11,2.2558911677818627
EthylAcetate,random_solvai_bq,12,1.8515962171605702
EthylAcetate,random_solvai_bq,13,1.8096529629530513
EthylAcetate,random_solvai_bq,14,1.7854684320799614
EthylAcetate,random_solvai_bq,15,1.7259636451026374
EthylAcetate,random_solvai_bq,3,3.9278835750116103
EthylAcetate,random_solvai_bq,4,3.6954864182247746
EthylAcetate,random_solvai_bq,5,3.6913725679728184
EthylAcetate,random_solvai_bq,6,3.4928353298353305
EthylAcetate,random_solvai_bq,7,3.4369181414133685
EthylAcetate,random_solvai_bq,8,3.3482736425187163
EthylAcetate,random_solvai_bq,9,2.9280548672583575
EthylAcetate,random_solvai_bq,10,2.7800473925595064
EthylAcetate,random_solvai_bq,11,2.1893886345351037
EthylAcetate,random_solvai_bq,12,2.0486119535831713
EthylAcetate,random_solvai_bq,13,2.0292080150116587
EthylAcetate,random_solvai_bq,14,1.76987806281765
EthylAcetate,random_solvai_bq,15,1.725963645102637
EthylAcetate,random_solvai_bq,3,3.9278835750116103
EthylAcetate,random_solvai_bq,4,3.883570858506113
EthylAcetate,random_solvai_bq,5,3.1988318143894188
EthylAcetate,random_solvai_bq,6,2.6874489596277398
EthylAcetate,random_solvai_bq,7,2.5633575449521406
EthylAcetate,random_solvai_bq,8,2.42844283663446
EthylAcetate,random_solvai_bq,9,2.404373051263309
EthylAcetate,random_solvai_bq,10,2.3773171314299324
EthylAcetate,random_solvai_bq,11,2.031554523870043
EthylAcetate,random_solvai_bq,12,2.0014057685158884
EthylAcetate,random_solvai_bq,13,1.9540945870606325
EthylAcetate,random_solvai_bq,14,1.7328799633158267
EthylAcetate,random_solvai_bq,15,1.7259636451026374
EthylAcetate,random_solvai_bq,3,3.9278835750116103
EthylAcetate,random_solvai_bq,4,3.7982176877857246
EthylAcetate,random_solvai_bq,5,3.7417248292312264
EthylAcetate,random_solvai_bq,6,3.4606452190075343
EthylAcetate,random_solvai_bq,7,3.0746235342313044
EthylAcetate,random_solvai_bq,8,3.0076319523329675
EthylAcetate,random_solvai_bq,9,2.9835925778651453
EthylAcetate,random_solvai_bq,10,2.8969397916566395
EthylAcetate,random_solvai_bq,11,2.3824491988097543
EthylAcetate,random_solvai_bq,12,2.352777701464149
EthylAcetate,random_solvai_bq,13,2.3242399119978447
EthylAcetate,random_solvai_bq,14,2.1161224457640726
EthylAcetate,random_solvai_bq,15,1.7259636451026374
EthylAcetate,random_solvai_bq,3,3.9278835750116103
EthylAcetate,random_solvai_bq,4,3.6954864182247746
EthylAcetate,random_solvai_bq,5,3.3188705813597936
EthylAcetate,random_solvai_bq,6,3.3142892892022338
EthylAcetate,random_solvai_bq,7,3.230230562721978
EthylAcetate,random_solvai_bq,8,2.6851718360523007
EthylAcetate,random_solvai_bq,9,2.6651328697899905
EthylAcetate,random_solvai_bq,10,2.614510663315966
EthylAcetate,random_solvai_bq,11,2.1107649885693087
EthylAcetate,random_solvai_bq,12,1.8638736795078295
EthylAcetate,random_solvai_bq,13,1.8222121336802808
EthylAcetate,random_solvai_bq,14,1.7854684320799612
EthylAcetate,random_solvai_bq,15,1.725963645102637
EthylAcetate,random_solvai_bq,3,3.9278835750116103
EthylAcetate,random_solvai_bq,4,3.7012396424517062
EthylAcetate,random_solvai_bq,5,2.9746869098073705
EthylAcetate,random_solvai_bq,6,2.953433058706227
EthylAcetate,random_solvai_bq,7,2.6812503275682085
EthylAcetate,random_solvai_bq,8,2.5127433834082438
EthylAcetate,random_solvai_bq,9,2.511495789264909
EthylAcetate,random_solvai_bq,10,2.4090616689603133
EthylAcetate,random_solvai_bq,11,2.2819534020059877
EthylAcetate,random_solvai_bq,12,2.0910818312963144
EthylAcetate,random_solvai_bq,13,2.005995879642616
EthylAcetate,random_solvai_bq,14,1.7487303705645767
EthylAcetate,random_solvai_bq,15,1.725963645102637
EthylAcetate,random_solvai_bq,3,3.9278835750116103
EthylAcetate,random_solvai_bq,4,3.5536267345039647
EthylAcetate,random_solvai_bq,5,3.139027482010842
EthylAcetate,random_solvai_bq,6,3.12549389255479
EthylAcetate,random_solvai_bq,7,2.7739424731050746
EthylAcetate,random_solvai_bq,8,2.7552809709098542
EthylAcetate,random_solvai_bq,9,2.6514921623153387
EthylAcetate,random_solvai_bq,10,2.1053233916282603
EthylAcetate,random_solvai_bq,11,1.9012080015173962
EthylAcetate,random_solvai_bq,12,1.8287676019788102
EthylAcetate,random_solvai_bq,13,1.7921582659608752
EthylAcetate,random_solvai_bq,14,1.7328799633158267
EthylAcetate,random_solvai_bq,15,1.7259636451026368
Anthracene,fixed_solvai_bq,3,4.051275317482119
Anthracene,fixed_solvai_bq,4,4.041264135500623
Anthracene,fixed_solvai_bq,5,3.92034472294157
Anthracene,fixed_solvai_bq,6,3.5601123531011356
Anthracene,fixed_solvai_bq,7,3.0535746643070554
Anthracene,fixed_solvai_bq,8,3.0458326861715515
Anthracene,fixed_solvai_bq,9,2.9684672496959035
Anthracene,fixed_solvai_bq,10,2.825588530830116
Anthracene,fixed_solvai_bq,11,2.635299056209807
Anthracene,fixed_solvai_bq,12,2.4882213154807613
Anthracene,fixed_solvai_bq,13,2.147819772692734
Anthracene,fixed_solvai_bq,14,2.0895116771096753
Anthracene,fixed_solvai_bq,15,2.050164185040964
Anthracene,uniform_solvai_bq,3,4.051275317482119
Anthracene,uniform_solvai_bq,4,3.7050348836727665
Anthracene,uniform_solvai_bq,5,3.2224386993261147
Anthracene,uniform_solvai_bq,6,3.208415553919553
Anthracene,uniform_solvai_bq,7,3.0860156363795577
Anthracene,uniform_solvai_bq,8,2.9130205983451303
Anthracene,uniform_solvai_bq,9,2.780736719117275
Anthracene,uniform_solvai_bq,10,2.445694994669485
Anthracene,uniform_solvai_bq,11,2.2443264799950353
Anthracene,uniform_solvai_bq,12,2.1903944375988003
Anthracene,uniform_solvai_bq,13,2.1660551871096994
Anthracene,uniform_solvai_bq,14,2.1140269748745952
Anthracene,uniform_solvai_bq,15,2.050164185040964
Anthracene,curvature_solvai_bq,3,4.051275317482119
Anthracene,curvature_solvai_bq,4,3.7050348836727665
Anthracene,curvature_solvai_bq,5,3.2224386993261147
Anthracene,curvature_solvai_bq,6,3.1093936302187974
Anthracene,curvature_solvai_bq,7,3.021543099612825
Anthracene,curvature_solvai_bq,8,2.807066005216255
Anthracene,curvature_solvai_bq,9,2.4755914517053035
Anthracene,curvature_solvai_bq,10,2.2768685267628124
Anthracene,curvature_solvai_bq,11,2.2235806981188917
Anthracene,curvature_solvai_bq,12,2.1902470375774272
Anthracene,curvature_solvai_bq,13,2.1389583493036013
Anthracene,curvature_solvai_bq,14,2.0758626849032384
Anthracene,curvature_solvai_bq,15,2.050164185040964
Anthracene,generic_bq,3,4.244395300713179
Anthracene,generic_bq,4,3.505905690509769
Anthracene,generic_bq,5,2.658523807803764
Anthracene,generic_bq,6,2.347520842286965
Anthracene,generic_bq,7,2.207879705058757
Anthracene,generic_bq,8,2.011973613845768
Anthracene,generic_bq,9,1.8118727277618119
Anthracene,generic_bq,10,1.714960215239951
Anthracene,generic_bq,11,1.2587077947445773
Anthracene,generic_bq,12,1.2163336207858553
Anthracene,generic_bq,13,1.187256348601574
Anthracene,generic_bq,14,1.169514661113517
Anthracene,generic_bq,15,1.1627209205317357
Anthracene,active_solvai_bq,3,4.051275317482119
Anthracene,active_solvai_bq,4,3.61601787209503
Anthracene,active_solvai_bq,5,3.2224386993261147
Anthracene,active_solvai_bq,6,3.0974128650023243
Anthracene,active_solvai_bq,7,2.9440712913827296
Anthracene,active_solvai_bq,8,2.8007361987882087
Anthracene,active_solvai_bq,9,2.656864517623824
Anthracene,active_solvai_bq,10,2.4463024577445736
Anthracene,active_solvai_bq,11,2.4026955399213206
Anthracene,active_solvai_bq,12,2.1503536913968633
Anthracene,active_solvai_bq,13,2.0954154907126727
Anthracene,active_solvai_bq,14,2.085439715091126
Anthracene,active_solvai_bq,15,2.050164185040964
Anthracene,oracle_non_deployable,3,4.051275317482119
Anthracene,oracle_non_deployable,4,3.88131424685911
Anthracene,oracle_non_deployable,5,3.5218206358406574
Anthracene,oracle_non_deployable,6,3.509432181668713
Anthracene,oracle_non_deployable,7,3.3534290462365006
Anthracene,oracle_non_deployable,8,3.3490115899303494
Anthracene,oracle_non_deployable,9,3.03290316969529
Anthracene,oracle_non_deployable,10,2.7614904559844433
Anthracene,oracle_non_deployable,11,2.450208973143384
Anthracene,oracle_non_deployable,12,2.2474355529166945
Anthracene,oracle_non_deployable,13,2.1214723168808134
Anthracene,oracle_non_deployable,14,2.085439715091127
Anthracene,oracle_non_deployable,15,2.050164185040964
Anthracene,random_solvai_bq,3,4.051275317482119
Anthracene,random_solvai_bq,4,4.040510528708035
Anthracene,random_solvai_bq,5,3.8118252916500515
Anthracene,random_solvai_bq,6,3.438130769960678
Anthracene,random_solvai_bq,7,3.152333149718421
Anthracene,random_solvai_bq,8,2.911575486291444
Anthracene,random_solvai_bq,9,2.764639907496894
Anthracene,random_solvai_bq,10,2.654507239139727
Anthracene,random_solvai_bq,11,2.520738312592063
Anthracene,random_solvai_bq,12,2.5124609711956807
Anthracene,random_solvai_bq,13,2.3270768297629165
Anthracene,random_solvai_bq,14,2.2681371068220066
Anthracene,random_solvai_bq,15,2.050164185040964
Anthracene,random_solvai_bq,3,4.051275317482119
Anthracene,random_solvai_bq,4,4.041264135500623
Anthracene,random_solvai_bq,5,3.650148993091518
Anthracene,random_solvai_bq,6,3.499854312881546
Anthracene,random_solvai_bq,7,3.3543370198443974
Anthracene,random_solvai_bq,8,3.168923216899177
Anthracene,random_solvai_bq,9,3.1478763294896432
Anthracene,random_solvai_bq,10,2.8604247275324544
Anthracene,random_solvai_bq,11,2.831748856469644
Anthracene,random_solvai_bq,12,2.7103198944684794
Anthracene,random_solvai_bq,13,2.2580338132183626
Anthracene,random_solvai_bq,14,2.2321282319939644
Anthracene,random_solvai_bq,15,2.0501641850409644
Anthracene,random_solvai_bq,3,4.051275317482119
Anthracene,random_solvai_bq,4,3.922974299816315
Anthracene,random_solvai_bq,5,3.621745242600427
Anthracene,random_solvai_bq,6,3.6096997448888057
Anthracene,random_solvai_bq,7,3.605596276560864
Anthracene,random_solvai_bq,8,3.479902437988585
Anthracene,random_solvai_bq,9,3.2685948811626107
Anthracene,random_solvai_bq,10,3.17493105268304
Anthracene,random_solvai_bq,11,2.709137594863485
Anthracene,random_solvai_bq,12,2.491216850437724
Anthracene,random_solvai_bq,13,2.4263285362187843
Anthracene,random_solvai_bq,14,2.2703227635307868
Anthracene,random_solvai_bq,15,2.050164185040964
Anthracene,random_solvai_bq,3,4.051275317482119
Anthracene,random_solvai_bq,4,3.922974299816315
Anthracene,random_solvai_bq,5,3.621745242600427
Anthracene,random_solvai_bq,6,3.4966319609852006
Anthracene,random_solvai_bq,7,3.484153945597359
Anthracene,random_solvai_bq,8,3.4389893762447348
Anthracene,random_solvai_bq,9,3.223723070420721
Anthracene,random_solvai_bq,10,2.9319931351887156
Anthracene,random_solvai_bq,11,2.924224396238971
Anthracene,random_solvai_bq,12,2.6122193769387323
Anthracene,random_solvai_bq,13,2.40691890466
Anthracene,random_solvai_bq,14,2.2681371068220066
Anthracene,random_solvai_bq,15,2.050164185040964
Anthracene,random_solvai_bq,3,4.051275317482119
Anthracene,random_solvai_bq,4,3.8427162897452956
Anthracene,random_solvai_bq,5,3.544068596979741
Anthracene,random_solvai_bq,6,3.1371316483390466
Anthracene,random_solvai_bq,7,3.119973891826882
Anthracene,random_solvai_bq,8,3.1151375179671437
Anthracene,random_solvai_bq,9,2.9733724902332677
Anthracene,random_solvai_bq,10,2.776640061189773
Anthracene,random_solvai_bq,11,2.5997822289359673
Anthracene,random_solvai_bq,12,2.3754474882434646
Anthracene,random_solvai_bq,13,2.1214723168808125
Anthracene,random_solvai_bq,14,2.089511677109676
Anthracene,random_solvai_bq,15,2.050164185040964
Anthracene,random_solvai_bq,3,4.051275317482119
Anthracene,random_solvai_bq,4,3.7018344443344486
Anthracene,random_solvai_bq,5,3.5289617421240105
Anthracene,random_solvai_bq,6,3.2876653608698128
Anthracene,random_solvai_bq,7,3.2512673883734955
Anthracene,random_solvai_bq,8,3.0482794665190367
Anthracene,random_solvai_bq,9,2.9514753123023922
Anthracene,random_solvai_bq,10,2.636970999729217
Anthracene,random_solvai_bq,11,2.4105300451986924
Anthracene,random_solvai_bq,12,2.3824805399327005
Anthracene,random_solvai_bq,13,2.3738689487015754
Anthracene,random_solvai_bq,14,2.3393475893665765
Anthracene,random_solvai_bq,15,2.050164185040964
Anthracene,random_solvai_bq,3,4.051275317482119
Anthracene,random_solvai_bq,4,3.930663891997408
Anthracene,random_solvai_bq,5,3.8124720782230703
Anthracene,random_solvai_bq,6,3.378050765403086
Anthracene,random_solvai_bq,7,3.286400238680195
Anthracene,random_solvai_bq,8,3.2372050793948954
Anthracene,random_solvai_bq,9,2.9008511577589524
Anthracene,random_solvai_bq,10,2.886816422350597
Anthracene,random_solvai_bq,11,2.880575297557614
Anthracene,random_solvai_bq,12,2.716611245658171
Anthracene,random_solvai_bq,13,2.4263285362187843
Anthracene,random_solvai_bq,14,2.2703227635307868
Anthracene,random_solvai_bq,15,2.050164185040964
Anthracene,random_solvai_bq,3,4.051275317482119
Anthracene,random_solvai_bq,4,4.041264135500623
Anthracene,random_solvai_bq,5,3.92034472294157
Anthracene,random_solvai_bq,6,3.5564315492231553
Anthracene,random_solvai_bq,7,3.495481287930046
Anthracene,random_solvai_bq,8,3.239037109335113
Anthracene,random_solvai_bq,9,3.0433110021183194
Anthracene,random_solvai_bq,10,2.976023486052303
Anthracene,random_solvai_bq,11,2.821564865354048
Anthracene,random_solvai_bq,12,2.7103198944684794
Anthracene,random_solvai_bq,13,2.6880341004211203
Anthracene,random_solvai_bq,14,2.232128231993965
Anthracene,random_solvai_bq,15,2.050164185040964
Anthracene,random_solvai_bq,3,4.051275317482119
Anthracene,random_solvai_bq,4,3.88131424685911
Anthracene,random_solvai_bq,5,3.8700767327575902
Anthracene,random_solvai_bq,6,3.6306722021542965
Anthracene,random_solvai_bq,7,3.396229238236456
Anthracene,random_solvai_bq,8,3.28948048211471
Anthracene,random_solvai_bq,9,3.2825572765514917
Anthracene,random_solvai_bq,10,2.956263413582131
Anthracene,random_solvai_bq,11,2.936546459942144
Anthracene,random_solvai_bq,12,2.7306312551914815
Anthracene,random_solvai_bq,13,2.688034100421121
Anthracene,random_solvai_bq,14,2.339347589366576
Anthracene,random_solvai_bq,15,2.050164185040964
Anthracene,random_solvai_bq,3,4.051275317482119
Anthracene,random_solvai_bq,4,3.930663891997408
Anthracene,random_solvai_bq,5,3.53130038426265
Anthracene,random_solvai_bq,6,3.5007756492724433
Anthracene,random_solvai_bq,7,3.2086627531778027
Anthracene,random_solvai_bq,8,2.8690481638188987
Anthracene,random_solvai_bq,9,2.8537375451770575
Anthracene,random_solvai_bq,10,2.8074319458326373
Anthracene,random_solvai_bq,11,2.494666013447704
Anthracene,random_solvai_bq,12,2.4537661010293275
Anthracene,random_solvai_bq,13,2.2773026798776486
Anthracene,random_solvai_bq,14,2.2681371068220066
Anthracene,random_solvai_bq,15,2.050164185040964
Anthracene,random_solvai_bq,3,4.051275317482119
Anthracene,random_solvai_bq,4,4.040510528708035
Anthracene,random_solvai_bq,5,3.783571025356423
Anthracene,random_solvai_bq,6,3.4894858218389477
Anthracene,random_solvai_bq,7,3.272049743032252
Anthracene,random_solvai_bq,8,3.1133868464516903
Anthracene,random_solvai_bq,9,2.751493600282022
Anthracene,random_solvai_bq,10,2.5865447166615017
Anthracene,random_solvai_bq,11,2.3976363706630757
Anthracene,random_solvai_bq,12,2.175512933146012
Anthracene,random_solvai_bq,13,2.12386850373956
Anthracene,random_solvai_bq,14,2.1140269748745952
Anthracene,random_solvai_bq,15,2.050164185040964
Anthracene,random_solvai_bq,3,4.051275317482119
Anthracene,random_solvai_bq,4,3.795131397522395
Anthracene,random_solvai_bq,5,3.65785192545673
Anthracene,random_solvai_bq,6,3.5119044850675496
Anthracene,random_solvai_bq,7,3.2826105328962703
Anthracene,random_solvai_bq,8,2.93486994169758
Anthracene,random_solvai_bq,9,2.907722705765758
Anthracene,random_solvai_bq,10,2.534511639262552
Anthracene,random_solvai_bq,11,2.516997519514791
Anthracene,random_solvai_bq,12,2.330334272624158
Anthracene,random_solvai_bq,13,2.2801787489905205
Anthracene,random_solvai_bq,14,2.0758626849032384
Anthracene,random_solvai_bq,15,2.050164185040964
Anthracene,random_solvai_bq,3,4.051275317482119
Anthracene,random_solvai_bq,4,3.7018344443344486
Anthracene,random_solvai_bq,5,3.5678034201263786
Anthracene,random_solvai_bq,6,3.169048744360942
Anthracene,random_solvai_bq,7,2.9694021688248395
Anthracene,random_solvai_bq,8,2.816086417662098
Anthracene,random_solvai_bq,9,2.5913846825464026
Anthracene,random_solvai_bq,10,2.4033658075141777
Anthracene,random_solvai_bq,11,2.3849202704968664
Anthracene,random_solvai_bq,12,2.3377693986918877
Anthracene,random_solvai_bq,13,2.280178748990521
Anthracene,random_solvai_bq,14,2.075862684903239
Anthracene,random_solvai_bq,15,2.050164185040964
Anthracene,random_solvai_bq,3,4.051275317482119
Anthracene,random_solvai_bq,4,3.922974299816315
Anthracene,random_solvai_bq,5,3.5642917878785196
Anthracene,random_solvai_bq,6,3.4383049432329438
Anthracene,random_solvai_bq,7,3.3116700602792637
Anthracene,random_solvai_bq,8,3.2960020954433715
Anthracene,random_solvai_bq,9,3.1518510946195275
Anthracene,random_solvai_bq,10,2.7602198595616256
Anthracene,random_solvai_bq,11,2.4811212730745247
Anthracene,random_solvai_bq,12,2.4727111670841047
Anthracene,random_solvai_bq,13,2.40691890466
Anthracene,random_solvai_bq,14,2.2217437752836786
Anthracene,random_solvai_bq,15,2.050164185040964
Anthracene,random_solvai_bq,3,4.051275317482119
Anthracene,random_solvai_bq,4,3.88131424685911
Anthracene,random_solvai_bq,5,3.518387713900587
Anthracene,random_solvai_bq,6,3.414346629810138
Anthracene,random_solvai_bq,7,3.081629750237504
Anthracene,random_solvai_bq,8,2.81562738162056
Anthracene,random_solvai_bq,9,2.7995548499152503
Anthracene,random_solvai_bq,10,2.6594973379605062
Anthracene,random_solvai_bq,11,2.639775985783257
Anthracene,random_solvai_bq,12,2.6098227909947194
Anthracene,random_solvai_bq,13,2.4662006626535184
Anthracene,random_solvai_bq,14,2.339347589366576
Anthracene,random_solvai_bq,15,2.050164185040964
Anthracene,random_solvai_bq,3,4.051275317482119
Anthracene,random_solvai_bq,4,4.041264135500623
Anthracene,random_solvai_bq,5,3.912634850312788
Anthracene,random_solvai_bq,6,3.6131712970150907
Anthracene,random_solvai_bq,7,3.6082279035208593
Anthracene,random_solvai_bq,8,3.484066021785092
Anthracene,random_solvai_bq,9,3.182332984920725
Anthracene,random_solvai_bq,10,2.852032313094322
Anthracene,random_solvai_bq,11,2.8105759254943594
Anthracene,random_solvai_bq,12,2.4978573814784544
Anthracene,random_solvai_bq,13,2.283341619561711
Anthracene,random_solvai_bq,14,2.232128231993965
Anthracene,random_solvai_bq,15,2.0501641850409644
Anthracene,random_solvai_bq,3,4.051275317482119
Anthracene,random_solvai_bq,4,4.041264135500623
Anthracene,random_solvai_bq,5,3.8321603427289705
Anthracene,random_solvai_bq,6,3.4368634193284566
Anthracene,random_solvai_bq,7,3.4316661212037576
Anthracene,random_solvai_bq,8,3.2726468984202493
Anthracene,random_solvai_bq,9,2.822809462228417
Anthracene,random_solvai_bq,10,2.615567284105979
Anthracene,random_solvai_bq,11,2.5894582640384987
Anthracene,random_solvai_bq,12,2.5413650435896327
Anthracene,random_solvai_bq,13,2.373868948701576
Anthracene,random_solvai_bq,14,2.339347589366576
Anthracene,random_solvai_bq,15,2.050164185040964
Anthracene,random_solvai_bq,3,4.051275317482119
Anthracene,random_solvai_bq,4,3.795131397522395
Anthracene,random_solvai_bq,5,3.3754319244776476
Anthracene,random_solvai_bq,6,3.3354245183618683
Anthracene,random_solvai_bq,7,3.3222648829986547
Anthracene,random_solvai_bq,8,3.1754585676596023
Anthracene,random_solvai_bq,9,3.0168985430640753
Anthracene,random_solvai_bq,10,2.716149903614185
Anthracene,random_solvai_bq,11,2.6882494563255857
Anthracene,random_solvai_bq,12,2.682737697389399
Anthracene,random_solvai_bq,13,2.352914139286721
Anthracene,random_solvai_bq,14,2.182946222387414
Anthracene,random_solvai_bq,15,2.050164185040964
Anthracene,random_solvai_bq,3,4.051275317482119
Anthracene,random_solvai_bq,4,3.61601787209503
Anthracene,random_solvai_bq,5,3.5050315673960326
Anthracene,random_solvai_bq,6,3.419184446380658
Anthracene,random_solvai_bq,7,3.4064227551497535
Anthracene,random_solvai_bq,8,3.242431482328159
Anthracene,random_solvai_bq,9,2.7933533266546786
Anthracene,random_solvai_bq,10,2.6242893785183026
Anthracene,random_solvai_bq,11,2.601144540645071
Anthracene,random_solvai_bq,12,2.47325823505962
Anthracene,random_solvai_bq,13,2.4671774837023364
Anthracene,random_solvai_bq,14,2.268137106822007
Anthracene,random_solvai_bq,15,2.050164185040964
Anthracene,random_solvai_bq,3,4.051275317482119
Anthracene,random_solvai_bq,4,3.8427162897452956
Anthracene,random_solvai_bq,5,3.544068596979741
Anthracene,random_solvai_bq,6,3.4268861473347942
Anthracene,random_solvai_bq,7,3.297270577642788
Anthracene,random_solvai_bq,8,3.1052585311735497
Anthracene,random_solvai_bq,9,2.692622960018704
Anthracene,random_solvai_bq,10,2.6445383418170496
Anthracene,random_solvai_bq,11,2.342949727941393
Anthracene,random_solvai_bq,12,2.2931231479702237
Anthracene,random_solvai_bq,13,2.115684168503465
Anthracene,random_solvai_bq,14,2.10580440096984
Anthracene,random_solvai_bq,15,2.050164185040964
