candidate_id,name,smiles,canonical_isomeric_smiles,full_inchi_key,connectivity_key,fragment_parent_key,uncharged_parent_key,canonical_tautomer_key,experimental_dg_kcal_mol,temperature_k,hscp_units,standard_state,sign_convention,heavy_atom_count,molecular_weight,n_eligible_measurement_rows,n_independent_source_refs,source_record_ids,source_refs,source_dois,target_scope_compatible,known_registry_conflict,scientifically_eligible,overlap_endpoint_public_1280_exact,overlap_endpoint_public_1280_standardized,overlap_endpoint_arrow_85_exact,overlap_endpoint_arrow_85_standardized,overlap_teacher_combisolv_qm_exact,overlap_teacher_combisolv_qm_standardized,overlap_teacher_abraham_exact,overlap_teacher_abraham_standardized,overlap_teacher_openff_exact,overlap_teacher_openff_standardized,overlap_teacher_gbn2_exact,overlap_teacher_gbn2_standardized,overlap_teacher_molsolv_smd_exact,overlap_teacher_molsolv_smd_standardized,overlap_teacher_confsolv_exact,overlap_teacher_confsolv_standardized,any_endpoint_overlap,any_teacher_source_overlap,endpoint_disjoint_eligible,strict_response_source_disjoint,endpoint_cohort_exclusion_reason,canonical_smiles_evaluated,y_true,structure_only_prediction,solvai_prediction,structure_only_residual,solvai_residual,structure_only_absolute_error,solvai_absolute_error,solvai_improved,maximum_endpoint_training_morgan_tanimoto,nearest_endpoint_training_smiles
AAUJSCRITBXDJH,"1,2,6-trichloronaphthalene",Clc1ccc2c(Cl)c(Cl)ccc2c1,Clc1ccc2c(Cl)c(Cl)ccc2c1,AAUJSCRITBXDJH-UHFFFAOYSA-N,AAUJSCRITBXDJH,AAUJSCRITBXDJH,AAUJSCRITBXDJH,AAUJSCRITBXDJH,-3.580763582585761,298.15,mol m^-3 Pa^-1,1 M ideal gas to 1 M ideal-dilute aqueous,negative is favorable hydration,13,231.509,1,1,SANDER-35217,3732,10.1016/J.ATMOSENV.2016.10.009,True,False,True,False,False,False,False,False,False,True,True,False,False,False,False,False,False,False,False,False,True,True,False,,Clc1ccc2c(Cl)c(Cl)ccc2c1,-3.580763582585761,-2.7038358245149947,-3.0130457782186952,-0.8769277580707664,-0.5677178043670659,0.8769277580707664,0.5677178043670659,True,0.4583333333333333,Clc1ccc(Cl)c(Cl)c1
AKDRYEADQPNLOH,PFBHA-ethanal,CC=NOCc1c(F)c(F)c(F)c(F)c1F,CC=NOCc1c(F)c(F)c(F)c(F)c1F,AKDRYEADQPNLOH-UHFFFAOYSA-N,AKDRYEADQPNLOH,AKDRYEADQPNLOH,AKDRYEADQPNLOH,AKDRYEADQPNLOH,-2.282416084376685,298.15,mol m^-3 Pa^-1,1 M ideal gas to 1 M ideal-dilute aqueous,negative is favorable hydration,16,239.143,1,1,SANDER-32462,2497,10.1021/JE025545I,True,False,True,False,False,False,False,False,False,False,False,False,False,False,False,False,False,False,False,False,False,True,True,,CC=NOCc1c(F)c(F)c(F)c(F)c1F,-2.282416084376685,-4.3408415343915365,-3.231792204585537,2.0584254500148513,0.9493761202088518,2.0584254500148513,0.9493761202088518,True,0.22727272727272727,Fc1c(F)c(F)c(F)c(F)c1F
ALVPFGSHPUPROW,dipropyl disulfide,CCCSSCCC,CCCSSCCC,ALVPFGSHPUPROW-UHFFFAOYSA-N,ALVPFGSHPUPROW,ALVPFGSHPUPROW,ALVPFGSHPUPROW,ALVPFGSHPUPROW,-1.653482212099156,298.15,mol m^-3 Pa^-1,1 M ideal gas to 1 M ideal-dilute aqueous,negative is favorable hydration,8,150.31199999999998,2,2,SANDER-43216;SANDER-43217,2823;3669,10.1016/J.CHEMOSPHERE.2010.12.051;10.1111/J.1365-2621.1980.TB00916.X,True,False,True,False,False,False,False,True,True,True,True,False,False,False,False,False,False,False,False,False,True,True,False,,CCCSSCCC,-1.653482212099156,-1.5529357442680762,-1.4240810736331564,-0.10054646783107968,-0.22940113846599952,0.10054646783107968,0.22940113846599952,False,0.5384615384615384,CCCSCCC
ALVYVCQIFHTIRD,"1H,1H,2H,2H-perfluorodecane sulfonic acid",O=S(=O)(O)CCC(F)(F)C(F)(F)C(F)(F)C(F)(F)C(F)(F)C(F)(F)C(F)(F)C(F)(F)F,O=S(=O)(O)CCC(F)(F)C(F)(F)C(F)(F)C(F)(F)C(F)(F)C(F)(F)C(F)(F)C(F)(F)F,ALVYVCQIFHTIRD-UHFFFAOYSA-N,ALVYVCQIFHTIRD,ALVYVCQIFHTIRD,ALVYVCQIFHTIRD,ALVYVCQIFHTIRD,-1.0050294233768833,298.15,mol m^-3 Pa^-1,1 M ideal gas to 1 M ideal-dilute aqueous,negative is favorable hydration,31,528.1799999999998,1,1,SANDER-43981,3939,10.1016/J.HAZL.2022.100070,True,False,True,False,False,False,False,False,False,False,False,False,False,False,False,False,False,False,False,False,False,True,True,,O=S(=O)(O)CCC(F)(F)C(F)(F)C(F)(F)C(F)(F)C(F)(F)C(F)(F)C(F)(F)C(F)(F)F,-1.0050294233768833,-9.843290884038804,-5.3552262345678985,8.838261460661922,4.350196811191015,8.838261460661922,4.350196811191015,True,0.2,O=C(CC(=O)C(F)(F)F)C(F)(F)F
AWZOLILCOUMRDG,edifenphos,CCOP(=O)(Sc1ccccc1)Sc1ccccc1,CCOP(=O)(Sc1ccccc1)Sc1ccccc1,AWZOLILCOUMRDG-UHFFFAOYSA-N,AWZOLILCOUMRDG,AWZOLILCOUMRDG,AWZOLILCOUMRDG,AWZOLILCOUMRDG,-9.676930122691385,298.15,mol m^-3 Pa^-1,1 M ideal gas to 1 M ideal-dilute aqueous,negative is favorable hydration,19,310.38000000000005,1,1,SANDER-44734,2538,10.1584/JPESTICS.18.3_201,True,False,True,False,False,False,False,False,False,False,False,False,False,False,False,False,False,False,False,False,False,True,True,,CCOP(=O)(Sc1ccccc1)Sc1ccccc1,-9.676930122691385,-8.345922993827164,-9.197852193562612,-1.3310071288642202,-0.47907792912877234,1.3310071288642202,0.47907792912877234,True,0.35714285714285715,CCOP(=O)(OCC)OCC
BAOLNVSMVTYGDA,"1,2,3,4,6-pentachloronaphthalene",Clc1ccc2c(Cl)c(Cl)c(Cl)c(Cl)c2c1,Clc1ccc2c(Cl)c(Cl)c(Cl)c(Cl)c2c1,BAOLNVSMVTYGDA-UHFFFAOYSA-N,BAOLNVSMVTYGDA,BAOLNVSMVTYGDA,BAOLNVSMVTYGDA,BAOLNVSMVTYGDA,-3.119164713968704,298.15,mol m^-3 Pa^-1,1 M ideal gas to 1 M ideal-dilute aqueous,negative is favorable hydration,15,300.399,1,1,SANDER-35240,3732,10.1016/J.ATMOSENV.2016.10.009,True,False,True,False,False,False,False,False,False,True,True,False,False,False,False,False,False,False,False,False,True,True,False,,Clc1ccc2c(Cl)c(Cl)c(Cl)c(Cl)c2c1,-3.119164713968704,-2.8654575837742513,-3.190573963844798,-0.2537071301944529,0.07140924987609365,0.2537071301944529,0.07140924987609365,True,0.5,Clc1c(Cl)c(Cl)c2ccccc2c1Cl
BAYUSCHCCGXLAY,3′-methoxyacetophenone,COc1cccc(C(C)=O)c1,COc1cccc(C(C)=O)c1,BAYUSCHCCGXLAY-UHFFFAOYSA-N,BAYUSCHCCGXLAY,BAYUSCHCCGXLAY,BAYUSCHCCGXLAY,BAYUSCHCCGXLAY,-6.3751571234794,298.15,mol m^-3 Pa^-1,1 M ideal gas to 1 M ideal-dilute aqueous,negative is favorable hydration,11,150.17699999999996,1,1,SANDER-16097,3724,10.1021/JE700612B,True,False,True,False,False,False,False,False,False,True,True,False,False,False,False,False,False,False,False,False,True,True,False,,COc1cccc(C(C)=O)c1,-6.3751571234794,-4.460593364197528,-5.131154850088179,-1.9145637592818714,-1.2440022733912208,1.9145637592818714,1.2440022733912208,True,0.5714285714285714,COc1ccc(C(C)=O)cc1
BBABSCYTNHOKOG,pentachloromethoxybenzene,COc1c(Cl)c(Cl)c(Cl)c(Cl)c1Cl,COc1c(Cl)c(Cl)c(Cl)c(Cl)c1Cl,BBABSCYTNHOKOG-UHFFFAOYSA-N,BBABSCYTNHOKOG,BBABSCYTNHOKOG,BBABSCYTNHOKOG,BBABSCYTNHOKOG,-0.9774670142527602,298.15,mol m^-3 Pa^-1,1 M ideal gas to 1 M ideal-dilute aqueous,negative is favorable hydration,13,280.365,1,1,SANDER-38183,1524,10.1007/S002160101077,True,False,True,False,False,False,False,False,False,True,True,False,False,False,False,False,False,False,False,False,True,True,False,,COc1c(Cl)c(Cl)c(Cl)c(Cl)c1Cl,-0.9774670142527602,-2.7666014991181633,-3.078441534391534,1.7891344848654032,2.1009745201387737,1.7891344848654032,2.1009745201387737,False,0.391304347826087,COc1cc(Cl)c(Cl)c(Cl)c1Cl
BCTASVPUYLXFBW,PFBHA-1-hydroxypropanone,CC(CO)=NOCc1c(F)c(F)c(F)c(F)c1F,CC(CO)=NOCc1c(F)c(F)c(F)c(F)c1F,BCTASVPUYLXFBW-UHFFFAOYSA-N,BCTASVPUYLXFBW,BCTASVPUYLXFBW,BCTASVPUYLXFBW,BCTASVPUYLXFBW,-2.4906140436893542,298.15,mol m^-3 Pa^-1,1 M ideal gas to 1 M ideal-dilute aqueous,negative is favorable hydration,18,269.1689999999999,1,1,SANDER-32476,2497,10.1021/JE025545I,True,False,True,False,False,False,False,False,False,False,False,False,False,False,False,False,False,False,False,False,False,True,True,,CC(CO)=NOCc1c(F)c(F)c(F)c(F)c1F,-2.4906140436893542,-10.024749867724864,-7.110327722663139,7.53413582403551,4.619713678973785,7.53413582403551,4.619713678973785,True,0.2,Fc1c(F)c(F)c(F)c(F)c1F
BDFAOUQQXJIZDG,2-methyl-1-propanethiol,CC(C)CS,CC(C)CS,BDFAOUQQXJIZDG-UHFFFAOYSA-N,BDFAOUQQXJIZDG,BDFAOUQQXJIZDG,BDFAOUQQXJIZDG,BDFAOUQQXJIZDG,-0.5378803038700118,298.15,mol m^-3 Pa^-1,1 M ideal gas to 1 M ideal-dilute aqueous,negative is favorable hydration,5,90.191,1,1,SANDER-42651,3306,10.1016/J.JCT.2015.10.005,True,False,True,False,False,False,False,False,False,True,True,False,False,False,False,True,True,False,False,False,True,True,False,,CC(C)CS,-0.5378803038700118,-0.8582772707231032,-0.7922879916225751,0.3203969668530914,0.2544076877525633,0.3203969668530914,0.2544076877525633,True,0.4166666666666667,CC(C)CC(C)C
BIVDISPRSYAHQQ,"1,2,4,5-tetrachloronaphthalene",Clc1cc(Cl)c2c(Cl)cccc2c1Cl,Clc1cc(Cl)c2c(Cl)cccc2c1Cl,BIVDISPRSYAHQQ-UHFFFAOYSA-N,BIVDISPRSYAHQQ,BIVDISPRSYAHQQ,BIVDISPRSYAHQQ,BIVDISPRSYAHQQ,-3.50660630412664,298.15,mol m^-3 Pa^-1,1 M ideal gas to 1 M ideal-dilute aqueous,negative is favorable hydration,14,265.95399999999995,1,1,SANDER-35227,3732,10.1016/J.ATMOSENV.2016.10.009,True,False,True,False,False,False,False,False,False,True,True,False,False,False,False,False,False,False,False,False,True,True,False,,Clc1cc(Cl)c2c(Cl)cccc2c1Cl,-3.50660630412664,-2.8712994157848346,-2.9336073192239858,-0.6353068883418054,-0.5729989849026542,0.6353068883418054,0.5729989849026542,True,0.45454545454545453,Clc1cccc(Cl)c1Cl
BMZVDHQOAJUZJL,"1,3-dibromo-2-methoxybenzene",COc1c(Br)cccc1Br,COc1c(Br)cccc1Br,BMZVDHQOAJUZJL-UHFFFAOYSA-N,BMZVDHQOAJUZJL,BMZVDHQOAJUZJL,BMZVDHQOAJUZJL,BMZVDHQOAJUZJL,-2.677294821763553,298.15,mol m^-3 Pa^-1,1 M ideal gas to 1 M ideal-dilute aqueous,negative is favorable hydration,10,265.932,1,1,SANDER-41494,1524,10.1007/S002160101077,True,False,True,False,False,False,False,False,False,False,False,False,False,False,False,False,False,False,False,False,False,True,True,,COc1c(Br)cccc1Br,-2.677294821763553,-3.232020866402116,-3.2663228395061723,0.5547260446385631,0.5890280177426193,0.5547260446385631,0.5890280177426193,False,0.36363636363636365,COc1ccccc1OC
BRLQWZUYTZBJKN,(chloromethyl)-oxirane,ClCC1CO1,ClCC1CO1,BRLQWZUYTZBJKN-UHFFFAOYSA-N,BRLQWZUYTZBJKN,BRLQWZUYTZBJKN,BRLQWZUYTZBJKN,BRLQWZUYTZBJKN,-3.897199417405152,298.15,mol m^-3 Pa^-1,1 M ideal gas to 1 M ideal-dilute aqueous,negative is favorable hydration,5,92.525,1,1,SANDER-37812,3646,10.1021/ES970763V,True,False,True,False,False,False,False,False,False,True,True,False,False,False,False,True,True,True,True,False,True,True,False,,ClCC1CO1,-3.897199417405152,-3.563169962522045,-4.240973093033509,-0.33402945488310687,0.34377367562835737,0.33402945488310687,0.34377367562835737,False,0.4444444444444444,CCC1CO1
BTRCDLZQISXWHZ,"4-bromo-2,3-dichloro-1-methoxybenzene",COc1ccc(Br)c(Cl)c1Cl,COc1ccc(Br)c(Cl)c1Cl,BTRCDLZQISXWHZ-UHFFFAOYSA-N,BTRCDLZQISXWHZ,BTRCDLZQISXWHZ,BTRCDLZQISXWHZ,BTRCDLZQISXWHZ,-1.9585971639928248,298.15,mol m^-3 Pa^-1,1 M ideal gas to 1 M ideal-dilute aqueous,negative is favorable hydration,11,255.926,1,1,SANDER-42145,1524,10.1007/S002160101077,True,False,True,False,False,False,False,False,False,False,False,False,False,False,False,False,False,False,False,False,False,True,True,,COc1ccc(Br)c(Cl)c1Cl,-1.9585971639928248,-2.962751499118163,-3.10706172839506,1.0041543351253384,1.1484645644022353,1.0041543351253384,1.1484645644022353,False,0.42857142857142855,COc1cc(Cl)c(Cl)c(Cl)c1Cl
BULLJMKUVKYZDJ,perfluorohexyl iodide,FC(F)(F)C(F)(F)C(F)(F)C(F)(F)C(F)(F)C(F)(F)I,FC(F)(F)C(F)(F)C(F)(F)C(F)(F)C(F)(F)C(F)(F)I,BULLJMKUVKYZDJ-UHFFFAOYSA-N,BULLJMKUVKYZDJ,BULLJMKUVKYZDJ,BULLJMKUVKYZDJ,BULLJMKUVKYZDJ,-0.0777986830724094,298.15,mol m^-3 Pa^-1,1 M ideal gas to 1 M ideal-dilute aqueous,negative is favorable hydration,20,445.944,1,1,SANDER-42492,3939,10.1016/J.HAZL.2022.100070,True,False,True,False,False,False,False,False,False,False,False,False,False,False,False,False,False,False,False,False,False,True,True,,FC(F)(F)C(F)(F)C(F)(F)C(F)(F)C(F)(F)C(F)(F)I,-0.0777986830724094,1.584164675925927,2.720219892416227,-1.6619633589983362,-2.798018575488636,1.6619633589983362,2.798018575488636,False,0.23529411764705882,FC(F)(F)C(F)(F)Cl
BVSOVPUWHJWGEP,"6-bromo-2,5-dichloro-1-methoxybenzene",COc1c(Cl)ccc(Cl)c1Br,COc1c(Cl)ccc(Cl)c1Br,BVSOVPUWHJWGEP-UHFFFAOYSA-N,BVSOVPUWHJWGEP,BVSOVPUWHJWGEP,BVSOVPUWHJWGEP,BVSOVPUWHJWGEP,-1.7472726277691262,298.15,mol m^-3 Pa^-1,1 M ideal gas to 1 M ideal-dilute aqueous,negative is favorable hydration,11,255.926,1,1,SANDER-42153,3118,10.1016/J.CHROMA.2004.12.027,True,False,True,False,False,False,False,False,False,False,False,False,False,False,False,False,False,False,False,False,False,True,True,,COc1c(Cl)ccc(Cl)c1Br,-1.7472726277691262,-3.024264307760139,-3.1419687169312156,1.276991679991013,1.3946960891620894,1.276991679991013,1.3946960891620894,False,0.4666666666666667,COc1c(Cl)ccc(Cl)c1C(=O)O
BYGQBDHUGHBGMD,2-methylbutanal,CCC(C)C=O,CCC(C)C=O,BYGQBDHUGHBGMD-UHFFFAOYSA-N,BYGQBDHUGHBGMD,BYGQBDHUGHBGMD,BYGQBDHUGHBGMD,BYGQBDHUGHBGMD,-2.39561343672259,298.15,mol m^-3 Pa^-1,1 M ideal gas to 1 M ideal-dilute aqueous,negative is favorable hydration,6,86.13399999999999,1,1,SANDER-14318,1923,10.1016/S1387-3806(03)00197-0,True,False,True,False,False,False,False,False,False,True,True,False,False,False,False,True,True,False,False,False,True,True,False,,CCC(C)C=O,-2.39561343672259,-3.0367633046737175,-3.0451852623456794,0.6411498679511274,0.6495718256230893,0.6411498679511274,0.6495718256230893,False,0.45,C/C=C\C(C)CC
CAFROQYMUICGNO,"2,2,2-trifluoroethyl methanoate",O=COCC(F)(F)F,O=COCC(F)(F)F,CAFROQYMUICGNO-UHFFFAOYSA-N,CAFROQYMUICGNO,CAFROQYMUICGNO,CAFROQYMUICGNO,CAFROQYMUICGNO,-1.5370463030734125,298.15,mol m^-3 Pa^-1,1 M ideal gas to 1 M ideal-dilute aqueous,negative is favorable hydration,8,128.049,1,1,SANDER-32143,2802,10.1016/J.ATMOSENV.2005.06.021,True,False,True,False,False,False,False,False,False,False,False,False,False,False,False,True,True,False,False,False,True,True,False,,O=COCC(F)(F)F,-1.5370463030734125,-1.7939114638447975,-1.9058768474426813,0.256865160771385,0.36883054436926876,0.256865160771385,0.36883054436926876,False,0.38095238095238093,CCOC=O
CCEFMUBVSUDRLG,limonene oxide,C=C(C)C1CCC2(C)OC2C1,C=C(C)C1CCC2(C)OC2C1,CCEFMUBVSUDRLG-UHFFFAOYSA-N,CCEFMUBVSUDRLG,CCEFMUBVSUDRLG,CCEFMUBVSUDRLG,CCEFMUBVSUDRLG,-2.92284059793544,298.15,mol m^-3 Pa^-1,1 M ideal gas to 1 M ideal-dilute aqueous,negative is favorable hydration,11,152.237,1,1,SANDER-24068,2462,10.1021/JE980070+,True,False,True,False,False,False,False,False,False,False,False,False,False,False,False,False,False,False,False,False,False,True,True,,C=C(C)C1CCC2(C)OC2C1,-2.92284059793544,-3.2043143408289207,-3.5673516203703692,0.2814737428934806,0.6445110224349291,0.2814737428934806,0.6445110224349291,False,0.4722222222222222,C=CC1(C)CCC(C(=C)C)CC1C(=C)C
CCEKAJIANROZEO,N-ethylperfluorooctanesulfonamide,CCNS(=O)(=O)C(F)(F)C(F)(F)C(F)(F)C(F)(F)C(F)(F)C(F)(F)C(F)(F)C(F)(F)F,CCNS(=O)(=O)C(F)(F)C(F)(F)C(F)(F)C(F)(F)C(F)(F)C(F)(F)C(F)(F)C(F)(F)F,CCEKAJIANROZEO-UHFFFAOYSA-N,CCEKAJIANROZEO,CCEKAJIANROZEO,CCEKAJIANROZEO,CCEKAJIANROZEO,-0.501220058409582,298.15,mol m^-3 Pa^-1,1 M ideal gas to 1 M ideal-dilute aqueous,negative is favorable hydration,31,527.1959999999998,1,1,SANDER-44041,3939,10.1016/J.HAZL.2022.100070,True,False,True,False,False,False,False,False,False,False,False,False,False,False,False,False,False,False,False,False,False,True,True,,CCNS(=O)(=O)C(F)(F)C(F)(F)C(F)(F)C(F)(F)C(F)(F)C(F)(F)C(F)(F)C(F)(F)F,-0.501220058409582,-8.71717049162258,-4.514718716931216,8.215950433213,4.013498658521634,8.215950433213,4.013498658521634,True,0.20588235294117646,CC(=O)CC(=O)C(F)(F)F
CGFCSKMZZXPWEY,2-nitrooxy-3-butanol,CC(O)C(C)O[N+](=O)[O-],CC(O)C(C)O[N+](=O)[O-],CGFCSKMZZXPWEY-UHFFFAOYSA-N,CGFCSKMZZXPWEY,CGFCSKMZZXPWEY,CGFCSKMZZXPWEY,CGFCSKMZZXPWEY,-7.359115369041204,298.15,mol m^-3 Pa^-1,1 M ideal gas to 1 M ideal-dilute aqueous,negative is favorable hydration,9,135.119,1,1,SANDER-27623,548,10.1021/ES960538Y,True,False,True,False,False,False,False,False,False,False,False,False,False,False,False,False,False,False,False,False,False,True,True,,CC(O)C(C)O[N+](=O)[O-],-7.359115369041204,-8.21635880731923,-7.363177843915341,0.8572434382780258,0.00406247487413669,0.8572434382780258,0.00406247487413669,True,0.46153846153846156,CC[C@H](C)O[N+](=O)[O-]
CHIFOSRWCNZCFN,penoxaline,CCC(CC)Nc1c([N+](=O)[O-])cc(C)c(C)c1[N+](=O)[O-],CCC(CC)Nc1c([N+](=O)[O-])cc(C)c(C)c1[N+](=O)[O-],CHIFOSRWCNZCFN-UHFFFAOYSA-N,CHIFOSRWCNZCFN,CHIFOSRWCNZCFN,CHIFOSRWCNZCFN,CHIFOSRWCNZCFN,-6.102891134415766,298.15,mol m^-3 Pa^-1,1 M ideal gas to 1 M ideal-dilute aqueous,negative is favorable hydration,20,281.312,1,1,SANDER-31314,1144,10.1002/ETC.5620090606,True,False,True,False,False,False,False,False,False,False,False,False,False,False,False,False,False,False,False,False,False,True,True,,CCC(CC)Nc1c([N+](=O)[O-])cc(C)c(C)c1[N+](=O)[O-],-6.102891134415766,-8.106439506172846,-6.958855423280428,2.0035483717570797,0.8559642888646621,2.0035483717570797,0.8559642888646621,True,0.3488372093023256,Cc1cc(O)ccc1[N+](=O)[O-]
CICQUFBZCADHHX,"1,5-dichloro-2-methoxybenzene",COc1ccc(Cl)cc1Cl,COc1ccc(Cl)cc1Cl,CICQUFBZCADHHX-UHFFFAOYSA-N,CICQUFBZCADHHX,CICQUFBZCADHHX,CICQUFBZCADHHX,CICQUFBZCADHHX,-2.010150095313052,298.15,mol m^-3 Pa^-1,1 M ideal gas to 1 M ideal-dilute aqueous,negative is favorable hydration,10,177.02999999999997,1,1,SANDER-38159,1524,10.1007/S002160101077,True,False,True,False,False,False,False,False,False,True,True,False,False,False,False,True,True,False,False,False,True,True,False,,COc1ccc(Cl)cc1Cl,-2.010150095313052,-2.7593391534391505,-2.7665050154320965,0.7491890581260985,0.7563549201190445,0.7491890581260985,0.7563549201190445,False,0.4782608695652174,Clc1ccc(Cl)c(Cl)c1
COAUHYBSXMIJDK,"3,3-dichloro-1,1,1,2,2-pentafluoropropane",FC(F)(F)C(F)(F)C(Cl)Cl,FC(F)(F)C(F)(F)C(Cl)Cl,COAUHYBSXMIJDK-UHFFFAOYSA-N,COAUHYBSXMIJDK,COAUHYBSXMIJDK,COAUHYBSXMIJDK,COAUHYBSXMIJDK,0.8383365091933289,298.15,mol m^-3 Pa^-1,1 M ideal gas to 1 M ideal-dilute aqueous,negative is favorable hydration,10,202.937,1,1,SANDER-40475,2939,10.1002/KIN.20780,True,False,True,False,False,False,False,False,False,False,False,False,False,False,False,False,False,False,False,False,False,True,True,,FC(F)(F)C(F)(F)C(Cl)Cl,0.8383365091933289,1.865430709876544,2.196649369488536,-1.0270942006832149,-1.3583128602952073,1.0270942006832149,1.3583128602952073,False,0.375,FC(Cl)C(F)(F)F
CTLMCQOGOWNFHA,"1,2,3,4,5,6-hexachloronaphthalene",Clc1ccc2c(Cl)c(Cl)c(Cl)c(Cl)c2c1Cl,Clc1ccc2c(Cl)c(Cl)c(Cl)c(Cl)c2c1Cl,CTLMCQOGOWNFHA-UHFFFAOYSA-N,CTLMCQOGOWNFHA,CTLMCQOGOWNFHA,CTLMCQOGOWNFHA,CTLMCQOGOWNFHA,-4.483411727002943,298.15,mol m^-3 Pa^-1,1 M ideal gas to 1 M ideal-dilute aqueous,negative is favorable hydration,16,334.84399999999994,1,1,SANDER-35249,3732,10.1016/J.ATMOSENV.2016.10.009,True,False,True,False,False,False,False,False,False,True,True,False,False,False,False,False,False,False,False,False,True,True,False,,Clc1ccc2c(Cl)c(Cl)c(Cl)c(Cl)c2c1Cl,-4.483411727002943,-3.0819401014109347,-3.385741170634922,-1.4014716255920088,-1.0976705563680214,1.4014716255920088,1.0976705563680214,True,0.47368421052631576,Clc1ccc(Cl)c(Cl)c1Cl
CWJSHJJYOPWUGX,chlorpropham,CC(C)OC(=O)Nc1cccc(Cl)c1,CC(C)OC(=O)Nc1cccc(Cl)c1,CWJSHJJYOPWUGX-UHFFFAOYSA-N,CWJSHJJYOPWUGX,CWJSHJJYOPWUGX,CWJSHJJYOPWUGX,CWJSHJJYOPWUGX,-6.488354475825306,298.15,mol m^-3 Pa^-1,1 M ideal gas to 1 M ideal-dilute aqueous,negative is favorable hydration,14,213.664,1,1,SANDER-39746,2538,10.1584/JPESTICS.18.3_201,True,False,True,False,False,False,False,False,False,False,False,False,False,False,False,False,False,False,False,False,False,True,True,,CC(C)OC(=O)Nc1cccc(Cl)c1,-6.488354475825306,-9.750060339506172,-7.969983035714286,3.2617058636808665,1.4816285598889802,3.2617058636808665,1.4816285598889802,True,0.3684210526315789,O=C(O)c1cccc(Cl)c1
DCEPGADSNJKOJK,trifluoroacetylfluoride,O=C(F)C(F)(F)F,O=C(F)C(F)(F)F,DCEPGADSNJKOJK-UHFFFAOYSA-N,DCEPGADSNJKOJK,DCEPGADSNJKOJK,DCEPGADSNJKOJK,DCEPGADSNJKOJK,-2.553038563510698,298.15,mol m^-3 Pa^-1,1 M ideal gas to 1 M ideal-dilute aqueous,negative is favorable hydration,7,116.01300000000002,1,1,SANDER-32014;SANDER-32015;SANDER-32016,671,10.1007/978-3-642-61445-3_6,True,False,True,False,False,False,False,False,False,False,False,False,False,False,False,False,False,False,False,False,False,True,True,,O=C(F)C(F)(F)F,-2.553038563510698,-1.7174859347442675,-0.08041382142857141,-0.8355526287664305,-2.4726247420821266,0.8355526287664305,2.4726247420821266,False,0.4375,O=C(CC(=O)C(F)(F)F)C(F)(F)F
DIRFUJHNVNOBMY,fenobucarb,CCC(C)c1ccccc1OC(=O)NC,CCC(C)c1ccccc1OC(=O)NC,DIRFUJHNVNOBMY-UHFFFAOYSA-N,DIRFUJHNVNOBMY,DIRFUJHNVNOBMY,DIRFUJHNVNOBMY,DIRFUJHNVNOBMY,-7.599347343229355,298.15,mol m^-3 Pa^-1,1 M ideal gas to 1 M ideal-dilute aqueous,negative is favorable hydration,15,207.273,1,1,SANDER-26848,2538,10.1584/JPESTICS.18.3_201,True,False,True,False,False,False,False,False,False,False,False,False,False,False,False,False,False,False,False,False,False,True,True,,CCC(C)c1ccccc1OC(=O)NC,-7.599347343229355,-9.608880015432094,-8.015331327160494,2.009532672202739,0.415983983931139,2.009532672202739,0.415983983931139,True,0.5,CNC(=O)Oc1cccc2ccccc12
DKEGCUDAFWNSSO,"1,8-dibromooctane",BrCCCCCCCCBr,BrCCCCCCCCBr,DKEGCUDAFWNSSO-UHFFFAOYSA-N,DKEGCUDAFWNSSO,DKEGCUDAFWNSSO,DKEGCUDAFWNSSO,DKEGCUDAFWNSSO,-2.0575741949439603,298.15,mol m^-3 Pa^-1,1 M ideal gas to 1 M ideal-dilute aqueous,negative is favorable hydration,10,272.02399999999994,1,1,SANDER-41147,2122,10.1016/J.CHEMOSPHERE.2006.01.057,True,False,True,False,False,False,False,False,False,True,True,False,False,False,False,False,False,False,False,False,True,True,False,,BrCCCCCCCCBr,-2.0575741949439603,-1.3830424096119927,-1.8053760687830682,-0.6745317853319677,-0.2521981261608921,0.6745317853319677,0.2521981261608921,True,0.6153846153846154,CCCCCCCBr
DLIFNTQMBOCKTL,PFBHA-propanone,CC(C)=NOCc1c(F)c(F)c(F)c(F)c1F,CC(C)=NOCc1c(F)c(F)c(F)c(F)c1F,DLIFNTQMBOCKTL-UHFFFAOYSA-N,DLIFNTQMBOCKTL,DLIFNTQMBOCKTL,DLIFNTQMBOCKTL,DLIFNTQMBOCKTL,-1.9585971639928248,298.15,mol m^-3 Pa^-1,1 M ideal gas to 1 M ideal-dilute aqueous,negative is favorable hydration,17,253.17,1,1,SANDER-32463,2497,10.1021/JE025545I,True,False,True,False,False,False,False,False,False,False,False,False,False,False,False,False,False,False,False,False,False,True,True,,CC(C)=NOCc1c(F)c(F)c(F)c(F)c1F,-1.9585971639928248,-4.588202226631395,-3.3408438734567887,2.6296050626385705,1.3822467094639639,2.6296050626385705,1.3822467094639639,True,0.22727272727272727,Fc1c(F)c(F)c(F)c(F)c1F
DPCILIMHENXHQX,2-ethyl-3-methoxypyrazine,CCc1nccnc1OC,CCc1nccnc1OC,DPCILIMHENXHQX-UHFFFAOYSA-N,DPCILIMHENXHQX,DPCILIMHENXHQX,DPCILIMHENXHQX,DPCILIMHENXHQX,-4.393344412065939,298.15,mol m^-3 Pa^-1,1 M ideal gas to 1 M ideal-dilute aqueous,negative is favorable hydration,10,138.17,1,1,SANDER-27063,755,10.1021/JF60178A004,True,False,True,False,False,False,False,True,True,False,False,False,False,False,False,True,True,False,False,False,True,True,False,,CCc1nccnc1OC,-4.393344412065939,-6.184057826278657,-5.763517824074076,1.7907134142127186,1.3701734120081372,1.7907134142127186,1.3701734120081372,True,0.3333333333333333,CCc1cnccn1
DWEYPOWXNBAIDU,"N,N-dichloromethylamine",CN(Cl)Cl,CN(Cl)Cl,DWEYPOWXNBAIDU-UHFFFAOYSA-N,DWEYPOWXNBAIDU,DWEYPOWXNBAIDU,DWEYPOWXNBAIDU,DWEYPOWXNBAIDU,-1.2452613975650346,298.15,mol m^-3 Pa^-1,1 M ideal gas to 1 M ideal-dilute aqueous,negative is favorable hydration,4,99.948,1,1,SANDER-39111,2821,10.1016/J.CHEMOSPHERE.2009.07.056,True,False,True,False,False,False,False,False,False,False,False,False,False,False,False,True,True,False,False,False,True,True,False,,CN(Cl)Cl,-1.2452613975650346,-2.5034429805996465,-2.023793981481481,1.258181583034612,0.7785325839164463,1.258181583034612,0.7785325839164463,True,0.42857142857142855,CN(C)C
DWPLEOPKBWNPQV,2′-methoxyacetophenone,COc1ccccc1C(C)=O,COc1ccccc1C(C)=O,DWPLEOPKBWNPQV-UHFFFAOYSA-N,DWPLEOPKBWNPQV,DWPLEOPKBWNPQV,DWPLEOPKBWNPQV,DWPLEOPKBWNPQV,-6.309257608654238,298.15,mol m^-3 Pa^-1,1 M ideal gas to 1 M ideal-dilute aqueous,negative is favorable hydration,11,150.17699999999996,1,1,SANDER-16096,3724,10.1021/JE700612B,True,False,True,False,False,False,False,False,False,True,True,False,False,False,False,False,False,False,False,False,True,True,False,,COc1ccccc1C(C)=O,-6.309257608654238,-4.545536265432099,-5.095007804232803,-1.763721343222139,-1.214249804421435,1.763721343222139,1.214249804421435,True,0.6923076923076923,COc1ccccc1C(=O)O
DZHZYPCCEISGSQ,"1,3,5-trichloronaphthalene",Clc1cc(Cl)c2cccc(Cl)c2c1,Clc1cc(Cl)c2cccc(Cl)c2c1,DZHZYPCCEISGSQ-UHFFFAOYSA-N,DZHZYPCCEISGSQ,DZHZYPCCEISGSQ,DZHZYPCCEISGSQ,DZHZYPCCEISGSQ,-3.063453976464707,298.15,mol m^-3 Pa^-1,1 M ideal gas to 1 M ideal-dilute aqueous,negative is favorable hydration,13,231.509,1,1,SANDER-35219,3732,10.1016/J.ATMOSENV.2016.10.009,True,False,True,False,False,False,False,False,False,True,True,False,False,False,False,False,False,False,False,False,True,True,False,,Clc1cc(Cl)c2cccc(Cl)c2c1,-3.063453976464707,-2.4355883267195773,-2.5244309303350976,-0.6278656497451296,-0.5390230461296093,0.6278656497451296,0.5390230461296093,True,0.5652173913043478,Clc1cc(Cl)c(-c2c(Cl)cccc2Cl)c(Cl)c1
FALCMQXTWHPRIH,"2,3-dichloropropene",C=C(Cl)CCl,C=C(Cl)CCl,FALCMQXTWHPRIH-UHFFFAOYSA-N,FALCMQXTWHPRIH,FALCMQXTWHPRIH,FALCMQXTWHPRIH,FALCMQXTWHPRIH,-1.2801235082622549,298.15,mol m^-3 Pa^-1,1 M ideal gas to 1 M ideal-dilute aqueous,negative is favorable hydration,5,110.971,1,1,SANDER-34271,3946,10.1080/09593338709384529,True,False,True,False,False,False,False,True,True,False,False,False,False,False,False,True,True,True,True,False,True,True,False,,C=C(Cl)CCl,-1.2801235082622549,-0.5539264660493822,-0.7436598765432096,-0.7261970422128726,-0.5364636317190452,0.7261970422128726,0.5364636317190452,True,0.45454545454545453,C=C(Cl)Cl
FCOAHACKGGIURQ,iprobenphos,CC(C)OP(=O)(OC(C)C)SCc1ccccc1,CC(C)OP(=O)(OC(C)C)SCc1ccccc1,FCOAHACKGGIURQ-UHFFFAOYSA-N,FCOAHACKGGIURQ,FCOAHACKGGIURQ,FCOAHACKGGIURQ,FCOAHACKGGIURQ,-7.92524151949921,298.15,mol m^-3 Pa^-1,1 M ideal gas to 1 M ideal-dilute aqueous,negative is favorable hydration,18,288.349,1,1,SANDER-44729,2538,10.1584/JPESTICS.18.3_201,True,False,True,False,False,False,False,False,False,False,False,False,False,False,False,False,False,False,False,False,False,True,True,,CC(C)OP(=O)(OC(C)C)SCc1ccccc1,-7.92524151949921,-6.965317901234568,-7.04758009259259,-0.959923618264642,-0.8776614269066192,0.959923618264642,0.8776614269066192,True,0.36363636363636365,CC(C)Cc1ccccc1
FEIKEVSWLMYFFF,"1,2,4,5,8-pentachloronaphthalene",Clc1cc(Cl)c2c(Cl)ccc(Cl)c2c1Cl,Clc1cc(Cl)c2c(Cl)ccc(Cl)c2c1Cl,FEIKEVSWLMYFFF-UHFFFAOYSA-N,FEIKEVSWLMYFFF,FEIKEVSWLMYFFF,FEIKEVSWLMYFFF,FEIKEVSWLMYFFF,-3.832500480396495,298.15,mol m^-3 Pa^-1,1 M ideal gas to 1 M ideal-dilute aqueous,negative is favorable hydration,15,300.399,1,1,SANDER-35245,3732,10.1016/J.ATMOSENV.2016.10.009,True,False,True,False,False,False,False,False,False,True,True,False,False,False,False,False,False,True,True,False,True,True,False,,Clc1cc(Cl)c2c(Cl)ccc(Cl)c2c1Cl,-3.832500480396495,-2.97233321208113,-3.408606040564374,-0.8601672683153652,-0.42389443983212116,0.8601672683153652,0.42389443983212116,True,0.47368421052631576,Clc1cc(Cl)c(Cl)c(Cl)c1Cl
FHUDAMLDXFJHJE,"1,1,1-trifluoro-2-propanone",CC(=O)C(F)(F)F,CC(=O)C(F)(F)F,FHUDAMLDXFJHJE-UHFFFAOYSA-N,FHUDAMLDXFJHJE,FHUDAMLDXFJHJE,FHUDAMLDXFJHJE,FHUDAMLDXFJHJE,-4.8299760791673245,298.15,mol m^-3 Pa^-1,1 M ideal gas to 1 M ideal-dilute aqueous,negative is favorable hydration,7,112.05,1,1,SANDER-32026,495,10.1016/0960-1686(91)90006-S,True,False,True,False,False,False,False,False,False,True,True,False,False,False,False,True,True,False,False,False,True,True,False,,CC(=O)C(F)(F)F,-4.8299760791673245,-2.5450432429453262,-1.6265679629629635,-2.2849328362219983,-3.2034081162043613,2.2849328362219983,3.2034081162043613,False,0.5,CC(=O)C(C)(C)C
FLXYIZWPNQYPIT,"1,1,2,2-tetrahydroperfluoro dodecanol",OCCC(F)(F)C(F)(F)C(F)(F)C(F)(F)C(F)(F)C(F)(F)C(F)(F)C(F)(F)C(F)(F)C(F)(F)F,OCCC(F)(F)C(F)(F)C(F)(F)C(F)(F)C(F)(F)C(F)(F)C(F)(F)C(F)(F)C(F)(F)C(F)(F)F,FLXYIZWPNQYPIT-UHFFFAOYSA-N,FLXYIZWPNQYPIT,FLXYIZWPNQYPIT,FLXYIZWPNQYPIT,FLXYIZWPNQYPIT,0.6270119729696298,298.15,mol m^-3 Pa^-1,1 M ideal gas to 1 M ideal-dilute aqueous,negative is favorable hydration,34,564.1289999999999,1,1,SANDER-32241;SANDER-32242,3939,10.1016/J.HAZL.2022.100070,True,False,True,False,False,False,False,False,False,True,True,False,False,False,False,False,False,False,False,False,True,True,False,,OCCC(F)(F)C(F)(F)C(F)(F)C(F)(F)C(F)(F)C(F)(F)C(F)(F)C(F)(F)C(F)(F)C(F)(F)F,0.6270119729696298,-5.635623941798941,-1.9349347993827184,6.262635914768571,2.561946772352348,6.262635914768571,2.561946772352348,True,0.2857142857142857,OCC(F)(F)F
FMGGHNGKHRCJLL,"$\alpha$,$\alpha$-dichloro-$o$-xylene",ClCc1ccccc1CCl,ClCc1ccccc1CCl,FMGGHNGKHRCJLL-UHFFFAOYSA-N,FMGGHNGKHRCJLL,FMGGHNGKHRCJLL,FMGGHNGKHRCJLL,FMGGHNGKHRCJLL,-3.266374329938489,298.15,mol m^-3 Pa^-1,1 M ideal gas to 1 M ideal-dilute aqueous,negative is favorable hydration,10,175.058,1,1,SANDER-35031,2891,10.1021/JE3010535,True,False,True,False,False,False,False,False,False,False,False,False,False,False,False,True,True,False,False,False,True,True,False,,ClCc1ccccc1CCl,-3.266374329938489,-1.747407892416227,-2.8195979607583777,-1.5189664375222618,-0.4467763691801112,1.5189664375222618,0.4467763691801112,True,0.5,ClCc1ccccc1
FMWLUWPQPKEARP,bromodichloromethane,ClC(Cl)Br,ClC(Cl)Br,FMWLUWPQPKEARP-UHFFFAOYSA-N,FMWLUWPQPKEARP,FMWLUWPQPKEARP,FMWLUWPQPKEARP,FMWLUWPQPKEARP,-1.4672616271154053,298.15,mol m^-3 Pa^-1,1 M ideal gas to 1 M ideal-dilute aqueous,negative is favorable hydration,4,163.829,7,7,SANDER-42034;SANDER-42035;SANDER-42036;SANDER-42037;SANDER-42038;SANDER-42039;SANDER-42040;SANDER-42041;SANDER-42042,2891;3572;2904;856;531;2271;2900,10.1021/JE3010535;10.2116/ANALSCI.26.723;10.5985/JEC.7.81;10.1021/ES00034A021;10.1021/ES00125A006,True,False,True,False,False,False,False,False,False,True,True,False,False,False,False,False,False,True,True,False,True,True,False,,ClC(Cl)Br,-1.4672616271154053,-1.2051217041446198,-1.3196168694885364,-0.2621399229707855,-0.1476447576268689,0.2621399229707855,0.1476447576268689,True,0.42857142857142855,BrC(Br)Br
FPIQNBOUYZLESW,4-bromo-2-chloro-1-methoxybenzene,COc1ccc(Br)cc1Cl,COc1ccc(Br)cc1Cl,FPIQNBOUYZLESW-UHFFFAOYSA-N,FPIQNBOUYZLESW,FPIQNBOUYZLESW,FPIQNBOUYZLESW,FPIQNBOUYZLESW,-2.0575741949439603,298.15,mol m^-3 Pa^-1,1 M ideal gas to 1 M ideal-dilute aqueous,negative is favorable hydration,10,221.481,1,1,SANDER-42141,1524,10.1007/S002160101077,True,False,True,False,False,False,False,False,False,False,False,False,False,False,False,False,False,False,False,False,False,True,True,,COc1ccc(Br)cc1Cl,-2.0575741949439603,-2.9712932429453236,-3.0513200176366824,0.9137190480013633,0.993745822692722,0.9137190480013633,0.993745822692722,False,0.41379310344827586,COc1cc(Cl)c(Cl)c(Cl)c1Cl
FQTLCLSUCSAZDY,nerolidol,C=CC(C)(O)CCC=C(C)CCC=C(C)C,C=CC(C)(O)CCC=C(C)CCC=C(C)C,FQTLCLSUCSAZDY-UHFFFAOYSA-N,FQTLCLSUCSAZDY,FQTLCLSUCSAZDY,FQTLCLSUCSAZDY,FQTLCLSUCSAZDY,0.1372173601069845,298.15,mol m^-3 Pa^-1,1 M ideal gas to 1 M ideal-dilute aqueous,negative is favorable hydration,16,222.372,1,1,SANDER-24150,3216,10.1016/J.CHEMOSPHERE.2015.07.075,True,False,True,False,False,False,False,False,False,False,False,False,False,False,False,False,False,False,False,False,False,True,True,,C=CC(C)(O)CCC=C(C)CCC=C(C)C,0.1372173601069845,-4.0714886574074045,-4.2445754409171075,4.208706017514389,4.381792801024092,4.208706017514389,4.381792801024092,False,0.7857142857142857,C=CC(C)(O)CCC=C(C)C
FRQUNVLMWIYOLV,"1,2,3-trichloro-4-methoxybenzene",COc1ccc(Cl)c(Cl)c1Cl,COc1ccc(Cl)c(Cl)c1Cl,FRQUNVLMWIYOLV-UHFFFAOYSA-N,FRQUNVLMWIYOLV,FRQUNVLMWIYOLV,FRQUNVLMWIYOLV,FRQUNVLMWIYOLV,-2.0575741949439603,298.15,mol m^-3 Pa^-1,1 M ideal gas to 1 M ideal-dilute aqueous,negative is favorable hydration,11,211.475,1,1,SANDER-38168,1524,10.1007/S002160101077,True,False,True,False,False,False,False,False,False,True,True,False,False,False,False,False,False,False,False,False,True,True,False,,COc1ccc(Cl)c(Cl)c1Cl,-2.0575741949439603,-2.7910189373897665,-2.7571478395061693,0.7334447424458062,0.6995736445622089,0.7334447424458062,0.6995736445622089,True,0.5833333333333334,COc1cc(Cl)c(Cl)c(Cl)c1Cl
FSPSELPMWGWDRY,3′-methylacetophenone,CC(=O)c1cccc(C)c1,CC(=O)c1cccc(C)c1,FSPSELPMWGWDRY-UHFFFAOYSA-N,FSPSELPMWGWDRY,FSPSELPMWGWDRY,FSPSELPMWGWDRY,FSPSELPMWGWDRY,-4.870853317160879,298.15,mol m^-3 Pa^-1,1 M ideal gas to 1 M ideal-dilute aqueous,negative is favorable hydration,10,134.17799999999997,1,1,SANDER-16088,3724,10.1021/JE700612B,True,False,True,False,False,False,False,False,False,True,True,False,False,False,False,True,True,False,False,False,True,True,False,,CC(=O)c1cccc(C)c1,-4.870853317160879,-4.693485648148151,-4.705908917548499,-0.17736766901272816,-0.16494439961237983,0.17736766901272816,0.16494439961237983,True,0.68,Cc1cccc(C(=O)O)c1
FUNUTBJJKQIVSY,"2,4-dichloro-1-methylbenzene",Cc1ccc(Cl)cc1Cl,Cc1ccc(Cl)cc1Cl,FUNUTBJJKQIVSY-UHFFFAOYSA-N,FUNUTBJJKQIVSY,FUNUTBJJKQIVSY,FUNUTBJJKQIVSY,FUNUTBJJKQIVSY,-1.126367030655116,298.15,mol m^-3 Pa^-1,1 M ideal gas to 1 M ideal-dilute aqueous,negative is favorable hydration,9,161.031,1,1,SANDER-34980,2926,10.1016/J.FLUID.2013.03.023,True,False,True,False,False,False,False,True,True,True,True,False,False,False,False,True,True,False,False,False,True,True,False,,Cc1ccc(Cl)cc1Cl,-1.126367030655116,-1.1740677689594365,-1.1213139395943552,0.047700738304320645,-0.005053091060760684,0.047700738304320645,0.005053091060760684,True,0.55,Clc1ccc(Cl)c(Cl)c1
FWKUBDOTUFVPBX,"2,4,6-tribromo-3-chloro-1-methoxybenzene",COc1c(Br)cc(Br)c(Cl)c1Br,COc1c(Br)cc(Br)c(Cl)c1Br,FWKUBDOTUFVPBX-UHFFFAOYSA-N,FWKUBDOTUFVPBX,FWKUBDOTUFVPBX,FWKUBDOTUFVPBX,FWKUBDOTUFVPBX,-1.846249658720261,298.15,mol m^-3 Pa^-1,1 M ideal gas to 1 M ideal-dilute aqueous,negative is favorable hydration,12,379.2729999999999,1,1,SANDER-42169,1524,10.1007/S002160101077,True,False,True,False,False,False,False,False,False,False,False,False,False,False,False,False,False,False,False,False,False,True,True,,COc1c(Br)cc(Br)c(Cl)c1Br,-1.846249658720261,-2.9365743386243364,-3.279956834215166,1.0903246799040753,1.4337071754949051,1.0903246799040753,1.4337071754949051,False,0.36666666666666664,COc1c(Cl)cc(Cl)c(OC)c1O
FYQFWFHDPNXORA,(perfluorohexyl)ethene,C=CC(F)(F)C(F)(F)C(F)(F)C(F)(F)C(F)(F)C(F)(F)F,C=CC(F)(F)C(F)(F)C(F)(F)C(F)(F)C(F)(F)C(F)(F)F,FYQFWFHDPNXORA-UHFFFAOYSA-N,FYQFWFHDPNXORA,FYQFWFHDPNXORA,FYQFWFHDPNXORA,FYQFWFHDPNXORA,0.7698968620756514,298.15,mol m^-3 Pa^-1,1 M ideal gas to 1 M ideal-dilute aqueous,negative is favorable hydration,21,346.0859999999999,1,1,SANDER-31831,3939,10.1016/J.HAZL.2022.100070,True,False,True,False,False,False,False,False,False,False,False,False,False,False,False,False,False,False,False,False,False,True,True,,C=CC(F)(F)C(F)(F)C(F)(F)C(F)(F)C(F)(F)C(F)(F)F,0.7698968620756514,1.7666872244268081,2.790807169753086,-0.9967903623511567,-2.0209103076774344,0.9967903623511567,2.0209103076774344,False,0.25,C=CC(C)(C)C
GAPFWGOSHOCNBM,2-propyl nitrate,CC(C)O[N+](=O)[O-],CC(C)O[N+](=O)[O-],GAPFWGOSHOCNBM-UHFFFAOYSA-N,GAPFWGOSHOCNBM,GAPFWGOSHOCNBM,GAPFWGOSHOCNBM,GAPFWGOSHOCNBM,-1.6514177962544974,298.15,mol m^-3 Pa^-1,1 M ideal gas to 1 M ideal-dilute aqueous,negative is favorable hydration,7,105.093,2,2,SANDER-27417;SANDER-27418,1024;541,10.1016/S0045-6535(98)00159-3;10.1007/BF00053611,True,False,True,False,False,False,False,True,True,True,True,False,False,False,False,True,True,False,False,False,True,True,False,,CC(C)O[N+](=O)[O-],-1.6514177962544974,-2.2983486882716058,-1.8719732495590844,0.6469308920171084,0.22055545330458703,0.6469308920171084,0.22055545330458703,True,0.5454545454545454,CC[C@H](C)O[N+](=O)[O-]
GEWDNTWNSAZUDX,methyl jasmonate,CC/C=C/C[C@@H]1C(=O)CC[C@H]1CC(=O)OC,CC/C=C/C[C@@H]1C(=O)CC[C@H]1CC(=O)OC,GEWDNTWNSAZUDX-NNOMMRTBSA-N,GEWDNTWNSAZUDX,GEWDNTWNSAZUDX,GEWDNTWNSAZUDX,GEWDNTWNSAZUDX,-6.948436096622908,298.15,mol m^-3 Pa^-1,1 M ideal gas to 1 M ideal-dilute aqueous,negative is favorable hydration,16,224.29999999999995,1,1,SANDER-21810,3555,10.5194/BG-5-1287-2008,True,False,True,False,False,False,False,False,False,False,False,False,False,False,False,False,False,False,False,False,False,True,True,,CC/C=C/C[C@@H]1C(=O)CC[C@H]1CC(=O)OC,-6.948436096622908,-6.24506790123457,-8.07800725308642,-0.7033681953883377,1.1295711564635127,0.7033681953883377,1.1295711564635127,False,0.32653061224489793,CCC=CCC=CCC=CCCCCCCCC(=O)OC
GGDYAKVUZMZKRV,2-fluoroethanol,OCCF,OCCF,GGDYAKVUZMZKRV-UHFFFAOYSA-N,GGDYAKVUZMZKRV,GGDYAKVUZMZKRV,GGDYAKVUZMZKRV,GGDYAKVUZMZKRV,-4.170539722175125,298.15,mol m^-3 Pa^-1,1 M ideal gas to 1 M ideal-dilute aqueous,negative is favorable hydration,4,64.059,1,1,SANDER-31928,3526,10.1021/JE900711H,True,False,True,False,False,False,False,False,False,True,True,False,False,False,False,True,True,False,False,False,True,True,False,,OCCF,-4.170539722175125,-5.229997034832448,-5.891471086860666,1.0594573126573232,1.7209313646855415,1.0594573126573232,1.7209313646855415,False,0.4444444444444444,OCCO
GPAVMFOMYSGJDM,PFBHA-hexanal,CCCCCC=NOCc1c(F)c(F)c(F)c(F)c1F,CCCCCC=NOCc1c(F)c(F)c(F)c(F)c1F,GPAVMFOMYSGJDM-UHFFFAOYSA-N,GPAVMFOMYSGJDM,GPAVMFOMYSGJDM,GPAVMFOMYSGJDM,GPAVMFOMYSGJDM,-1.5793846637549709,298.15,mol m^-3 Pa^-1,1 M ideal gas to 1 M ideal-dilute aqueous,negative is favorable hydration,20,295.2509999999999,1,1,SANDER-32466,2497,10.1021/JE025545I,True,False,True,False,False,False,False,False,False,False,False,False,False,False,False,False,False,False,False,False,False,True,True,,CCCCCC=NOCc1c(F)c(F)c(F)c(F)c1F,-1.5793846637549709,-4.595340784832452,-3.567022916666664,3.0159561210774806,1.9876382529116932,3.0159561210774806,1.9876382529116932,True,0.3125,CCCCC/C=C\CCCCC
GUCFBWGWRCILHN,"1,2,3-trichloro-5-methoxybenzene",COc1cc(Cl)c(Cl)c(Cl)c1,COc1cc(Cl)c(Cl)c(Cl)c1,GUCFBWGWRCILHN-UHFFFAOYSA-N,GUCFBWGWRCILHN,GUCFBWGWRCILHN,GUCFBWGWRCILHN,GUCFBWGWRCILHN,-1.4157086957951794,298.15,mol m^-3 Pa^-1,1 M ideal gas to 1 M ideal-dilute aqueous,negative is favorable hydration,11,211.475,1,1,SANDER-38179,1524,10.1007/S002160101077,True,False,True,False,False,False,False,False,False,True,True,False,False,False,False,False,False,False,False,False,True,True,False,,COc1cc(Cl)c(Cl)c(Cl)c1,-1.4157086957951794,-2.6872876984126948,-3.0317844135802443,1.2715790026175153,1.6160757177850649,1.2715790026175153,1.6160757177850649,False,0.5,COc1cc(Cl)c(Cl)c(Cl)c1Cl
GUVLYNGULCJVDO,S-ethyl dipropylthiocarbamate,CCCN(CCC)C(=O)SCC,CCCN(CCC)C(=O)SCC,GUVLYNGULCJVDO-UHFFFAOYSA-N,GUVLYNGULCJVDO,GUVLYNGULCJVDO,GUVLYNGULCJVDO,GUVLYNGULCJVDO,-3.4900914838823294,298.15,mol m^-3 Pa^-1,1 M ideal gas to 1 M ideal-dilute aqueous,negative is favorable hydration,12,189.324,2,2,SANDER-43754;SANDER-43755,2815;2241,10.1016/J.ATMOSENV.2008.07.017;10.1021/JF980042V,True,False,True,False,False,False,False,False,False,False,False,False,False,False,False,False,False,True,True,False,True,True,False,,CCCN(CCC)C(=O)SCC,-3.4900914838823294,-4.652333234126979,-4.246713503086419,1.1622417502446494,0.75662201920409,1.1622417502446494,0.75662201920409,True,0.7083333333333334,CCCSC(=O)N(CCC)CCC
GVYLCNUFSHDAAW,mirex,ClC1(Cl)C2(Cl)C3(Cl)C4(Cl)C(Cl)(Cl)C5(Cl)C3(Cl)C1(Cl)C5(Cl)C24Cl,ClC1(Cl)C2(Cl)C3(Cl)C4(Cl)C(Cl)(Cl)C5(Cl)C3(Cl)C1(Cl)C5(Cl)C24Cl,GVYLCNUFSHDAAW-UHFFFAOYSA-N,GVYLCNUFSHDAAW,GVYLCNUFSHDAAW,GVYLCNUFSHDAAW,GVYLCNUFSHDAAW,-2.010150095313052,298.15,mol m^-3 Pa^-1,1 M ideal gas to 1 M ideal-dilute aqueous,negative is favorable hydration,22,545.5459999999998,1,1,SANDER-33801,852,10.1021/ES00154A003,True,False,True,False,False,False,False,False,False,True,True,False,False,False,False,False,False,False,False,False,True,True,False,,ClC1(Cl)C2(Cl)C3(Cl)C4(Cl)C(Cl)(Cl)C5(Cl)C3(Cl)C1(Cl)C5(Cl)C24Cl,-2.010150095313052,-3.428352568342154,-3.5599724977954144,1.418202473029102,1.5498224024823624,1.418202473029102,1.5498224024823624,False,0.21428571428571427,FC1(F)C(F)(F)[C@@](F)(Cl)[C@@]1(F)Cl
GWQOOADXMVQEFT,"2,5-dimethylthiophene",Cc1ccc(C)s1,Cc1ccc(C)s1,GWQOOADXMVQEFT-UHFFFAOYSA-N,GWQOOADXMVQEFT,GWQOOADXMVQEFT,GWQOOADXMVQEFT,GWQOOADXMVQEFT,-1.3130478087293145,298.15,mol m^-3 Pa^-1,1 M ideal gas to 1 M ideal-dilute aqueous,negative is favorable hydration,7,112.197,1,1,SANDER-43303,3669,10.1111/J.1365-2621.1980.TB00916.X,True,False,True,False,False,False,False,False,False,True,True,False,False,False,False,True,True,False,False,False,True,True,False,,Cc1ccc(C)s1,-1.3130478087293145,-1.3489156040564367,-1.1854852888007048,0.035867795327122254,-0.12756251992860967,0.035867795327122254,0.12756251992860967,False,0.3684210526315789,Cc1cccs1
HCRBXQFHJMCTLF,ethyl 2-methylbutanoate,CCOC(=O)C(C)CC,CCOC(=O)C(C)CC,HCRBXQFHJMCTLF-UHFFFAOYSA-N,HCRBXQFHJMCTLF,HCRBXQFHJMCTLF,HCRBXQFHJMCTLF,HCRBXQFHJMCTLF,-2.161848414164622,298.15,mol m^-3 Pa^-1,1 M ideal gas to 1 M ideal-dilute aqueous,negative is favorable hydration,9,130.18699999999998,2,2,SANDER-21108;SANDER-21109,1923;2389,10.1016/S1387-3806(03)00197-0;10.1021/JF9702508,True,False,True,False,False,False,False,False,False,True,True,False,False,False,False,False,False,False,False,False,True,True,False,,CCOC(=O)C(C)CC,-2.161848414164622,-2.383300507054672,-1.7284088355379172,0.22145209289004963,-0.4334395786267049,0.22145209289004963,0.4334395786267049,False,0.47619047619047616,CCOC(=O)OCC
HFEASCCDHUVYKU,"1,2-dichloro-3-methoxybenzene",COc1cccc(Cl)c1Cl,COc1cccc(Cl)c1Cl,HFEASCCDHUVYKU-UHFFFAOYSA-N,HFEASCCDHUVYKU,HFEASCCDHUVYKU,HFEASCCDHUVYKU,HFEASCCDHUVYKU,-2.3692764364111216,298.15,mol m^-3 Pa^-1,1 M ideal gas to 1 M ideal-dilute aqueous,negative is favorable hydration,10,177.02999999999997,1,1,SANDER-38158,1524,10.1007/S002160101077,True,False,True,False,False,False,False,False,False,True,True,False,False,False,False,True,True,False,False,False,True,True,False,,COc1cccc(Cl)c1Cl,-2.3692764364111216,-2.767786684303348,-2.869233024691356,0.3985102478922262,0.49995658828023437,0.3985102478922262,0.49995658828023437,False,0.5238095238095238,Clc1cccc(Cl)c1Cl
HFVMLYAGWXSTQI,5$\alpha$-androst-16-en-4-one,C[C@]12CCC(=O)C[C@@H]1CC[C@@H]1[C@@H]2CC[C@]2(C)C=CC[C@@H]12,C[C@]12CCC(=O)C[C@@H]1CC[C@@H]1[C@@H]2CC[C@]2(C)C=CC[C@@H]12,HFVMLYAGWXSTQI-QYXZOKGRSA-N,HFVMLYAGWXSTQI,HFVMLYAGWXSTQI,HFVMLYAGWXSTQI,HFVMLYAGWXSTQI,-2.6271958419698187,298.15,mol m^-3 Pa^-1,1 M ideal gas to 1 M ideal-dilute aqueous,negative is favorable hydration,20,272.432,1,1,SANDER-24619,2388,10.1093/CHEMSE/3.1.57,True,False,True,False,False,False,False,False,False,True,True,False,False,False,False,False,False,False,False,False,True,True,False,,C[C@]12CCC(=O)C[C@@H]1CC[C@@H]1[C@@H]2CC[C@]2(C)C=CC[C@@H]12,-2.6271958419698187,-4.6897214506172915,-6.000281459435629,2.062525608647473,3.3730856174658106,2.062525608647473,3.3730856174658106,False,0.22807017543859648,CC1=CCC2CC3C(C)CCC13C2(C)C
HGCMMKIIGJXXMW,2-nitrooxy-1-propanol,CC(CO)O[N+](=O)[O-],CC(CO)O[N+](=O)[O-],HGCMMKIIGJXXMW-UHFFFAOYSA-N,HGCMMKIIGJXXMW,HGCMMKIIGJXXMW,HGCMMKIIGJXXMW,HGCMMKIIGJXXMW,-6.872696747932133,298.15,mol m^-3 Pa^-1,1 M ideal gas to 1 M ideal-dilute aqueous,negative is favorable hydration,8,121.092,1,1,SANDER-27583;SANDER-27584;SANDER-27585,548,10.1021/ES960538Y,True,False,True,False,False,False,False,False,False,False,False,False,False,False,False,True,True,False,False,False,True,True,False,,CC(CO)O[N+](=O)[O-],-6.872696747932133,-7.865594378306882,-7.418196649029981,0.992897630374749,0.5454999010978483,0.992897630374749,0.5454999010978483,True,0.625,CC[C@H](C)O[N+](=O)[O-]
HGSDQSUMXKHGTH,"1,2,4,6,8-pentachloronaphthalene",Clc1cc(Cl)c2c(Cl)c(Cl)cc(Cl)c2c1,Clc1cc(Cl)c2c(Cl)c(Cl)cc(Cl)c2c1,HGSDQSUMXKHGTH-UHFFFAOYSA-N,HGSDQSUMXKHGTH,HGSDQSUMXKHGTH,HGSDQSUMXKHGTH,HGSDQSUMXKHGTH,-3.266374329938489,298.15,mol m^-3 Pa^-1,1 M ideal gas to 1 M ideal-dilute aqueous,negative is favorable hydration,15,300.399,1,1,SANDER-35247,3732,10.1016/J.ATMOSENV.2016.10.009,True,False,True,False,False,False,False,False,False,True,True,False,False,False,False,False,False,False,False,False,True,True,False,,Clc1cc(Cl)c2c(Cl)c(Cl)cc(Cl)c2c1,-3.266374329938489,-2.916151884920636,-2.8914010471781304,-0.3502224450178528,-0.37497328276035846,0.3502224450178528,0.37497328276035846,False,0.5238095238095238,Clc1cc(Cl)c(Cl)c(Cl)c1
HHLFWLYXYJOTON,oxoethanoic acid,O=CC(=O)O,O=CC(=O)O,HHLFWLYXYJOTON-UHFFFAOYSA-N,HHLFWLYXYJOTON,HHLFWLYXYJOTON,HHLFWLYXYJOTON,HHLFWLYXYJOTON,-7.41558521612978,298.15,mol m^-3 Pa^-1,1 M ideal gas to 1 M ideal-dilute aqueous,negative is favorable hydration,5,74.035,1,1,SANDER-24154,2401,10.1029/2008GL036212,True,False,True,False,False,False,False,False,False,False,False,False,False,False,False,True,True,False,False,False,True,True,False,,O=CC(=O)O,-7.41558521612978,-8.495706338183426,-7.883810085978837,1.0801211220536464,0.468224869849057,1.0801211220536464,0.468224869849057,True,0.5,O=C(O)C=CC(=O)O
HKPHPIREJKHECO,butachlor,CCCCOCN(C(=O)CCl)c1c(CC)cccc1CC,CCCCOCN(C(=O)CCl)c1c(CC)cccc1CC,HKPHPIREJKHECO-UHFFFAOYSA-N,HKPHPIREJKHECO,HKPHPIREJKHECO,HKPHPIREJKHECO,HKPHPIREJKHECO,-7.637585445680149,298.15,mol m^-3 Pa^-1,1 M ideal gas to 1 M ideal-dilute aqueous,negative is favorable hydration,21,311.85300000000007,1,1,SANDER-39887,2538,10.1584/JPESTICS.18.3_201,True,False,True,False,False,False,False,False,False,False,False,False,False,False,False,False,False,False,False,False,False,True,True,,CCCCOCN(C(=O)CCl)c1c(CC)cccc1CC,-7.637585445680149,-8.274456172839502,-8.034638425925921,0.6368707271593523,0.39705298024577207,0.6368707271593523,0.39705298024577207,True,0.6829268292682927,CCc1cccc(CC)c1N(COC)C(=O)CCl
HLCSDJLATUNSSI,"3,7-dimethyl-2,6-octadienenitrile",CC(C)=CCC/C(C)=C/C#N,CC(C)=CCC/C(C)=C/C#N,HLCSDJLATUNSSI-JXMROGBWSA-N,HLCSDJLATUNSSI,HLCSDJLATUNSSI,HLCSDJLATUNSSI,HLCSDJLATUNSSI,-2.532952404370913,298.15,mol m^-3 Pa^-1,1 M ideal gas to 1 M ideal-dilute aqueous,negative is favorable hydration,11,149.237,1,1,SANDER-26446,2955,10.1021/JE700418A,True,False,True,False,False,False,False,False,False,False,False,False,False,False,False,False,False,False,False,False,False,True,True,,CC(C)=CCC/C(C)=C/C#N,-2.532952404370913,-3.4595831679894182,-3.684163414902999,0.9266307636185052,1.1512110105320859,0.9266307636185052,1.1512110105320859,False,0.5185185185185185,CC(C)=CCC/C(C)=C/CO
HSNWZBCBUUSSQD,1-pentyl nitrate,CCCCCO[N+](=O)[O-],CCCCCO[N+](=O)[O-],HSNWZBCBUUSSQD-UHFFFAOYSA-N,HSNWZBCBUUSSQD,HSNWZBCBUUSSQD,HSNWZBCBUUSSQD,HSNWZBCBUUSSQD,-1.6559406699833308,298.15,mol m^-3 Pa^-1,1 M ideal gas to 1 M ideal-dilute aqueous,negative is favorable hydration,9,133.147,1,1,SANDER-27475;SANDER-27476,1024,10.1016/S0045-6535(98)00159-3,True,False,True,False,False,False,False,False,False,True,True,False,False,False,False,False,False,False,False,False,True,True,False,,CCCCCO[N+](=O)[O-],-1.6559406699833308,-1.8464915123456807,-1.8185797949735454,0.19055084236234987,0.1626391249902146,0.19055084236234987,0.1626391249902146,True,0.9523809523809523,CCCCCCO[N+](=O)[O-]
HTDQSWDEWGSAMN,1-bromo-2-methoxybenzene,COc1ccccc1Br,COc1ccccc1Br,HTDQSWDEWGSAMN-UHFFFAOYSA-N,HTDQSWDEWGSAMN,HTDQSWDEWGSAMN,HTDQSWDEWGSAMN,HTDQSWDEWGSAMN,-2.532952404370913,298.15,mol m^-3 Pa^-1,1 M ideal gas to 1 M ideal-dilute aqueous,negative is favorable hydration,9,187.036,1,1,SANDER-41490,1524,10.1007/S002160101077,True,False,True,False,False,False,False,False,False,True,True,False,False,False,False,False,False,False,False,False,True,True,False,,COc1ccccc1Br,-2.532952404370913,-2.8970378417107554,-3.0952000551146384,0.36408543733984233,0.5622476507437253,0.36408543733984233,0.5622476507437253,False,0.631578947368421,COc1ccccc1OC
HVYRFNJXZVEGFK,"1,2,3,5,8-pentachloronaphthalene",Clc1cc2c(Cl)ccc(Cl)c2c(Cl)c1Cl,Clc1cc2c(Cl)ccc(Cl)c2c(Cl)c1Cl,HVYRFNJXZVEGFK-UHFFFAOYSA-N,HVYRFNJXZVEGFK,HVYRFNJXZVEGFK,HVYRFNJXZVEGFK,HVYRFNJXZVEGFK,-3.580763582585761,298.15,mol m^-3 Pa^-1,1 M ideal gas to 1 M ideal-dilute aqueous,negative is favorable hydration,15,300.399,1,1,SANDER-35242,3732,10.1016/J.ATMOSENV.2016.10.009,True,False,True,False,False,False,False,False,False,True,True,False,False,False,False,False,False,False,False,False,True,True,False,,Clc1cc2c(Cl)ccc(Cl)c2c(Cl)c1Cl,-3.580763582585761,-3.0063568231922417,-3.2820538139329805,-0.5744067593935194,-0.29870976865278065,0.5744067593935194,0.29870976865278065,True,0.45,Clc1ccc(Cl)c(Cl)c1Cl
HYHMYONEYJINON,MCM:ISOPDOOH,C=C(C)C(CO)OO,C=C(C)C(CO)OO,HYHMYONEYJINON-UHFFFAOYSA-N,HYHMYONEYJINON,HYHMYONEYJINON,HYHMYONEYJINON,HYHMYONEYJINON,-7.467138147450005,298.15,mol m^-3 Pa^-1,1 M ideal gas to 1 M ideal-dilute aqueous,negative is favorable hydration,8,118.132,1,1,SANDER-13519,3578,,True,False,True,False,False,False,False,False,False,False,False,False,False,False,False,False,False,False,False,False,False,True,True,,C=C(C)C(CO)OO,-7.467138147450005,-11.558149371693125,-9.426680478395069,4.091011224243119,1.9595423309450632,4.091011224243119,1.9595423309450632,True,0.2857142857142857,CC(C)CO
IAIHUHQCLTYTSF,"(1R)-1,3,3-trimethylbicyclo[2.2.1]heptan-2-ol",CC1(C)[C@H]2CC[C@](C)(C2)[C@H]1O,CC1(C)[C@H]2CC[C@](C)(C2)[C@H]1O,IAIHUHQCLTYTSF-OYNCUSHFSA-N,IAIHUHQCLTYTSF,IAIHUHQCLTYTSF,IAIHUHQCLTYTSF,IAIHUHQCLTYTSF,-4.025308354953737,298.15,mol m^-3 Pa^-1,1 M ideal gas to 1 M ideal-dilute aqueous,negative is favorable hydration,11,154.253,1,1,SANDER-24111,2462,10.1021/JE980070+,True,False,True,False,False,False,False,False,False,False,False,False,False,False,False,False,False,False,False,False,False,True,True,,CC1(C)[C@H]2CC[C@](C)(C2)[C@H]1O,-4.025308354953737,-4.731640432098761,-4.493384446649027,0.7063320771450234,0.4680760916952895,0.7063320771450234,0.4680760916952895,True,0.5,CC(=O)OC1C2(C)CCC(C2)C1(C)C
ICDUEGOPUWNJNF,PFBHA-propenal,C=CC=NOCc1c(F)c(F)c(F)c(F)c1F,C=CC=NOCc1c(F)c(F)c(F)c(F)c1F,ICDUEGOPUWNJNF-UHFFFAOYSA-N,ICDUEGOPUWNJNF,ICDUEGOPUWNJNF,ICDUEGOPUWNJNF,ICDUEGOPUWNJNF,-1.871736811958389,298.15,mol m^-3 Pa^-1,1 M ideal gas to 1 M ideal-dilute aqueous,negative is favorable hydration,17,251.154,1,1,SANDER-32469,2497,10.1021/JE025545I,True,False,True,False,False,False,False,False,False,False,False,False,False,False,False,False,False,False,False,False,False,True,True,,C=CC=NOCc1c(F)c(F)c(F)c(F)c1F,-1.871736811958389,-4.472554805996474,-3.4259002932098745,2.600817994038085,1.5541634812514855,2.600817994038085,1.5541634812514855,True,0.20833333333333334,Fc1c(F)c(F)c(F)c(F)c1F
IDJOCJAIQSKSOP,"2,2-dichloroethanol",OCC(Cl)Cl,OCC(Cl)Cl,IDJOCJAIQSKSOP-UHFFFAOYSA-N,IDJOCJAIQSKSOP,IDJOCJAIQSKSOP,IDJOCJAIQSKSOP,IDJOCJAIQSKSOP,-4.041541834797791,298.15,mol m^-3 Pa^-1,1 M ideal gas to 1 M ideal-dilute aqueous,negative is favorable hydration,5,114.959,1,1,SANDER-37560,3526,10.1021/JE900711H,True,False,True,False,False,False,False,True,True,True,True,False,False,False,False,True,True,False,False,False,True,True,False,,OCC(Cl)Cl,-4.041541834797791,-5.959690068342148,-5.7372697200176335,1.9181482335443567,1.695727885219842,1.9181482335443567,1.695727885219842,True,0.4166666666666667,ClCC(Cl)Cl
ILHIHKRJJMKBEE,ethyl hydroperoxide,CCOO,CCOO,ILHIHKRJJMKBEE-UHFFFAOYSA-N,ILHIHKRJJMKBEE,ILHIHKRJJMKBEE,ILHIHKRJJMKBEE,ILHIHKRJJMKBEE,-5.338002436667749,298.15,mol m^-3 Pa^-1,1 M ideal gas to 1 M ideal-dilute aqueous,negative is favorable hydration,4,62.068000000000005,1,1,SANDER-12956;SANDER-12957,516,10.1021/JP951168N,True,False,True,False,False,False,False,False,False,True,True,False,False,False,False,False,False,False,False,False,True,True,False,,CCOO,-5.338002436667749,-6.279252050264553,-5.395993011463844,0.9412496135968036,0.057990574796094485,0.9412496135968036,0.057990574796094485,True,0.4166666666666667,CCOC
ISAVYTVYFVQUDY,"4-(1,1,3,3-tetramethylbutyl)-phenol",CC(C)(C)CC(C)(C)c1ccc(O)cc1,CC(C)(C)CC(C)(C)c1ccc(O)cc1,ISAVYTVYFVQUDY-UHFFFAOYSA-N,ISAVYTVYFVQUDY,ISAVYTVYFVQUDY,ISAVYTVYFVQUDY,ISAVYTVYFVQUDY,-5.124107462791067,298.15,mol m^-3 Pa^-1,1 M ideal gas to 1 M ideal-dilute aqueous,negative is favorable hydration,15,206.329,1,1,SANDER-12328,1942,10.1016/J.ATMOSENV.2004.05.013,True,False,True,False,False,False,False,True,True,False,False,False,False,False,False,False,False,False,False,False,True,True,False,,CC(C)(C)CC(C)(C)c1ccc(O)cc1,-5.124107462791067,-6.573784126984133,-5.898192526455024,1.449676664193066,0.7740850636639571,1.449676664193066,0.7740850636639571,True,0.5416666666666666,CC(C)(c1ccc(O)cc1)c1ccc(O)cc1
ITXDBGLYYSJNPK,"1,2,3,5-tetrachloro-4-methoxybenzene",COc1c(Cl)cc(Cl)c(Cl)c1Cl,COc1c(Cl)cc(Cl)c(Cl)c1Cl,ITXDBGLYYSJNPK-UHFFFAOYSA-N,ITXDBGLYYSJNPK,ITXDBGLYYSJNPK,ITXDBGLYYSJNPK,ITXDBGLYYSJNPK,-1.2082190270028623,298.15,mol m^-3 Pa^-1,1 M ideal gas to 1 M ideal-dilute aqueous,negative is favorable hydration,12,245.92,1,1,SANDER-38181,1524,10.1007/S002160101077,True,False,True,False,False,False,False,False,False,True,True,False,False,False,False,True,True,False,False,False,True,True,False,,COc1c(Cl)cc(Cl)c(Cl)c1Cl,-1.2082190270028623,-2.6906421296296266,-2.6087964175484974,1.4824231026267642,1.4005773905456351,1.4824231026267642,1.4005773905456351,True,0.5833333333333334,COc1c(Cl)cc(Cl)c(OC)c1O
IYRWEQXVUNLMAY,carbonyl fluoride,O=C(F)F,O=C(F)F,IYRWEQXVUNLMAY-UHFFFAOYSA-N,IYRWEQXVUNLMAY,IYRWEQXVUNLMAY,IYRWEQXVUNLMAY,IYRWEQXVUNLMAY,-4.008617534330732,298.15,mol m^-3 Pa^-1,1 M ideal gas to 1 M ideal-dilute aqueous,negative is favorable hydration,4,66.006,1,1,SANDER-31922;SANDER-31923,671,10.1007/978-3-642-61445-3_6,True,False,True,False,False,False,False,True,True,False,False,False,False,False,False,False,False,False,False,False,True,True,False,,O=C(F)F,-4.008617534330732,-1.879724165343915,-0.1853717724867725,-2.128893368986817,-3.8232457618439595,2.128893368986817,3.8232457618439595,False,0.3333333333333333,NC(N)=O
JCMNMOBHVPONLD,"1H,1H,2H,2H-perfluorohexan-1-ol",OCCC(F)(F)C(F)(F)C(F)(F)C(F)(F)F,OCCC(F)(F)C(F)(F)C(F)(F)C(F)(F)F,JCMNMOBHVPONLD-UHFFFAOYSA-N,JCMNMOBHVPONLD,JCMNMOBHVPONLD,JCMNMOBHVPONLD,JCMNMOBHVPONLD,-1.3754506884268412,298.15,mol m^-3 Pa^-1,1 M ideal gas to 1 M ideal-dilute aqueous,negative is favorable hydration,16,264.08699999999993,2,2,SANDER-32175;SANDER-32176;SANDER-32177;SANDER-32178,3939;2993,10.1016/J.HAZL.2022.100070;10.1021/ES060004P,True,False,True,False,False,False,False,False,False,True,True,False,False,False,False,False,False,False,False,False,True,True,False,,OCCC(F)(F)C(F)(F)C(F)(F)C(F)(F)F,-1.3754506884268412,-4.703394268077599,-2.1017915914903016,3.3279435796507575,0.7263409030634604,3.3279435796507575,0.7263409030634604,True,0.3,OCC(F)(F)F
JIVCPRHFBFVZQL,"2-bromo-3,4,5-trichloro-1-methoxybenzene",COc1cc(Cl)c(Cl)c(Cl)c1Br,COc1cc(Cl)c(Cl)c(Cl)c1Br,JIVCPRHFBFVZQL-UHFFFAOYSA-N,JIVCPRHFBFVZQL,JIVCPRHFBFVZQL,JIVCPRHFBFVZQL,JIVCPRHFBFVZQL,-1.890157516875148,298.15,mol m^-3 Pa^-1,1 M ideal gas to 1 M ideal-dilute aqueous,negative is favorable hydration,12,290.371,1,1,SANDER-42154,1524,10.1007/S002160101077,True,False,True,False,False,False,False,False,False,False,False,False,False,False,False,False,False,False,False,False,False,True,True,,COc1cc(Cl)c(Cl)c(Cl)c1Br,-1.890157516875148,-2.7769325617283918,-3.0588572530864178,0.8867750448532437,1.1686997362112697,0.8867750448532437,1.1686997362112697,False,0.64,COc1cc(Cl)c(Cl)c(Cl)c1Cl
JJUBFBTUBACDHW,"1H,1H,2H,2H-perfluorodecan-1-ol",OCCC(F)(F)C(F)(F)C(F)(F)C(F)(F)C(F)(F)C(F)(F)C(F)(F)C(F)(F)F,OCCC(F)(F)C(F)(F)C(F)(F)C(F)(F)C(F)(F)C(F)(F)C(F)(F)C(F)(F)F,JJUBFBTUBACDHW-UHFFFAOYSA-N,JJUBFBTUBACDHW,JJUBFBTUBACDHW,JJUBFBTUBACDHW,JJUBFBTUBACDHW,0.4156874367459304,298.15,mol m^-3 Pa^-1,1 M ideal gas to 1 M ideal-dilute aqueous,negative is favorable hydration,28,464.11499999999984,1,1,SANDER-32219;SANDER-32220;SANDER-32221,3939,10.1016/J.HAZL.2022.100070,True,False,True,False,False,False,False,False,False,True,True,False,False,False,False,False,False,False,False,False,True,True,False,,OCCC(F)(F)C(F)(F)C(F)(F)C(F)(F)C(F)(F)C(F)(F)C(F)(F)C(F)(F)F,0.4156874367459304,-5.410729111552027,-1.7063349417989435,5.826416548297957,2.122022378544874,5.826416548297957,2.122022378544874,True,0.2857142857142857,OCC(F)(F)F
JLJXMZMKMRQOLN,bis-(hydroxymethyl)-peroxide,OCOOCO,OCOOCO,JLJXMZMKMRQOLN-UHFFFAOYSA-N,JLJXMZMKMRQOLN,JLJXMZMKMRQOLN,JLJXMZMKMRQOLN,JLJXMZMKMRQOLN,-9.60119077400061,298.15,mol m^-3 Pa^-1,1 M ideal gas to 1 M ideal-dilute aqueous,negative is favorable hydration,6,94.066,1,1,SANDER-12979;SANDER-12980,800,10.1021/J100180A051,True,False,True,False,False,False,False,False,False,False,False,False,False,False,False,True,True,False,False,False,True,True,False,,OCOOCO,-9.60119077400061,-11.460441898148149,-11.06181122134039,1.859251124147539,1.46062044733978,1.859251124147539,1.46062044733978,True,0.3,OCCO
JPQLLIUTUFJWMH,"1,2,3,5,7,8-hexachloronaphthalene",Clc1cc2c(Cl)cc(Cl)c(Cl)c2c(Cl)c1Cl,Clc1cc2c(Cl)cc(Cl)c(Cl)c2c(Cl)c1Cl,JPQLLIUTUFJWMH-UHFFFAOYSA-N,JPQLLIUTUFJWMH,JPQLLIUTUFJWMH,JPQLLIUTUFJWMH,JPQLLIUTUFJWMH,-4.130581778314352,298.15,mol m^-3 Pa^-1,1 M ideal gas to 1 M ideal-dilute aqueous,negative is favorable hydration,16,334.84399999999994,1,1,SANDER-35255,3732,10.1016/J.ATMOSENV.2016.10.009,True,False,True,False,False,False,False,False,False,True,True,False,False,False,False,False,False,False,False,False,True,True,False,,Clc1cc2c(Cl)cc(Cl)c(Cl)c2c(Cl)c1Cl,-4.130581778314352,-3.166857848324515,-3.2235140983245145,-0.963723929989837,-0.9070676799898374,0.963723929989837,0.9070676799898374,True,0.5263157894736842,Clc1cc(Cl)c(Cl)c(Cl)c1Cl
JZBCTZLGKSYRSF,"2-ethyl-3,5-dimethylpyrazine",CCc1ncc(C)nc1C,CCc1ncc(C)nc1C,JZBCTZLGKSYRSF-UHFFFAOYSA-N,JZBCTZLGKSYRSF,JZBCTZLGKSYRSF,JZBCTZLGKSYRSF,JZBCTZLGKSYRSF,-5.261446430439389,298.15,mol m^-3 Pa^-1,1 M ideal gas to 1 M ideal-dilute aqueous,negative is favorable hydration,10,136.19799999999998,1,1,SANDER-26123,3215,10.1016/J.IJMS.2015.07.015,True,False,True,False,False,False,False,True,True,True,True,False,False,False,False,True,True,False,False,False,True,True,False,,CCc1ncc(C)nc1C,-5.261446430439389,-5.481057330246908,-5.490203086419753,0.21961089980751858,0.228756655980364,0.21961089980751858,0.228756655980364,False,0.3076923076923077,Cc1cccc(C)n1
KJRACWZCOVHBQU,2-methoxy-2-methylheptane,CCCCCC(C)(C)OC,CCCCCC(C)(C)OC,KJRACWZCOVHBQU-UHFFFAOYSA-N,KJRACWZCOVHBQU,KJRACWZCOVHBQU,KJRACWZCOVHBQU,KJRACWZCOVHBQU,-0.9181690713424469,298.15,mol m^-3 Pa^-1,1 M ideal gas to 1 M ideal-dilute aqueous,negative is favorable hydration,10,144.25799999999998,1,1,SANDER-22932,3304,10.1016/J.FLUID.2006.02.022,True,False,True,False,False,False,False,False,False,False,False,False,False,False,False,False,False,False,False,False,False,True,True,,CCCCCC(C)(C)OC,-0.9181690713424469,-1.2934730643738979,-1.3827954420194004,0.375303993031451,0.46462637067695356,0.375303993031451,0.46462637067695356,False,0.47619047619047616,CCC(C)(C)OC
KNUQGVIXAYDSOX,1-nitrooxy-2-butanol,CCC(O)CO[N+](=O)[O-],CCC(O)CO[N+](=O)[O-],KNUQGVIXAYDSOX-UHFFFAOYSA-N,KNUQGVIXAYDSOX,KNUQGVIXAYDSOX,KNUQGVIXAYDSOX,KNUQGVIXAYDSOX,-7.026068370085849,298.15,mol m^-3 Pa^-1,1 M ideal gas to 1 M ideal-dilute aqueous,negative is favorable hydration,9,135.119,1,1,SANDER-27597;SANDER-27598,548,10.1021/ES960538Y,True,False,True,False,False,False,False,False,False,False,False,False,False,False,False,False,False,False,False,False,False,True,True,,CCC(O)CO[N+](=O)[O-],-7.026068370085849,-7.6965429122575015,-7.3382830687830705,0.6704745421716529,0.31221469869722185,0.6704745421716529,0.31221469869722185,True,0.5384615384615384,CC(C)CO[N+](=O)[O-]
KOCVACNWDMSLBM,vanillyl ethyl ether,CCOCc1ccc(O)c(OC)c1,CCOCc1ccc(O)c(OC)c1,KOCVACNWDMSLBM-UHFFFAOYSA-N,KOCVACNWDMSLBM,KOCVACNWDMSLBM,KOCVACNWDMSLBM,KOCVACNWDMSLBM,-8.195103915206705,298.15,mol m^-3 Pa^-1,1 M ideal gas to 1 M ideal-dilute aqueous,negative is favorable hydration,13,182.219,1,1,SANDER-24517,3723,10.1021/ACS.EST.9B06443,True,False,True,False,False,False,False,False,False,False,False,False,False,False,False,False,False,False,False,False,False,True,True,,CCOCc1ccc(O)c(OC)c1,-8.195103915206705,-7.813365586419754,-7.987447795414464,-0.3817383287869509,-0.20765611979224108,0.3817383287869509,0.20765611979224108,True,0.6363636363636364,CCCc1ccc(O)c(OC)c1
KPOZENRUJCHWOA,"1,2,4,5,6-pentachloronaphthalene",Clc1cc(Cl)c2c(Cl)c(Cl)ccc2c1Cl,Clc1cc(Cl)c2c(Cl)c(Cl)ccc2c1Cl,KPOZENRUJCHWOA-UHFFFAOYSA-N,KPOZENRUJCHWOA,KPOZENRUJCHWOA,KPOZENRUJCHWOA,KPOZENRUJCHWOA,-3.4657290661330857,298.15,mol m^-3 Pa^-1,1 M ideal gas to 1 M ideal-dilute aqueous,negative is favorable hydration,15,300.399,1,1,SANDER-35243,3732,10.1016/J.ATMOSENV.2016.10.009,True,False,True,False,False,False,False,False,False,True,True,False,False,False,False,False,False,False,False,False,True,True,False,,Clc1cc(Cl)c2c(Cl)c(Cl)ccc2c1Cl,-3.4657290661330857,-2.9879299713403893,-3.3672447530864207,-0.47779909479269644,-0.09848431304666505,0.47779909479269644,0.09848431304666505,True,0.42857142857142855,Clc1ccc(Cl)c(Cl)c1Cl
KSMVNVHUTQZITP,"2,3,7,8-tetrachlorodibenzofuran",Clc1cc2oc3cc(Cl)c(Cl)cc3c2cc1Cl,Clc1cc2oc3cc(Cl)c(Cl)cc3c2cc1Cl,KSMVNVHUTQZITP-UHFFFAOYSA-N,KSMVNVHUTQZITP,KSMVNVHUTQZITP,KSMVNVHUTQZITP,KSMVNVHUTQZITP,-4.318006884312718,298.15,mol m^-3 Pa^-1,1 M ideal gas to 1 M ideal-dilute aqueous,negative is favorable hydration,17,305.975,1,1,SANDER-38737,2945,10.1002/ETC.5620121110,True,False,True,False,False,False,False,True,True,False,False,False,False,False,False,False,False,False,False,False,True,True,False,,Clc1cc2oc3cc(Cl)c(Cl)cc3c2cc1Cl,-4.318006884312718,-3.812048743386246,-4.049729508377424,-0.5059581409264715,-0.2682773759352939,0.5059581409264715,0.2682773759352939,True,0.4117647058823529,Clc1cc(Cl)c(Cl)cc1Cl
KZLMCDNAVVJKPX,"1,3-dichloro-2-methoxybenzene",COc1c(Cl)cccc1Cl,COc1c(Cl)cccc1Cl,KZLMCDNAVVJKPX-UHFFFAOYSA-N,KZLMCDNAVVJKPX,KZLMCDNAVVJKPX,KZLMCDNAVVJKPX,KZLMCDNAVVJKPX,-1.826387968213476,298.15,mol m^-3 Pa^-1,1 M ideal gas to 1 M ideal-dilute aqueous,negative is favorable hydration,10,177.02999999999997,1,1,SANDER-38165,1524,10.1007/S002160101077,True,False,True,False,False,False,False,False,False,True,True,False,False,False,False,True,True,False,False,False,True,True,False,,COc1c(Cl)cccc1Cl,-1.826387968213476,-2.8347419312169273,-2.792478549382714,1.0083539630034513,0.966090581169238,1.0083539630034513,0.966090581169238,True,0.4642857142857143,COc1c(Cl)ccc(Cl)c1C(=O)O
LBCOXKFWBDTJTF,"1,2,4,7,8-pentachloronaphthalene",Clc1ccc2c(Cl)cc(Cl)c(Cl)c2c1Cl,Clc1ccc2c(Cl)cc(Cl)c(Cl)c2c1Cl,LBCOXKFWBDTJTF-UHFFFAOYSA-N,LBCOXKFWBDTJTF,LBCOXKFWBDTJTF,LBCOXKFWBDTJTF,LBCOXKFWBDTJTF,-3.580763582585761,298.15,mol m^-3 Pa^-1,1 M ideal gas to 1 M ideal-dilute aqueous,negative is favorable hydration,15,300.399,1,1,SANDER-35248,3732,10.1016/J.ATMOSENV.2016.10.009,True,False,True,False,False,False,False,False,False,True,True,False,False,False,False,False,False,False,False,False,True,True,False,,Clc1ccc2c(Cl)cc(Cl)c(Cl)c2c1Cl,-3.580763582585761,-2.997867317019401,-3.422098600088184,-0.5828962655663603,-0.158664982497577,0.5828962655663603,0.158664982497577,True,0.45,Clc1ccc(Cl)c(Cl)c1Cl
LCFKURIJYIJNRU,2-methyl-1-hexanol,CCCCC(C)CO,CCCCC(C)CO,LCFKURIJYIJNRU-UHFFFAOYSA-N,LCFKURIJYIJNRU,LCFKURIJYIJNRU,LCFKURIJYIJNRU,LCFKURIJYIJNRU,-4.410771696363276,298.15,mol m^-3 Pa^-1,1 M ideal gas to 1 M ideal-dilute aqueous,negative is favorable hydration,8,116.20399999999998,1,1,SANDER-10382,2891,10.1021/JE3010535,True,False,True,False,False,False,False,False,False,False,False,False,False,False,False,False,False,False,False,False,False,True,True,,CCCCC(C)CO,-4.410771696363276,-3.9314640432098806,-3.964901256613759,-0.4793076531533953,-0.445870439749517,0.4793076531533953,0.445870439749517,True,0.6,CCCCC(C)CCC
LCHJNNXHVDDVAT,"2-bromo-3,5-dichloro-1-methoxybenzene",COc1cc(Cl)cc(Cl)c1Br,COc1cc(Cl)cc(Cl)c1Br,LCHJNNXHVDDVAT-UHFFFAOYSA-N,LCHJNNXHVDDVAT,LCHJNNXHVDDVAT,LCHJNNXHVDDVAT,LCHJNNXHVDDVAT,-1.9585971639928248,298.15,mol m^-3 Pa^-1,1 M ideal gas to 1 M ideal-dilute aqueous,negative is favorable hydration,11,255.926,1,1,SANDER-42142,1524,10.1007/S002160101077,True,False,True,False,False,False,False,False,False,False,False,False,False,False,False,False,False,False,False,False,False,True,True,,COc1cc(Cl)cc(Cl)c1Br,-1.9585971639928248,-2.857051432980597,-3.315426708553792,0.8984542689877721,1.3568295445609673,0.8984542689877721,1.3568295445609673,False,0.41379310344827586,COc1cc(Cl)c(Cl)c(Cl)c1Cl
LFVCJQWZGDLHSD,guaiacylacetone,COc1cc(CC(C)=O)ccc1O,COc1cc(CC(C)=O)ccc1O,LFVCJQWZGDLHSD-UHFFFAOYSA-N,LFVCJQWZGDLHSD,LFVCJQWZGDLHSD,LFVCJQWZGDLHSD,LFVCJQWZGDLHSD,-10.195632173518485,298.15,mol m^-3 Pa^-1,1 M ideal gas to 1 M ideal-dilute aqueous,negative is favorable hydration,13,180.203,1,1,SANDER-24520,3723,10.1021/ACS.EST.9B06443,True,False,True,False,False,False,False,False,False,False,False,False,False,False,False,False,False,False,False,False,False,True,True,,COc1cc(CC(C)=O)ccc1O,-10.195632173518485,-9.806191600529111,-9.746966159612002,-0.38944057298937373,-0.4486660139064824,0.38944057298937373,0.4486660139064824,False,0.5882352941176471,CCCc1ccc(O)c(OC)c1
LFYXNXGVLGKVCJ,2-methylisoborneol,CC1(C)C2CCC1(C)[C@](C)(O)C2,CC1(C)C2CCC1(C)[C@](C)(O)C2,LFYXNXGVLGKVCJ-BOBPJJCASA-N,LFYXNXGVLGKVCJ,LFYXNXGVLGKVCJ,LFYXNXGVLGKVCJ,LFYXNXGVLGKVCJ,-3.197329797674128,298.15,mol m^-3 Pa^-1,1 M ideal gas to 1 M ideal-dilute aqueous,negative is favorable hydration,12,168.28,1,1,SANDER-11677,3303,10.1021/ES0480264,True,False,True,False,False,False,False,False,False,False,False,False,False,False,False,False,False,False,False,False,False,True,True,,CC1(C)C2CCC1(C)[C@](C)(O)C2,-3.197329797674128,-4.581230742945322,-4.441248357583774,1.383900945271194,1.243918559909646,1.383900945271194,1.243918559909646,True,0.3548387096774194,CC1(C)C2CCC1(C)C(O)C2
LITCKAVLJAKHOE,"1,4,5,8-tetrachloronaphthalene",Clc1ccc(Cl)c2c(Cl)ccc(Cl)c12,Clc1ccc(Cl)c2c(Cl)ccc(Cl)c12,LITCKAVLJAKHOE-UHFFFAOYSA-N,LITCKAVLJAKHOE,LITCKAVLJAKHOE,LITCKAVLJAKHOE,LITCKAVLJAKHOE,-4.008617534330732,298.15,mol m^-3 Pa^-1,1 M ideal gas to 1 M ideal-dilute aqueous,negative is favorable hydration,14,265.95399999999995,1,1,SANDER-35238,3732,10.1016/J.ATMOSENV.2016.10.009,True,False,True,False,False,False,False,False,False,True,True,False,False,False,False,False,False,False,False,False,True,True,False,,Clc1ccc(Cl)c2c(Cl)ccc(Cl)c12,-4.008617534330732,-2.5450960207231037,-2.9620967372134026,-1.463521513607628,-1.0465207971173291,1.463521513607628,1.0465207971173291,True,0.5384615384615384,Clc1ccc(Cl)c(Cl)c1Cl
LNDQFOSWZJYEIC,PFBHA-butanone,CCC(C)=NOCc1c(F)c(F)c(F)c(F)c1F,CCC(C)=NOCc1c(F)c(F)c(F)c(F)c1F,LNDQFOSWZJYEIC-UHFFFAOYSA-N,LNDQFOSWZJYEIC,LNDQFOSWZJYEIC,LNDQFOSWZJYEIC,LNDQFOSWZJYEIC,-1.4547877990255242,298.15,mol m^-3 Pa^-1,1 M ideal gas to 1 M ideal-dilute aqueous,negative is favorable hydration,18,267.19699999999995,1,1,SANDER-32464,2497,10.1021/JE025545I,True,False,True,False,False,False,False,False,False,False,False,False,False,False,False,False,False,False,False,False,False,True,True,,CCC(C)=NOCc1c(F)c(F)c(F)c(F)c1F,-1.4547877990255242,-4.795486596119933,-3.4422882407407394,3.340698797094409,1.9875004417152151,3.340698797094409,1.9875004417152151,True,0.20689655172413793,CCC(C)=O
MEUKEBNAABNAEX,methyl hydroperoxide,COO,COO,MEUKEBNAABNAEX-UHFFFAOYSA-N,MEUKEBNAABNAEX,MEUKEBNAABNAEX,MEUKEBNAABNAEX,MEUKEBNAABNAEX,-5.281532589579175,298.15,mol m^-3 Pa^-1,1 M ideal gas to 1 M ideal-dilute aqueous,negative is favorable hydration,3,48.041,3,3,SANDER-12939;SANDER-12940;SANDER-12941;SANDER-12942;SANDER-12943,2913;516;311,10.1080/10020070412331344291;10.1021/JP951168N;10.1029/94JD01155,True,False,True,False,False,False,False,False,False,True,True,False,False,False,False,True,True,False,False,False,True,True,False,,COO,-5.281532589579175,-6.257955152116402,-5.355053913139329,0.9764225625372269,0.07352132356015417,0.9764225625372269,0.07352132356015417,True,0.42857142857142855,COC
MMHZKSMAFILONG,"1,2,5-trichloronaphthalene",Clc1ccc2c(Cl)cccc2c1Cl,Clc1ccc2c(Cl)cccc2c1Cl,MMHZKSMAFILONG-UHFFFAOYSA-N,MMHZKSMAFILONG,MMHZKSMAFILONG,MMHZKSMAFILONG,MMHZKSMAFILONG,-3.322844177027064,298.15,mol m^-3 Pa^-1,1 M ideal gas to 1 M ideal-dilute aqueous,negative is favorable hydration,13,231.509,1,1,SANDER-35216,3732,10.1016/J.ATMOSENV.2016.10.009,True,False,True,False,False,False,False,False,False,True,True,False,False,False,False,False,False,False,False,False,True,True,False,,Clc1ccc2c(Cl)cccc2c1Cl,-3.322844177027064,-2.693405048500883,-2.823798688271605,-0.6294391285261809,-0.49904548875545895,0.6294391285261809,0.49904548875545895,True,0.55,Clc1cccc(Cl)c1Cl
MSWVMWGCNZQPIA,1-fluoro-2-propanone,CC(=O)CF,CC(=O)CF,MSWVMWGCNZQPIA-UHFFFAOYSA-N,MSWVMWGCNZQPIA,MSWVMWGCNZQPIA,MSWVMWGCNZQPIA,MSWVMWGCNZQPIA,-4.170539722175125,298.15,mol m^-3 Pa^-1,1 M ideal gas to 1 M ideal-dilute aqueous,negative is favorable hydration,5,76.07,1,1,SANDER-32022,3526,10.1021/JE900711H,True,False,True,False,False,False,False,False,False,False,False,False,False,False,False,True,True,False,False,False,True,True,False,,CC(=O)CF,-4.170539722175125,-3.496951466049382,-3.5602748897707213,-0.6735882561257429,-0.6102648324044035,0.6735882561257429,0.6102648324044035,True,0.5,CC(=O)CC(C)=O
MUUDTVDSRYEMBU,"2,4-dibromo-5,6-dichloro-1-methoxybenzene",COc1c(Br)cc(Br)c(Cl)c1Cl,COc1c(Br)cc(Br)c(Cl)c1Cl,MUUDTVDSRYEMBU-UHFFFAOYSA-N,MUUDTVDSRYEMBU,MUUDTVDSRYEMBU,MUUDTVDSRYEMBU,MUUDTVDSRYEMBU,-1.890157516875148,298.15,mol m^-3 Pa^-1,1 M ideal gas to 1 M ideal-dilute aqueous,negative is favorable hydration,12,334.8219999999999,1,1,SANDER-42166,1524,10.1007/S002160101077,True,False,True,False,False,False,False,False,False,False,False,False,False,False,False,False,False,False,False,False,False,True,True,,COc1c(Br)cc(Br)c(Cl)c1Cl,-1.890157516875148,-2.9103360670193976,-3.149864858906524,1.0201785501442495,1.259707342031376,1.0201785501442495,1.259707342031376,False,0.3793103448275862,COc1c(Cl)cc(Cl)c(OC)c1O
NDZIBNJHNBUHKW,"1,2,3,4,5,6,7-heptachloronaphthalene",Clc1cc2c(Cl)c(Cl)c(Cl)c(Cl)c2c(Cl)c1Cl,Clc1cc2c(Cl)c(Cl)c(Cl)c(Cl)c2c(Cl)c1Cl,NDZIBNJHNBUHKW-UHFFFAOYSA-N,NDZIBNJHNBUHKW,NDZIBNJHNBUHKW,NDZIBNJHNBUHKW,NDZIBNJHNBUHKW,-5.389555367987976,298.15,mol m^-3 Pa^-1,1 M ideal gas to 1 M ideal-dilute aqueous,negative is favorable hydration,17,369.2889999999999,1,1,SANDER-35258,3732,10.1016/J.ATMOSENV.2016.10.009,True,False,True,False,False,False,False,False,False,True,True,False,False,False,False,False,False,False,False,False,True,True,False,,Clc1cc2c(Cl)c(Cl)c(Cl)c(Cl)c2c(Cl)c1Cl,-5.389555367987976,-3.3952560185185194,-3.3130866291887107,-1.9942993494694563,-2.076468738799265,1.9942993494694563,2.076468738799265,False,0.5555555555555556,Clc1cc(Cl)c(Cl)c(Cl)c1Cl
NEZWFWIACBUQMN,hydroxymethyl hydroperoxide,OCOO,OCOO,NEZWFWIACBUQMN-UHFFFAOYSA-N,NEZWFWIACBUQMN,NEZWFWIACBUQMN,NEZWFWIACBUQMN,NEZWFWIACBUQMN,-10.366079471748629,298.15,mol m^-3 Pa^-1,1 M ideal gas to 1 M ideal-dilute aqueous,negative is favorable hydration,4,64.04,3,3,SANDER-12973;SANDER-12974;SANDER-12975,516;799;800,10.1021/JP951168N;10.1029/93JD01022;10.1021/J100180A051,True,False,True,False,False,False,False,False,False,False,False,False,False,False,False,True,True,True,True,False,True,True,False,,OCOO,-10.366079471748629,-10.5805543761023,-9.798681183862444,0.214474904353672,-0.567398287886185,0.214474904353672,0.567398287886185,False,0.3,OCCO
NMRPBPVERJPACX,3-octanol,CCCCCC(O)CC,CCCCCC(O)CC,NMRPBPVERJPACX-UHFFFAOYSA-N,NMRPBPVERJPACX,NMRPBPVERJPACX,NMRPBPVERJPACX,NMRPBPVERJPACX,-3.37439710834729,298.15,mol m^-3 Pa^-1,1 M ideal gas to 1 M ideal-dilute aqueous,negative is favorable hydration,9,130.231,1,1,SANDER-10532,3719,10.1021/ACS.EST.1C07882,True,False,True,False,False,False,False,False,False,True,True,False,False,False,False,False,False,False,False,False,True,True,False,,CCCCCC(O)CC,-3.37439710834729,-3.8826374228395117,-3.8343570546737227,0.5082403144922218,0.4599599463264328,0.5082403144922218,0.4599599463264328,True,0.8333333333333334,CCCCC(O)CC
NMWKWBPNKPGATC,"4,5,6,7-tetrachlorophthalide",O=C1OCc2c(Cl)c(Cl)c(Cl)c(Cl)c21,O=C1OCc2c(Cl)c(Cl)c(Cl)c(Cl)c21,NMWKWBPNKPGATC-UHFFFAOYSA-N,NMWKWBPNKPGATC,NMWKWBPNKPGATC,NMWKWBPNKPGATC,NMWKWBPNKPGATC,-6.343123108603918,298.15,mol m^-3 Pa^-1,1 M ideal gas to 1 M ideal-dilute aqueous,negative is favorable hydration,14,271.914,1,1,SANDER-38245,2229,10.1016/0045-6535(89)90482-7,True,False,True,False,False,False,False,False,False,False,False,False,False,False,False,False,False,False,False,False,False,True,True,,O=C1OCc2c(Cl)c(Cl)c(Cl)c(Cl)c21,-6.343123108603918,-4.6495176917989385,-5.1643806547619056,-1.6936054168049797,-1.1787424538420126,1.6936054168049797,1.1787424538420126,True,0.3181818181818182,Clc1c(Cl)c(Cl)c(-c2c(Cl)c(Cl)c(Cl)c(Cl)c2Cl)c(Cl)c1Cl
NQFUSWIGRKFAHK,"2,7,7-trimethyl-3-oxatricyclo[4.1.1.0(2,4)]octane",CC1(C)C2CC3OC3(C)C1C2,CC1(C)C2CC3OC3(C)C1C2,NQFUSWIGRKFAHK-UHFFFAOYSA-N,NQFUSWIGRKFAHK,NQFUSWIGRKFAHK,NQFUSWIGRKFAHK,NQFUSWIGRKFAHK,-2.39561343672259,298.15,mol m^-3 Pa^-1,1 M ideal gas to 1 M ideal-dilute aqueous,negative is favorable hydration,11,152.237,1,1,SANDER-24137,2462,10.1021/JE980070+,True,False,True,False,False,False,False,False,False,False,False,False,False,False,False,False,False,True,True,False,True,True,False,,CC1(C)C2CC3OC3(C)C1C2,-2.39561343672259,-2.601514616402112,-3.3864717482363305,0.20590117967952182,0.9908583115137404,0.20590117967952182,0.9908583115137404,False,0.25,CC1CCC2CC1C2(C)C
NSKIRYMHNFTRLR,"2,2',4,4',6-pentabromodiphenyl ether",Brc1ccc(Oc2c(Br)cc(Br)cc2Br)c(Br)c1,Brc1ccc(Oc2c(Br)cc(Br)cc2Br)c(Br)c1,NSKIRYMHNFTRLR-UHFFFAOYSA-N,NSKIRYMHNFTRLR,NSKIRYMHNFTRLR,NSKIRYMHNFTRLR,NSKIRYMHNFTRLR,-5.389555367987976,298.15,mol m^-3 Pa^-1,1 M ideal gas to 1 M ideal-dilute aqueous,negative is favorable hydration,18,564.691,4,3,SANDER-41740;SANDER-41741;SANDER-41742;SANDER-41743;SANDER-41744,3683;2564;2468,10.1016/J.ECOENV.2017.07.024;10.1021/JE050308B;10.1016/J.ATMOSENV.2005.05.029,True,False,True,False,False,False,False,False,False,False,False,False,False,False,False,False,False,False,False,False,False,True,True,,Brc1ccc(Oc2c(Br)cc(Br)cc2Br)c(Br)c1,-5.389555367987976,-4.0779155423280455,-3.878342592592592,-1.3116398256599302,-1.511212775395384,1.3116398256599302,1.511212775395384,False,0.39285714285714285,Oc1ccc(Br)cc1Br
NTHGIYFSMNNHSC,3-methyl-1-butanol nitrate,CC(C)CCO[N+](=O)[O-],CC(C)CCO[N+](=O)[O-],NTHGIYFSMNNHSC-UHFFFAOYSA-N,NTHGIYFSMNNHSC,NTHGIYFSMNNHSC,NTHGIYFSMNNHSC,NTHGIYFSMNNHSC,-1.491448044485954,298.15,mol m^-3 Pa^-1,1 M ideal gas to 1 M ideal-dilute aqueous,negative is favorable hydration,9,133.147,1,1,SANDER-27515,1024,10.1016/S0045-6535(98)00159-3,True,False,True,False,False,False,False,False,False,False,False,False,False,False,False,False,False,False,False,False,False,True,True,,CC(C)CCO[N+](=O)[O-],-1.491448044485954,-1.8711256172839512,-1.8788940983245148,0.3796775727979973,0.3874460538385609,0.3796775727979973,0.3874460538385609,False,0.6538461538461539,C[C@@H](CCO[N+](=O)[O-])O[N+](=O)[O-]
NUGDFCWVLOJWOP,PFBHA-decanal,CCCCCCCCCC=NOCc1c(F)c(F)c(F)c(F)c1F,CCCCCCCCCC=NOCc1c(F)c(F)c(F)c(F)c1F,NUGDFCWVLOJWOP-UHFFFAOYSA-N,NUGDFCWVLOJWOP,NUGDFCWVLOJWOP,NUGDFCWVLOJWOP,NUGDFCWVLOJWOP,-2.420829367731348,298.15,mol m^-3 Pa^-1,1 M ideal gas to 1 M ideal-dilute aqueous,negative is favorable hydration,24,351.3589999999999,1,1,SANDER-32468,2497,10.1021/JE025545I,True,False,True,False,False,False,False,False,False,False,False,False,False,False,False,False,False,False,False,False,False,True,True,,CCCCCCCCCC=NOCc1c(F)c(F)c(F)c(F)c1F,-2.420829367731348,-4.846504078483243,-3.6535508928571416,2.4256747107518954,1.2327215251257937,2.4256747107518954,1.2327215251257937,True,0.3333333333333333,CCCCCC=CCCCCCCC
NULBEPOZYDYWOV,syringylacetone,COc1cc(CCC(C)=O)cc(OC)c1O,COc1cc(CCC(C)=O)cc(OC)c1O,NULBEPOZYDYWOV-UHFFFAOYSA-N,NULBEPOZYDYWOV,NULBEPOZYDYWOV,NULBEPOZYDYWOV,NULBEPOZYDYWOV,-12.924126199586958,298.15,mol m^-3 Pa^-1,1 M ideal gas to 1 M ideal-dilute aqueous,negative is favorable hydration,16,224.256,1,1,SANDER-24548,3723,10.1021/ACS.EST.9B06443,True,False,True,False,False,False,False,False,False,False,False,False,False,False,False,False,False,False,False,False,False,True,True,,COc1cc(CCC(C)=O)cc(OC)c1O,-12.924126199586958,-9.678581106701946,-11.14540015432099,-3.2455450928850116,-1.7787260452659677,3.2455450928850116,1.7787260452659677,True,0.4857142857142857,COc1cc(C(C)=O)cc(-c2cc(C(C)=O)cc(OC)c2O)c1O
NVVZEKTVIXIUKW,"1,1,1,2,2,3,3,4,4,5,5,6,6-tridecafluoro-8-iodooctane",FC(F)(F)C(F)(F)C(F)(F)C(F)(F)C(F)(F)C(F)(F)CCI,FC(F)(F)C(F)(F)C(F)(F)C(F)(F)C(F)(F)C(F)(F)CCI,NVVZEKTVIXIUKW-UHFFFAOYSA-N,NVVZEKTVIXIUKW,NVVZEKTVIXIUKW,NVVZEKTVIXIUKW,NVVZEKTVIXIUKW,-0.6933271819097218,298.15,mol m^-3 Pa^-1,1 M ideal gas to 1 M ideal-dilute aqueous,negative is favorable hydration,22,473.9979999999999,1,1,SANDER-42502,3939,10.1016/J.HAZL.2022.100070,True,False,True,False,False,False,False,False,False,False,False,False,False,False,False,False,False,True,True,False,True,True,False,,FC(F)(F)C(F)(F)C(F)(F)C(F)(F)C(F)(F)C(F)(F)CCI,-0.6933271819097218,1.1634422993827167,2.4336401033950623,-1.8567694812924385,-3.126967285304784,1.8567694812924385,3.126967285304784,False,0.18181818181818182,FCC(F)(F)F
NWOYYECMNBWCNK,2-bromo-6-chloro-1-methoxybenzene,COc1c(Cl)cccc1Br,COc1c(Cl)cccc1Br,NWOYYECMNBWCNK-UHFFFAOYSA-N,NWOYYECMNBWCNK,NWOYYECMNBWCNK,NWOYYECMNBWCNK,NWOYYECMNBWCNK,-2.1014820530988474,298.15,mol m^-3 Pa^-1,1 M ideal gas to 1 M ideal-dilute aqueous,negative is favorable hydration,10,221.481,1,1,SANDER-42140,1524,10.1007/S002160101077,True,False,True,False,False,False,False,False,False,False,False,False,False,False,False,False,False,False,False,False,False,True,True,,COc1c(Cl)cccc1Br,-2.1014820530988474,-3.021353428130509,-3.1085129298941774,0.9198713750316614,1.00703087679533,0.9198713750316614,1.00703087679533,False,0.3939393939393939,COc1c(Cl)ccc(Cl)c1C(=O)O
OAWAZQITIZDJRB,chlorodifluoroethanoic acid,O=C(O)C(F)(F)Cl,O=C(O)C(F)(F)Cl,OAWAZQITIZDJRB-UHFFFAOYSA-N,OAWAZQITIZDJRB,OAWAZQITIZDJRB,OAWAZQITIZDJRB,OAWAZQITIZDJRB,-7.877817419868301,298.15,mol m^-3 Pa^-1,1 M ideal gas to 1 M ideal-dilute aqueous,negative is favorable hydration,7,130.47700000000003,1,1,SANDER-40509,896,10.1023/A:1005899813756,True,False,True,False,False,False,False,False,False,False,False,False,False,False,False,False,False,False,False,False,False,True,True,,O=C(O)C(F)(F)Cl,-7.877817419868301,-6.4062375,-5.573891512345678,-1.4715799198683017,-2.3039259075226237,1.4715799198683017,2.3039259075226237,False,0.38461538461538464,FC(F)(F)Cl
OAYSFAKCFYRCRU,"4-bromo-2,6-dichloro-1-methoxybenzene",COc1c(Cl)cc(Br)cc1Cl,COc1c(Cl)cc(Br)cc1Cl,OAYSFAKCFYRCRU-UHFFFAOYSA-N,OAYSFAKCFYRCRU,OAYSFAKCFYRCRU,OAYSFAKCFYRCRU,OAYSFAKCFYRCRU,-2.010150095313052,298.15,mol m^-3 Pa^-1,1 M ideal gas to 1 M ideal-dilute aqueous,negative is favorable hydration,11,255.926,2,2,SANDER-42146;SANDER-42147,3118;1524,10.1016/J.CHROMA.2004.12.027;10.1007/S002160101077,True,False,True,False,False,False,False,False,False,False,False,False,False,False,False,False,False,False,False,False,False,True,True,,COc1c(Cl)cc(Br)cc1Cl,-2.010150095313052,-3.0079475308641954,-2.942433377425042,0.9977974355511434,0.9322832821119902,0.9977974355511434,0.9322832821119902,True,0.52,COc1c(Cl)cc(Cl)c(OC)c1O
OEBRKCOSUFCWJD,"dimethyl-2,2-dichlorovinyl phosphate",COP(=O)(OC)OC=C(Cl)Cl,COP(=O)(OC)OC=C(Cl)Cl,OEBRKCOSUFCWJD-UHFFFAOYSA-N,OEBRKCOSUFCWJD,OEBRKCOSUFCWJD,OEBRKCOSUFCWJD,OEBRKCOSUFCWJD,-4.971375885474463,298.15,mol m^-3 Pa^-1,1 M ideal gas to 1 M ideal-dilute aqueous,negative is favorable hydration,11,220.976,2,2,SANDER-44590;SANDER-44591,2438;2229,10.1016/S1352-2310(03)00155-9;10.1016/0045-6535(89)90482-7,True,False,True,False,False,False,False,True,True,False,False,False,False,False,False,False,False,True,True,False,True,True,False,,COP(=O)(OC)OC=C(Cl)Cl,-4.971375885474463,-7.363734347442681,-7.890773225308645,2.392358461968218,2.919397339834182,2.392358461968218,2.919397339834182,False,0.42857142857142855,COP(=O)(OC)OC
OEYKUHBCPJRXGZ,"2-bromo-4,6-dichloro-1-methoxybenzene",COc1c(Cl)cc(Cl)cc1Br,COc1c(Cl)cc(Cl)cc1Br,OEYKUHBCPJRXGZ-UHFFFAOYSA-N,OEYKUHBCPJRXGZ,OEYKUHBCPJRXGZ,OEYKUHBCPJRXGZ,OEYKUHBCPJRXGZ,-1.8973491088834296,298.15,mol m^-3 Pa^-1,1 M ideal gas to 1 M ideal-dilute aqueous,negative is favorable hydration,11,255.926,2,2,SANDER-42143;SANDER-42144,3118;1524,10.1016/J.CHROMA.2004.12.027;10.1007/S002160101077,True,False,True,False,False,False,False,False,False,False,False,False,False,False,False,False,False,False,False,False,False,True,True,,COc1c(Cl)cc(Cl)cc1Br,-1.8973491088834296,-2.999716820987653,-2.8278223434744247,1.1023677121042232,0.9304732345909952,1.1023677121042232,0.9304732345909952,True,0.4642857142857143,COc1c(Cl)cc(Cl)c(OC)c1O
OIHHRLYOSUNYTC,"3-bromo-2,4,6-trichloro-1-methoxybenzene",COc1c(Cl)cc(Cl)c(Br)c1Cl,COc1c(Cl)cc(Cl)c(Br)c1Cl,OIHHRLYOSUNYTC-UHFFFAOYSA-N,OIHHRLYOSUNYTC,OIHHRLYOSUNYTC,OIHHRLYOSUNYTC,OIHHRLYOSUNYTC,-1.9021273169042503,298.15,mol m^-3 Pa^-1,1 M ideal gas to 1 M ideal-dilute aqueous,negative is favorable hydration,12,290.371,1,1,SANDER-42155,1524,10.1007/S002160101077,True,False,True,False,False,False,False,False,False,False,False,False,False,False,False,False,False,False,False,False,False,True,True,,COc1c(Cl)cc(Cl)c(Br)c1Cl,-1.9021273169042503,-2.8323402777777744,-3.061423765432096,0.9302129608735241,1.1592964485278456,0.9302129608735241,1.1592964485278456,False,0.5185185185185185,COc1c(Cl)cc(Cl)c(OC)c1O
OJYLAHXKWMRDGS,zingerone,COc1cc(CCC(C)=O)ccc1O,COc1cc(CCC(C)=O)ccc1O,OJYLAHXKWMRDGS-UHFFFAOYSA-N,OJYLAHXKWMRDGS,OJYLAHXKWMRDGS,OJYLAHXKWMRDGS,OJYLAHXKWMRDGS,-10.195632173518485,298.15,mol m^-3 Pa^-1,1 M ideal gas to 1 M ideal-dilute aqueous,negative is favorable hydration,14,194.23,1,1,SANDER-24533,3723,10.1021/ACS.EST.9B06443,True,False,True,False,False,False,False,True,True,False,False,False,False,False,False,False,False,False,False,False,True,True,False,,COc1cc(CCC(C)=O)ccc1O,-10.195632173518485,-9.62552539682541,-10.387554916225755,-0.5701067766930752,0.19192274270726983,0.5701067766930752,0.19192274270726983,True,0.6470588235294118,CCCc1ccc(O)c(OC)c1
OMDFJTSKBNDDRM,1-nitrooxy-2-propanol,CC(O)CO[N+](=O)[O-],CC(O)CO[N+](=O)[O-],OMDFJTSKBNDDRM-UHFFFAOYSA-N,OMDFJTSKBNDDRM,OMDFJTSKBNDDRM,OMDFJTSKBNDDRM,OMDFJTSKBNDDRM,-7.41558521612978,298.15,mol m^-3 Pa^-1,1 M ideal gas to 1 M ideal-dilute aqueous,negative is favorable hydration,8,121.09199999999998,1,1,SANDER-27565;SANDER-27566;SANDER-27567,548,10.1021/ES960538Y,True,False,True,False,False,False,False,False,False,False,False,False,False,False,False,True,True,False,False,False,True,True,False,,CC(O)CO[N+](=O)[O-],-7.41558521612978,-7.975446274250445,-7.73470825617284,0.5598610581206653,0.3191230400430598,0.5598610581206653,0.3191230400430598,True,0.6521739130434783,CC(C)CO[N+](=O)[O-]
ONUFSRWQCKNVSL,decafluorobiphenyl,Fc1c(F)c(F)c(-c2c(F)c(F)c(F)c(F)c2F)c(F)c1F,Fc1c(F)c(F)c(-c2c(F)c(F)c(F)c(F)c2F)c(F)c1F,ONUFSRWQCKNVSL-UHFFFAOYSA-N,ONUFSRWQCKNVSL,ONUFSRWQCKNVSL,ONUFSRWQCKNVSL,ONUFSRWQCKNVSL,-1.6648503859974622,298.15,mol m^-3 Pa^-1,1 M ideal gas to 1 M ideal-dilute aqueous,negative is favorable hydration,22,334.1119999999999,1,1,SANDER-31921,2891,10.1021/JE3010535,True,False,True,False,False,False,False,False,False,True,True,False,False,False,False,False,False,False,False,False,True,True,False,,Fc1c(F)c(F)c(-c2c(F)c(F)c(F)c(F)c2F)c(F)c1F,-1.6648503859974622,-2.718561695326278,-1.2321049382716056,1.053711309328816,-0.43274544772585655,1.053711309328816,0.43274544772585655,True,0.625,Fc1c(F)c(F)c(F)c(F)c1F
OTFNCXLUCRUNCH,"1,2,4-trichloro-3-methoxybenzene",COc1c(Cl)ccc(Cl)c1Cl,COc1c(Cl)ccc(Cl)c1Cl,OTFNCXLUCRUNCH-UHFFFAOYSA-N,OTFNCXLUCRUNCH,OTFNCXLUCRUNCH,OTFNCXLUCRUNCH,OTFNCXLUCRUNCH,-1.9243773404339863,298.15,mol m^-3 Pa^-1,1 M ideal gas to 1 M ideal-dilute aqueous,negative is favorable hydration,11,211.475,2,2,SANDER-38170;SANDER-38171,3118;1524,10.1016/J.CHROMA.2004.12.027;10.1007/S002160101077,True,False,True,False,False,False,False,False,False,True,True,False,False,False,False,False,False,False,False,False,True,True,False,,COc1c(Cl)ccc(Cl)c1Cl,-1.9243773404339863,-2.8472758818342103,-2.7893878858024657,0.922898541400224,0.8650105453684793,0.922898541400224,0.8650105453684793,True,0.5,COc1c(Cl)ccc(Cl)c1C(=O)O
OTQFXRBLGNEOGH,"1,3,6,8-tetrachlorodibenzo-$p$-dioxin",Clc1cc(Cl)c2c(c1)Oc1c(Cl)cc(Cl)cc1O2,Clc1cc(Cl)c2c(c1)Oc1c(Cl)cc(Cl)cc1O2,OTQFXRBLGNEOGH-UHFFFAOYSA-N,OTQFXRBLGNEOGH,OTQFXRBLGNEOGH,OTQFXRBLGNEOGH,OTQFXRBLGNEOGH,-3.4657290661330857,298.15,mol m^-3 Pa^-1,1 M ideal gas to 1 M ideal-dilute aqueous,negative is favorable hydration,18,321.97399999999993,1,1,SANDER-38984,2537,10.1016/0045-6535(85)90169-9,True,False,True,False,False,False,False,False,False,False,False,False,False,False,False,False,False,False,False,False,False,True,True,,Clc1cc(Cl)c2c(c1)Oc1c(Cl)cc(Cl)cc1O2,-3.4657290661330857,-3.711164351851851,-3.522629938271605,0.24543528571876516,0.056900872138519354,0.24543528571876516,0.056900872138519354,True,0.45161290322580644,Clc1ccc2c(c1)Oc1cc(Cl)c(Cl)c(Cl)c1O2
OTTCXKPQKOLSJN,"1,3,5,7-tetrachloronaphthalene",Clc1cc(Cl)c2cc(Cl)cc(Cl)c2c1,Clc1cc(Cl)c2cc(Cl)cc(Cl)c2c1,OTTCXKPQKOLSJN-UHFFFAOYSA-N,OTTCXKPQKOLSJN,OTTCXKPQKOLSJN,OTTCXKPQKOLSJN,OTTCXKPQKOLSJN,-2.92284059793544,298.15,mol m^-3 Pa^-1,1 M ideal gas to 1 M ideal-dilute aqueous,negative is favorable hydration,14,265.95399999999995,1,1,SANDER-35235,3732,10.1016/J.ATMOSENV.2016.10.009,True,False,True,False,False,False,False,False,False,True,True,False,False,False,False,False,False,False,False,False,True,True,False,,Clc1cc(Cl)c2cc(Cl)cc(Cl)c2c1,-2.92284059793544,-2.441654629629629,-2.4226504519400343,-0.48118596830581106,-0.5001901459954059,0.48118596830581106,0.5001901459954059,False,0.6,Clc1cc(Cl)c(-c2c(Cl)cc(Cl)cc2Cl)c(Cl)c1
OWIKHYCFFJSOEH,isocyanic acid,N=C=O,N=C=O,OWIKHYCFFJSOEH-UHFFFAOYSA-N,OWIKHYCFFJSOEH,OWIKHYCFFJSOEH,OWIKHYCFFJSOEH,OWIKHYCFFJSOEH,-3.705961040321237,298.15,mol m^-3 Pa^-1,1 M ideal gas to 1 M ideal-dilute aqueous,negative is favorable hydration,3,43.025,3,3,SANDER-30537;SANDER-30538;SANDER-30539,3525;3411;2805,10.5194/ACP-19-4419-2019;10.5194/ACP-16-703-2016;10.1073/PNAS.1103352108,True,False,True,False,False,False,False,False,True,False,False,False,False,False,False,True,True,False,False,False,True,True,False,,N=C=O,-3.705961040321237,-6.163216194885361,-3.6311080639329787,2.4572551545641246,-0.07485297638825816,2.4572551545641246,0.07485297638825816,True,0.42857142857142855,O=C=O
PGCDNPCENWGYMA,"1,2,3,4,5,8-hexachloronaphthalene",Clc1c(Cl)c(Cl)c2c(Cl)ccc(Cl)c2c1Cl,Clc1c(Cl)c(Cl)c2c(Cl)ccc(Cl)c2c1Cl,PGCDNPCENWGYMA-UHFFFAOYSA-N,PGCDNPCENWGYMA,PGCDNPCENWGYMA,PGCDNPCENWGYMA,PGCDNPCENWGYMA,-4.5876242996777865,298.15,mol m^-3 Pa^-1,1 M ideal gas to 1 M ideal-dilute aqueous,negative is favorable hydration,16,334.84399999999994,1,1,SANDER-35251,3732,10.1016/J.ATMOSENV.2016.10.009,True,False,True,False,False,False,False,False,False,True,True,False,False,False,False,False,False,False,False,False,True,True,False,,Clc1c(Cl)c(Cl)c2c(Cl)ccc(Cl)c2c1Cl,-4.5876242996777865,-3.074687698412699,-3.3027937940917105,-1.5129366012650873,-1.284830505586076,1.5129366012650873,1.284830505586076,True,0.5333333333333333,Clc1ccc(Cl)c(Cl)c1Cl
PLDWAJLZAAHOGG,1-bromo-3-methoxybenzene,COc1cccc(Br)c1,COc1cccc(Br)c1,PLDWAJLZAAHOGG-UHFFFAOYSA-N,PLDWAJLZAAHOGG,PLDWAJLZAAHOGG,PLDWAJLZAAHOGG,PLDWAJLZAAHOGG,-1.7074936013035569,298.15,mol m^-3 Pa^-1,1 M ideal gas to 1 M ideal-dilute aqueous,negative is favorable hydration,9,187.036,1,1,SANDER-41491,1524,10.1007/S002160101077,True,False,True,False,False,False,False,False,False,True,True,False,False,False,False,False,False,False,False,False,True,True,False,,COc1cccc(Br)c1,-1.7074936013035569,-2.7606798170193976,-3.278818231922399,1.0531862157158407,1.571324630618842,1.0531862157158407,1.571324630618842,False,0.5384615384615384,COc1cccc(O)c1
PNLDDSLZYVNPQW,"6-bromo-2,3-dichloro-1-methoxybenzene",COc1c(Br)ccc(Cl)c1Cl,COc1c(Br)ccc(Cl)c1Cl,PNLDDSLZYVNPQW-UHFFFAOYSA-N,PNLDDSLZYVNPQW,PNLDDSLZYVNPQW,PNLDDSLZYVNPQW,PNLDDSLZYVNPQW,-1.9585971639928248,298.15,mol m^-3 Pa^-1,1 M ideal gas to 1 M ideal-dilute aqueous,negative is favorable hydration,11,255.926,1,1,SANDER-42152,1524,10.1007/S002160101077,True,False,True,False,False,False,False,False,False,False,False,False,False,False,False,False,False,False,False,False,False,True,True,,COc1c(Br)ccc(Cl)c1Cl,-1.9585971639928248,-3.0100305114638424,-3.0972735449735436,1.0514333474710176,1.1386763809807188,1.0514333474710176,1.1386763809807188,False,0.3939393939393939,COc1c(Cl)ccc(Cl)c1C(=O)O
PNQBEPDZQUOCNY,trifluoroacetylchloride,O=C(Cl)C(F)(F)F,O=C(Cl)C(F)(F)F,PNQBEPDZQUOCNY-UHFFFAOYSA-N,PNQBEPDZQUOCNY,PNQBEPDZQUOCNY,PNQBEPDZQUOCNY,PNQBEPDZQUOCNY,-2.3128065893225465,298.15,mol m^-3 Pa^-1,1 M ideal gas to 1 M ideal-dilute aqueous,negative is favorable hydration,7,132.46800000000002,1,1,SANDER-40517;SANDER-40518;SANDER-40519,671,10.1007/978-3-642-61445-3_6,True,False,True,False,False,False,False,False,False,False,False,False,False,False,False,False,False,False,False,False,False,True,True,,O=C(Cl)C(F)(F)F,-2.3128065893225465,-2.010167912257495,-0.3698551058201058,-0.30263867706505154,-1.9429514835024406,0.30263867706505154,1.9429514835024406,False,0.4117647058823529,O=C(CC(=O)C(F)(F)F)C(F)(F)F
POIARNZEYGURDG,($E$)-$\beta$-damascenone,C/C=C/C(=O)C1=C(C)C=CCC1(C)C,C/C=C/C(=O)C1=C(C)C=CCC1(C)C,POIARNZEYGURDG-FNORWQNLSA-N,POIARNZEYGURDG,POIARNZEYGURDG,POIARNZEYGURDG,POIARNZEYGURDG,-3.95552367899573,298.15,mol m^-3 Pa^-1,1 M ideal gas to 1 M ideal-dilute aqueous,negative is favorable hydration,14,190.286,1,1,SANDER-16142,3215,10.1016/J.IJMS.2015.07.015,True,False,True,False,False,False,False,False,False,False,False,False,False,False,False,False,True,False,False,False,True,True,False,,C/C=C/C(=O)C1=C(C)C=CCC1(C)C,-3.95552367899573,-4.765735879629631,-4.290542372134039,0.8102122006339005,0.33501869313830923,0.8102122006339005,0.33501869313830923,True,0.21951219512195122,CC1=CC(=O)CC(C)(C)C1
PPXUHEORWJQRHJ,ethyl 3-methylbutanoate,CCOC(=O)CC(C)C,CCOC(=O)CC(C)C,PPXUHEORWJQRHJ-UHFFFAOYSA-N,PPXUHEORWJQRHJ,PPXUHEORWJQRHJ,PPXUHEORWJQRHJ,PPXUHEORWJQRHJ,-1.9585971639928248,298.15,mol m^-3 Pa^-1,1 M ideal gas to 1 M ideal-dilute aqueous,negative is favorable hydration,9,130.18699999999998,1,1,SANDER-21112,3215,10.1016/J.IJMS.2015.07.015,True,False,True,False,False,False,False,False,False,True,True,False,False,False,False,False,False,False,False,False,True,True,False,,CCOC(=O)CC(C)C,-1.9585971639928248,-2.3842212191357977,-2.379464351851846,0.42562405514297286,0.4208671878590211,0.42562405514297286,0.4208671878590211,True,0.5454545454545454,CCOC(=O)CCC(=O)OCC
PSINWXIDJYEXLO,"2,3-diethyl-5-methylpyrazine",CCc1ncc(C)nc1CC,CCc1ncc(C)nc1CC,PSINWXIDJYEXLO-UHFFFAOYSA-N,PSINWXIDJYEXLO,PSINWXIDJYEXLO,PSINWXIDJYEXLO,PSINWXIDJYEXLO,-4.5057723033300405,298.15,mol m^-3 Pa^-1,1 M ideal gas to 1 M ideal-dilute aqueous,negative is favorable hydration,11,150.225,1,1,SANDER-26138,2389,10.1021/JF9702508,True,False,True,False,False,False,False,True,True,True,True,False,False,False,False,False,False,False,False,False,True,True,False,,CCc1ncc(C)nc1CC,-4.5057723033300405,-5.499756095679007,-5.33995947971781,0.993983792348966,0.8341871763877693,0.993983792348966,0.8341871763877693,True,0.32,Cc1cccc(C)n1
PVFOMCVHYWHZJE,trichloroacetylchloride,O=C(Cl)C(Cl)(Cl)Cl,O=C(Cl)C(Cl)(Cl)Cl,PVFOMCVHYWHZJE-UHFFFAOYSA-N,PVFOMCVHYWHZJE,PVFOMCVHYWHZJE,PVFOMCVHYWHZJE,PVFOMCVHYWHZJE,-2.3128065893225465,298.15,mol m^-3 Pa^-1,1 M ideal gas to 1 M ideal-dilute aqueous,negative is favorable hydration,7,181.833,2,2,SANDER-37801;SANDER-37802;SANDER-37803,671;1126,10.1007/978-3-642-61445-3_6;10.1029/93JD02915,True,False,True,False,False,False,False,False,False,True,True,False,False,False,False,True,True,False,False,False,True,True,False,,O=C(Cl)C(Cl)(Cl)Cl,-2.3128065893225465,-3.105064737654318,-1.6980793077601406,0.7922581483317717,-0.6147272815624059,0.7922581483317717,0.6147272815624059,True,0.2727272727272727,ClC(Cl)(Cl)Cl
QGRPVMLBTFGQDQ,1-chloro-2-methoxybenzene,COc1ccccc1Cl,COc1ccccc1Cl,QGRPVMLBTFGQDQ-UHFFFAOYSA-N,QGRPVMLBTFGQDQ,QGRPVMLBTFGQDQ,QGRPVMLBTFGQDQ,QGRPVMLBTFGQDQ,-3.266374329938489,298.15,mol m^-3 Pa^-1,1 M ideal gas to 1 M ideal-dilute aqueous,negative is favorable hydration,9,142.58499999999998,1,1,SANDER-38153,1524,10.1007/S002160101077,True,False,True,False,False,False,False,False,False,True,True,False,False,False,False,True,True,False,False,False,True,True,False,,COc1ccccc1Cl,-3.266374329938489,-2.670738304673718,-2.781809270282185,-0.595636025264771,-0.4845650596563038,0.595636025264771,0.4845650596563038,True,0.631578947368421,COc1ccccc1OC
QHTQREMOGMZHJV,S-(4-chlorobenzyl) diethylthiocarbamate,CCN(CC)C(=O)SCc1ccc(Cl)cc1,CCN(CC)C(=O)SCc1ccc(Cl)cc1,QHTQREMOGMZHJV-UHFFFAOYSA-N,QHTQREMOGMZHJV,QHTQREMOGMZHJV,QHTQREMOGMZHJV,QHTQREMOGMZHJV,-5.973688203519483,298.15,mol m^-3 Pa^-1,1 M ideal gas to 1 M ideal-dilute aqueous,negative is favorable hydration,16,257.786,2,2,SANDER-44328;SANDER-44329,2538;2229,10.1584/JPESTICS.18.3_201;10.1016/0045-6535(89)90482-7,True,False,True,False,False,False,False,False,False,False,False,False,False,False,False,False,False,False,False,False,False,True,True,,CCN(CC)C(=O)SCc1ccc(Cl)cc1,-5.973688203519483,-8.300207716049389,-8.523213315696657,2.326519512529906,2.5495251121771734,2.326519512529906,2.5495251121771734,False,0.35,CCCCN(CC)C(=O)SCCC
QJPJQTDYNZXKQF,1-bromo-4-methoxybenzene,COc1ccc(Br)cc1,COc1ccc(Br)cc1,QJPJQTDYNZXKQF-UHFFFAOYSA-N,QJPJQTDYNZXKQF,QJPJQTDYNZXKQF,QJPJQTDYNZXKQF,QJPJQTDYNZXKQF,-1.9585971639928248,298.15,mol m^-3 Pa^-1,1 M ideal gas to 1 M ideal-dilute aqueous,negative is favorable hydration,9,187.036,1,1,SANDER-41492,1524,10.1007/S002160101077,True,False,True,False,False,False,False,False,False,True,True,False,False,False,False,False,False,False,False,False,True,True,False,,COc1ccc(Br)cc1,-1.9585971639928248,-2.8939151565255705,-3.3068829034391545,0.9353179925327457,1.3482857394463297,0.9353179925327457,1.3482857394463297,False,0.5238095238095238,COc1ccc(N)cc1
QKMNFFSBZRGHDJ,"1,4-dichloro-2-methoxybenzene",COc1cc(Cl)ccc1Cl,COc1cc(Cl)ccc1Cl,QKMNFFSBZRGHDJ-UHFFFAOYSA-N,QKMNFFSBZRGHDJ,QKMNFFSBZRGHDJ,QKMNFFSBZRGHDJ,QKMNFFSBZRGHDJ,-2.3417140272869985,298.15,mol m^-3 Pa^-1,1 M ideal gas to 1 M ideal-dilute aqueous,negative is favorable hydration,10,177.02999999999997,1,1,SANDER-38160,1524,10.1007/S002160101077,True,False,True,False,False,False,False,False,False,True,True,False,False,False,False,True,True,False,False,False,True,True,False,,COc1cc(Cl)ccc1Cl,-2.3417140272869985,-2.763808641975306,-2.997448809523808,0.42209461468830733,0.6557347822368094,0.42209461468830733,0.6557347822368094,False,0.4782608695652174,Clc1ccc(Cl)c(Cl)c1
QNPFFCQTVXPCLD,PFBHA-crotonaldehyde,CC=CC=NOCc1c(F)c(F)c(F)c(F)c1F,CC=CC=NOCc1c(F)c(F)c(F)c(F)c1F,QNPFFCQTVXPCLD-UHFFFAOYSA-N,QNPFFCQTVXPCLD,QNPFFCQTVXPCLD,QNPFFCQTVXPCLD,QNPFFCQTVXPCLD,-1.6736281013538763,298.15,mol m^-3 Pa^-1,1 M ideal gas to 1 M ideal-dilute aqueous,negative is favorable hydration,18,265.1809999999999,1,1,SANDER-32471,2497,10.1021/JE025545I,True,False,True,False,False,False,False,False,False,False,False,False,False,False,False,False,False,False,False,False,False,True,True,,CC=CC=NOCc1c(F)c(F)c(F)c(F)c1F,-1.6736281013538763,-4.547215509259259,-3.6758518364197514,2.873587407905383,2.002223735065875,2.873587407905383,2.002223735065875,True,0.2222222222222222,CC=CC=CC
QTGGFXPTAQEODO,MCM:ISOPBOOH,C=CC(C)(CO)OO,C=CC(C)(CO)OO,QTGGFXPTAQEODO-UHFFFAOYSA-N,QTGGFXPTAQEODO,QTGGFXPTAQEODO,QTGGFXPTAQEODO,QTGGFXPTAQEODO,-8.831385160484244,298.15,mol m^-3 Pa^-1,1 M ideal gas to 1 M ideal-dilute aqueous,negative is favorable hydration,8,118.132,1,1,SANDER-13510,3578,,True,False,True,False,False,False,False,False,False,False,False,False,False,False,False,False,False,False,False,False,False,True,True,,C=CC(C)(CO)OO,-8.831385160484244,-11.332585714285718,-9.261780059523813,2.5012005538014748,0.4303948990395696,2.5012005538014748,0.4303948990395696,True,0.4,C=CC(C)(C)C
QUGUFLJIAFISSW,"1,4-difluorobenzene",Fc1ccc(F)cc1,Fc1ccc(F)cc1,QUGUFLJIAFISSW-UHFFFAOYSA-N,QUGUFLJIAFISSW,QUGUFLJIAFISSW,QUGUFLJIAFISSW,QUGUFLJIAFISSW,-0.8163503805089578,298.15,mol m^-3 Pa^-1,1 M ideal gas to 1 M ideal-dilute aqueous,negative is favorable hydration,8,114.094,1,1,SANDER-31881,2891,10.1021/JE3010535,True,False,True,False,False,False,False,True,True,True,True,False,False,False,False,True,True,False,False,False,True,True,False,,Fc1ccc(F)cc1,-0.8163503805089578,-0.5315711419753092,-0.537556984126984,-0.2847792385336486,-0.27879339638197376,0.2847792385336486,0.27879339638197376,True,0.6153846153846154,Oc1ccc(F)cc1
QUKRIOLKOHUUBM,"3,3,4,4,5,5,6,6,7,7,8,8,9,9,10,10,10-heptadecafluorodecyl acrylate",C=CC(=O)OCCC(F)(F)C(F)(F)C(F)(F)C(F)(F)C(F)(F)C(F)(F)C(F)(F)C(F)(F)F,C=CC(=O)OCCC(F)(F)C(F)(F)C(F)(F)C(F)(F)C(F)(F)C(F)(F)C(F)(F)C(F)(F)F,QUKRIOLKOHUUBM-UHFFFAOYSA-N,QUKRIOLKOHUUBM,QUKRIOLKOHUUBM,QUKRIOLKOHUUBM,QUKRIOLKOHUUBM,-0.6933271819097218,298.15,mol m^-3 Pa^-1,1 M ideal gas to 1 M ideal-dilute aqueous,negative is favorable hydration,32,518.1629999999999,1,1,SANDER-32253,3939,10.1016/J.HAZL.2022.100070,True,False,True,False,False,False,False,False,False,False,False,False,False,False,False,False,False,False,False,False,False,True,True,,C=CC(=O)OCCC(F)(F)C(F)(F)C(F)(F)C(F)(F)C(F)(F)C(F)(F)C(F)(F)C(F)(F)F,-0.6933271819097218,-3.759964969135804,-1.996527965167548,3.0666377872260826,1.3032007832578263,3.0666377872260826,1.3032007832578263,True,0.2127659574468085,C=C[C@@](C)(CCC=C(C)C)OC(C)=O
QYEGXUUXWMKHHS,"1,2,3,4,5,6,8-heptachloronaphthalene",Clc1cc(Cl)c2c(Cl)c(Cl)c(Cl)c(Cl)c2c1Cl,Clc1cc(Cl)c2c(Cl)c(Cl)c(Cl)c(Cl)c2c1Cl,QYEGXUUXWMKHHS-UHFFFAOYSA-N,QYEGXUUXWMKHHS,QYEGXUUXWMKHHS,QYEGXUUXWMKHHS,QYEGXUUXWMKHHS,-5.149323393799825,298.15,mol m^-3 Pa^-1,1 M ideal gas to 1 M ideal-dilute aqueous,negative is favorable hydration,17,369.2889999999999,1,1,SANDER-35259,3732,10.1016/J.ATMOSENV.2016.10.009,True,False,True,False,False,False,False,False,False,True,True,False,False,False,False,False,False,False,False,False,True,True,False,,Clc1cc(Cl)c2c(Cl)c(Cl)c(Cl)c(Cl)c2c1Cl,-5.149323393799825,-3.4230998015873007,-3.259934722222221,-1.726223592212524,-1.8893886715776036,1.726223592212524,1.8893886715776036,False,0.5882352941176471,Clc1cc(Cl)c(Cl)c(Cl)c1Cl
RFFOTVCVTJUTAD,1-methyl-4-(1-methylethyl)-7-oxabicyclo[2.2.1]heptane,CC(C)C12CCC(C)(CC1)O2,CC(C)C12CCC(C)(CC1)O2,RFFOTVCVTJUTAD-UHFFFAOYSA-N,RFFOTVCVTJUTAD,RFFOTVCVTJUTAD,RFFOTVCVTJUTAD,RFFOTVCVTJUTAD,-2.7084854415504074,298.15,mol m^-3 Pa^-1,1 M ideal gas to 1 M ideal-dilute aqueous,negative is favorable hydration,11,154.253,1,1,SANDER-24127,2955,10.1021/JE700418A,True,False,True,False,False,False,False,True,True,False,False,False,False,False,False,False,False,False,False,False,True,True,False,,CC(C)C12CCC(C)(CC1)O2,-2.7084854415504074,-2.9058834104938214,-2.7342784722222215,0.197397968943414,0.025793030671814154,0.197397968943414,0.025793030671814154,True,0.21875,CC1CCC2(C(C)C)CC12
RFUGYJHXLQAXOX,"2,6-dibromo-3,4,5-trichloro-1-methoxybenzene",COc1c(Br)c(Cl)c(Cl)c(Cl)c1Br,COc1c(Br)c(Cl)c(Cl)c(Cl)c1Br,RFUGYJHXLQAXOX-UHFFFAOYSA-N,RFUGYJHXLQAXOX,RFUGYJHXLQAXOX,RFUGYJHXLQAXOX,RFUGYJHXLQAXOX,-1.8127670246641712,298.15,mol m^-3 Pa^-1,1 M ideal gas to 1 M ideal-dilute aqueous,negative is favorable hydration,13,369.267,1,1,SANDER-42168,1524,10.1007/S002160101077,True,False,True,False,False,False,False,False,False,False,False,False,False,False,False,False,False,False,False,False,False,True,True,,COc1c(Br)c(Cl)c(Cl)c(Cl)c1Br,-1.8127670246641712,-2.9436963844797153,-3.3693127645502643,1.130929359815544,1.5565457398860931,1.130929359815544,1.5565457398860931,False,0.3333333333333333,COc1c(O)c(OC)c(Cl)c(C=O)c1Cl
RGXWDWUGBIJHDO,ethyl decanoate,CCCCCCCCCC(=O)OCC,CCCCCCCCCC(=O)OCC,RGXWDWUGBIJHDO-UHFFFAOYSA-N,RGXWDWUGBIJHDO,RGXWDWUGBIJHDO,RGXWDWUGBIJHDO,RGXWDWUGBIJHDO,-2.1014820530988474,298.15,mol m^-3 Pa^-1,1 M ideal gas to 1 M ideal-dilute aqueous,negative is favorable hydration,14,200.322,1,1,SANDER-21211,2371,10.1016/J.IJMS.2006.10.016,True,False,True,False,False,False,False,False,False,True,True,False,False,False,False,False,False,False,False,False,True,True,False,,CCCCCCCCCC(=O)OCC,-2.1014820530988474,-2.8285490740740653,-2.860394466490296,0.7270670209752179,0.7589124133914487,0.7270670209752179,0.7589124133914487,False,1.0,CCCCCCCCCCCCCC(=O)OCC
RHLVCLIPMVJYKS,3-octanone,CCCCCC(=O)CC,CCCCCC(=O)CC,RHLVCLIPMVJYKS-UHFFFAOYSA-N,RHLVCLIPMVJYKS,RHLVCLIPMVJYKS,RHLVCLIPMVJYKS,RHLVCLIPMVJYKS,-2.532952404370913,298.15,mol m^-3 Pa^-1,1 M ideal gas to 1 M ideal-dilute aqueous,negative is favorable hydration,9,128.21499999999995,1,1,SANDER-15867,3719,10.1021/ACS.EST.1C07882,True,False,True,False,False,False,False,False,False,True,True,False,False,False,False,False,False,False,False,False,True,True,False,,CCCCCC(=O)CC,-2.532952404370913,-2.8727055246913555,-2.8546803461199297,0.33975312032044247,0.32172794174901664,0.33975312032044247,0.32172794174901664,True,0.8333333333333334,CCCCC(=O)CC
RLSQIXNUITTXKZ,PFBHA-octanal,CCCCCCCC=NOCc1c(F)c(F)c(F)c(F)c1F,CCCCCCCC=NOCc1c(F)c(F)c(F)c(F)c1F,RLSQIXNUITTXKZ-UHFFFAOYSA-N,RLSQIXNUITTXKZ,RLSQIXNUITTXKZ,RLSQIXNUITTXKZ,RLSQIXNUITTXKZ,-1.7624653819816083,298.15,mol m^-3 Pa^-1,1 M ideal gas to 1 M ideal-dilute aqueous,negative is favorable hydration,22,323.30499999999995,1,1,SANDER-32467,2497,10.1021/JE025545I,True,False,True,False,False,False,False,False,False,False,False,False,False,False,False,False,False,False,False,False,False,True,True,,CCCCCCCC=NOCc1c(F)c(F)c(F)c(F)c1F,-1.7624653819816083,-4.710421362433864,-3.628730787037035,2.9479559804522553,1.8662654050554268,2.9479559804522553,1.8662654050554268,True,0.3333333333333333,CCCCCC=CCCCCCCC
RTNLUFLDZOAXIC,octachloronaphthalene,Clc1c(Cl)c(Cl)c2c(Cl)c(Cl)c(Cl)c(Cl)c2c1Cl,Clc1c(Cl)c(Cl)c2c(Cl)c(Cl)c(Cl)c(Cl)c2c1Cl,RTNLUFLDZOAXIC-UHFFFAOYSA-N,RTNLUFLDZOAXIC,RTNLUFLDZOAXIC,RTNLUFLDZOAXIC,RTNLUFLDZOAXIC,-4.738644121381529,298.15,mol m^-3 Pa^-1,1 M ideal gas to 1 M ideal-dilute aqueous,negative is favorable hydration,18,403.7339999999999,1,1,SANDER-35260,3732,10.1016/J.ATMOSENV.2016.10.009,True,False,True,False,False,False,False,False,False,True,True,False,False,False,False,False,False,False,False,False,True,True,False,,Clc1c(Cl)c(Cl)c2c(Cl)c(Cl)c(Cl)c(Cl)c2c1Cl,-4.738644121381529,-3.1114632936507944,-3.209085824514991,-1.6271808277307342,-1.5295582968665378,1.6271808277307342,1.5295582968665378,True,0.625,Clc1c(Cl)c(Cl)c(Cl)c(Cl)c1Cl
RUPAXCPQAAOIPB,"(1,1-dimethylethyl)-methanoate",CC(C)(C)OC=O,CC(C)(C)OC=O,RUPAXCPQAAOIPB-UHFFFAOYSA-N,RUPAXCPQAAOIPB,RUPAXCPQAAOIPB,RUPAXCPQAAOIPB,RUPAXCPQAAOIPB,-2.1014820530988474,298.15,mol m^-3 Pa^-1,1 M ideal gas to 1 M ideal-dilute aqueous,negative is favorable hydration,7,102.13299999999998,1,1,SANDER-20216,2646,10.1021/ES049286O,True,False,True,False,False,False,False,True,True,True,True,False,False,False,False,True,True,False,False,False,True,True,False,,CC(C)(C)OC=O,-2.1014820530988474,-3.3559265652557317,-2.6957095017636696,1.2544445121568844,0.5942274486648222,1.2544445121568844,0.5942274486648222,True,0.375,COC=O
RWRBSYOTDDOXKC,2-pentyl nitrate,CCCC(C)O[N+](=O)[O-],CCCC(C)O[N+](=O)[O-],RWRBSYOTDDOXKC-UHFFFAOYSA-N,RWRBSYOTDDOXKC,RWRBSYOTDDOXKC,RWRBSYOTDDOXKC,RWRBSYOTDDOXKC,-1.3049310688072877,298.15,mol m^-3 Pa^-1,1 M ideal gas to 1 M ideal-dilute aqueous,negative is favorable hydration,9,133.147,2,2,SANDER-27490;SANDER-27491,1024;541,10.1016/S0045-6535(98)00159-3;10.1007/BF00053611,True,False,True,False,False,False,False,False,False,False,False,False,False,False,False,False,False,False,False,False,False,True,True,,CCCC(C)O[N+](=O)[O-],-1.3049310688072877,-1.8893915343915353,-1.777603353174604,0.5844604655842476,0.47267228436731634,0.5844604655842476,0.47267228436731634,True,0.6666666666666666,CC[C@H](C)O[N+](=O)[O-]
RZXIRSKYBISPGF,"2,2',4,4',5,5'-hexabromodiphenyl ether",Brc1cc(Br)c(Oc2cc(Br)c(Br)cc2Br)cc1Br,Brc1cc(Br)c(Oc2cc(Br)c(Br)cc2Br)cc1Br,RZXIRSKYBISPGF-UHFFFAOYSA-N,RZXIRSKYBISPGF,RZXIRSKYBISPGF,RZXIRSKYBISPGF,RZXIRSKYBISPGF,-5.3893266975985,298.15,mol m^-3 Pa^-1,1 M ideal gas to 1 M ideal-dilute aqueous,negative is favorable hydration,19,643.5870000000001,2,2,SANDER-41803;SANDER-41804,3683;2468,10.1016/J.ECOENV.2017.07.024;10.1016/J.ATMOSENV.2005.05.029,True,False,True,False,False,False,False,False,False,False,False,False,False,False,False,False,False,False,False,False,False,True,True,,Brc1cc(Br)c(Oc2cc(Br)c(Br)cc2Br)cc1Br,-5.3893266975985,-4.094764373897708,-4.083802480158734,-1.2945623237007924,-1.3055242174397668,1.2945623237007924,1.3055242174397668,False,0.5333333333333333,Brc1cc(Br)c(Br)cc1Br
SFNAUTSNWPPDSY,"2,3,4,4',5-pentabromodiphenyl ether",Brc1ccc(Oc2cc(Br)c(Br)c(Br)c2Br)cc1,Brc1ccc(Oc2cc(Br)c(Br)c(Br)c2Br)cc1,SFNAUTSNWPPDSY-UHFFFAOYSA-N,SFNAUTSNWPPDSY,SFNAUTSNWPPDSY,SFNAUTSNWPPDSY,SFNAUTSNWPPDSY,-4.41157948966362,298.15,mol m^-3 Pa^-1,1 M ideal gas to 1 M ideal-dilute aqueous,negative is favorable hydration,18,564.6909999999999,2,1,SANDER-41762;SANDER-41763;SANDER-41764,2564,10.1021/JE050308B,True,False,True,False,False,False,False,False,False,False,False,False,False,False,False,False,False,False,False,False,False,True,True,,Brc1ccc(Oc2cc(Br)c(Br)c(Br)c2Br)cc1,-4.41157948966362,-4.098132363315699,-4.2216602733686095,-0.3134471263479206,-0.18991921629501007,0.3134471263479206,0.18991921629501007,True,0.3333333333333333,Brc1ccc(Br)cc1
SJIIFORJBWPNPM,"5-bromo-2,4-dichloro-1-methoxybenzene",COc1cc(Br)c(Cl)cc1Cl,COc1cc(Br)c(Cl)cc1Cl,SJIIFORJBWPNPM-UHFFFAOYSA-N,SJIIFORJBWPNPM,SJIIFORJBWPNPM,SJIIFORJBWPNPM,SJIIFORJBWPNPM,-1.9585971639928248,298.15,mol m^-3 Pa^-1,1 M ideal gas to 1 M ideal-dilute aqueous,negative is favorable hydration,11,255.926,1,1,SANDER-42151,1524,10.1007/S002160101077,True,False,True,False,False,False,False,False,False,False,False,False,False,False,False,False,False,False,False,False,False,True,True,,COc1cc(Br)c(Cl)cc1Cl,-1.9585971639928248,-2.853047685185183,-3.179757517636683,0.8944505211923581,1.221160353643858,0.8944505211923581,1.221160353643858,False,0.42857142857142855,COc1cc(Cl)c(Cl)c(Cl)c1Cl
SNGREZUHAYWORS,pentadecafluorooctanoic acid,O=C(O)C(F)(F)C(F)(F)C(F)(F)C(F)(F)C(F)(F)C(F)(F)C(F)(F)F,O=C(O)C(F)(F)C(F)(F)C(F)(F)C(F)(F)C(F)(F)C(F)(F)C(F)(F)F,SNGREZUHAYWORS-UHFFFAOYSA-N,SNGREZUHAYWORS,SNGREZUHAYWORS,SNGREZUHAYWORS,SNGREZUHAYWORS,-3.4657290661330853,298.15,mol m^-3 Pa^-1,1 M ideal gas to 1 M ideal-dilute aqueous,negative is favorable hydration,25,414.0639999999999,2,2,SANDER-32099;SANDER-32100;SANDER-32101,2816;2566,10.1016/J.ATMOSENV.2008.09.008;10.1021/JE600556D,True,False,True,False,False,False,False,False,False,False,False,False,False,False,False,False,False,False,False,False,False,True,True,,O=C(O)C(F)(F)C(F)(F)C(F)(F)C(F)(F)C(F)(F)C(F)(F)C(F)(F)F,-3.4657290661330853,-7.841773159171075,-4.1730208112874765,4.37604409303799,0.7072917451543912,4.37604409303799,0.7072917451543912,True,0.25,O=C(CC(=O)C(F)(F)F)C(F)(F)F
SRMWNTGHXHOWBT,N-methylperfluorooctanesulphonamide,CNS(=O)(=O)C(F)(F)C(F)(F)C(F)(F)C(F)(F)C(F)(F)C(F)(F)C(F)(F)C(F)(F)F,CNS(=O)(=O)C(F)(F)C(F)(F)C(F)(F)C(F)(F)C(F)(F)C(F)(F)C(F)(F)C(F)(F)F,SRMWNTGHXHOWBT-UHFFFAOYSA-N,SRMWNTGHXHOWBT,SRMWNTGHXHOWBT,SRMWNTGHXHOWBT,SRMWNTGHXHOWBT,-0.0514616827609407,298.15,mol m^-3 Pa^-1,1 M ideal gas to 1 M ideal-dilute aqueous,negative is favorable hydration,30,513.1689999999999,1,1,SANDER-44020,3939,10.1016/J.HAZL.2022.100070,True,False,True,False,False,False,False,False,False,False,False,False,False,False,False,False,False,False,False,False,False,True,True,,CNS(=O)(=O)C(F)(F)C(F)(F)C(F)(F)C(F)(F)C(F)(F)C(F)(F)C(F)(F)C(F)(F)F,-0.0514616827609407,-8.881357815255738,-4.548267868165784,8.829896132494797,4.496806185404843,8.829896132494797,4.496806185404843,True,0.2,COC(=O)C(F)(F)F
SRTQFRQWTUMMTC,PFBHA-methanal,C=NOCc1c(F)c(F)c(F)c(F)c1F,C=NOCc1c(F)c(F)c(F)c(F)c1F,SRTQFRQWTUMMTC-UHFFFAOYSA-N,SRTQFRQWTUMMTC,SRTQFRQWTUMMTC,SRTQFRQWTUMMTC,SRTQFRQWTUMMTC,-2.1805973935431964,298.15,mol m^-3 Pa^-1,1 M ideal gas to 1 M ideal-dilute aqueous,negative is favorable hydration,15,225.116,1,1,SANDER-32461,2497,10.1021/JE025545I,True,False,True,False,False,False,False,False,False,False,False,False,False,False,False,False,False,False,False,False,False,True,True,,C=NOCc1c(F)c(F)c(F)c(F)c1F,-2.1805973935431964,-4.3143535714285735,-3.196581880511463,2.133756177885377,1.0159844869682666,2.133756177885377,1.0159844869682666,True,0.2631578947368421,Fc1c(F)c(F)c(F)c(F)c1F
SSNXYMVLSOMJLU,"1,3-dichloro-5-methoxybenzene",COc1cc(Cl)cc(Cl)c1,COc1cc(Cl)cc(Cl)c1,SSNXYMVLSOMJLU-UHFFFAOYSA-N,SSNXYMVLSOMJLU,SSNXYMVLSOMJLU,SSNXYMVLSOMJLU,SSNXYMVLSOMJLU,-1.0313664236883515,298.15,mol m^-3 Pa^-1,1 M ideal gas to 1 M ideal-dilute aqueous,negative is favorable hydration,10,177.03,1,1,SANDER-38167,1524,10.1007/S002160101077,True,False,True,False,False,False,False,False,False,True,True,False,False,False,False,True,True,False,False,False,True,True,False,,COc1cc(Cl)cc(Cl)c1,-1.0313664236883515,-2.6691753086419734,-2.9929544312169303,1.6378088849536219,1.9615880075285788,1.6378088849536219,1.9615880075285788,False,0.5,Clc1cc(Cl)cc(Cl)c1
STNJBCKSHOAVAJ,2-methylpropenal,C=C(C)C=O,C=C(C)C=O,STNJBCKSHOAVAJ-UHFFFAOYSA-N,STNJBCKSHOAVAJ,STNJBCKSHOAVAJ,STNJBCKSHOAVAJ,STNJBCKSHOAVAJ,-2.8315086401496434,298.15,mol m^-3 Pa^-1,1 M ideal gas to 1 M ideal-dilute aqueous,negative is favorable hydration,5,70.09100000000001,3,3,SANDER-14785;SANDER-14786;SANDER-14787,2524;1004;985,10.1897/06-339R.1;10.1023/A:1006169029230;10.1002/ETC.5620170704,True,False,True,False,False,False,False,False,False,True,True,False,False,False,False,True,True,False,False,False,True,True,False,,C=C(C)C=O,-2.8315086401496434,-3.672619775132272,-3.1164623126102278,0.8411111349826284,0.28495367246058434,0.8411111349826284,0.28495367246058434,True,0.5,C=CC(=C)C
SVEZPKVUIXAEOX,"4-bromo-3,5-dichloro-1-methoxybenzene",COc1cc(Cl)c(Br)c(Cl)c1,COc1cc(Cl)c(Br)c(Cl)c1,SVEZPKVUIXAEOX-UHFFFAOYSA-N,SVEZPKVUIXAEOX,SVEZPKVUIXAEOX,SVEZPKVUIXAEOX,SVEZPKVUIXAEOX,-1.9585971639928248,298.15,mol m^-3 Pa^-1,1 M ideal gas to 1 M ideal-dilute aqueous,negative is favorable hydration,11,255.926,1,1,SANDER-42148,1524,10.1007/S002160101077,True,False,True,False,False,False,False,False,False,False,False,False,False,False,False,False,False,False,False,False,False,True,True,,COc1cc(Cl)c(Br)c(Cl)c1,-1.9585971639928248,-2.821624537037034,-3.435650650352734,0.8630273730442091,1.4770534863599094,0.8630273730442091,1.4770534863599094,False,0.35714285714285715,COc1cc(Cl)c(Cl)c(Cl)c1Cl
SXKBHOQOOGRFJF,"1,2,4-trichloro-5-methoxybenzene",COc1cc(Cl)c(Cl)cc1Cl,COc1cc(Cl)c(Cl)cc1Cl,SXKBHOQOOGRFJF-UHFFFAOYSA-N,SXKBHOQOOGRFJF,SXKBHOQOOGRFJF,SXKBHOQOOGRFJF,SXKBHOQOOGRFJF,-1.9585971639928248,298.15,mol m^-3 Pa^-1,1 M ideal gas to 1 M ideal-dilute aqueous,negative is favorable hydration,11,211.475,1,1,SANDER-38175,1524,10.1007/S002160101077,True,False,True,False,False,False,False,False,False,True,True,False,False,False,False,False,False,True,True,False,True,True,False,,COc1cc(Cl)c(Cl)cc1Cl,-1.9585971639928248,-2.69504320987654,-2.7554043209876515,0.736446045883715,0.7968071569948267,0.736446045883715,0.7968071569948267,False,0.5652173913043478,COc1cc(Cl)c(Cl)c(Cl)c1Cl
TXGIGTRUEITPSC,"1H,1H,2H,2H-perfluorohexane sulfonic acid",O=S(=O)(O)CCC(F)(F)C(F)(F)C(F)(F)C(F)(F)F,O=S(=O)(O)CCC(F)(F)C(F)(F)C(F)(F)C(F)(F)F,TXGIGTRUEITPSC-UHFFFAOYSA-N,TXGIGTRUEITPSC,TXGIGTRUEITPSC,TXGIGTRUEITPSC,TXGIGTRUEITPSC,-1.4290235246646108,298.15,mol m^-3 Pa^-1,1 M ideal gas to 1 M ideal-dilute aqueous,negative is favorable hydration,19,328.1519999999999,1,1,SANDER-43971,3939,10.1016/J.HAZL.2022.100070,True,False,True,False,False,False,False,False,False,False,False,False,False,False,False,False,False,False,False,False,False,True,True,,O=S(=O)(O)CCC(F)(F)C(F)(F)C(F)(F)C(F)(F)F,-1.4290235246646108,-9.185754265873015,-5.916714589947091,7.756730741208404,4.48769106528248,7.756730741208404,4.48769106528248,True,0.20689655172413793,O=C(CC(=O)C(F)(F)F)C(F)(F)F
TXINBPKSWKFMNB,peroxypropionyl nitrate,CCC(=O)OO[N+](=O)[O-],CCC(=O)OO[N+](=O)[O-],TXINBPKSWKFMNB-UHFFFAOYSA-N,TXINBPKSWKFMNB,TXINBPKSWKFMNB,TXINBPKSWKFMNB,TXINBPKSWKFMNB,-2.1805973935431964,298.15,mol m^-3 Pa^-1,1 M ideal gas to 1 M ideal-dilute aqueous,negative is favorable hydration,9,135.075,1,1,SANDER-27801;SANDER-27802,3769,10.5194/ACP-23-311-2023,True,False,True,False,False,False,False,False,False,False,False,False,False,False,False,True,True,False,False,False,True,True,False,,CCC(=O)OO[N+](=O)[O-],-2.1805973935431964,-5.3551903990299765,-3.975197973985889,3.17459300548678,1.7946005804426926,3.17459300548678,1.7946005804426926,True,0.4,CCC(=O)OC
UABDVZDYKDIZFO,PFBHA-9-fluorenone,Fc1c(F)c(F)c(CON=C2c3ccccc3-c3ccccc32)c(F)c1F,Fc1c(F)c(F)c(CON=C2c3ccccc3-c3ccccc32)c(F)c1F,UABDVZDYKDIZFO-UHFFFAOYSA-N,UABDVZDYKDIZFO,UABDVZDYKDIZFO,UABDVZDYKDIZFO,UABDVZDYKDIZFO,-1.9585971639928248,298.15,mol m^-3 Pa^-1,1 M ideal gas to 1 M ideal-dilute aqueous,negative is favorable hydration,27,375.296,1,1,SANDER-32474,2497,10.1021/JE025545I,True,False,True,False,False,False,False,False,False,False,False,False,False,False,False,False,False,False,False,False,False,True,True,,Fc1c(F)c(F)c(CON=C2c3ccccc3-c3ccccc32)c(F)c1F,-1.9585971639928248,-7.467979629629632,-6.340095105820107,5.509382465636807,4.381497941827282,5.509382465636807,4.381497941827282,True,0.2727272727272727,c1ccc2c(c1)-c1cccc3cccc-2c13
UBJVUCKUDDKUJF,"3,3'-thiobis-1-propene",C=CCSCC=C,C=CCSCC=C,UBJVUCKUDDKUJF-UHFFFAOYSA-N,UBJVUCKUDDKUJF,UBJVUCKUDDKUJF,UBJVUCKUDDKUJF,UBJVUCKUDDKUJF,-1.53653790673299,298.15,mol m^-3 Pa^-1,1 M ideal gas to 1 M ideal-dilute aqueous,negative is favorable hydration,7,114.21299999999998,2,2,SANDER-43245;SANDER-43246,796;3669,10.1016/S0168-1176(97)00281-4;10.1111/J.1365-2621.1980.TB00916.X,True,False,True,False,False,False,False,False,False,True,True,False,False,False,False,True,True,False,False,False,True,True,False,,C=CCSCC=C,-1.53653790673299,-1.558321071428572,-1.3078153064373892,0.021783164695581947,-0.22872260029560088,0.021783164695581947,0.22872260029560088,False,0.35714285714285715,C=CCCC=C
UCASBURGYXMQLW,PFBHA-4-methyl-benzaldehyde,Cc1ccc(C=NOCc2c(F)c(F)c(F)c(F)c2F)cc1,Cc1ccc(C=NOCc2c(F)c(F)c(F)c(F)c2F)cc1,UCASBURGYXMQLW-UHFFFAOYSA-N,UCASBURGYXMQLW,UCASBURGYXMQLW,UCASBURGYXMQLW,UCASBURGYXMQLW,-1.6559406699833308,298.15,mol m^-3 Pa^-1,1 M ideal gas to 1 M ideal-dilute aqueous,negative is favorable hydration,22,315.241,1,1,SANDER-32473,2497,10.1021/JE025545I,True,False,True,False,False,False,False,False,False,False,False,False,False,False,False,False,False,False,False,False,False,True,True,,Cc1ccc(C=NOCc2c(F)c(F)c(F)c(F)c2F)cc1,-1.6559406699833308,-6.559579938271604,-4.976968749999999,4.9036392682882735,3.3210280800166685,4.9036392682882735,3.3210280800166685,True,0.3142857142857143,Cc1ccc(C=O)cc1
UHEPJGULSIKKTP,6-methyl-5-hepten-2-one,CC(=O)CCC=C(C)C,CC(=O)CCC=C(C)C,UHEPJGULSIKKTP-UHFFFAOYSA-N,UHEPJGULSIKKTP,UHEPJGULSIKKTP,UHEPJGULSIKKTP,UHEPJGULSIKKTP,-3.37439710834729,298.15,mol m^-3 Pa^-1,1 M ideal gas to 1 M ideal-dilute aqueous,negative is favorable hydration,9,126.199,1,1,SANDER-16067,3776,10.1039/D2EM00365A,True,False,True,False,False,False,False,False,False,True,True,False,False,False,False,False,False,False,False,False,True,True,False,,CC(=O)CCC=C(C)C,-3.37439710834729,-3.3549713734567894,-3.707560802469136,-0.01942573489050048,0.3331636941218461,0.01942573489050048,0.3331636941218461,False,0.52,CC(C)=CCC/C(C)=C/C=O
UHXUZOCRWCRNSJ,methomyl,CNC(=O)ON=C(C)SC,CNC(=O)ON=C(C)SC,UHXUZOCRWCRNSJ-UHFFFAOYSA-N,UHXUZOCRWCRNSJ,UHXUZOCRWCRNSJ,UHXUZOCRWCRNSJ,UHXUZOCRWCRNSJ,-7.7697946414595,298.15,mol m^-3 Pa^-1,1 M ideal gas to 1 M ideal-dilute aqueous,negative is favorable hydration,10,162.214,1,1,SANDER-43676,3404,10.1016/J.WATRES.2017.04.074,True,False,True,False,False,False,False,False,False,False,False,False,False,False,False,False,False,False,False,False,False,True,True,,CNC(=O)ON=C(C)SC,-7.7697946414595,-9.572368540564371,-9.251868893298065,1.8025738991048712,1.482074251838565,1.8025738991048712,1.482074251838565,True,0.42857142857142855,CNC(=O)O/N=C\C(C)(C)SC
UIHCLUNTQKBZGK,3-methyl-2-pentanone,CCC(C)C(C)=O,CCC(C)C(C)=O,UIHCLUNTQKBZGK-UHFFFAOYSA-N,UIHCLUNTQKBZGK,UIHCLUNTQKBZGK,UIHCLUNTQKBZGK,UIHCLUNTQKBZGK,-3.126712395015846,298.15,mol m^-3 Pa^-1,1 M ideal gas to 1 M ideal-dilute aqueous,negative is favorable hydration,7,100.161,1,1,SANDER-15579,3632,10.1021/ACS.JCED.9B00726,True,False,True,False,False,False,False,False,False,True,True,False,False,False,False,True,True,False,False,False,True,True,False,,CCC(C)C(C)=O,-3.126712395015846,-3.1517366732804195,-3.1569755621693116,0.02502427826457332,0.030263167153465442,0.02502427826457332,0.030263167153465442,False,0.47058823529411764,CC(=O)C(C)C
UJIGKESMIPTWJH,"1,3-dichloro-1,1,2,2,3-pentafluoro-propane",FC(Cl)C(F)(F)C(F)(F)Cl,FC(Cl)C(F)(F)C(F)(F)Cl,UJIGKESMIPTWJH-UHFFFAOYSA-N,UJIGKESMIPTWJH,UJIGKESMIPTWJH,UJIGKESMIPTWJH,UJIGKESMIPTWJH,0.7698968620756514,298.15,mol m^-3 Pa^-1,1 M ideal gas to 1 M ideal-dilute aqueous,negative is favorable hydration,10,202.937,1,1,SANDER-40484,2939,10.1002/KIN.20780,True,False,True,False,False,False,False,False,False,True,True,False,False,False,False,False,False,False,False,False,True,True,False,,FC(Cl)C(F)(F)C(F)(F)Cl,0.7698968620756514,1.5043149691358035,1.3271603736772482,-0.7344181070601521,-0.5572635116015967,0.7344181070601521,0.5572635116015967,True,0.5,FC(Cl)C(F)(F)F
UKSAZCDAGVHMRF,PFBHA-benzaldehyde,Fc1c(F)c(F)c(CON=Cc2ccccc2)c(F)c1F,Fc1c(F)c(F)c(CON=Cc2ccccc2)c(F)c1F,UKSAZCDAGVHMRF-UHFFFAOYSA-N,UKSAZCDAGVHMRF,UKSAZCDAGVHMRF,UKSAZCDAGVHMRF,UKSAZCDAGVHMRF,-1.491448044485954,298.15,mol m^-3 Pa^-1,1 M ideal gas to 1 M ideal-dilute aqueous,negative is favorable hydration,21,301.2139999999999,1,1,SANDER-32472,2497,10.1021/JE025545I,True,False,True,False,False,False,False,False,False,False,False,False,False,False,False,False,False,False,False,False,False,True,True,,Fc1c(F)c(F)c(CON=Cc2ccccc2)c(F)c1F,-1.491448044485954,-6.658912191358023,-4.8179745370370375,5.167464146872069,3.326526492551084,5.167464146872069,3.326526492551084,True,0.2903225806451613,C(=Cc1ccccc1)c1ccccc1
UPNBETHEXPIWQX,"2,4,4'-tribromodiphenyl ether",Brc1ccc(Oc2ccc(Br)cc2Br)cc1,Brc1ccc(Oc2ccc(Br)cc2Br)cc1,UPNBETHEXPIWQX-UHFFFAOYSA-N,UPNBETHEXPIWQX,UPNBETHEXPIWQX,UPNBETHEXPIWQX,UPNBETHEXPIWQX,-3.5448444065774347,298.15,mol m^-3 Pa^-1,1 M ideal gas to 1 M ideal-dilute aqueous,negative is favorable hydration,16,406.899,4,3,SANDER-41635;SANDER-41636;SANDER-41637;SANDER-41638;SANDER-41639,3683;2564;2468,10.1016/J.ECOENV.2017.07.024;10.1021/JE050308B;10.1016/J.ATMOSENV.2005.05.029,True,False,True,False,False,False,False,False,False,False,False,False,False,False,False,False,False,False,False,False,False,True,True,,Brc1ccc(Oc2ccc(Br)cc2Br)cc1,-3.5448444065774347,-3.87840764991182,-4.0743401895943565,0.33356324333438536,0.5294957830169218,0.33356324333438536,0.5294957830169218,False,0.39285714285714285,Oc1ccc(Br)cc1Br
UXFSPRAGHGMRSQ,2-isobutyl-3-methoxypyrazine,COc1nccnc1CC(C)C,COc1nccnc1CC(C)C,UXFSPRAGHGMRSQ-UHFFFAOYSA-N,UXFSPRAGHGMRSQ,UXFSPRAGHGMRSQ,UXFSPRAGHGMRSQ,UXFSPRAGHGMRSQ,-3.628908592471273,298.15,mol m^-3 Pa^-1,1 M ideal gas to 1 M ideal-dilute aqueous,negative is favorable hydration,12,166.224,2,2,SANDER-27066;SANDER-27067,1922;755,10.1016/S1387-3806(02)00927-2;10.1021/JF60178A004,True,False,True,False,False,False,False,False,False,True,True,False,False,False,False,False,False,False,False,False,True,True,False,,COc1nccnc1CC(C)C,-3.628908592471273,-6.396111992945323,-5.552110570987655,2.76720340047405,1.9232019785163823,2.76720340047405,1.9232019785163823,True,0.3939393939393939,CC(C)Cc1cnccn1
UZYYBZNZSSNYSA,"2,3,6-trichloromethylbenzene",Cc1c(Cl)ccc(Cl)c1Cl,Cc1c(Cl)ccc(Cl)c1Cl,UZYYBZNZSSNYSA-UHFFFAOYSA-N,UZYYBZNZSSNYSA,UZYYBZNZSSNYSA,UZYYBZNZSSNYSA,UZYYBZNZSSNYSA,-1.6559406699833308,298.15,mol m^-3 Pa^-1,1 M ideal gas to 1 M ideal-dilute aqueous,negative is favorable hydration,10,195.476,1,1,SANDER-34986,1139,10.1016/0045-6535(85)90029-3,True,False,True,False,False,False,False,False,False,True,True,False,False,False,False,True,True,True,True,False,True,True,False,,Cc1c(Cl)ccc(Cl)c1Cl,-1.6559406699833308,-1.2059763888888908,-1.2470642857142862,-0.44996428109444,-0.4088763842690446,0.44996428109444,0.4088763842690446,True,0.5625,Clc1ccc(Cl)c(Cl)c1Cl
VEFNQGLEDJPUJF,pentabromomethoxybenzene,COc1c(Br)c(Br)c(Br)c(Br)c1Br,COc1c(Br)c(Br)c(Br)c(Br)c1Br,VEFNQGLEDJPUJF-UHFFFAOYSA-N,VEFNQGLEDJPUJF,VEFNQGLEDJPUJF,VEFNQGLEDJPUJF,VEFNQGLEDJPUJF,-4.630621342972727,298.15,mol m^-3 Pa^-1,1 M ideal gas to 1 M ideal-dilute aqueous,negative is favorable hydration,13,502.62,1,1,SANDER-41500,1524,10.1007/S002160101077,True,False,True,False,False,False,False,False,False,False,False,False,False,False,False,False,False,False,False,False,False,True,True,,COc1c(Br)c(Br)c(Br)c(Br)c1Br,-4.630621342972727,-3.1177025573192227,-3.8437144510582026,-1.5129187856535045,-0.7869068919145246,1.5129187856535045,0.7869068919145246,True,0.38461538461538464,Brc1c(Br)c(Br)c(Br)c(Br)c1Br
VGQXTTSVLMQFHM,peroxyacetyl nitrate,CC(=O)OO[N+](=O)[O-],CC(=O)OO[N+](=O)[O-],VGQXTTSVLMQFHM-UHFFFAOYSA-N,VGQXTTSVLMQFHM,VGQXTTSVLMQFHM,VGQXTTSVLMQFHM,VGQXTTSVLMQFHM,-2.512161325517144,298.15,mol m^-3 Pa^-1,1 M ideal gas to 1 M ideal-dilute aqueous,negative is favorable hydration,8,121.048,3,3,SANDER-27782;SANDER-27783;SANDER-27784;SANDER-27785;SANDER-27786,3769;3531;502,10.5194/ACP-23-311-2023;10.1016/S1352-2310(00)00132-1;10.1007/BF00115778,True,False,True,False,False,False,False,False,False,False,False,False,False,False,False,True,True,False,False,False,True,True,False,,CC(=O)OO[N+](=O)[O-],-2.512161325517144,-5.541580445326272,-4.022774812610227,3.0294191198091274,1.510613487093083,3.0294191198091274,1.510613487093083,True,0.4230769230769231,CC(=O)CO[N+](=O)[O-]
VHNPZYZQKWIWOD,"2,2',4,4',5,6'-hexabromodiphenyl ether",Brc1cc(Br)c(Oc2cc(Br)c(Br)cc2Br)c(Br)c1,Brc1cc(Br)c(Oc2cc(Br)c(Br)cc2Br)c(Br)c1,VHNPZYZQKWIWOD-UHFFFAOYSA-N,VHNPZYZQKWIWOD,VHNPZYZQKWIWOD,VHNPZYZQKWIWOD,VHNPZYZQKWIWOD,-5.800177489354709,298.15,mol m^-3 Pa^-1,1 M ideal gas to 1 M ideal-dilute aqueous,negative is favorable hydration,19,643.587,2,2,SANDER-41810;SANDER-41811,3683;2468,10.1016/J.ECOENV.2017.07.024;10.1016/J.ATMOSENV.2005.05.029,True,False,True,False,False,False,False,False,False,False,False,False,False,False,False,False,False,False,False,False,False,True,True,,Brc1cc(Br)c(Oc2cc(Br)c(Br)cc2Br)c(Br)c1,-5.800177489354709,-3.980166049382717,-3.9127277006172854,-1.8200114399719922,-1.887449788737424,1.8200114399719922,1.887449788737424,False,0.38095238095238093,Brc1cc(Br)c(Br)cc1Br
VIONGDJUYAYOPU,"1H,1H,2H,2H-perfluorooctane sulfonic acid",O=S(=O)(O)CCC(F)(F)C(F)(F)C(F)(F)C(F)(F)C(F)(F)C(F)(F)F,O=S(=O)(O)CCC(F)(F)C(F)(F)C(F)(F)C(F)(F)C(F)(F)C(F)(F)F,VIONGDJUYAYOPU-UHFFFAOYSA-N,VIONGDJUYAYOPU,VIONGDJUYAYOPU,VIONGDJUYAYOPU,VIONGDJUYAYOPU,-0.9774670142527602,298.15,mol m^-3 Pa^-1,1 M ideal gas to 1 M ideal-dilute aqueous,negative is favorable hydration,25,428.1659999999998,1,1,SANDER-43973,3939,10.1016/J.HAZL.2022.100070,True,False,True,False,False,False,False,False,False,False,False,False,False,False,False,False,False,False,False,False,False,True,True,,O=S(=O)(O)CCC(F)(F)C(F)(F)C(F)(F)C(F)(F)C(F)(F)C(F)(F)F,-0.9774670142527602,-9.528310570987655,-5.146869521604937,8.550843556734895,4.169402507352176,8.550843556734895,4.169402507352176,True,0.2,O=C(CC(=O)C(F)(F)F)C(F)(F)F
VISJRVXHPNMYRH,"1,2-dichloro-4-methoxybenzene",COc1ccc(Cl)c(Cl)c1,COc1ccc(Cl)c(Cl)c1,VISJRVXHPNMYRH-UHFFFAOYSA-N,VISJRVXHPNMYRH,VISJRVXHPNMYRH,VISJRVXHPNMYRH,VISJRVXHPNMYRH,-1.852724968524944,298.15,mol m^-3 Pa^-1,1 M ideal gas to 1 M ideal-dilute aqueous,negative is favorable hydration,10,177.03,1,1,SANDER-38166,1524,10.1007/S002160101077,True,False,True,False,False,False,False,False,False,True,True,False,False,False,False,True,True,False,False,False,True,True,False,,COc1ccc(Cl)c(Cl)c1,-1.852724968524944,-2.7566656194885333,-3.004047475749557,0.9039406509635892,1.151322507224613,0.9039406509635892,1.151322507224613,False,0.43478260869565216,Clc1ccc(Cl)c(Cl)c1
VJZRCIYSYVGDMU,"1,4,6,7-tetrachloronaphthalene",Clc1cc2c(Cl)ccc(Cl)c2cc1Cl,Clc1cc2c(Cl)ccc(Cl)c2cc1Cl,VJZRCIYSYVGDMU-UHFFFAOYSA-N,VJZRCIYSYVGDMU,VJZRCIYSYVGDMU,VJZRCIYSYVGDMU,VJZRCIYSYVGDMU,-3.2169719815591824,298.15,mol m^-3 Pa^-1,1 M ideal gas to 1 M ideal-dilute aqueous,negative is favorable hydration,14,265.95399999999995,1,1,SANDER-35239,3732,10.1016/J.ATMOSENV.2016.10.009,True,False,True,False,False,False,False,False,False,True,True,False,False,False,False,False,False,False,False,False,True,True,False,,Clc1cc2c(Cl)ccc(Cl)c2cc1Cl,-3.2169719815591824,-2.72343163580247,-2.9003749338624343,-0.49354034575671246,-0.3165970476967481,0.49354034575671246,0.3165970476967481,True,0.5,Clc1cc(Cl)c(Cl)cc1Cl
VNVBOBJSRGZDCW,PFBHA-ethanedial,Fc1c(F)c(F)c(CON=CC=NOCc2c(F)c(F)c(F)c(F)c2F)c(F)c1F,Fc1c(F)c(F)c(CON=CC=NOCc2c(F)c(F)c(F)c(F)c2F)c(F)c1F,VNVBOBJSRGZDCW-UHFFFAOYSA-N,VNVBOBJSRGZDCW,VNVBOBJSRGZDCW,VNVBOBJSRGZDCW,VNVBOBJSRGZDCW,-2.1805973935431964,298.15,mol m^-3 Pa^-1,1 M ideal gas to 1 M ideal-dilute aqueous,negative is favorable hydration,30,448.2160000000001,1,1,SANDER-32475,2497,10.1021/JE025545I,True,False,True,False,False,False,False,False,False,False,False,False,False,False,False,False,False,False,False,False,False,True,True,,Fc1c(F)c(F)c(CON=CC=NOCc2c(F)c(F)c(F)c(F)c2F)c(F)c1F,-2.1805973935431964,-8.675180864197532,-7.091271296296294,6.4945834706543355,4.910673902753098,6.4945834706543355,4.910673902753098,True,0.25,Fc1c(F)c(F)c(F)c(F)c1F
VNWPJWLGZUDTBZ,PFBHA-3-hydroxy-3-methyl-2-butanone,CC(=NOCc1c(F)c(F)c(F)c(F)c1F)C(C)(C)O,CC(=NOCc1c(F)c(F)c(F)c(F)c1F)C(C)(C)O,VNWPJWLGZUDTBZ-UHFFFAOYSA-N,VNWPJWLGZUDTBZ,VNWPJWLGZUDTBZ,VNWPJWLGZUDTBZ,VNWPJWLGZUDTBZ,-2.010150095313052,298.15,mol m^-3 Pa^-1,1 M ideal gas to 1 M ideal-dilute aqueous,negative is favorable hydration,20,297.223,1,1,SANDER-32477,2497,10.1021/JE025545I,True,False,True,False,False,False,False,False,False,False,False,False,False,False,False,False,False,False,False,False,False,True,True,,CC(=NOCc1c(F)c(F)c(F)c(F)c1F)C(C)(C)O,-2.010150095313052,-10.398353262786593,-7.1754233024691345,8.388203167473542,5.1652732071560825,8.388203167473542,5.1652732071560825,True,0.1951219512195122,C=CC(C)(O)CCC=C(C)C
VOGSDFLJZPNWHY,"2,2-difluoroethanol",OCC(F)F,OCC(F)F,VOGSDFLJZPNWHY-UHFFFAOYSA-N,VOGSDFLJZPNWHY,VOGSDFLJZPNWHY,VOGSDFLJZPNWHY,VOGSDFLJZPNWHY,-4.581218994593421,298.15,mol m^-3 Pa^-1,1 M ideal gas to 1 M ideal-dilute aqueous,negative is favorable hydration,5,82.04899999999999,1,1,SANDER-31936,3526,10.1021/JE900711H,True,False,True,False,False,False,False,False,False,False,False,False,False,False,False,True,True,False,False,False,True,True,False,,OCC(F)F,-4.581218994593421,-4.943990465167547,-5.109647905643736,0.36277147057412584,0.5284289110503151,0.36277147057412584,0.5284289110503151,False,0.38461538461538464,OCC(O)CO
VQSNXLCFFHGXTI,"1,4,5-trichloronaphthalene",Clc1ccc(Cl)c2c(Cl)cccc12,Clc1ccc(Cl)c2c(Cl)cccc12,VQSNXLCFFHGXTI-UHFFFAOYSA-N,VQSNXLCFFHGXTI,VQSNXLCFFHGXTI,VQSNXLCFFHGXTI,VQSNXLCFFHGXTI,-3.73352344944536,298.15,mol m^-3 Pa^-1,1 M ideal gas to 1 M ideal-dilute aqueous,negative is favorable hydration,13,231.509,1,1,SANDER-35220,3732,10.1016/J.ATMOSENV.2016.10.009,True,False,True,False,False,False,False,False,False,True,True,False,False,False,False,False,False,False,False,False,True,True,False,,Clc1ccc(Cl)c2c(Cl)cccc12,-3.73352344944536,-2.44912738095238,-2.6583859347442673,-1.2843960684929798,-1.0751375147010926,1.2843960684929798,1.0751375147010926,True,0.45,Clc1cccc(Cl)c1-c1c(Cl)cccc1Cl
VVAAXDBMZVCVPA,"1,2,10,11-tetrachloroundecane",ClCC(Cl)CCCCCCCC(Cl)CCl,ClCC(Cl)CCCCCCCC(Cl)CCl,VVAAXDBMZVCVPA-UHFFFAOYSA-N,VVAAXDBMZVCVPA,VVAAXDBMZVCVPA,VVAAXDBMZVCVPA,VVAAXDBMZVCVPA,-3.5448444065774347,298.15,mol m^-3 Pa^-1,1 M ideal gas to 1 M ideal-dilute aqueous,negative is favorable hydration,15,294.093,1,1,SANDER-33683,982,10.1002/ETC.5620170709,True,False,True,False,False,False,False,False,False,False,False,False,False,False,False,False,False,False,False,False,False,True,True,,ClCC(Cl)CCCCCCCC(Cl)CCl,-3.5448444065774347,-1.9020644126984123,-2.95834632142857,-1.6427799938790224,-0.5864980851488646,1.6427799938790224,0.5864980851488646,True,0.375,ClCC(Cl)Cl
VVJKKWFAADXIJK,2-propen-1-amine,C=CCN,C=CCN,VVJKKWFAADXIJK-UHFFFAOYSA-N,VVJKKWFAADXIJK,VVJKKWFAADXIJK,VVJKKWFAADXIJK,VVJKKWFAADXIJK,-4.630621342972727,298.15,mol m^-3 Pa^-1,1 M ideal gas to 1 M ideal-dilute aqueous,negative is favorable hydration,4,57.09599999999999,1,1,SANDER-25333,3685,10.1021/ACS.JPCA.5B05174,True,False,True,False,False,False,False,True,True,True,True,False,False,False,False,True,True,False,False,False,True,True,False,,C=CCN,-4.630621342972727,-4.789122993827166,-4.53491264329806,0.158501650854439,-0.09570869967466678,0.158501650854439,0.09570869967466678,True,0.4166666666666667,C=CCCC=C
VXBHNYIEBLRXAW,"1,2,9,10-tetrachlorodecane",ClCC(Cl)CCCCCCC(Cl)CCl,ClCC(Cl)CCCCCCC(Cl)CCl,VXBHNYIEBLRXAW-UHFFFAOYSA-N,VXBHNYIEBLRXAW,VXBHNYIEBLRXAW,VXBHNYIEBLRXAW,VXBHNYIEBLRXAW,-2.92284059793544,298.15,mol m^-3 Pa^-1,1 M ideal gas to 1 M ideal-dilute aqueous,negative is favorable hydration,14,280.066,1,1,SANDER-33674,982,10.1002/ETC.5620170709,True,False,True,False,False,False,False,False,False,False,False,False,False,False,False,False,False,False,False,False,False,True,True,,ClCC(Cl)CCCCCCC(Cl)CCl,-2.92284059793544,-1.9084856759259257,-3.0507425604056433,-1.0143549220095145,0.12790196247020313,1.0143549220095145,0.12790196247020313,True,0.375,ClCC(Cl)Cl
VZRSUQWPXPUWCS,"4-bromo-2,3,6-trichloro-1-methoxybenzene",COc1c(Cl)cc(Br)c(Cl)c1Cl,COc1c(Cl)cc(Br)c(Cl)c1Cl,VZRSUQWPXPUWCS-UHFFFAOYSA-N,VZRSUQWPXPUWCS,VZRSUQWPXPUWCS,VZRSUQWPXPUWCS,VZRSUQWPXPUWCS,-1.9021273169042503,298.15,mol m^-3 Pa^-1,1 M ideal gas to 1 M ideal-dilute aqueous,negative is favorable hydration,12,290.371,1,1,SANDER-42157,1524,10.1007/S002160101077,True,False,True,False,False,False,False,False,False,False,False,False,False,False,False,False,False,False,False,False,False,True,True,,COc1c(Cl)cc(Br)c(Cl)c1Cl,-1.9021273169042503,-2.844892460317457,-2.9952669753086396,0.9427651434132065,1.0931396584043893,0.9427651434132065,1.0931396584043893,False,0.4642857142857143,COc1c(Cl)cc(Cl)c(OC)c1O
WCJYTPVNMWIZCG,xylylcarb,CNC(=O)Oc1ccc(C)c(C)c1,CNC(=O)Oc1ccc(C)c(C)c1,WCJYTPVNMWIZCG-UHFFFAOYSA-N,WCJYTPVNMWIZCG,WCJYTPVNMWIZCG,WCJYTPVNMWIZCG,WCJYTPVNMWIZCG,-7.303237710857214,298.15,mol m^-3 Pa^-1,1 M ideal gas to 1 M ideal-dilute aqueous,negative is favorable hydration,13,179.219,1,1,SANDER-26790,2538,10.1584/JPESTICS.18.3_201,True,False,True,False,False,False,False,False,False,False,False,False,False,False,False,True,True,False,False,False,True,True,False,,CNC(=O)Oc1ccc(C)c(C)c1,-7.303237710857214,-9.654573897707232,-9.138903516313936,2.351336186850018,1.8356658054567223,2.351336186850018,1.8356658054567223,True,0.3939393939393939,Cc1ccc(C(=O)O)cc1C
WCVOGSZTONGSQY,"1,3,5-trichloro-2-methoxybenzene",COc1c(Cl)cc(Cl)cc1Cl,COc1c(Cl)cc(Cl)cc1Cl,WCVOGSZTONGSQY-UHFFFAOYSA-N,WCVOGSZTONGSQY,WCVOGSZTONGSQY,WCVOGSZTONGSQY,WCVOGSZTONGSQY,-1.442045696106648,298.15,mol m^-3 Pa^-1,1 M ideal gas to 1 M ideal-dilute aqueous,negative is favorable hydration,11,211.475,3,3,SANDER-38176;SANDER-38177;SANDER-38178,3719;3118;1524,10.1021/ACS.EST.1C07882;10.1016/J.CHROMA.2004.12.027;10.1007/S002160101077,True,False,True,False,False,False,False,False,False,True,True,False,False,False,False,False,False,False,False,False,True,True,False,,COc1c(Cl)cc(Cl)cc1Cl,-1.442045696106648,-2.7840234126984096,-2.6691330246913565,1.3419777165917617,1.2270873285847086,1.3419777165917617,1.2270873285847086,True,0.5652173913043478,COc1c(Cl)cc(Cl)c(OC)c1O
WDRCOFFEZVLCLX,"2,3-dibromo-5,6-dichloro-1-methoxybenzene",COc1c(Cl)c(Cl)cc(Br)c1Br,COc1c(Cl)c(Cl)cc(Br)c1Br,WDRCOFFEZVLCLX-UHFFFAOYSA-N,WDRCOFFEZVLCLX,WDRCOFFEZVLCLX,WDRCOFFEZVLCLX,WDRCOFFEZVLCLX,-1.846249658720261,298.15,mol m^-3 Pa^-1,1 M ideal gas to 1 M ideal-dilute aqueous,negative is favorable hydration,12,334.8219999999999,1,1,SANDER-42167,1524,10.1007/S002160101077,True,False,True,False,False,False,False,False,False,False,False,False,False,False,False,False,False,False,False,False,False,True,True,,COc1c(Cl)c(Cl)cc(Br)c1Br,-1.846249658720261,-2.982003968253966,-3.35702294973545,1.135754309533705,1.510773291015189,1.135754309533705,1.510773291015189,False,0.4,COc1cc(Cl)c(Cl)c(Cl)c1Cl
WDWNMIBWWPZNJK,"1H,2H-perfluoro-1-iodooct-1-ene",FC(F)(F)C(F)(F)C(F)(F)C(F)(F)C(F)(F)C(F)(F)/C=C/I,FC(F)(F)C(F)(F)C(F)(F)C(F)(F)C(F)(F)C(F)(F)/C=C/I,WDWNMIBWWPZNJK-OWOJBTEDSA-N,WDWNMIBWWPZNJK,WDWNMIBWWPZNJK,WDWNMIBWWPZNJK,WDWNMIBWWPZNJK,-0.434578546055114,298.15,mol m^-3 Pa^-1,1 M ideal gas to 1 M ideal-dilute aqueous,negative is favorable hydration,22,471.9819999999999,1,1,SANDER-42507,3939,10.1016/J.HAZL.2022.100070,True,False,True,False,False,False,False,False,False,False,False,False,False,False,False,False,False,True,True,False,True,True,False,,FC(F)(F)C(F)(F)C(F)(F)C(F)(F)C(F)(F)C(F)(F)/C=C/I,-0.434578546055114,1.373509737654322,2.59545257032628,-1.8080882837094359,-3.030031116381394,1.8080882837094359,3.030031116381394,False,0.18181818181818182,FC(F)(F)C(F)(F)Cl
WHHGLZMJPXIBIX,decabromodiphenyl ether,Brc1c(Br)c(Br)c(Oc2c(Br)c(Br)c(Br)c(Br)c2Br)c(Br)c1Br,Brc1c(Br)c(Br)c(Oc2c(Br)c(Br)c(Br)c(Br)c2Br)c(Br)c1Br,WHHGLZMJPXIBIX-UHFFFAOYSA-N,WHHGLZMJPXIBIX,WHHGLZMJPXIBIX,WHHGLZMJPXIBIX,WHHGLZMJPXIBIX,-6.343123108603918,298.15,mol m^-3 Pa^-1,1 M ideal gas to 1 M ideal-dilute aqueous,negative is favorable hydration,23,959.171,2,2,SANDER-41870;SANDER-41871,3683;2468,10.1016/J.ECOENV.2017.07.024;10.1016/J.ATMOSENV.2005.05.029,True,False,True,False,False,False,False,False,False,False,False,False,False,False,False,False,False,False,False,False,False,True,True,,Brc1c(Br)c(Br)c(Oc2c(Br)c(Br)c(Br)c(Br)c2Br)c(Br)c1Br,-6.343123108603918,-4.070720039682539,-4.230899129188713,-2.2724030689213794,-2.112223979415205,2.2724030689213794,2.112223979415205,True,0.45454545454545453,Brc1c(Br)c(Br)c(Br)c(Br)c1Br
WHPVYXDFIXRKLN,"2,2',4,4',5-pentabromodiphenyl ether",Brc1ccc(Oc2cc(Br)c(Br)cc2Br)c(Br)c1,Brc1ccc(Oc2cc(Br)c(Br)cc2Br)c(Br)c1,WHPVYXDFIXRKLN-UHFFFAOYSA-N,WHPVYXDFIXRKLN,WHPVYXDFIXRKLN,WHPVYXDFIXRKLN,WHPVYXDFIXRKLN,-4.870853317160879,298.15,mol m^-3 Pa^-1,1 M ideal gas to 1 M ideal-dilute aqueous,negative is favorable hydration,18,564.691,4,3,SANDER-41726;SANDER-41727;SANDER-41728;SANDER-41729;SANDER-41730,3683;2564;2468,10.1016/J.ECOENV.2017.07.024;10.1021/JE050308B;10.1016/J.ATMOSENV.2005.05.029,True,False,True,False,False,False,False,False,False,False,False,False,False,False,False,False,False,True,True,False,True,True,False,,Brc1ccc(Oc2cc(Br)c(Br)cc2Br)c(Br)c1,-4.870853317160879,-4.092023567019403,-3.969620701058202,-0.778829750141476,-0.9012326161026771,0.778829750141476,0.9012326161026771,False,0.39285714285714285,Oc1ccc(Br)cc1Br
WHRDPXDGAMJNGH,"2,6-dibromo-4-chloro-1-methoxybenzene",COc1c(Br)cc(Cl)cc1Br,COc1c(Br)cc(Cl)cc1Br,WHRDPXDGAMJNGH-UHFFFAOYSA-N,WHRDPXDGAMJNGH,WHRDPXDGAMJNGH,WHRDPXDGAMJNGH,WHRDPXDGAMJNGH,-2.135701876657686,298.15,mol m^-3 Pa^-1,1 M ideal gas to 1 M ideal-dilute aqueous,negative is favorable hydration,11,300.37699999999995,2,2,SANDER-42163;SANDER-42164,3118;1524,10.1016/J.CHROMA.2004.12.027;10.1007/S002160101077,True,False,True,False,False,False,False,False,False,False,False,False,False,False,False,False,False,False,False,False,False,True,True,,COc1c(Br)cc(Cl)cc1Br,-2.135701876657686,-3.0783548941798937,-3.037742261904761,0.9426530175222076,0.9020403852470751,0.9426530175222076,0.9020403852470751,True,0.4074074074074074,COc1c(Cl)cc(Cl)c(OC)c1O
WMMFIDNWZNCBCT,"1,2,4,5-tetrachloro-3-methoxybenzene",COc1c(Cl)c(Cl)cc(Cl)c1Cl,COc1c(Cl)c(Cl)cc(Cl)c1Cl,WMMFIDNWZNCBCT-UHFFFAOYSA-N,WMMFIDNWZNCBCT,WMMFIDNWZNCBCT,WMMFIDNWZNCBCT,WMMFIDNWZNCBCT,-1.227029652927254,298.15,mol m^-3 Pa^-1,1 M ideal gas to 1 M ideal-dilute aqueous,negative is favorable hydration,12,245.92,1,1,SANDER-38182,1524,10.1007/S002160101077,True,False,True,False,False,False,False,False,False,True,True,False,False,False,False,False,False,False,False,False,True,True,False,,COc1c(Cl)c(Cl)cc(Cl)c1Cl,-1.227029652927254,-2.760687654320984,-2.7715508377425007,1.53365800139373,1.5445211848152467,1.53365800139373,1.5445211848152467,False,0.5652173913043478,COc1c(Cl)cc(Cl)c(OC)c1O
WNYADZVDBIBLJJ,N-nitrosopyrrolidine,O=NN1CCCC1,O=NN1CCCC1,WNYADZVDBIBLJJ-UHFFFAOYSA-N,WNYADZVDBIBLJJ,WNYADZVDBIBLJJ,WNYADZVDBIBLJJ,WNYADZVDBIBLJJ,-7.599347343229355,298.15,mol m^-3 Pa^-1,1 M ideal gas to 1 M ideal-dilute aqueous,negative is favorable hydration,7,100.121,1,1,SANDER-27048;SANDER-27049,3080,10.1016/0300-483X(82)90093-2,True,False,True,False,False,False,False,True,True,True,True,False,False,False,False,True,True,False,False,False,True,True,False,,O=NN1CCCC1,-7.599347343229355,-6.496598919753075,-7.0487498787477945,-1.1027484234762799,-0.5505974644815606,1.1027484234762799,0.5505974644815606,True,0.9285714285714286,O=NN1CCCCC1
WQZKKVJFBZPJSU,3-pentyl nitrate,CCC(CC)O[N+](=O)[O-],CCC(CC)O[N+](=O)[O-],WQZKKVJFBZPJSU-UHFFFAOYSA-N,WQZKKVJFBZPJSU,WQZKKVJFBZPJSU,WQZKKVJFBZPJSU,WQZKKVJFBZPJSU,-1.3288483437607428,298.15,mol m^-3 Pa^-1,1 M ideal gas to 1 M ideal-dilute aqueous,negative is favorable hydration,9,133.147,1,1,SANDER-27502,1024,10.1016/S0045-6535(98)00159-3,True,False,True,False,False,False,False,False,False,False,False,False,False,False,False,False,False,False,False,False,False,True,True,,CCC(CC)O[N+](=O)[O-],-1.3288483437607428,-2.00403774250441,-1.7760488712522056,0.675189398743667,0.4472005274914628,0.675189398743667,0.4472005274914628,True,0.6086956521739131,CC[C@H](C)O[N+](=O)[O-]
WUOACPNHFRMFPN,2-(4-methyl-3-cyclohexen-1-yl)-2-propanol,CC1=CCC(C(C)(C)O)CC1,CC1=CCC(C(C)(C)O)CC1,WUOACPNHFRMFPN-UHFFFAOYSA-N,WUOACPNHFRMFPN,WUOACPNHFRMFPN,WUOACPNHFRMFPN,WUOACPNHFRMFPN,-5.508449734897895,298.15,mol m^-3 Pa^-1,1 M ideal gas to 1 M ideal-dilute aqueous,negative is favorable hydration,11,154.253,1,1,SANDER-24114,2124,10.1016/J.CHEMOSPHERE.2005.05.003,True,False,True,False,False,False,False,True,True,True,True,False,False,False,False,False,False,False,False,False,True,True,False,,CC1=CCC(C(C)(C)O)CC1,-5.508449734897895,-4.928381944444445,-4.85754240520282,-0.5800677904534499,-0.6509073296950749,0.5800677904534499,0.6509073296950749,False,0.5714285714285714,CC(=O)OC(C)(C)C1CC=C(C)CC1
WXCMHFPAUCOJIG,musk ketone,CC(=O)c1c(C)c([N+](=O)[O-])c(C(C)(C)C)c([N+](=O)[O-])c1C,CC(=O)c1c(C)c([N+](=O)[O-])c(C(C)(C)C)c([N+](=O)[O-])c1C,WXCMHFPAUCOJIG-UHFFFAOYSA-N,WXCMHFPAUCOJIG,WXCMHFPAUCOJIG,WXCMHFPAUCOJIG,WXCMHFPAUCOJIG,-5.281532589579175,298.15,mol m^-3 Pa^-1,1 M ideal gas to 1 M ideal-dilute aqueous,negative is favorable hydration,21,294.307,1,1,SANDER-31322,3014,10.1021/JE300954S,True,False,True,False,False,False,False,False,False,False,False,False,False,False,False,False,False,False,False,False,False,True,True,,CC(=O)c1c(C)c([N+](=O)[O-])c(C(C)(C)C)c([N+](=O)[O-])c1C,-5.281532589579175,-7.82302083333333,-6.570580555555558,2.541488243754155,1.2890479659763825,2.541488243754155,1.2890479659763825,True,0.27906976744186046,Cc1c(C(=O)O)cc([N+](=O)[O-])cc1[N+](=O)[O-]
WYLDWCYZCFRVRH,"1,2,4,5,7-pentachloronaphthalene",Clc1cc(Cl)c2c(Cl)cc(Cl)c(Cl)c2c1,Clc1cc(Cl)c2c(Cl)cc(Cl)c(Cl)c2c1,WYLDWCYZCFRVRH-UHFFFAOYSA-N,WYLDWCYZCFRVRH,WYLDWCYZCFRVRH,WYLDWCYZCFRVRH,WYLDWCYZCFRVRH,-3.197329797674128,298.15,mol m^-3 Pa^-1,1 M ideal gas to 1 M ideal-dilute aqueous,negative is favorable hydration,15,300.399,1,1,SANDER-35244,3732,10.1016/J.ATMOSENV.2016.10.009,True,False,True,False,False,False,False,False,False,True,True,False,False,False,False,False,False,False,False,False,True,True,False,,Clc1cc(Cl)c2c(Cl)cc(Cl)c(Cl)c2c1,-3.197329797674128,-2.913517625661377,-2.8663613646384483,-0.2838121720127509,-0.3309684330356797,0.2838121720127509,0.3309684330356797,False,0.55,Clc1cc(Cl)c(Cl)c(Cl)c1
XGXUGXPKRBQINS,"1,5-dibromo-2-methoxybenzene",COc1ccc(Br)cc1Br,COc1ccc(Br)cc1Br,XGXUGXPKRBQINS-UHFFFAOYSA-N,XGXUGXPKRBQINS,XGXUGXPKRBQINS,XGXUGXPKRBQINS,XGXUGXPKRBQINS,-3.141525290295802,298.15,mol m^-3 Pa^-1,1 M ideal gas to 1 M ideal-dilute aqueous,negative is favorable hydration,10,265.932,1,1,SANDER-41493,1524,10.1007/S002160101077,True,False,True,False,False,False,False,False,False,False,False,False,False,False,False,False,False,False,False,False,False,True,True,,COc1ccc(Br)cc1Br,-3.141525290295802,-3.1709344466490292,-3.2145313271604934,0.02940915635322705,0.0730060368646912,0.02940915635322705,0.0730060368646912,False,0.4230769230769231,Oc1ccc(Br)cc1Br
XTBXSCIWOVSSGB,"2H,2H-perfluorodecanoic acid",O=C(O)CC(F)(F)C(F)(F)C(F)(F)C(F)(F)C(F)(F)C(F)(F)C(F)(F)C(F)(F)F,O=C(O)CC(F)(F)C(F)(F)C(F)(F)C(F)(F)C(F)(F)C(F)(F)C(F)(F)C(F)(F)F,XTBXSCIWOVSSGB-UHFFFAOYSA-N,XTBXSCIWOVSSGB,XTBXSCIWOVSSGB,XTBXSCIWOVSSGB,XTBXSCIWOVSSGB,-0.2151376507207325,298.15,mol m^-3 Pa^-1,1 M ideal gas to 1 M ideal-dilute aqueous,negative is favorable hydration,29,478.09799999999984,1,1,SANDER-32115,3939,10.1016/J.HAZL.2022.100070,True,False,True,False,False,False,False,False,False,False,False,False,False,False,False,False,False,False,False,False,False,True,True,,O=C(O)CC(F)(F)C(F)(F)C(F)(F)C(F)(F)C(F)(F)C(F)(F)C(F)(F)C(F)(F)F,-0.2151376507207325,-7.926126642416226,-4.731515200617282,7.710988991695493,4.516377549896549,7.710988991695493,4.516377549896549,True,0.2692307692307692,O=C(CC(=O)C(F)(F)F)C(F)(F)F
XYBSIYMGXVUVGY,"2,2',4,4'-tetrabromodiphenyl ether",Brc1ccc(Oc2ccc(Br)cc2Br)c(Br)c1,Brc1ccc(Oc2ccc(Br)cc2Br)c(Br)c1,XYBSIYMGXVUVGY-UHFFFAOYSA-N,XYBSIYMGXVUVGY,XYBSIYMGXVUVGY,XYBSIYMGXVUVGY,XYBSIYMGXVUVGY,-4.548110664011599,298.15,mol m^-3 Pa^-1,1 M ideal gas to 1 M ideal-dilute aqueous,negative is favorable hydration,17,485.795,4,3,SANDER-41662;SANDER-41663;SANDER-41664;SANDER-41665;SANDER-41666,3683;2564;2468,10.1016/J.ECOENV.2017.07.024;10.1021/JE050308B;10.1016/J.ATMOSENV.2005.05.029,True,False,True,False,False,False,False,False,False,False,False,False,False,False,False,False,False,False,False,False,False,True,True,,Brc1ccc(Oc2ccc(Br)cc2Br)c(Br)c1,-4.548110664011599,-3.953247001763671,-3.8947058862433876,-0.5948636622479277,-0.6534047777682113,0.5948636622479277,0.6534047777682113,False,0.4583333333333333,Oc1ccc(Br)cc1Br
YAWIAFUBXXPJMQ,"4,4'-dibromodiphenyl ether",Brc1ccc(Oc2ccc(Br)cc2)cc1,Brc1ccc(Oc2ccc(Br)cc2)cc1,YAWIAFUBXXPJMQ-UHFFFAOYSA-N,YAWIAFUBXXPJMQ,YAWIAFUBXXPJMQ,YAWIAFUBXXPJMQ,YAWIAFUBXXPJMQ,-3.094814183963434,298.15,mol m^-3 Pa^-1,1 M ideal gas to 1 M ideal-dilute aqueous,negative is favorable hydration,15,328.003,3,2,SANDER-41616;SANDER-41617;SANDER-41618,2564;2496,10.1021/JE050308B,True,False,True,False,False,False,False,False,False,False,False,False,False,False,False,False,False,False,False,False,False,True,True,,Brc1ccc(Oc2ccc(Br)cc2)cc1,-3.094814183963434,-4.028035868606707,-4.375613756613755,0.9332216846432724,1.280799572650321,0.9332216846432724,1.280799572650321,False,0.5714285714285714,Brc1ccc(Br)cc1
YGHRJJRRZDOVPD,3-methylbutanal,CC(C)CC=O,CC(C)CC=O,YGHRJJRRZDOVPD-UHFFFAOYSA-N,YGHRJJRRZDOVPD,YGHRJJRRZDOVPD,YGHRJJRRZDOVPD,YGHRJJRRZDOVPD,-2.381271697509173,298.15,mol m^-3 Pa^-1,1 M ideal gas to 1 M ideal-dilute aqueous,negative is favorable hydration,6,86.13399999999999,4,4,SANDER-14323;SANDER-14324;SANDER-14325;SANDER-14326;SANDER-14327,3215;3032;1923;2387,10.1016/J.IJMS.2015.07.015;10.1016/J.CHROMA.2014.03.040;10.1016/S1387-3806(03)00197-0;10.1111/J.1365-2621.1968.TB03659.X,True,False,True,False,False,False,False,False,False,True,True,False,False,False,False,True,True,False,False,False,True,True,False,,CC(C)CC=O,-2.381271697509173,-3.030941380070541,-3.036816049382716,0.6496696825613681,0.6555443518735431,0.6496696825613681,0.6555443518735431,False,0.4444444444444444,C=CCC(C)C
YGYAWVDWMABLBF,phosgene,O=C(Cl)Cl,O=C(Cl)Cl,YGYAWVDWMABLBF-UHFFFAOYSA-N,YGYAWVDWMABLBF,YGYAWVDWMABLBF,YGYAWVDWMABLBF,YGYAWVDWMABLBF,-0.2673234667648203,298.15,mol m^-3 Pa^-1,1 M ideal gas to 1 M ideal-dilute aqueous,negative is favorable hydration,4,98.916,2,2,SANDER-37500;SANDER-37501,1125;1992,10.1021/ES00005A007;10.1002/AIC.690060329,True,False,True,False,False,False,False,False,False,False,False,False,False,False,False,True,True,False,False,False,True,True,False,,O=C(Cl)Cl,-0.2673234667648203,-2.9247031746031724,-1.0040162235449743,2.657379707838352,0.736692756780154,2.657379707838352,0.736692756780154,True,0.375,ClC(Cl)=C(Cl)Cl
YJEMGEBDXDPBSP,2-bromo-4-chloro-1-methoxybenzene,COc1ccc(Cl)cc1Br,COc1ccc(Cl)cc1Br,YJEMGEBDXDPBSP-UHFFFAOYSA-N,YJEMGEBDXDPBSP,YJEMGEBDXDPBSP,YJEMGEBDXDPBSP,YJEMGEBDXDPBSP,-2.250382069501203,298.15,mol m^-3 Pa^-1,1 M ideal gas to 1 M ideal-dilute aqueous,negative is favorable hydration,10,221.481,1,1,SANDER-42139,1524,10.1007/S002160101077,True,False,True,False,False,False,False,False,False,False,False,False,False,False,False,False,False,False,False,False,False,True,True,,COc1ccc(Cl)cc1Br,-2.250382069501203,-2.988478119488535,-2.96165576499118,0.7380960499873317,0.711273695489977,0.7380960499873317,0.711273695489977,True,0.36666666666666664,COc1cc(Cl)c(Cl)c(Cl)c1Cl
YKQOTQPNOJSJFA,PFBHA-2-pentanone,CCCC(C)=NOCc1c(F)c(F)c(F)c(F)c1F,CCCC(C)=NOCc1c(F)c(F)c(F)c(F)c1F,YKQOTQPNOJSJFA-UHFFFAOYSA-N,YKQOTQPNOJSJFA,YKQOTQPNOJSJFA,YKQOTQPNOJSJFA,YKQOTQPNOJSJFA,-1.3130478087293145,298.15,mol m^-3 Pa^-1,1 M ideal gas to 1 M ideal-dilute aqueous,negative is favorable hydration,19,281.224,1,1,SANDER-32465,2497,10.1021/JE025545I,True,False,True,False,False,False,False,False,False,False,False,False,False,False,False,False,False,False,False,False,False,True,True,,CCCC(C)=NOCc1c(F)c(F)c(F)c(F)c1F,-1.3130478087293145,-4.765304960317461,-3.4594121604938266,3.452257151588146,2.146364351764512,3.452257151588146,2.146364351764512,True,0.25,C=C(C)CCC
YORCIIVHUBAYBQ,3-bromo-1-propyne,C#CCBr,C#CCBr,YORCIIVHUBAYBQ-UHFFFAOYSA-N,YORCIIVHUBAYBQ,YORCIIVHUBAYBQ,YORCIIVHUBAYBQ,YORCIIVHUBAYBQ,-1.826387968213476,298.15,mol m^-3 Pa^-1,1 M ideal gas to 1 M ideal-dilute aqueous,negative is favorable hydration,4,118.96099999999998,1,1,SANDER-41182,1330,10.1021/JF9707849,True,False,True,False,False,False,False,True,True,True,True,False,False,False,False,False,False,True,True,False,True,True,False,,C#CCBr,-1.826387968213476,-0.9193376719576717,-1.1227074519400349,-0.9070502962558044,-0.7036805162734412,0.9070502962558044,0.7036805162734412,True,0.38461538461538464,C#CCC
YRGAYAGBVIXNAQ,1-chloro-4-methoxybenzene,COc1ccc(Cl)cc1,COc1ccc(Cl)cc1,YRGAYAGBVIXNAQ-UHFFFAOYSA-N,YRGAYAGBVIXNAQ,YRGAYAGBVIXNAQ,YRGAYAGBVIXNAQ,YRGAYAGBVIXNAQ,-2.943631676789209,298.15,mol m^-3 Pa^-1,1 M ideal gas to 1 M ideal-dilute aqueous,negative is favorable hydration,9,142.58499999999998,1,1,SANDER-38157,1524,10.1007/S002160101077,True,False,True,False,False,False,False,True,True,True,True,False,False,False,False,True,True,False,False,False,True,True,False,,COc1ccc(Cl)cc1,-2.943631676789209,-2.6504612985008804,-2.7720260912698405,-0.2931703782883286,-0.17160558551936855,0.2931703782883286,0.17160558551936855,True,0.5238095238095238,COc1ccc(N)cc1
YSVAURKXNCNUNS,"4-bromo-2,3,5,6-tetrachloro-1-methoxybenzene",COc1c(Cl)c(Cl)c(Br)c(Cl)c1Cl,COc1c(Cl)c(Cl)c(Br)c(Cl)c1Cl,YSVAURKXNCNUNS-UHFFFAOYSA-N,YSVAURKXNCNUNS,YSVAURKXNCNUNS,YSVAURKXNCNUNS,YSVAURKXNCNUNS,-1.852724968524944,298.15,mol m^-3 Pa^-1,1 M ideal gas to 1 M ideal-dilute aqueous,negative is favorable hydration,13,324.81600000000003,1,1,SANDER-42159,1524,10.1007/S002160101077,True,False,True,False,False,False,False,False,False,False,False,False,False,False,False,False,False,False,False,False,False,True,True,,COc1c(Cl)c(Cl)c(Br)c(Cl)c1Cl,-1.852724968524944,-2.9016400793650767,-3.257829651675483,1.0489151108401327,1.405104683150539,1.0489151108401327,1.405104683150539,False,0.3333333333333333,COc1c(O)c(OC)c(Cl)c(C=O)c1Cl
YUKILTJWFRTXGB,1-chloro-3-methoxybenzene,COc1cccc(Cl)c1,COc1cccc(Cl)c1,YUKILTJWFRTXGB-UHFFFAOYSA-N,YUKILTJWFRTXGB,YUKILTJWFRTXGB,YUKILTJWFRTXGB,YUKILTJWFRTXGB,-2.793270537698849,298.15,mol m^-3 Pa^-1,1 M ideal gas to 1 M ideal-dilute aqueous,negative is favorable hydration,9,142.58499999999998,1,1,SANDER-38156,1524,10.1007/S002160101077,True,False,True,False,False,False,False,False,False,True,True,False,False,False,False,True,True,False,False,False,True,True,False,,COc1cccc(Cl)c1,-2.793270537698849,-2.548712070105818,-2.8464739969135793,-0.24455846759303101,0.05320345921473013,0.24455846759303101,0.05320345921473013,True,0.5384615384615384,COc1cccc(O)c1
YXMNEYKMHSBVTD,2-nitrooxy-1-butanol,CCC(CO)O[N+](=O)[O-],CCC(CO)O[N+](=O)[O-],YXMNEYKMHSBVTD-UHFFFAOYSA-N,YXMNEYKMHSBVTD,YXMNEYKMHSBVTD,YXMNEYKMHSBVTD,YXMNEYKMHSBVTD,-7.046500910381195,298.15,mol m^-3 Pa^-1,1 M ideal gas to 1 M ideal-dilute aqueous,negative is favorable hydration,9,135.119,1,1,SANDER-27610;SANDER-27611,548,10.1021/ES960538Y,True,False,True,False,False,False,False,False,False,False,False,False,False,False,False,False,False,False,False,False,False,True,True,,CCC(CO)O[N+](=O)[O-],-7.046500910381195,-7.765641743827164,-6.923610791446208,0.7191408334459686,-0.12289011893498714,0.7191408334459686,0.12289011893498714,True,0.5185185185185185,CC[C@H](C)O[N+](=O)[O-]
YXWWHNCQZBVZPV,2′-methylacetophenone,CC(=O)c1ccccc1C,CC(=O)c1ccccc1C,YXWWHNCQZBVZPV-UHFFFAOYSA-N,YXWWHNCQZBVZPV,YXWWHNCQZBVZPV,YXWWHNCQZBVZPV,YXWWHNCQZBVZPV,-4.468021642247516,298.15,mol m^-3 Pa^-1,1 M ideal gas to 1 M ideal-dilute aqueous,negative is favorable hydration,10,134.178,1,1,SANDER-16084,3724,10.1021/JE700612B,True,False,True,False,False,False,False,True,True,True,True,False,False,False,False,True,True,False,False,False,True,True,False,,CC(=O)c1ccccc1C,-4.468021642247516,-4.800991512345684,-4.668688370811285,0.33296987009816803,0.20066672856376933,0.33296987009816803,0.20066672856376933,True,0.6521739130434783,Cc1ccccc1C(=O)O
YYZUSRORWSJGET,ethyl octanoate,CCCCCCCC(=O)OCC,CCCCCCCC(=O)OCC,YYZUSRORWSJGET-UHFFFAOYSA-N,YYZUSRORWSJGET,YYZUSRORWSJGET,YYZUSRORWSJGET,YYZUSRORWSJGET,-1.9585971639928248,298.15,mol m^-3 Pa^-1,1 M ideal gas to 1 M ideal-dilute aqueous,negative is favorable hydration,12,172.26799999999997,1,1,SANDER-21194,2371,10.1016/J.IJMS.2006.10.016,True,False,True,False,False,False,False,True,True,True,True,False,False,False,False,False,False,False,False,False,True,True,False,,CCCCCCCC(=O)OCC,-1.9585971639928248,-2.568818364197525,-2.6050759259259233,0.6102212002047,0.6464787619330985,0.6102212002047,0.6464787619330985,False,1.0,CCCCCCCCCCCCCC(=O)OCC
YZMXEWDTXSTFIJ,"2,4-dibromo-3,5-dichloro-1-methoxybenzene",COc1cc(Cl)c(Br)c(Cl)c1Br,COc1cc(Cl)c(Br)c(Cl)c1Br,YZMXEWDTXSTFIJ-UHFFFAOYSA-N,YZMXEWDTXSTFIJ,YZMXEWDTXSTFIJ,YZMXEWDTXSTFIJ,YZMXEWDTXSTFIJ,-1.846249658720261,298.15,mol m^-3 Pa^-1,1 M ideal gas to 1 M ideal-dilute aqueous,negative is favorable hydration,12,334.822,1,1,SANDER-42165,1524,10.1007/S002160101077,True,False,True,False,False,False,False,False,False,False,False,False,False,False,False,False,False,False,False,False,False,True,True,,COc1cc(Cl)c(Br)c(Cl)c1Br,-1.846249658720261,-2.8334607583774223,-3.4108341269841262,0.9872110996571613,1.5645844682638652,0.9872110996571613,1.5645844682638652,False,0.5185185185185185,COc1cc(Cl)c(Cl)c(Cl)c1Cl
ZENOXNGFMSCLLL,vanillyl alcohol,COc1cc(CO)ccc1O,COc1cc(CO)ccc1O,ZENOXNGFMSCLLL-UHFFFAOYSA-N,ZENOXNGFMSCLLL,ZENOXNGFMSCLLL,ZENOXNGFMSCLLL,ZENOXNGFMSCLLL,-11.42766999077337,298.15,mol m^-3 Pa^-1,1 M ideal gas to 1 M ideal-dilute aqueous,negative is favorable hydration,11,154.165,1,1,SANDER-24456,3723,10.1021/ACS.EST.9B06443,True,False,True,False,False,False,False,False,False,False,False,False,False,False,False,False,False,False,False,False,False,True,True,,COc1cc(CO)ccc1O,-11.42766999077337,-11.680332870370371,-11.275020833333334,0.2526628795970005,-0.15264915744003638,0.2526628795970005,0.15264915744003638,True,0.6666666666666666,CCCc1ccc(O)c(OC)c1
ZLIBICFPKPWGIZ,pyrimethanil,Cc1cc(C)nc(Nc2ccccc2)n1,Cc1cc(C)nc(Nc2ccccc2)n1,ZLIBICFPKPWGIZ-UHFFFAOYSA-N,ZLIBICFPKPWGIZ,ZLIBICFPKPWGIZ,ZLIBICFPKPWGIZ,ZLIBICFPKPWGIZ,-8.084183894106772,298.15,mol m^-3 Pa^-1,1 M ideal gas to 1 M ideal-dilute aqueous,negative is favorable hydration,15,199.25700000000003,1,1,SANDER-26189,3506,10.26502/JESPH.96120124,True,False,True,False,False,False,False,False,False,True,True,False,False,False,False,False,False,False,False,False,True,True,False,,Cc1cc(C)nc(Nc2ccccc2)n1,-8.084183894106772,-10.22744598765432,-9.189759611992947,2.1432620935475484,1.1055757178861754,2.1432620935475484,1.1055757178861754,True,0.37037037037037035,CNc1ccccc1
ZNOLGFHPUIJIMJ,fenitrothion,COP(=S)(OC)Oc1ccc([N+](=O)[O-])c(C)c1,COP(=S)(OC)Oc1ccc([N+](=O)[O-])c(C)c1,ZNOLGFHPUIJIMJ-UHFFFAOYSA-N,ZNOLGFHPUIJIMJ,ZNOLGFHPUIJIMJ,ZNOLGFHPUIJIMJ,ZNOLGFHPUIJIMJ,-6.6500280506858855,298.15,mol m^-3 Pa^-1,1 M ideal gas to 1 M ideal-dilute aqueous,negative is favorable hydration,17,277.238,2,2,SANDER-44782;SANDER-44783,2538;2454,10.1584/JPESTICS.18.3_201;10.1016/0045-6535(80)90086-7,True,False,True,False,False,False,False,False,False,True,True,False,False,False,False,False,False,False,False,False,True,True,False,,COP(=S)(OC)Oc1ccc([N+](=O)[O-])c(C)c1,-6.6500280506858855,-7.2941057098765505,-7.576113734567907,0.644077659190665,0.9260856838820217,0.644077659190665,0.9260856838820217,False,0.6052631578947368,COP(=S)(OC)Oc1ccc([N+](=O)[O-])cc1
ZOASGOXWEHUTKZ,methyl propyl sulfide,CCCSC,CCCSC,ZOASGOXWEHUTKZ-UHFFFAOYSA-N,ZOASGOXWEHUTKZ,ZOASGOXWEHUTKZ,ZOASGOXWEHUTKZ,ZOASGOXWEHUTKZ,-1.402087752245875,298.15,mol m^-3 Pa^-1,1 M ideal gas to 1 M ideal-dilute aqueous,negative is favorable hydration,5,90.191,1,1,SANDER-42927,3669,10.1111/J.1365-2621.1980.TB00916.X,True,False,True,False,False,False,False,True,True,True,True,False,False,False,False,True,True,False,False,False,True,True,False,,CCCSC,-1.402087752245875,-1.414914142416225,-1.3824485956790111,0.012826390170350033,-0.01963915656686388,0.012826390170350033,0.01963915656686388,False,0.5,CCCSCCC
ZOKXUAHZSKEQSS,"S,S,S-tributyl phosphorotrithioate",CCCCSP(=O)(SCCCC)SCCCC,CCCCSP(=O)(SCCCC)SCCCC,ZOKXUAHZSKEQSS-UHFFFAOYSA-N,ZOKXUAHZSKEQSS,ZOKXUAHZSKEQSS,ZOKXUAHZSKEQSS,ZOKXUAHZSKEQSS,-6.719936881072535,298.15,mol m^-3 Pa^-1,1 M ideal gas to 1 M ideal-dilute aqueous,negative is favorable hydration,17,314.5220000000001,1,1,SANDER-44726,1144,10.1002/ETC.5620090606,True,False,True,False,False,False,False,False,False,False,False,False,False,False,False,False,False,False,False,False,False,True,True,,CCCCSP(=O)(SCCCC)SCCCC,-6.719936881072535,-6.524418375220456,-6.86834314373898,-0.1955185058520783,0.14840626266644552,0.1955185058520783,0.14840626266644552,True,0.6363636363636364,CCCCSP(=O)(O)SCCCC
ZOWSJJBOQDKOHI,"2,2,2-trifluoroethyl ethanoate",CC(=O)OCC(F)(F)F,CC(=O)OCC(F)(F)F,ZOWSJJBOQDKOHI-UHFFFAOYSA-N,ZOWSJJBOQDKOHI,ZOWSJJBOQDKOHI,ZOWSJJBOQDKOHI,ZOWSJJBOQDKOHI,-1.5690803179488944,298.15,mol m^-3 Pa^-1,1 M ideal gas to 1 M ideal-dilute aqueous,negative is favorable hydration,9,142.07600000000002,1,1,SANDER-32147,2803,10.1016/J.ATMOSENV.2003.10.019,True,False,True,False,False,False,False,False,False,False,False,False,False,False,False,True,True,False,False,False,True,True,False,,CC(=O)OCC(F)(F)F,-1.5690803179488944,-1.87500987654321,-1.9461609347442679,0.3059295585943156,0.3770806167953735,0.3059295585943156,0.3770806167953735,False,0.47619047619047616,CC(=O)OCCOC(C)=O
ZUXVGCIQOSXRJN,"3-bromo-2,5,6-trichloro-1-methoxybenzene",COc1c(Cl)c(Cl)cc(Br)c1Cl,COc1c(Cl)c(Cl)cc(Br)c1Cl,ZUXVGCIQOSXRJN-UHFFFAOYSA-N,ZUXVGCIQOSXRJN,ZUXVGCIQOSXRJN,ZUXVGCIQOSXRJN,ZUXVGCIQOSXRJN,-1.9021273169042503,298.15,mol m^-3 Pa^-1,1 M ideal gas to 1 M ideal-dilute aqueous,negative is favorable hydration,12,290.371,1,1,SANDER-42156,1524,10.1007/S002160101077,True,False,True,False,False,False,False,False,False,False,False,False,False,False,False,False,False,False,False,False,False,True,True,,COc1c(Cl)c(Cl)cc(Br)c1Cl,-1.9021273169042503,-2.9759742504409146,-3.2000328703703684,1.0738469335366643,1.2979055534661181,1.0738469335366643,1.2979055534661181,False,0.41379310344827586,COc1cc(Cl)c(Cl)c(Cl)c1Cl
ZVJHJDDKYZXRJI,1-pyrroline,C1=NCCC1,C1=NCCC1,ZVJHJDDKYZXRJI-UHFFFAOYSA-N,ZVJHJDDKYZXRJI,ZVJHJDDKYZXRJI,ZVJHJDDKYZXRJI,ZVJHJDDKYZXRJI,-4.9090914196116735,298.15,mol m^-3 Pa^-1,1 M ideal gas to 1 M ideal-dilute aqueous,negative is favorable hydration,5,69.107,1,1,SANDER-25772,2388,10.1093/CHEMSE/3.1.57,True,False,True,False,False,False,False,False,False,False,False,False,False,False,False,True,True,False,False,False,True,True,False,,C1=NCCC1,-4.9090914196116735,-4.025557550705464,-4.665891534391533,-0.8835338689062091,-0.24319988522014047,0.8835338689062091,0.24319988522014047,True,0.25,C1=CCCCC1
