pool,pool_index,molecule_id,connectivity_key,canonical_smiles,primary_family,scaffold_key,butina_cluster_0_70
benchmark,0,LVZWSLJZHVFIQJ-UHFFFAOYSA-N,LVZWSLJZHVFIQJ,C1CC1,saturated_hydrocarbon,C1CC1,13
benchmark,1,RGSFGYAAUTVSQA-UHFFFAOYSA-N,RGSFGYAAUTVSQA,C1CCCC1,saturated_hydrocarbon,C1CCCC1,13
benchmark,2,XDTMQSROBMDMFD-UHFFFAOYSA-N,XDTMQSROBMDMFD,C1CCCCC1,saturated_hydrocarbon,C1CCCCC1,13
benchmark,3,DMEGYFMYUHOHGS-UHFFFAOYSA-N,DMEGYFMYUHOHGS,C1CCCCCC1,saturated_hydrocarbon,C1CCCCCC1,13
benchmark,4,NNPPMTNAJDCUHE-UHFFFAOYSA-N,NNPPMTNAJDCUHE,CC(C)C,saturated_hydrocarbon,ACYCLIC::saturated_hydrocarbon,591
benchmark,5,CRSOQBOWXPBRES-UHFFFAOYSA-N,CRSOQBOWXPBRES,CC(C)(C)C,saturated_hydrocarbon,ACYCLIC::saturated_hydrocarbon,990
benchmark,6,VNWKTOKETHGBQD-UHFFFAOYSA-N,VNWKTOKETHGBQD,C,saturated_hydrocarbon,ACYCLIC::saturated_hydrocarbon,295
benchmark,7,OTMSDBZUPAUEDD-UHFFFAOYSA-N,OTMSDBZUPAUEDD,CC,saturated_hydrocarbon,ACYCLIC::saturated_hydrocarbon,554
benchmark,8,ATUOYWHBWRKTHZ-UHFFFAOYSA-N,ATUOYWHBWRKTHZ,CCC,saturated_hydrocarbon,ACYCLIC::saturated_hydrocarbon,1066
benchmark,9,IJDNQMDRQITEOD-UHFFFAOYSA-N,IJDNQMDRQITEOD,CCCC,saturated_hydrocarbon,ACYCLIC::saturated_hydrocarbon,790
benchmark,10,OFBQJSOFQDEBGM-UHFFFAOYSA-N,OFBQJSOFQDEBGM,CCCCC,saturated_hydrocarbon,ACYCLIC::saturated_hydrocarbon,1
benchmark,11,VLKZOEOYAKHREP-UHFFFAOYSA-N,VLKZOEOYAKHREP,CCCCCC,saturated_hydrocarbon,ACYCLIC::saturated_hydrocarbon,1
benchmark,12,TVMXDCGIABBOFY-UHFFFAOYSA-N,TVMXDCGIABBOFY,CCCCCCCC,saturated_hydrocarbon,ACYCLIC::saturated_hydrocarbon,1
benchmark,13,VGGSQFUCUMXWEO-UHFFFAOYSA-N,VGGSQFUCUMXWEO,C=C,alkene_or_diene,ACYCLIC::alkene_or_diene,307
benchmark,14,QQONPFPTGQHPMA-UHFFFAOYSA-N,QQONPFPTGQHPMA,C=CC,alkene_or_diene,ACYCLIC::alkene_or_diene,475
benchmark,15,KAKZBPTYRLMSJV-UHFFFAOYSA-N,KAKZBPTYRLMSJV,C=CC=C,alkene_or_diene,ACYCLIC::alkene_or_diene,726
benchmark,16,VXNZUUAINFGPBY-UHFFFAOYSA-N,VXNZUUAINFGPBY,C=CCC,alkene_or_diene,ACYCLIC::alkene_or_diene,288
benchmark,17,YWAKXRMUMFPDSH-UHFFFAOYSA-N,YWAKXRMUMFPDSH,C=CCCC,alkene_or_diene,ACYCLIC::alkene_or_diene,151
benchmark,18,BAVYZALUXZFZLV-UHFFFAOYSA-N,BAVYZALUXZFZLV,CN,amine,ACYCLIC::amine,1056
benchmark,19,ROSDSFDQCJNGOL-UHFFFAOYSA-N,ROSDSFDQCJNGOL,CNC,amine,ACYCLIC::amine,425
benchmark,20,GETQZCLCWQTVFV-UHFFFAOYSA-N,GETQZCLCWQTVFV,CN(C)C,amine,ACYCLIC::amine,884
benchmark,21,HQABUPZFAYXKJW-UHFFFAOYSA-N,HQABUPZFAYXKJW,CCCCN,amine,ACYCLIC::amine,9
benchmark,22,QUSNBJAOOMFDIB-UHFFFAOYSA-N,QUSNBJAOOMFDIB,CCN,amine,ACYCLIC::amine,466
benchmark,23,LCGLNKUTAGEVQW-UHFFFAOYSA-N,LCGLNKUTAGEVQW,COC,ether,ACYCLIC::ether,677
benchmark,24,RTZKZFJDLAIYFH-UHFFFAOYSA-N,RTZKZFJDLAIYFH,CCOCC,ether,ACYCLIC::ether,415
benchmark,25,XTHFKEDIFFGKHM-UHFFFAOYSA-N,XTHFKEDIFFGKHM,COCCOC,ether,ACYCLIC::ether,203
benchmark,26,VNKYTQGIUYNRMY-UHFFFAOYSA-N,VNKYTQGIUYNRMY,CCCOC,ether,ACYCLIC::ether,296
benchmark,27,IKHGUXGNUITLKF-UHFFFAOYSA-N,IKHGUXGNUITLKF,CC=O,aldehyde,ACYCLIC::aldehyde,787
benchmark,28,NBBJYMSMWIIQGU-UHFFFAOYSA-N,NBBJYMSMWIIQGU,CCC=O,aldehyde,ACYCLIC::aldehyde,610
benchmark,29,ZTQSAGDEMFDKMZ-UHFFFAOYSA-N,ZTQSAGDEMFDKMZ,CCCC=O,aldehyde,ACYCLIC::aldehyde,112
benchmark,30,CSCPPACGZOOCGX-UHFFFAOYSA-N,CSCPPACGZOOCGX,CC(C)=O,ketone,ACYCLIC::ketone,989
benchmark,31,ZWEHNKRNPOVVGH-UHFFFAOYSA-N,ZWEHNKRNPOVVGH,CCC(C)=O,ketone,ACYCLIC::ketone,108
benchmark,32,XNLICIUVMPYHGG-UHFFFAOYSA-N,XNLICIUVMPYHGG,CCCC(C)=O,ketone,ACYCLIC::ketone,218
benchmark,33,FDPIMTJIUBPUKL-UHFFFAOYSA-N,FDPIMTJIUBPUKL,CCC(=O)CC,ketone,ACYCLIC::ketone,920
benchmark,34,QQZOPKMRPOGIEB-UHFFFAOYSA-N,QQZOPKMRPOGIEB,CCCCC(C)=O,ketone,ACYCLIC::ketone,7
benchmark,35,QTBSBXVTEAMEQO-UHFFFAOYSA-N,QTBSBXVTEAMEQO,CC(=O)O,carboxylic_acid,ACYCLIC::carboxylic_acid,470
benchmark,36,XBDQKXXYIPTUBI-UHFFFAOYSA-N,XBDQKXXYIPTUBI,CCC(=O)O,carboxylic_acid,ACYCLIC::carboxylic_acid,236
benchmark,37,FERIUCNNQQJTOY-UHFFFAOYSA-N,FERIUCNNQQJTOY,CCCC(=O)O,carboxylic_acid,ACYCLIC::carboxylic_acid,919
benchmark,38,UHOVQNZJYSORNB-UHFFFAOYSA-N,UHOVQNZJYSORNB,c1ccccc1,carbocyclic_aromatic,c1ccccc1,333
benchmark,39,UFWIBTONFRDIAS-UHFFFAOYSA-N,UFWIBTONFRDIAS,c1ccc2ccccc2c1,carbocyclic_aromatic,c1ccc2ccccc2c1,337
benchmark,40,MWPLVEDNUUSJAV-UHFFFAOYSA-N,MWPLVEDNUUSJAV,c1ccc2cc3ccccc3cc2c1,carbocyclic_aromatic,c1ccc2cc3ccccc3cc2c1,90
benchmark,41,IFLREYGFSNHWGE-UHFFFAOYSA-N,IFLREYGFSNHWGE,c1ccc2cc3cc4ccccc4cc3cc2c1,carbocyclic_aromatic,c1ccc2cc3cc4ccccc4cc3cc2c1,90
benchmark,42,BBEAQIROQSPTKN-UHFFFAOYSA-N,BBEAQIROQSPTKN,c1cc2ccc3cccc4ccc(c1)c2c34,carbocyclic_aromatic,c1cc2ccc3cccc4ccc(c1)c2c34,1053
benchmark,43,YNPNZTXNASCQKK-UHFFFAOYSA-N,YNPNZTXNASCQKK,c1ccc2c(c1)ccc1ccccc12,carbocyclic_aromatic,c1ccc2c(c1)ccc1ccccc12,51
benchmark,44,ZUOUZKKEUPVFJK-UHFFFAOYSA-N,ZUOUZKKEUPVFJK,c1ccc(-c2ccccc2)cc1,carbocyclic_aromatic,c1ccc(-c2ccccc2)cc1,110
benchmark,45,YXFVVABEGXRONW-UHFFFAOYSA-N,YXFVVABEGXRONW,Cc1ccccc1,carbocyclic_aromatic,c1ccccc1,148
benchmark,46,ISWSIDIOOBJBQZ-UHFFFAOYSA-N,ISWSIDIOOBJBQZ,Oc1ccccc1,alcohol_or_phenol,c1ccccc1,772
benchmark,47,IWDCLRJOBJJRNH-UHFFFAOYSA-N,IWDCLRJOBJJRNH,Cc1ccc(O)cc1,alcohol_or_phenol,c1ccccc1,767
benchmark,48,RLSSMJSEOOYNOY-UHFFFAOYSA-N,RLSSMJSEOOYNOY,Cc1cccc(O)c1,alcohol_or_phenol,c1ccccc1,431
benchmark,49,QWVGKYWNOKOFNN-UHFFFAOYSA-N,QWVGKYWNOKOFNN,Cc1ccccc1O,alcohol_or_phenol,c1ccccc1,459
benchmark,50,XLYOFNOQVPJJNP-UHFFFAOYSA-N,XLYOFNOQVPJJNP,O,other,ACYCLIC::other,221
benchmark,51,OKKJLVBELUTLKV-UHFFFAOYSA-N,OKKJLVBELUTLKV,CO,alcohol_or_phenol,ACYCLIC::alcohol_or_phenol,563
benchmark,52,LFQSCWFLJHTTHZ-UHFFFAOYSA-N,LFQSCWFLJHTTHZ,CCO,alcohol_or_phenol,ACYCLIC::alcohol_or_phenol,671
benchmark,53,BDERNNFJNOPAEC-UHFFFAOYSA-N,BDERNNFJNOPAEC,CCCO,alcohol_or_phenol,ACYCLIC::alcohol_or_phenol,1046
benchmark,54,KFZMGEQAYNKOFK-UHFFFAOYSA-N,KFZMGEQAYNKOFK,CC(C)O,alcohol_or_phenol,ACYCLIC::alcohol_or_phenol,716
benchmark,55,LRHPLDYGYMQRHN-UHFFFAOYSA-N,LRHPLDYGYMQRHN,CCCCO,alcohol_or_phenol,ACYCLIC::alcohol_or_phenol,3
benchmark,56,BTANRVKWQNVYAZ-UHFFFAOYSA-N,BTANRVKWQNVYAZ,CCC(C)O,alcohol_or_phenol,ACYCLIC::alcohol_or_phenol,1019
benchmark,57,DKGAVHZHDRPRBM-UHFFFAOYSA-N,DKGAVHZHDRPRBM,CC(C)(C)O,alcohol_or_phenol,ACYCLIC::alcohol_or_phenol,949
benchmark,58,AMQJEAYHLZJPGS-UHFFFAOYSA-N,AMQJEAYHLZJPGS,CCCCCO,alcohol_or_phenol,ACYCLIC::alcohol_or_phenol,3
benchmark,59,MSXVEPNJUHWQHW-UHFFFAOYSA-N,MSXVEPNJUHWQHW,CCC(C)(C)O,alcohol_or_phenol,ACYCLIC::alcohol_or_phenol,622
benchmark,60,JYVLIDXNZAXMDK-UHFFFAOYSA-N,JYVLIDXNZAXMDK,CCCC(C)O,alcohol_or_phenol,ACYCLIC::alcohol_or_phenol,731
benchmark,61,AQIXEPGDORPWBJ-UHFFFAOYSA-N,AQIXEPGDORPWBJ,CCC(O)CC,alcohol_or_phenol,ACYCLIC::alcohol_or_phenol,1073
benchmark,62,HPXRVTGHNJAIIH-UHFFFAOYSA-N,HPXRVTGHNJAIIH,OC1CCCCC1,alcohol_or_phenol,C1CCCCC1,22
benchmark,63,KBPLFHHGFOOTCA-UHFFFAOYSA-N,KBPLFHHGFOOTCA,CCCCCCCCO,alcohol_or_phenol,ACYCLIC::alcohol_or_phenol,3
benchmark,64,XEKOWRVHYACXOJ-UHFFFAOYSA-N,XEKOWRVHYACXOJ,CCOC(C)=O,ester,ACYCLIC::ester,230
benchmark,65,RJUFJBKOKNCXHH-UHFFFAOYSA-N,RJUFJBKOKNCXHH,CCC(=O)OC,ester,ACYCLIC::ester,436
benchmark,66,YKYONYBAUNKHLG-UHFFFAOYSA-N,YKYONYBAUNKHLG,CCCOC(C)=O,ester,ACYCLIC::ester,52
benchmark,67,DKPFZGUDAPQIHT-UHFFFAOYSA-N,DKPFZGUDAPQIHT,CCCCOC(C)=O,ester,ACYCLIC::ester,18
benchmark,68,DLFVBJFMPXGRIB-UHFFFAOYSA-N,DLFVBJFMPXGRIB,CC(N)=O,amide,ACYCLIC::amide,946
benchmark,69,OHLUUHNLEMFGTQ-UHFFFAOYSA-N,OHLUUHNLEMFGTQ,CNC(C)=O,amide,ACYCLIC::amide,569
benchmark,70,FXHOOIRPVKKKFG-UHFFFAOYSA-N,FXHOOIRPVKKKFG,CC(=O)N(C)C,amide,ACYCLIC::amide,895
benchmark,71,QLNJFJADRCOGBJ-UHFFFAOYSA-N,QLNJFJADRCOGBJ,CCC(N)=O,amide,ACYCLIC::amide,483
benchmark,72,LSDPWZHWYPCBBB-UHFFFAOYSA-N,LSDPWZHWYPCBBB,CS,thiol,ACYCLIC::thiol,651
benchmark,73,DNJIEGIFACGWOD-UHFFFAOYSA-N,DNJIEGIFACGWOD,CCS,thiol,ACYCLIC::thiol,942
benchmark,74,SUVIGLJNEAMWEG-UHFFFAOYSA-N,SUVIGLJNEAMWEG,CCCS,thiol,ACYCLIC::thiol,364
benchmark,75,WQAQPCDUOCURKW-UHFFFAOYSA-N,WQAQPCDUOCURKW,CCCCS,thiol,ACYCLIC::thiol,262
benchmark,76,QMMFVYPAHWMCMS-UHFFFAOYSA-N,QMMFVYPAHWMCMS,CSC,sulfide_or_disulfide,ACYCLIC::sulfide_or_disulfide,481
benchmark,77,LJSQFQKUNVCTIA-UHFFFAOYSA-N,LJSQFQKUNVCTIA,CCSCC,sulfide_or_disulfide,ACYCLIC::sulfide_or_disulfide,666
benchmark,78,WXEHBUMAEPOYKP-UHFFFAOYSA-N,WXEHBUMAEPOYKP,CCSC,sulfide_or_disulfide,ACYCLIC::sulfide_or_disulfide,242
benchmark,79,WQOXQRCZOLPYPM-UHFFFAOYSA-N,WQOXQRCZOLPYPM,CSSC,sulfide_or_disulfide,ACYCLIC::sulfide_or_disulfide,261
benchmark,80,ZFRKQXVRDFCRJG-UHFFFAOYSA-N,ZFRKQXVRDFCRJG,Cc1c[nH]c2ccccc12,aromatic_heterocycle,c1ccc2[nH]ccc2c1,134
benchmark,81,PAYRUJLWNCNPSJ-UHFFFAOYSA-N,PAYRUJLWNCNPSJ,Nc1ccccc1,amine,c1ccccc1,543
benchmark,82,RAXXELZNTBOGNW-UHFFFAOYSA-N,RAXXELZNTBOGNW,c1c[nH]cn1,aromatic_heterocycle,c1c[nH]cn1,451
benchmark,83,KAESVJOAVNADME-UHFFFAOYSA-N,KAESVJOAVNADME,c1cc[nH]c1,aromatic_heterocycle,c1cc[nH]c1,727
benchmark,84,JUJWROOIHBZHMG-UHFFFAOYSA-N,JUJWROOIHBZHMG,c1ccncc1,aromatic_heterocycle,c1ccncc1,738
public,0,AAOVKJBEBIDNHE-UHFFFAOYSA-N,AAOVKJBEBIDNHE,CN1C(=O)CN=C(c2ccccc2)c2cc(Cl)ccc21,amide,O=C1CN=C(c2ccccc2)c2ccccc2N1,1093
public,1,ABDKAPXRBAPSQN-UHFFFAOYSA-N,ABDKAPXRBAPSQN,COc1ccccc1OC,ether,c1ccccc1,1092
public,2,ABVVEAHYODGCLZ-UHFFFAOYSA-N,ABVVEAHYODGCLZ,CCCCCCCCCCCCCN,amine,ACYCLIC::amine,9
public,3,ACKALUBLCWJVNB-UHFFFAOYSA-N,ACKALUBLCWJVNB,CC(=O)OC(C)OC(C)=O,ester,ACYCLIC::ester,1091
public,4,ADIDQIZBYUABQK-UHFFFAOYSA-N,ADIDQIZBYUABQK,C=C(C)C1CCC(C)C2=C(C1)C(C)CC2,alkene_or_diene,C1CCC2=C(CC1)CCC2,1090
public,5,AEXMKKGTQYQZCS-UHFFFAOYSA-N,AEXMKKGTQYQZCS,CCC(C)(C)CC,saturated_hydrocarbon,ACYCLIC::saturated_hydrocarbon,1089
public,6,AFABGHUZZDYHJO-UHFFFAOYSA-N,AFABGHUZZDYHJO,CCCC(C)C,saturated_hydrocarbon,ACYCLIC::saturated_hydrocarbon,1088
public,7,AFBPFSWMIHJQDM-UHFFFAOYSA-N,AFBPFSWMIHJQDM,CNc1ccccc1,amine,c1ccccc1,1087
public,8,AFFLGGQVNFXPEV-UHFFFAOYSA-N,AFFLGGQVNFXPEV,C=CCCCCCCCC,alkene_or_diene,ACYCLIC::alkene_or_diene,8
public,9,AFIIBUOYKYSPKB-UHFFFAOYSA-N,AFIIBUOYKYSPKB,CSc1nc(N=[N+]=[N-])nc(NC(C)C)n1,amine,c1ncncn1,1086
public,10,AFPHTEQTJZKQAQ-UHFFFAOYSA-N,AFPHTEQTJZKQAQ,O=C(O)c1cccc([N+](=O)[O-])c1,carboxylic_acid,c1ccccc1,1085
public,11,AFVDZBIIBXWASR-UHFFFAOYSA-N,AFVDZBIIBXWASR,C=CC=CC=C,alkene_or_diene,ACYCLIC::alkene_or_diene,1084
public,12,AFYPFACVUDMOHA-UHFFFAOYSA-N,AFYPFACVUDMOHA,FC(F)(F)Cl,other,ACYCLIC::other,101
public,13,AGDYNDJUZRMYRG-UHFFFAOYSA-N,AGDYNDJUZRMYRG,CCCCCCO[N+](=O)[O-],amine,ACYCLIC::amine,79
public,14,AGEZXYOZHKGVCM-UHFFFAOYSA-N,AGEZXYOZHKGVCM,BrCc1ccccc1,carbocyclic_aromatic,c1ccccc1,1083
public,15,AHAREKHAZNPPMI-UHFFFAOYSA-N,AHAREKHAZNPPMI,C=CC=CCC,alkene_or_diene,ACYCLIC::alkene_or_diene,1082
public,16,AHJKRLASYNVKDZ-UHFFFAOYSA-N,AHJKRLASYNVKDZ,Clc1ccc(C(c2ccc(Cl)cc2)C(Cl)Cl)cc1,carbocyclic_aromatic,c1ccc(Cc2ccccc2)cc1,1081
public,17,AILKHAQXUAOOFU-UHFFFAOYSA-N,AILKHAQXUAOOFU,CCCCCC#N,other,ACYCLIC::other,77
public,18,AJDIZQLSFPQPEY-UHFFFAOYSA-N,AJDIZQLSFPQPEY,FC(F)(Cl)C(F)(Cl)Cl,other,ACYCLIC::other,1080
public,19,AKCRQHGQIJBRMN-UHFFFAOYSA-N,AKCRQHGQIJBRMN,Nc1ccccc1Cl,amine,c1ccccc1,1079
public,20,ALBYIUDWACNRRB-UHFFFAOYSA-N,ALBYIUDWACNRRB,CCCCCC(N)=O,amide,ACYCLIC::amide,1078
public,21,ALEROMXYYSQFLX-UHFFFAOYSA-N,ALEROMXYYSQFLX,CC(C)CCCOC(=O)c1ccccc1C(=O)OCCCC(C)C,ester,c1ccccc1,6
public,22,AMIMRNSIRUDHCM-UHFFFAOYSA-N,AMIMRNSIRUDHCM,CC(C)C=O,aldehyde,ACYCLIC::aldehyde,1077
public,23,ANGDWNBGPBMQHW-UHFFFAOYSA-N,ANGDWNBGPBMQHW,COC(=O)CC#N,ester,ACYCLIC::ester,1076
public,24,ANOOTOPTCJRUPK-UHFFFAOYSA-N,ANOOTOPTCJRUPK,CCCCCCI,other,ACYCLIC::other,29
public,25,AOGQPLXWSUTHQB-UHFFFAOYSA-N,AOGQPLXWSUTHQB,CCCCCCOC(C)=O,ester,ACYCLIC::ester,18
public,26,AORMDLNPRGXHHL-UHFFFAOYSA-N,AORMDLNPRGXHHL,CCC(CC)CC,saturated_hydrocarbon,ACYCLIC::saturated_hydrocarbon,1075
public,27,APPOKADJQUIAHP-UHFFFAOYSA-N,APPOKADJQUIAHP,CC=CC=CC,alkene_or_diene,ACYCLIC::alkene_or_diene,1074
public,28,APQSQLNWAIULLK-UHFFFAOYSA-N,APQSQLNWAIULLK,Cc1ccc(C)c2ccccc12,carbocyclic_aromatic,c1ccc2ccccc2c1,72
public,29,AQNQQHJNRPDOQV-UHFFFAOYSA-N,AQNQQHJNRPDOQV,BrC1CCCCC1,other,C1CCCCC1,1072
public,30,AQXYVFBSOOBBQV-UHFFFAOYSA-N,AQXYVFBSOOBBQV,Nc1ccc(O)c2c1C(=O)c1ccccc1C2=O,ketone,O=C1c2ccccc2C(=O)c2ccccc21,45
public,31,ARRIWOKAMDZZSZ-QMMMGPOBSA-N,ARRIWOKAMDZZSZ,FC(F)[C@@H](F)Oc1ccccc1,ether,c1ccccc1,1071
public,32,ASHGTJPOSUFTGB-UHFFFAOYSA-N,ASHGTJPOSUFTGB,COc1cccc(O)c1,alcohol_or_phenol,c1ccccc1,1070
public,33,ASUDFOJKTJLAIK-UHFFFAOYSA-N,ASUDFOJKTJLAIK,COCCN,ether,ACYCLIC::ether,1069
public,34,ASWVTGNCAZCNNR-UHFFFAOYSA-N,ASWVTGNCAZCNNR,Cc1cc(C)nc(NS(=O)(=O)c2ccc(N)cc2)n1,amine,O=S(=O)(Nc1ncccn1)c1ccccc1,1068
public,35,ATHHXGZTWNVVOU-UHFFFAOYSA-N,ATHHXGZTWNVVOU,CNC=O,amide,ACYCLIC::amide,1067
public,36,AUHZEENZYGFFBQ-UHFFFAOYSA-N,AUHZEENZYGFFBQ,Cc1cc(C)cc(C)c1,carbocyclic_aromatic,c1ccccc1,1065
public,37,AUIKJTGFPFLMFP-UHFFFAOYSA-N,AUIKJTGFPFLMFP,CC(C)N(N=O)C(C)C,amine,ACYCLIC::amine,1064
public,38,AVMSWPWPYJVYKY-UHFFFAOYSA-N,AVMSWPWPYJVYKY,CC(C)COC=O,ester,ACYCLIC::ester,1063
public,39,AVSIMRGRHWKCAY-UHFFFAOYSA-N,AVSIMRGRHWKCAY,Cc1c(Cl)c(Cl)c(Cl)c(Cl)c1Cl,carbocyclic_aromatic,c1ccccc1,1062
public,40,AXLYJLKKPUICKV-UHFFFAOYSA-N,AXLYJLKKPUICKV,COC(=O)c1cccc([N+](=O)[O-])c1,ester,c1ccccc1,1061
public,41,AXVZFRBSCNEKPQ-UHFFFAOYSA-N,AXVZFRBSCNEKPQ,CNCCc1ccc(O)cc1,alcohol_or_phenol,c1ccccc1,1060
public,42,AZOCECCLWFDTAP-RKDXNWHRSA-N,AZOCECCLWFDTAP,C=C(C)[C@@H]1CC[C@@H](C)C(=O)C1,ketone,O=C1CCCCC1,1059
public,43,AZQWKYJCGOJGHM-UHFFFAOYSA-N,AZQWKYJCGOJGHM,O=C1C=CC(=O)C=C1,ketone,O=C1C=CC(=O)C=C1,1058
public,44,BAVONGHXFVOKBV-ZJUUUORDSA-N,BAVONGHXFVOKBV,C=C(C)[C@@H]1CC=C(C)[C@@H](O)C1,alcohol_or_phenol,C1=CCCCC1,1057
public,45,BBDKZWKEPDTENS-UHFFFAOYSA-N,BBDKZWKEPDTENS,C=CC1CC=CCC1,alkene_or_diene,C1=CCCCC1,1054
public,46,BBMCTIGTTCKYKF-UHFFFAOYSA-N,BBMCTIGTTCKYKF,CCCCCCCO,alcohol_or_phenol,ACYCLIC::alcohol_or_phenol,3
public,47,BBPXZLJCPUPNGH-UHFFFAOYSA-N,BBPXZLJCPUPNGH,CC(C)C1=CC2=CCC3C(C)(C)CCCC3(C)C2CC1,alkene_or_diene,C1=CC2=CCC3CCCCC3C2CC1,1051
public,48,BCCOBQSFUDVTJQ-UHFFFAOYSA-N,BCCOBQSFUDVTJQ,FC1(F)C(F)(F)C(F)(F)C1(F)F,other,C1CCC1,1050
public,49,BCQMBFHBDZVHKU-UHFFFAOYSA-N,BCQMBFHBDZVHKU,CCNc1nc(NC(C)(C)C)nc(OC)n1,ether,c1ncncn1,1049
public,50,BCQZXOMGPXTTIC-SFOWXEAESA-N,BCQZXOMGPXTTIC,FC(F)(F)[C@H](Cl)Br,other,ACYCLIC::other,1048
public,51,BFCBRSFYYLSTAA-UHFFFAOYSA-N,BFCBRSFYYLSTAA,CC(=O)OC1(C(C)C)CC=C(C)CC1,ester,C1=CCCCC1,1045
public,52,BGKIECJVXXHLDP-UHFFFAOYSA-N,BGKIECJVXXHLDP,O=[N+]([O-])c1ccc(Cl)c(Cl)c1Cl,amine,c1ccccc1,1042
public,53,BGTOWKSIORTVQH-UHFFFAOYSA-N,BGTOWKSIORTVQH,O=C1CCCC1,ketone,O=C1CCCC1,95
public,54,BGUWFUQJCDRPTL-UHFFFAOYSA-N,BGUWFUQJCDRPTL,O=Cc1ccncc1,aldehyde,c1ccncc1,1041
public,55,BHAAPTBBJKJZER-UHFFFAOYSA-N,BHAAPTBBJKJZER,COc1ccc(N)cc1,ether,c1ccccc1,1040
public,56,BHHGXPLMPWCGHP-UHFFFAOYSA-N,BHHGXPLMPWCGHP,NCCc1ccccc1,amine,c1ccccc1,1039
public,57,BHNZEZWIUMJCGF-UHFFFAOYSA-N,BHNZEZWIUMJCGF,CC(F)(F)Cl,other,ACYCLIC::other,1038
public,58,BJIOGJUNALELMI-UHFFFAOYSA-N,BJIOGJUNALELMI,CC=Cc1ccc(O)c(OC)c1,alcohol_or_phenol,c1ccccc1,1035
public,59,BJQWYEJQWHSSCJ-UHFFFAOYSA-N,BJQWYEJQWHSSCJ,CCCCCCCCCCCCCCCCCCCCCCCCCCC,saturated_hydrocarbon,ACYCLIC::saturated_hydrocarbon,1
public,60,BKATZVAUANSCKN-UHFFFAOYSA-N,BKATZVAUANSCKN,CC(=O)OCC1=CCC2CC1C2(C)C,ester,C1=CC2CC(C1)C2,1033
public,61,BKIMMITUMNQMOS-UHFFFAOYSA-N,BKIMMITUMNQMOS,CCCCCCCCC,saturated_hydrocarbon,ACYCLIC::saturated_hydrocarbon,1
public,62,BKOOMYPCSUNDGP-UHFFFAOYSA-N,BKOOMYPCSUNDGP,CC=C(C)C,alkene_or_diene,ACYCLIC::alkene_or_diene,1032
public,63,BLXSFCHWMBESKV-UHFFFAOYSA-N,BLXSFCHWMBESKV,CCCCCI,other,ACYCLIC::other,29
public,64,BMLIZLVNXIYGCK-UHFFFAOYSA-N,BMLIZLVNXIYGCK,CN(C)C(=O)Nc1ccc(Cl)cc1,amide,c1ccccc1,1031
public,65,BMVXCPBXGZKUPN-UHFFFAOYSA-N,BMVXCPBXGZKUPN,CCCCCCN,amine,ACYCLIC::amine,9
public,66,BNIXVQGCZULYKV-UHFFFAOYSA-N,BNIXVQGCZULYKV,ClC(Cl)C(Cl)(Cl)Cl,other,ACYCLIC::other,1030
public,67,BOCJQSFSGAZAPQ-UHFFFAOYSA-N,BOCJQSFSGAZAPQ,O=C1c2ccccc2C(=O)c2c(Cl)cccc21,ketone,O=C1c2ccccc2C(=O)c2ccccc21,1029
public,68,BOUGCJDAQLKBQH-UHFFFAOYSA-N,BOUGCJDAQLKBQH,FC(Cl)C(F)(F)F,other,ACYCLIC::other,1028
public,69,BPBPWBGJZQBEKD-UHFFFAOYSA-N,BPBPWBGJZQBEKD,C=C(C)C1CC=C(C)C(OC=O)C1,ester,C1=CCCCC1,1027
public,70,BQFCCUSDZLKBJG-UHFFFAOYSA-N,BQFCCUSDZLKBJG,Clc1cc(-c2c(Cl)cc(Cl)c(Cl)c2Cl)c(Cl)c(Cl)c1Cl,carbocyclic_aromatic,c1ccc(-c2ccccc2)cc1,1026
public,71,BQOFWKZOCNGFEC-UHFFFAOYSA-N,BQOFWKZOCNGFEC,CC1=CCC2C(C1)C2(C)C,alkene_or_diene,C1=CCC2CC2C1,1025
public,72,BQSLMQNYHVFRDT-UHFFFAOYSA-N,BQSLMQNYHVFRDT,C=CC1(C)CCC(=C(C)C)CC1C(=C)C,alkene_or_diene,C=C1CCCCC1,1024
public,73,BSKHPKMHTQYZBB-UHFFFAOYSA-N,BSKHPKMHTQYZBB,Cc1ccccn1,aromatic_heterocycle,c1ccncc1,1023
public,74,BSPCSKHALVHRSR-BYPYZUCNSA-N,BSPCSKHALVHRSR,CC[C@H](C)Cl,other,ACYCLIC::other,1022
public,75,BSXCLFYNJYBVPM-UHFFFAOYSA-N,BSXCLFYNJYBVPM,CC(=O)CC(=O)c1cccs1,ketone,c1ccsc1,1021
public,76,BSYNRYMUTXBXSQ-UHFFFAOYSA-N,BSYNRYMUTXBXSQ,CC(=O)Oc1ccccc1C(=O)O,carboxylic_acid,c1ccccc1,1020
public,77,BTAGRXWGMYTPBY-UHFFFAOYSA-N,BTAGRXWGMYTPBY,Clc1ccc(-c2ccc(Cl)c(Cl)c2Cl)c(Cl)c1Cl,carbocyclic_aromatic,c1ccc(-c2ccccc2)cc1,38
public,78,BTFQKIATRPGRBS-UHFFFAOYSA-N,BTFQKIATRPGRBS,Cc1ccccc1C=O,aldehyde,c1ccccc1,1018
public,79,BTJIUGUIPKRLHP-UHFFFAOYSA-N,BTJIUGUIPKRLHP,O=[N+]([O-])c1ccc(O)cc1,alcohol_or_phenol,c1ccccc1,1017
public,80,BULVZWIRKLYCBC-UHFFFAOYSA-N,BULVZWIRKLYCBC,CCOP(=S)(OCC)SCSCC,sulfide_or_disulfide,ACYCLIC::sulfide_or_disulfide,75
public,81,BVALZCVRLDMXOQ-UHFFFAOYSA-N,BVALZCVRLDMXOQ,CCCCC[N+](=O)[O-],amine,ACYCLIC::amine,89
public,82,BXWNKGSJHAJOGX-UHFFFAOYSA-N,BXWNKGSJHAJOGX,CCCCCCCCCCCCCCCCO,alcohol_or_phenol,ACYCLIC::alcohol_or_phenol,3
public,83,BYHDDXPKOZIZRV-UHFFFAOYSA-N,BYHDDXPKOZIZRV,O=C(O)CCCCc1ccccc1,carboxylic_acid,c1ccccc1,15
public,84,BZDJFRTXWQRGJO-UHFFFAOYSA-N,BZDJFRTXWQRGJO,Cc1ccc(N(O)C(=O)c2ccccc2C)cc1,amide,O=C(Nc1ccccc1)c1ccccc1,96
public,85,BZHJMEDXRYGGRV-UHFFFAOYSA-N,BZHJMEDXRYGGRV,C=CCl,alkene_or_diene,ACYCLIC::alkene_or_diene,1016
public,86,BZHMBWZPUJHVEE-UHFFFAOYSA-N,BZHMBWZPUJHVEE,CC(C)CC(C)C,saturated_hydrocarbon,ACYCLIC::saturated_hydrocarbon,1015
public,87,BZLVMXJERCGZMT-UHFFFAOYSA-N,BZLVMXJERCGZMT,COC(C)(C)C,ether,ACYCLIC::ether,1014
public,88,BZTYNSQSZHARAZ-UHFFFAOYSA-N,BZTYNSQSZHARAZ,Clc1ccc(-c2ccc(Cl)cc2Cl)cc1,carbocyclic_aromatic,c1ccc(-c2ccccc2)cc1,74
public,89,CAFAOQIVXSSFSY-UHFFFAOYSA-N,CAFAOQIVXSSFSY,CCOC(C)O,alcohol_or_phenol,ACYCLIC::alcohol_or_phenol,1013
public,90,CATSNJVOTSVZJV-UHFFFAOYSA-N,CATSNJVOTSVZJV,CCCCCC(C)=O,ketone,ACYCLIC::ketone,7
public,91,CAWHJQAVHZEVTJ-UHFFFAOYSA-N,CAWHJQAVHZEVTJ,Cc1cnccn1,aromatic_heterocycle,c1cnccn1,1012
public,92,CAYGQBVSOZLICD-UHFFFAOYSA-N,CAYGQBVSOZLICD,Brc1c(Br)c(Br)c(Br)c(Br)c1Br,carbocyclic_aromatic,c1ccccc1,1011
public,93,CBENFWSGALASAD-UHFFFAOYSA-N,CBENFWSGALASAD,O=[O+][O-],other,ACYCLIC::other,1010
public,94,CBFCDTFDPHXCNY-UHFFFAOYSA-N,CBFCDTFDPHXCNY,CCCCCCCCCCCCCCCCCCCC,saturated_hydrocarbon,ACYCLIC::saturated_hydrocarbon,1
public,95,CDOSHBSSFJOMGT-UHFFFAOYSA-N,CDOSHBSSFJOMGT,C=CC(C)(O)CCC=C(C)C,alcohol_or_phenol,ACYCLIC::alcohol_or_phenol,1009
public,96,CDVNZMKTJIBBBV-UHFFFAOYSA-N,CDVNZMKTJIBBBV,Cc1c(C(=O)O)cc([N+](=O)[O-])cc1[N+](=O)[O-],carboxylic_acid,c1ccccc1,1008
public,97,CEBKHWWANWSNTI-UHFFFAOYSA-N,CEBKHWWANWSNTI,C#CC(C)(C)O,alcohol_or_phenol,ACYCLIC::alcohol_or_phenol,1007
public,98,CEGGECULKVTYMM-UHFFFAOYSA-N,CEGGECULKVTYMM,CC(C)C(=O)CC(=O)C(C)C,ketone,ACYCLIC::ketone,1006
public,99,CEOCDNVZRAIOQZ-UHFFFAOYSA-N,CEOCDNVZRAIOQZ,Clc1cc(Cl)c(Cl)c(Cl)c1Cl,carbocyclic_aromatic,c1ccccc1,1005
public,100,CERQOIWHTDAKMF-UHFFFAOYSA-N,CERQOIWHTDAKMF,C=C(C)C(=O)O,carboxylic_acid,ACYCLIC::carboxylic_acid,1004
public,101,CETBSQOFQKLHHZ-UHFFFAOYSA-N,CETBSQOFQKLHHZ,CCSSCC,sulfide_or_disulfide,ACYCLIC::sulfide_or_disulfide,1003
public,102,CETWDUZRCINIHU-UHFFFAOYSA-N,CETWDUZRCINIHU,CCCCCC(C)O,alcohol_or_phenol,ACYCLIC::alcohol_or_phenol,24
public,103,CFKMVGJGLGKFKI-UHFFFAOYSA-N,CFKMVGJGLGKFKI,Cc1cc(O)ccc1Cl,alcohol_or_phenol,c1ccccc1,1002
public,104,CFNJLPHOBMVMNS-UHFFFAOYSA-N,CFNJLPHOBMVMNS,CCCCCOC(=O)CCC,ester,ACYCLIC::ester,71
public,105,CGHIBGNXEGJPQZ-UHFFFAOYSA-N,CGHIBGNXEGJPQZ,C#CCCCC,saturated_hydrocarbon,ACYCLIC::saturated_hydrocarbon,19
public,106,CGIGDMFJXJATDK-UHFFFAOYSA-N,CGIGDMFJXJATDK,COc1ccc2c(c1)c(CC(=O)O)c(C)n2C(=O)c1ccc(Cl)cc1,carboxylic_acid,O=C(c1ccccc1)n1ccc2ccccc21,1001
public,107,CHBUFRFETPYQCI-UHFFFAOYSA-N,CHBUFRFETPYQCI,O=C(c1cc([N+](=O)[O-])cc([N+](=O)[O-])c1)N(O)c1ccccc1,amide,O=C(Nc1ccccc1)c1ccccc1,1000
public,108,CHVJITGCYZJHLR-UHFFFAOYSA-N,CHVJITGCYZJHLR,C1=CC=CCC=C1,alkene_or_diene,C1=CC=CCC=C1,47
public,109,CJJOSEISRRTUQB-UHFFFAOYSA-N,CJJOSEISRRTUQB,COP(=S)(OC)SCn1nnc2ccccc2c1=O,aromatic_heterocycle,O=c1[nH]nnc2ccccc12,999
public,110,CKAPSXZOOQJIBF-UHFFFAOYSA-N,CKAPSXZOOQJIBF,Clc1c(Cl)c(Cl)c(Cl)c(Cl)c1Cl,carbocyclic_aromatic,c1ccccc1,998
public,111,CMCJNODIWQEOAI-UHFFFAOYSA-N,CMCJNODIWQEOAI,CCCCOCCOC(=O)c1ccccc1C(=O)OCCOCCCC,ester,c1ccccc1,2
public,112,CMVQZRLQEOAYSW-UHFFFAOYSA-N,CMVQZRLQEOAYSW,O=[N+]([O-])c1cccc(Cl)c1Cl,amine,c1ccccc1,997
public,113,CMWTZPSULFXXJA-VIFPVBQESA-N,CMWTZPSULFXXJA,COc1ccc2cc([C@H](C)C(=O)O)ccc2c1,carboxylic_acid,c1ccc2ccccc2c1,996
public,114,CNMFHDIDIMZHKY-UHFFFAOYSA-N,CNMFHDIDIMZHKY,COC(=O)C(C)(C)C,ester,ACYCLIC::ester,995
public,115,CPJSUEIXXCENMM-UHFFFAOYSA-N,CPJSUEIXXCENMM,CCOc1ccc(NC(C)=O)cc1,amide,c1ccccc1,994
public,116,CQRYARSYNCAZFO-UHFFFAOYSA-N,CQRYARSYNCAZFO,OCc1ccccc1O,alcohol_or_phenol,c1ccccc1,993
public,117,CQUAYTJDLQBXCQ-UHFFFAOYSA-N,CQUAYTJDLQBXCQ,CC1(C)C2=CCCC(C)(C)C23CCC1C3,alkene_or_diene,C1=C2CC3CCC2(CCC1)C3,992
public,118,CRPUJAZIXJMDBK-UHFFFAOYSA-N,CRPUJAZIXJMDBK,C=C1C2CCC(C2)C1(C)C,alkene_or_diene,C=C1CC2CCC1C2,991
public,119,CRSBERNSMYQZNG-UHFFFAOYSA-N,CRSBERNSMYQZNG,C=CCCCCCCCCCC,alkene_or_diene,ACYCLIC::alkene_or_diene,8
public,120,CSHWQDPOILHKBI-UHFFFAOYSA-N,CSHWQDPOILHKBI,c1cc2cccc3c4cccc5cccc(c(c1)c23)c54,carbocyclic_aromatic,c1cc2cccc3c4cccc5cccc(c(c1)c23)c54,99
public,121,CSKINCSXMLCMAR-UHFFFAOYSA-N,CSKINCSXMLCMAR,CC1CCC2=C1CC1CCC2(C)C1(C)C,alkene_or_diene,C1CC2=C(C1)C1CCC(C2)C1,988
public,122,CTFRWEPMHUGVMM-UHFFFAOYSA-N,CTFRWEPMHUGVMM,COc1c(O)c(OC)c(Cl)c(C=O)c1Cl,aldehyde,c1ccccc1,987
public,123,CTMHWPIWNRWQEG-UHFFFAOYSA-N,CTMHWPIWNRWQEG,CC1=CCCCC1,alkene_or_diene,C1=CCCCC1,986
public,124,CTQNGGLPUBDAKN-UHFFFAOYSA-N,CTQNGGLPUBDAKN,Cc1ccccc1C,carbocyclic_aromatic,c1ccccc1,985
public,125,CTSLUCNDVMMDHG-YFKPBYRVSA-N,CTSLUCNDVMMDHG,CC[C@H](C)n1c(=O)[nH]c(C)c(Br)c1=O,aromatic_heterocycle,O=c1cc[nH]c(=O)[nH]1,984
public,126,CURLTUGMZLYLDI-UHFFFAOYSA-N,CURLTUGMZLYLDI,O=C=O,other,ACYCLIC::other,983
public,127,CUUMXRBKJIDIAY-UHFFFAOYSA-N,CUUMXRBKJIDIAY,CC1=CCC(C(C)C)c2cc(C)ccc21,carbocyclic_aromatic,C1=Cc2ccccc2CC1,982
public,128,CVNOWLNNPYYEOH-UHFFFAOYSA-N,CVNOWLNNPYYEOH,N#Cc1ccc(O)cc1,alcohol_or_phenol,c1ccccc1,980
public,129,CVUGPAFCQJIYDT-UHFFFAOYSA-N,CVUGPAFCQJIYDT,Clc1ccc(C(c2ccccc2Cl)C(Cl)(Cl)Cl)cc1,carbocyclic_aromatic,c1ccc(Cc2ccccc2)cc1,979
public,130,CVXBEEMKQHEXEN-UHFFFAOYSA-N,CVXBEEMKQHEXEN,CNC(=O)Oc1cccc2ccccc12,amide,c1ccc2ccccc2c1,978
public,131,CWNPOQFCIIFQDM-UHFFFAOYSA-N,CWNPOQFCIIFQDM,O=[N+]([O-])c1cccc(CO)c1,alcohol_or_phenol,c1ccccc1,977
public,132,CWRYPZZKDGJXCA-UHFFFAOYSA-N,CWRYPZZKDGJXCA,c1cc2c3c(cccc3c1)CC2,carbocyclic_aromatic,c1cc2c3c(cccc3c1)CC2,976
public,133,CXENHBSYCFFKJS-UHFFFAOYSA-N,CXENHBSYCFFKJS,C=CC(C)=CCC=C(C)CCC=C(C)C,alkene_or_diene,ACYCLIC::alkene_or_diene,975
public,134,CXOFVDLJLONNDW-UHFFFAOYSA-N,CXOFVDLJLONNDW,O=C1NC(=O)C(c2ccccc2)(c2ccccc2)N1,amide,O=C1NC(=O)C(c2ccccc2)(c2ccccc2)N1,974
public,135,CXOWYJMDMMMMJO-UHFFFAOYSA-N,CXOWYJMDMMMMJO,CCCC(C)(C)C,saturated_hydrocarbon,ACYCLIC::saturated_hydrocarbon,973
public,136,CYFLXLSBHQBMFT-UHFFFAOYSA-N,CYFLXLSBHQBMFT,Cc1nc(NS(=O)(=O)c2ccc(N)cc2)oc1C,amine,O=S(=O)(Nc1ncco1)c1ccccc1,972
public,137,CYNYIHKIEHGYOZ-UHFFFAOYSA-N,CYNYIHKIEHGYOZ,CCCBr,other,ACYCLIC::other,971
public,138,CYRMSUTZVYGINF-UHFFFAOYSA-N,CYRMSUTZVYGINF,FC(Cl)(Cl)Cl,other,ACYCLIC::other,101
public,139,CYTYCFOTNPOANT-UHFFFAOYSA-N,CYTYCFOTNPOANT,ClC(Cl)=C(Cl)Cl,alkene_or_diene,ACYCLIC::alkene_or_diene,970
public,140,CYXIKYKBLDZZNW-UHFFFAOYSA-N,CYXIKYKBLDZZNW,FC(F)(F)CCl,other,ACYCLIC::other,969
public,141,CZGCEKJOLUNIFY-UHFFFAOYSA-N,CZGCEKJOLUNIFY,O=[N+]([O-])c1ccc(Cl)cc1,amine,c1ccccc1,968
public,142,CZNGTXVOZOWWKM-UHFFFAOYSA-N,CZNGTXVOZOWWKM,COC(=O)c1ccc(Br)cc1,ester,c1ccccc1,967
public,143,DBQGARDMYOMOOS-UHFFFAOYSA-N,DBQGARDMYOMOOS,COC(=O)c1ccc(N(C)C)cc1,ester,c1ccccc1,965
public,144,DBUKZZKLTUXIQM-UHFFFAOYSA-N,DBUKZZKLTUXIQM,COC(=O)c1cc(OC)c(O)c(-c2cc(C(=O)OC)cc(OC)c2O)c1,ester,c1ccc(-c2ccccc2)cc1,964
public,145,DCMURXAZTZQAFB-UHFFFAOYSA-N,DCMURXAZTZQAFB,Clc1ccc(Cl)c(-c2ccccc2Cl)c1,carbocyclic_aromatic,c1ccc(-c2ccccc2)cc1,43
public,146,DDBREPKUVSBGFI-UHFFFAOYSA-N,DDBREPKUVSBGFI,CCC1(c2ccccc2)C(=O)NC(=O)NC1=O,amide,O=C1NC(=O)C(c2ccccc2)C(=O)N1,962
public,147,DDIZAANNODHTRB-UHFFFAOYSA-N,DDIZAANNODHTRB,COC(=O)c1ccc(OC)cc1,ester,c1ccccc1,961
public,148,DDMOUSALMHHKOS-UHFFFAOYSA-N,DDMOUSALMHHKOS,FC(F)(Cl)C(F)(F)Cl,other,ACYCLIC::other,960
public,149,DDUIUBPJPOKOMV-UHFFFAOYSA-N,DDUIUBPJPOKOMV,COCCCNc1nc(NC(C)C)nc(SC)n1,ether,c1ncncn1,959
public,150,DEDZSLCZHWTGOR-UHFFFAOYSA-N,DEDZSLCZHWTGOR,CCCC1CCCCC1,saturated_hydrocarbon,C1CCCCC1,93
public,151,DFBKLUNHFCTMDC-RVVFZPGKSA-N,DFBKLUNHFCTMDC,ClC1=C(Cl)[C@]2(Cl)[C@H]3[C@H]4C[C@H]([C@@H]5O[C@H]45)[C@H]3[C@@]1(Cl)C2(Cl)Cl,ether,C1=CC2CC1[C@@H]1[C@@H]3C[C@@H]([C@H]4O[C@@H]34)[C@H]21,957
public,152,DFVXNZOMAOGTBL-UHFFFAOYSA-N,DFVXNZOMAOGTBL,C=C(C)C1CC=C(C)C(OC(=O)CC)C1,ester,C1=CCCCC1,46
public,153,DFXQXFGFOLXAPO-UHFFFAOYSA-N,DFXQXFGFOLXAPO,O=C(O)c1ccc(Cl)c([N+](=O)[O-])c1,carboxylic_acid,c1ccccc1,956
public,154,DGCTVLNZTFDPDJ-UHFFFAOYSA-N,DGCTVLNZTFDPDJ,CCC(=O)CC(=O)CC,ketone,ACYCLIC::ketone,954
public,155,DGFBULNMARLFTH-BYPYZUCNSA-N,DGFBULNMARLFTH,C[C@@H](CCO[N+](=O)[O-])O[N+](=O)[O-],amine,ACYCLIC::amine,953
public,156,DHKHKXVYLBGOIT-UHFFFAOYSA-N,DHKHKXVYLBGOIT,CCOC(C)OCC,ether,ACYCLIC::ether,952
public,157,DHXVGJBLRPWPCS-UHFFFAOYSA-N,DHXVGJBLRPWPCS,C1CCOCC1,ether,C1CCOCC1,59
public,158,DIKBFYAXUHHXCS-UHFFFAOYSA-N,DIKBFYAXUHHXCS,BrC(Br)Br,other,ACYCLIC::other,951
public,159,DIOQZVSQGTUSAI-UHFFFAOYSA-N,DIOQZVSQGTUSAI,CCCCCCCCCC,saturated_hydrocarbon,ACYCLIC::saturated_hydrocarbon,1
public,160,DJHHDLMTUOLVHY-UHFFFAOYSA-N,DJHHDLMTUOLVHY,Clc1c(Cl)c(Cl)c2c(c1Cl)Oc1ccccc1O2,ether,c1ccc2c(c1)Oc1ccccc1O2,950
public,161,DKMROQRQHGEIOW-UHFFFAOYSA-N,DKMROQRQHGEIOW,CCOC(=O)CCC(=O)OCC,ester,ACYCLIC::ester,948
public,162,DKYWVDODHFEZIM-NSHDSACASA-N,DKYWVDODHFEZIM,C[C@H](C(=O)O)c1cccc(C(=O)c2ccccc2)c1,carboxylic_acid,O=C(c1ccccc1)c1ccccc1,947
public,163,DLRJIFUOBPOJNS-UHFFFAOYSA-N,DLRJIFUOBPOJNS,CCOc1ccccc1,ether,c1ccccc1,945
public,164,DMEDOWYXHVUPMO-UHFFFAOYSA-N,DMEDOWYXHVUPMO,O=C(O)Cc1ccc(C(=O)O)cc1,carboxylic_acid,c1ccccc1,944
public,165,DMLAVOWQYNRWNQ-UHFFFAOYSA-N,DMLAVOWQYNRWNQ,c1ccc(N=Nc2ccccc2)cc1,carbocyclic_aromatic,c1ccc(N=Nc2ccccc2)cc1,943
public,166,DOGIHOCMZJUJNR-UHFFFAOYSA-N,DOGIHOCMZJUJNR,CCCCC(C)CCC,saturated_hydrocarbon,ACYCLIC::saturated_hydrocarbon,941
public,167,DOPWUIFVZJEDAV-UHFFFAOYSA-N,DOPWUIFVZJEDAV,CCCCCCCOC(=O)c1ccccc1C(=O)OCCCCC,ester,c1ccccc1,2
public,168,DPBLXKKOBLCELK-UHFFFAOYSA-N,DPBLXKKOBLCELK,CCCCCN,amine,ACYCLIC::amine,9
public,169,DPJCXCZTLWNFOH-UHFFFAOYSA-N,DPJCXCZTLWNFOH,Nc1ccccc1[N+](=O)[O-],amine,c1ccccc1,940
public,170,DPLGXGDPPMLJHN-UHFFFAOYSA-N,DPLGXGDPPMLJHN,CC(=O)CCCC(C)C,ketone,ACYCLIC::ketone,87
public,171,DQIHOZJLTDMMSG-UHFFFAOYSA-N,DQIHOZJLTDMMSG,O=C1c2ccccc2C(=O)c2c(NCCO)cccc21,ketone,O=C1c2ccccc2C(=O)c2ccccc21,939
public,172,DQWPFSLDHJDLRL-UHFFFAOYSA-N,DQWPFSLDHJDLRL,CCOP(=O)(OCC)OCC,other,ACYCLIC::other,938
public,173,DSFHXKRFDFROER-UHFFFAOYSA-N,DSFHXKRFDFROER,c1ccc2c(c1)OCCOCCOCCOCCOCCO2,ether,c1ccc2c(c1)OCCOCCOCCOCCOCCO2,20
public,174,DTMRKGRREZAYAP-UHFFFAOYSA-N,DTMRKGRREZAYAP,Clc1cc(-c2cc(Cl)c(Cl)c(Cl)c2Cl)c(Cl)c(Cl)c1Cl,carbocyclic_aromatic,c1ccc(-c2ccccc2)cc1,38
public,175,DUEPRVBVGDRKAG-UHFFFAOYSA-N,DUEPRVBVGDRKAG,CNC(=O)Oc1cccc2c1OC(C)(C)C2,amide,c1ccc2c(c1)CCO2,934
public,176,DURPTKYDGMDSBL-UHFFFAOYSA-N,DURPTKYDGMDSBL,CCCCOCCCC,ether,ACYCLIC::ether,82
public,177,DVBSKQAFCDJNSL-UHFFFAOYSA-N,DVBSKQAFCDJNSL,C=C(C)C1CCC(C)C12CC=C(C)CC2,alkene_or_diene,C1=CCC2(CC1)CCCC2,933
public,178,DVWSXZIHSUZZKJ-UHFFFAOYSA-N,DVWSXZIHSUZZKJ,CCC=CCC=CCC=CCCCCCCCC(=O)OC,ester,ACYCLIC::ester,4
public,179,DWNAQMUDCDVSLT-UHFFFAOYSA-N,DWNAQMUDCDVSLT,O=C(Oc1ccccc1)c1ccccc1C(=O)Oc1ccccc1,ester,O=C(Oc1ccccc1)c1ccccc1C(=O)Oc1ccccc1,932
public,180,DXBHBZVCASKNBY-UHFFFAOYSA-N,DXBHBZVCASKNBY,c1ccc2cc3c(ccc4ccccc43)cc2c1,carbocyclic_aromatic,c1ccc2cc3c(ccc4ccccc43)cc2c1,931
public,181,DYLPEFGBWGEFBB-UHFFFAOYSA-N,DYLPEFGBWGEFBB,C=C1CCC23CC1C(C)(C)C2CCC3C,alkene_or_diene,C=C1CCC23CCCC2CC1C3,930
public,182,DYONNFFVDNILGI-BYPYZUCNSA-N,DYONNFFVDNILGI,CC[C@H](C)O[N+](=O)[O-],amine,ACYCLIC::amine,929
public,183,DYUWQWMXZHDZOR-UHFFFAOYSA-N,DYUWQWMXZHDZOR,COC(=O)c1ccc(I)cc1,ester,c1ccccc1,928
public,184,DZBUGLKDJFMEHC-UHFFFAOYSA-N,DZBUGLKDJFMEHC,c1ccc2nc3ccccc3cc2c1,aromatic_heterocycle,c1ccc2nc3ccccc3cc2c1,927
public,185,DZGWFCGJZKJUFP-UHFFFAOYSA-N,DZGWFCGJZKJUFP,NCCc1ccc(O)cc1,alcohol_or_phenol,c1ccccc1,926
public,186,DZMDPHNGKBEVRE-UHFFFAOYSA-N,DZMDPHNGKBEVRE,CCCCCCCCl,other,ACYCLIC::other,23
public,187,DZNVIZQPWLDQHI-UHFFFAOYSA-N,DZNVIZQPWLDQHI,CC(C)=CCCC(C)CCOC=O,ester,ACYCLIC::ester,925
public,188,FAMPSKZZVDUYOS-UHFFFAOYSA-N,FAMPSKZZVDUYOS,CC1=CCCC(C)=CCC(C)(C)C=CC1,alkene_or_diene,C1=CCCC=CCCC=CC1,924
public,189,FAXWFCTVSHEODL-UHFFFAOYSA-N,FAXWFCTVSHEODL,Oc1ccc(Br)cc1Br,alcohol_or_phenol,c1ccccc1,923
public,190,FBMQNRKSAWNXBT-UHFFFAOYSA-N,FBMQNRKSAWNXBT,Nc1ccc(N)c2c1C(=O)c1ccccc1C2=O,ketone,O=C1c2ccccc2C(=O)c2ccccc21,45
public,191,FBPFZTCFMRRESA-KVTDHHQDSA-N,FBPFZTCFMRRESA,OC[C@@H](O)[C@@H](O)[C@H](O)[C@H](O)CO,alcohol_or_phenol,ACYCLIC::alcohol_or_phenol,98
public,192,FDDDEECHVMSUSB-UHFFFAOYSA-N,FDDDEECHVMSUSB,Nc1ccc(S(N)(=O)=O)cc1,amine,c1ccccc1,921
public,193,FGLBSLMDCBOPQK-UHFFFAOYSA-N,FGLBSLMDCBOPQK,CC(C)[N+](=O)[O-],amine,ACYCLIC::amine,917
public,194,FHIVAFMUCKRCQO-UHFFFAOYSA-N,FHIVAFMUCKRCQO,CCOP(=S)(OCC)Oc1cc(C)nc(C(C)C)n1,aromatic_heterocycle,c1cncnc1,916
public,195,FHLGUOHLUFIAAA-UHFFFAOYSA-N,FHLGUOHLUFIAAA,C=CC(C)(CCC=C(C)C)OC(=O)CCC,ester,ACYCLIC::ester,36
public,196,FIGVVZUWCLSUEI-UHFFFAOYSA-N,FIGVVZUWCLSUEI,CCCCCCCCCCCCCCCCCCCCCCC,saturated_hydrocarbon,ACYCLIC::saturated_hydrocarbon,1
public,197,FIQMHBFVRAXMOP-UHFFFAOYSA-N,FIQMHBFVRAXMOP,O=P(c1ccccc1)(c1ccccc1)c1ccccc1,carbocyclic_aromatic,O=P(c1ccccc1)(c1ccccc1)c1ccccc1,915
public,198,FJBFPHVGVWTDIP-UHFFFAOYSA-N,FJBFPHVGVWTDIP,BrCBr,other,ACYCLIC::other,914
public,199,FJKROLUGYXJWQN-UHFFFAOYSA-N,FJKROLUGYXJWQN,O=C(O)c1ccc(O)cc1,carboxylic_acid,c1ccccc1,5
public,200,FKNQCJSGGFJEIZ-UHFFFAOYSA-N,FKNQCJSGGFJEIZ,Cc1ccncc1,aromatic_heterocycle,c1ccncc1,913
public,201,FKRCODPIKNYEAC-UHFFFAOYSA-N,FKRCODPIKNYEAC,CCOC(=O)CC,ester,ACYCLIC::ester,912
public,202,FLTJDUOFAQWHDF-UHFFFAOYSA-N,FLTJDUOFAQWHDF,CCCCC(C)(C)C,saturated_hydrocarbon,ACYCLIC::saturated_hydrocarbon,911
public,203,FMKOJHQHASLBPH-UHFFFAOYSA-N,FMKOJHQHASLBPH,CC(C)I,other,ACYCLIC::other,910
public,204,FNAZRRHPUDJQCJ-UHFFFAOYSA-N,FNAZRRHPUDJQCJ,CCCCCCCCCCCCCCCCCCCCC,saturated_hydrocarbon,ACYCLIC::saturated_hydrocarbon,1
public,205,FNEPSTUXZLEUCK-UHFFFAOYSA-N,FNEPSTUXZLEUCK,c1ccc2c(c1)OCCOCCOCCOCCO2,ether,c1ccc2c(c1)OCCOCCOCCOCCO2,20
public,206,FOIBFBMSLDGNHL-UHFFFAOYSA-N,FOIBFBMSLDGNHL,Clc1c(Cl)c(Cl)c2c(c1Cl)Oc1c(Cl)c(Cl)c(Cl)c(Cl)c1O2,ether,c1ccc2c(c1)Oc1ccccc1O2,908
public,207,FPWNLURCHDRMHC-UHFFFAOYSA-N,FPWNLURCHDRMHC,Clc1ccc(-c2ccccc2)cc1,carbocyclic_aromatic,c1ccc(-c2ccccc2)cc1,35
public,208,FRCCEHPWNOQAEU-LDSHLKOWSA-N,FRCCEHPWNOQAEU,ClC1=C(Cl)[C@]2(Cl)[C@@H]3[C@@H](Cl)C=C[C@@H]3[C@@]1(Cl)C2(Cl)Cl,alkene_or_diene,C1=C[C@@H]2C3C=CC(C3)[C@@H]2C1,905
public,209,FRDAATYAJDYRNW-UHFFFAOYSA-N,FRDAATYAJDYRNW,CCC(C)(O)CC,alcohol_or_phenol,ACYCLIC::alcohol_or_phenol,904
public,210,FSAVDKDHPDSCTO-XYOKQWHBSA-N,FSAVDKDHPDSCTO,CCOP(=O)(OCC)O/C(=C/Cl)c1ccc(Cl)cc1Cl,carbocyclic_aromatic,c1ccccc1,903
public,211,FSRZGYRCMPZNJF-UHFFFAOYSA-N,FSRZGYRCMPZNJF,C=C1CCC23C(C)CCC(C(C)C)C2C13,alkene_or_diene,C=C1CCC23CCCCC2C13,902
public,212,FUCYIEXQVQJBKY-UHFFFAOYSA-N,FUCYIEXQVQJBKY,CC1=CC2C(=C(C)CCC2C(C)C)CC1,alkene_or_diene,C1=CC2CCCC=C2CC1,901
public,213,FUIDRYCKEXJNOK-UHFFFAOYSA-N,FUIDRYCKEXJNOK,CC12C=CC(C1)C(C)(C)C2,alkene_or_diene,C1=CC2CCC1C2,900
public,214,FUUHMSUPRUNWRQ-UHFFFAOYSA-N,FUUHMSUPRUNWRQ,COc1cc(Cl)c(Cl)c(Cl)c1Cl,ether,c1ccccc1,899
public,215,FUZZWVXGSFPDMH-UHFFFAOYSA-N,FUZZWVXGSFPDMH,CCCCCC(=O)O,carboxylic_acid,ACYCLIC::carboxylic_acid,27
public,216,FVSKHRXBFJPNKK-UHFFFAOYSA-N,FVSKHRXBFJPNKK,CCC#N,other,ACYCLIC::other,898
public,217,FVWJYYTZTCVBKE-UHFFFAOYSA-N,FVWJYYTZTCVBKE,C=C(C)C1CCC2(CO)CCC3(C)C(CCC4C5(C)CCC(O)C(C)(C)C5CCC43C)C12,alcohol_or_phenol,C1CCC2C(C1)CCC1C2CCC2C3CCCC3CCC21,897
public,218,FVWMPBZCBZBARQ-UHFFFAOYSA-N,FVWMPBZCBZBARQ,COc1ccc(C(=O)N(O)c2cccc(Cl)c2)cc1,amide,O=C(Nc1ccccc1)c1ccccc1,896
public,219,FXHGMKSSBGDXIY-UHFFFAOYSA-N,FXHGMKSSBGDXIY,CCCCCCC=O,aldehyde,ACYCLIC::aldehyde,16
public,220,FXLOVSHXALFLKQ-UHFFFAOYSA-N,FXLOVSHXALFLKQ,Cc1ccc(C=O)cc1,aldehyde,c1ccccc1,894
public,221,FXNDIJDIPNCZQJ-UHFFFAOYSA-N,FXNDIJDIPNCZQJ,C=C(C)CC(C)(C)C,alkene_or_diene,ACYCLIC::alkene_or_diene,893
public,222,FYGHSUNMUKGBRK-UHFFFAOYSA-N,FYGHSUNMUKGBRK,Cc1cccc(C)c1C,carbocyclic_aromatic,c1ccccc1,892
public,223,FZERHIULMFGESH-UHFFFAOYSA-N,FZERHIULMFGESH,CC(=O)Nc1ccccc1,amide,c1ccccc1,891
public,224,FZXISNSWEXTPMF-UHFFFAOYSA-N,FZXISNSWEXTPMF,CCNc1nc(Cl)nc(NC(C)(C)C)n1,amine,c1ncncn1,41
public,225,GAIBLDCXCZKKJE-UHFFFAOYSA-N,GAIBLDCXCZKKJE,C=C1C=CC(C(C)C)CCC(C)=CCC1,alkene_or_diene,C=C1C=CCCCC=CCC1,890
public,226,GBDZXPJXOMHESU-UHFFFAOYSA-N,GBDZXPJXOMHESU,Clc1ccc(Cl)c(Cl)c1Cl,carbocyclic_aromatic,c1ccccc1,889
public,227,GCTNBVHDRFKLLK-UHFFFAOYSA-N,GCTNBVHDRFKLLK,CC1CCC2(C(C)C)CC12,saturated_hydrocarbon,C1CC2CC2C1,888
public,228,GDOPTJXRTPNYNR-UHFFFAOYSA-N,GDOPTJXRTPNYNR,CC1CCCC1,saturated_hydrocarbon,C1CCCC1,70
public,229,GEAWFZNTIFJMHR-UHFFFAOYSA-N,GEAWFZNTIFJMHR,C=CCCCC=C,alkene_or_diene,ACYCLIC::alkene_or_diene,887
public,230,GECHUMIMRBOMGK-UHFFFAOYSA-N,GECHUMIMRBOMGK,Nc1ccc(S(=O)(=O)Nc2ccccn2)cc1,amine,O=S(=O)(Nc1ccccn1)c1ccccc1,886
public,231,GEOWCLRLLWTHDN-UHFFFAOYSA-N,GEOWCLRLLWTHDN,O=COc1ccccc1,ester,c1ccccc1,885
public,232,GETTZEONDQJALK-UHFFFAOYSA-N,GETTZEONDQJALK,FC(F)(F)c1ccccc1,carbocyclic_aromatic,c1ccccc1,883
public,233,GFFGJBXGBJISGV-UHFFFAOYSA-N,GFFGJBXGBJISGV,Nc1ncnc2nc[nH]c12,amine,c1ncc2[nH]cnc2n1,882
public,234,GGBJHURWWWLEQH-UHFFFAOYSA-N,GGBJHURWWWLEQH,CCCCC1CCCCC1,saturated_hydrocarbon,C1CCCCC1,97
public,235,GGYKPYDKXLHNTI-UHFFFAOYSA-N,GGYKPYDKXLHNTI,CCC(C)CCCC(C)CCCC(C)CCCC(C)C,saturated_hydrocarbon,ACYCLIC::saturated_hydrocarbon,881
public,236,GHASVSINZRGABV-UHFFFAOYSA-N,GHASVSINZRGABV,O=c1[nH]cc(F)c(=O)[nH]1,aromatic_heterocycle,O=c1cc[nH]c(=O)[nH]1,880
public,237,GHICCUXQJBDNRN-UHFFFAOYSA-N,GHICCUXQJBDNRN,O=C(O)c1ccc(I)cc1,carboxylic_acid,c1ccccc1,5
public,238,GHMLBKRAJCXXBS-UHFFFAOYSA-N,GHMLBKRAJCXXBS,Oc1cccc(O)c1,alcohol_or_phenol,c1ccccc1,879
public,239,GHVNFZFCNZKVNT-UHFFFAOYSA-N,GHVNFZFCNZKVNT,CCCCCCCCCC(=O)O,carboxylic_acid,ACYCLIC::carboxylic_acid,27
public,240,GILIYJDBJZWGBG-REOHCLBHSA-N,GILIYJDBJZWGBG,C[C@H](O)C(F)(F)F,alcohol_or_phenol,ACYCLIC::alcohol_or_phenol,877
public,241,GIUGGRUEPHPVNR-UHFFFAOYSA-N,GIUGGRUEPHPVNR,Clc1ccc2c(c1)Oc1ccccc1O2,ether,c1ccc2c(c1)Oc1ccccc1O2,88
public,242,GJMUCDMIIVSROW-UHFFFAOYSA-N,GJMUCDMIIVSROW,CC(C)CC(=O)CC(=O)CC(C)C,ketone,ACYCLIC::ketone,81
public,243,GJRQTCIYDGXPES-UHFFFAOYSA-N,GJRQTCIYDGXPES,CC(=O)OCC(C)C,ester,ACYCLIC::ester,876
public,244,GJYXGIIWJFZCLN-UHFFFAOYSA-N,GJYXGIIWJFZCLN,CCCCC(=O)CC(C)=O,ketone,ACYCLIC::ketone,28
public,245,GLDOVTGHNKAZLK-UHFFFAOYSA-N,GLDOVTGHNKAZLK,CCCCCCCCCCCCCCCCCCO,alcohol_or_phenol,ACYCLIC::alcohol_or_phenol,3
public,246,GLUUGHFHXGJENI-UHFFFAOYSA-N,GLUUGHFHXGJENI,C1CNCCN1,amine,C1CNCCN1,875
public,247,GLZPCOQZEFWAFX-JXMROGBWSA-N,GLZPCOQZEFWAFX,CC(C)=CCC/C(C)=C/CO,alcohol_or_phenol,ACYCLIC::alcohol_or_phenol,874
public,248,GNKZMNRKLCTJAY-UHFFFAOYSA-N,GNKZMNRKLCTJAY,CC(=O)c1ccc(C)cc1,ketone,c1ccccc1,873
public,249,GOCKDPOEYFOXRC-UHFFFAOYSA-N,GOCKDPOEYFOXRC,C1COCCOCCOCCOCCOC1,ether,C1COCCOCCOCCOCCOC1,872
public,250,GOLQFLZAQJFVTA-UHFFFAOYSA-N,GOLQFLZAQJFVTA,CCCC(=O)c1c(C)[nH]n(-c2ccccc2)c1=O,ketone,O=c1cc[nH]n1-c1ccccc1,11
public,251,GOUHYARYYWKXHS-UHFFFAOYSA-N,GOUHYARYYWKXHS,O=Cc1ccc(C(=O)O)cc1,carboxylic_acid,c1ccccc1,871
public,252,GPHQHTOMRSGBNZ-UHFFFAOYSA-N,GPHQHTOMRSGBNZ,N#Cc1ccncc1,aromatic_heterocycle,c1ccncc1,870
public,253,GPSDUZXPYCFOSQ-UHFFFAOYSA-N,GPSDUZXPYCFOSQ,Cc1cccc(C(=O)O)c1,carboxylic_acid,c1ccccc1,869
public,254,GQPLMRYTRLFLPF-UHFFFAOYSA-N,GQPLMRYTRLFLPF,[N-]=[N+]=O,other,ACYCLIC::other,868
public,255,GQVMHMFBVWSSPF-UHFFFAOYSA-N,GQVMHMFBVWSSPF,CC=C(C)C=CC=C(C)C,alkene_or_diene,ACYCLIC::alkene_or_diene,867
public,256,GRIHRCLOUQZXPD-UHFFFAOYSA-N,GRIHRCLOUQZXPD,COc1cc(C=O)c(Cl)c(OC)c1O,aldehyde,c1ccccc1,865
public,257,GRWFGVWFFZKLTI-UHFFFAOYSA-N,GRWFGVWFFZKLTI,CC1=CCC2CC1C2(C)C,alkene_or_diene,C1=CC2CC(C1)C2,864
public,258,GSOHKPVFCOWKPU-UHFFFAOYSA-N,GSOHKPVFCOWKPU,CC(=O)C(C)C(C)=O,ketone,ACYCLIC::ketone,863
public,259,GTJOHISYCKPIMT-UHFFFAOYSA-N,GTJOHISYCKPIMT,CCCCCCCCCC(C)C,saturated_hydrocarbon,ACYCLIC::saturated_hydrocarbon,100
public,260,GTLACDSXYULKMZ-UHFFFAOYSA-N,GTLACDSXYULKMZ,FC(F)C(F)(F)F,other,ACYCLIC::other,862
public,261,GULQIIBSEHFYOM-UHFFFAOYSA-N,GULQIIBSEHFYOM,O=C(OC1CCCCCC1)c1ccccc1C(=O)OC1CCCCCC1,ester,O=C(OC1CCCCCC1)c1ccccc1C(=O)OC1CCCCCC1,63
public,262,GVEPBJHOBDJJJI-UHFFFAOYSA-N,GVEPBJHOBDJJJI,c1ccc2c(c1)-c1cccc3cccc-2c13,carbocyclic_aromatic,c1ccc2c(c1)-c1cccc3cccc-2c13,861
public,263,GWHJZXXIDMPWGX-UHFFFAOYSA-N,GWHJZXXIDMPWGX,Cc1ccc(C)c(C)c1,carbocyclic_aromatic,c1ccccc1,860
public,264,GWYFCOCPABKNJV-UHFFFAOYSA-N,GWYFCOCPABKNJV,CC(C)CC(=O)O,carboxylic_acid,ACYCLIC::carboxylic_acid,859
public,265,GXDHCNNESPLIKD-UHFFFAOYSA-N,GXDHCNNESPLIKD,CCCCC(C)C,saturated_hydrocarbon,ACYCLIC::saturated_hydrocarbon,100
public,266,GXEGJTGWYVZSNR-UHFFFAOYSA-N,GXEGJTGWYVZSNR,CC1=CCC(=C(C)C)CCC(C)=CCC1,alkene_or_diene,C=C1CC=CCCC=CCC1,92
public,267,GYCKQBWUSACYIF-UHFFFAOYSA-N,GYCKQBWUSACYIF,CCOC(=O)c1ccccc1O,ester,c1ccccc1,44
public,268,GYFAGKUZYNFMBN-UHFFFAOYSA-N,GYFAGKUZYNFMBN,c1cc2ccc3ccc4ccc5cccc6c(c1)c2c3c4c56,carbocyclic_aromatic,c1cc2ccc3ccc4ccc5cccc6c(c1)c2c3c4c56,99
public,269,GYHFUZHODSMOHU-UHFFFAOYSA-N,GYHFUZHODSMOHU,CCCCCCCCC=O,aldehyde,ACYCLIC::aldehyde,16
public,270,GZFGOTFRPZRKDS-UHFFFAOYSA-N,GZFGOTFRPZRKDS,Oc1ccc(Br)cc1,alcohol_or_phenol,c1ccccc1,858
public,271,GZJOPWPCRDKZEZ-UHFFFAOYSA-N,GZJOPWPCRDKZEZ,CCC(=O)c1c(C)[nH]n(-c2ccccc2)c1=O,ketone,O=c1cc[nH]n1-c1ccccc1,11
public,272,GZPHSAQLYPIAIN-UHFFFAOYSA-N,GZPHSAQLYPIAIN,N#Cc1cccnc1,aromatic_heterocycle,c1ccncc1,857
public,273,GZUXJHMPEANEGY-UHFFFAOYSA-N,GZUXJHMPEANEGY,CBr,other,ACYCLIC::other,856
public,274,HBGGXOJOCNVPFY-UHFFFAOYSA-N,HBGGXOJOCNVPFY,CC(C)CCCCCCOC(=O)c1ccccc1C(=O)OCCCCCCC(C)C,ester,c1ccccc1,6
public,275,HCDGVLDPFQMKDK-UHFFFAOYSA-N,HCDGVLDPFQMKDK,FC(F)=C(F)C(F)(F)F,alkene_or_diene,ACYCLIC::alkene_or_diene,855
public,276,HCFAJYNVAYBARA-UHFFFAOYSA-N,HCFAJYNVAYBARA,CCCC(=O)CCC,ketone,ACYCLIC::ketone,17
public,277,HCNSRKJNMABDKA-UHFFFAOYSA-N,HCNSRKJNMABDKA,CCCOCCOC(=O)c1ccccc1C(=O)OCCOCCC,ester,c1ccccc1,73
public,278,HCRWJJJUKUVORR-UHFFFAOYSA-N,HCRWJJJUKUVORR,CNc1nc(NC(C)C)nc(SC)n1,amine,c1ncncn1,854
public,279,HCWZEPKLWVAEOV-UHFFFAOYSA-N,HCWZEPKLWVAEOV,Clc1ccc(Cl)c(-c2cc(Cl)ccc2Cl)c1,carbocyclic_aromatic,c1ccc(-c2ccccc2)cc1,43
public,280,HDPNBNXLBDFELL-UHFFFAOYSA-N,HDPNBNXLBDFELL,COC(C)(OC)OC,ether,ACYCLIC::ether,853
public,281,HEBKCHPVOIAQTA-UHFFFAOYSA-N,HEBKCHPVOIAQTA,OCC(O)C(O)C(O)CO,alcohol_or_phenol,ACYCLIC::alcohol_or_phenol,98
public,282,HEDRZPFGACZZDS-UHFFFAOYSA-N,HEDRZPFGACZZDS,ClC(Cl)Cl,other,ACYCLIC::other,852
public,283,HEFNNWSXXWATRW-JTQLQIEISA-N,HEFNNWSXXWATRW,CC(C)Cc1ccc([C@H](C)C(=O)O)cc1,carboxylic_acid,c1ccccc1,851
public,284,HFHFGHLXUCOHLN-UHFFFAOYSA-N,HFHFGHLXUCOHLN,Oc1ccccc1F,alcohol_or_phenol,c1ccccc1,849
public,285,HFPZCAJZSCWRBC-UHFFFAOYSA-N,HFPZCAJZSCWRBC,Cc1ccc(C(C)C)cc1,carbocyclic_aromatic,c1ccccc1,848
public,286,HFZWRUODUSTPEG-UHFFFAOYSA-N,HFZWRUODUSTPEG,Oc1ccc(Cl)cc1Cl,alcohol_or_phenol,c1ccccc1,847
public,287,HGBOYTHUEUWSSQ-UHFFFAOYSA-N,HGBOYTHUEUWSSQ,CCCCC=O,aldehyde,ACYCLIC::aldehyde,16
public,288,HGCIXCUEYOPUTN-UHFFFAOYSA-N,HGCIXCUEYOPUTN,C1=CCCCC1,alkene_or_diene,C1=CCCCC1,30
public,289,HGINCPLSRVDWNT-UHFFFAOYSA-N,HGINCPLSRVDWNT,C=CC=O,aldehyde,ACYCLIC::aldehyde,846
public,290,HGUFODBRKLSHSI-UHFFFAOYSA-N,HGUFODBRKLSHSI,Clc1cc2c(cc1Cl)Oc1cc(Cl)c(Cl)cc1O2,ether,c1ccc2c(c1)Oc1ccccc1O2,55
public,291,HHBZZTKMMLDNDN-UHFFFAOYSA-N,HHBZZTKMMLDNDN,CCC(C)OC(C)CC,ether,ACYCLIC::ether,845
public,292,HHOSMYBYIHNXNO-UHFFFAOYSA-N,HHOSMYBYIHNXNO,CC(C)CCC(C)(C)C,saturated_hydrocarbon,ACYCLIC::saturated_hydrocarbon,844
public,293,HHVIBTZHLRERCL-UHFFFAOYSA-N,HHVIBTZHLRERCL,CS(C)(=O)=O,other,ACYCLIC::other,843
public,294,HICYDYJTCDBHMZ-UHFFFAOYSA-N,HICYDYJTCDBHMZ,CC1=CCC2C3C1C2(C)CCCC3(C)C,alkene_or_diene,C1=CC2C3CCCCC2C3C1,842
public,295,HJAGHNRKHZQVEK-UHFFFAOYSA-N,HJAGHNRKHZQVEK,CCCCNCc1ccc(C)cc1,amine,c1ccccc1,14
public,296,HJOVHMDZYOCNQW-UHFFFAOYSA-N,HJOVHMDZYOCNQW,CC1=CC(=O)CC(C)(C)C1,ketone,O=C1C=CCCC1,841
public,297,HKAMKLBXTLTVCN-UHFFFAOYSA-N,HKAMKLBXTLTVCN,CCNc1nc(NCC)nc(OC)n1,ether,c1ncncn1,26
public,298,HLNDPICGHQGWSU-UHFFFAOYSA-N,HLNDPICGHQGWSU,COc1cc(C(C)=O)cc(-c2cc(C(C)=O)cc(OC)c2O)c1O,ketone,c1ccc(-c2ccccc2)cc1,840
public,299,HLQDGCWIOSOMDP-UHFFFAOYSA-N,HLQDGCWIOSOMDP,Clc1cc(-c2ccccc2)c(Cl)c(Cl)c1Cl,carbocyclic_aromatic,c1ccc(-c2ccccc2)cc1,839
public,300,HLVFKOKELQSXIQ-UHFFFAOYSA-N,HLVFKOKELQSXIQ,CC(C)CBr,other,ACYCLIC::other,838
public,301,HLZKNKRTKFSKGZ-UHFFFAOYSA-N,HLZKNKRTKFSKGZ,CCCCCCCCCCCCCCO,alcohol_or_phenol,ACYCLIC::alcohol_or_phenol,3
public,302,HMNKTRSOROOSPP-UHFFFAOYSA-N,HMNKTRSOROOSPP,CCc1cccc(O)c1,alcohol_or_phenol,c1ccccc1,837
public,303,HMSWAIKSFDFLKN-UHFFFAOYSA-N,HMSWAIKSFDFLKN,CCCCCCCCCCCCCCCCCCCCCCCCCC,saturated_hydrocarbon,ACYCLIC::saturated_hydrocarbon,1
public,304,HMTSWYPNXFHGEP-UHFFFAOYSA-N,HMTSWYPNXFHGEP,Cc1ccc(CN)cc1,amine,c1ccccc1,836
public,305,HNBDRPTVWVGKBR-UHFFFAOYSA-N,HNBDRPTVWVGKBR,CCCCC(=O)OC,ester,ACYCLIC::ester,835
public,306,HNFSPSWQNZVCTB-UHFFFAOYSA-N,HNFSPSWQNZVCTB,CC(C)OC(C)(C)C,ether,ACYCLIC::ether,834
public,307,HNKJADCVZUBCPG-UHFFFAOYSA-N,HNKJADCVZUBCPG,CSc1ccccc1,sulfide_or_disulfide,c1ccccc1,833
public,308,HNRMPXKDFBEGFZ-UHFFFAOYSA-N,HNRMPXKDFBEGFZ,CCC(C)(C)C,saturated_hydrocarbon,ACYCLIC::saturated_hydrocarbon,832
public,309,HNVRRHSXBLFLIG-UHFFFAOYSA-N,HNVRRHSXBLFLIG,C=CC(C)(C)O,alcohol_or_phenol,ACYCLIC::alcohol_or_phenol,831
public,310,HONIICLYMWZJFZ-UHFFFAOYSA-N,HONIICLYMWZJFZ,C1CNC1,amine,C1CNC1,37
public,311,HORNXRXVQWOLPJ-UHFFFAOYSA-N,HORNXRXVQWOLPJ,Oc1cccc(Cl)c1,alcohol_or_phenol,c1ccccc1,830
public,312,HOWGUJZVBDQJKV-UHFFFAOYSA-N,HOWGUJZVBDQJKV,CCCCCCCCCCCCCCCCCCCCCC,saturated_hydrocarbon,ACYCLIC::saturated_hydrocarbon,1
public,313,HPNMFZURTQLUMO-UHFFFAOYSA-N,HPNMFZURTQLUMO,CCNCC,amine,ACYCLIC::amine,829
public,314,HPQURZRDYMUHJI-UHFFFAOYSA-N,HPQURZRDYMUHJI,CCCCCC1CCCC1,saturated_hydrocarbon,C1CCCC1,97
public,315,HPYNZHMRTTWQTB-UHFFFAOYSA-N,HPYNZHMRTTWQTB,Cc1cccnc1C,aromatic_heterocycle,c1ccncc1,828
public,316,HRVUKLBFRPWXPJ-UHFFFAOYSA-N,HRVUKLBFRPWXPJ,Clc1cc(Cl)c2c(c1Cl)Oc1ccccc1O2,ether,c1ccc2c(c1)Oc1ccccc1O2,827
public,317,HRYZWHHZPQKTII-UHFFFAOYSA-N,HRYZWHHZPQKTII,CCCl,other,ACYCLIC::other,826
public,318,HSCFCHRSKKXFQX-UHFFFAOYSA-N,HSCFCHRSKKXFQX,CCOc1ccc(C(=O)N(O)c2ccc(C)cc2)cc1,amide,O=C(Nc1ccccc1)c1ccccc1,825
public,319,HSFWRNGVRCDJHI-UHFFFAOYSA-N,HSFWRNGVRCDJHI,C#C,saturated_hydrocarbon,ACYCLIC::saturated_hydrocarbon,824
public,320,HSUIVCLOAAJSRE-UHFFFAOYSA-N,HSUIVCLOAAJSRE,COCCOC(=O)c1ccccc1C(=O)OCCOC,ester,c1ccccc1,823
public,321,HTHNTJCVPNKCPZ-UHFFFAOYSA-N,HTHNTJCVPNKCPZ,FC(F)=CCl,alkene_or_diene,ACYCLIC::alkene_or_diene,822
public,322,HTKIMWYSDZQQBP-UHFFFAOYSA-N,HTKIMWYSDZQQBP,O=[N+]([O-])OCCO,alcohol_or_phenol,ACYCLIC::alcohol_or_phenol,821
public,323,HTSABYAWKQAHBT-UHFFFAOYSA-N,HTSABYAWKQAHBT,CC1CCCC(O)C1,alcohol_or_phenol,C1CCCCC1,820
public,324,HUAZGNHGCJGYNP-UHFFFAOYSA-N,HUAZGNHGCJGYNP,CCCOC(=O)CCC,ester,ACYCLIC::ester,819
public,325,HUMNYLRZRPPJDN-UHFFFAOYSA-N,HUMNYLRZRPPJDN,O=Cc1ccccc1,aldehyde,c1ccccc1,818
public,326,HUPFGZXOMWLGNK-UHFFFAOYSA-N,HUPFGZXOMWLGNK,O=C(O)c1cc(-c2ccc(F)cc2F)ccc1O,carboxylic_acid,c1ccc(-c2ccccc2)cc1,817
public,327,HVCFCNAITDHQFX-UHFFFAOYSA-N,HVCFCNAITDHQFX,CC(=O)C1CC1,ketone,C1CC1,76
public,328,HVTICUPFWKNHNG-UHFFFAOYSA-N,HVTICUPFWKNHNG,CCI,other,ACYCLIC::other,816
public,329,HVYWMOMLDIMFJA-UHFFFAOYSA-N,HVYWMOMLDIMFJA,CC(C)CCCC(C)C1CCC2C3CC=C4CC(O)CCC4(C)C3CCC12C,alcohol_or_phenol,C1=C2CCCCC2C2CCC3CCCC3C2C1,56
public,330,HVZJRWJGKQPSFL-UHFFFAOYSA-N,HVZJRWJGKQPSFL,CCC(C)(C)OC,ether,ACYCLIC::ether,815
public,331,HWWYDZCSSYKIAD-UHFFFAOYSA-N,HWWYDZCSSYKIAD,Cc1cncc(C)c1,aromatic_heterocycle,c1ccncc1,814
public,332,HXDOZKJGKXYMEW-UHFFFAOYSA-N,HXDOZKJGKXYMEW,CCc1ccc(O)cc1,alcohol_or_phenol,c1ccccc1,813
public,333,HXJUTPCZVOIRIF-UHFFFAOYSA-N,HXJUTPCZVOIRIF,[O-][S+2]1([O-])CCCC1,other,C1CC[SH2+2]C1,812
public,334,HXVNBWAKAOHACI-UHFFFAOYSA-N,HXVNBWAKAOHACI,CC(C)C(=O)C(C)C,ketone,ACYCLIC::ketone,810
public,335,HYBBIBNJHNGZAN-UHFFFAOYSA-N,HYBBIBNJHNGZAN,O=Cc1ccco1,aldehyde,c1ccoc1,809
public,336,HYFLWBNQFMXCPA-UHFFFAOYSA-N,HYFLWBNQFMXCPA,CCc1ccccc1C,carbocyclic_aromatic,c1ccccc1,808
public,337,HYNGAVZPWWXQIU-UHFFFAOYSA-N,HYNGAVZPWWXQIU,C=C(C)C(CC=C(C)C)COC(C)=O,ester,ACYCLIC::ester,807
public,338,HYYBABOKPJLUIN-UHFFFAOYSA-N,HYYBABOKPJLUIN,Cc1cccc(Nc2ccccc2C(=O)O)c1C,carboxylic_acid,c1ccc(Nc2ccccc2)cc1,806
public,339,IAKOZHOLGAGEJT-UHFFFAOYSA-N,IAKOZHOLGAGEJT,COc1ccc(C(c2ccc(OC)cc2)C(Cl)(Cl)Cl)cc1,ether,c1ccc(Cc2ccccc2)cc1,805
public,340,IAQRGUVFOMOMEM-UHFFFAOYSA-N,IAQRGUVFOMOMEM,CC=CC,alkene_or_diene,ACYCLIC::alkene_or_diene,804
public,341,IAVREABSGIHHMO-UHFFFAOYSA-N,IAVREABSGIHHMO,O=Cc1cccc(O)c1,aldehyde,c1ccccc1,803
public,342,IAYPIBMASNFSPL-UHFFFAOYSA-N,IAYPIBMASNFSPL,C1CO1,ether,C1CO1,21
public,343,IAZDPXIOMUYVGZ-UHFFFAOYSA-N,IAZDPXIOMUYVGZ,CS(C)=O,other,ACYCLIC::other,802
public,344,IBSQPLPBRSHTTG-UHFFFAOYSA-N,IBSQPLPBRSHTTG,Cc1ccccc1Cl,carbocyclic_aromatic,c1ccccc1,801
public,345,IBVJWOMJGCHRRW-UHFFFAOYSA-N,IBVJWOMJGCHRRW,CC1=CC2C(CC1)C2(C)C,alkene_or_diene,C1=CC2CC2CC1,62
public,346,IBXNCJKFFQIKKY-UHFFFAOYSA-N,IBXNCJKFFQIKKY,C#CCCC,saturated_hydrocarbon,ACYCLIC::saturated_hydrocarbon,800
public,347,IBYHHJPAARCAIE-UHFFFAOYSA-N,IBYHHJPAARCAIE,ClCCBr,other,ACYCLIC::other,799
public,348,ICMAFTSLXCXHRK-UHFFFAOYSA-N,ICMAFTSLXCXHRK,CCCCC(=O)OCC,ester,ACYCLIC::ester,10
public,349,ICOAEPDGFWLUTI-UHFFFAOYSA-N,ICOAEPDGFWLUTI,Clc1cc(Cl)c(-c2c(Cl)cc(Cl)cc2Cl)c(Cl)c1,carbocyclic_aromatic,c1ccc(-c2ccccc2)cc1,798
public,350,IDKMFABKPPHDBI-UHFFFAOYSA-N,IDKMFABKPPHDBI,COc1c(Cl)cc(Cl)c(OC)c1O,alcohol_or_phenol,c1ccccc1,797
public,351,IECKAVQTURBPON-UHFFFAOYSA-N,IECKAVQTURBPON,COC(OC)(OC)c1ccccc1,ether,c1ccccc1,796
public,352,IEJIGPNLZYLLBP-UHFFFAOYSA-N,IEJIGPNLZYLLBP,COC(=O)OC,ester,ACYCLIC::ester,795
public,353,IGODOXYLBBXFDW-UHFFFAOYSA-N,IGODOXYLBBXFDW,CC(=O)OC(C)(C)C1CC=C(C)CC1,ester,C1=CCCCC1,794
public,354,IHPKGUQCSIINRJ-UHFFFAOYSA-N,IHPKGUQCSIINRJ,C=CC(C)=CCC=C(C)C,alkene_or_diene,ACYCLIC::alkene_or_diene,793
public,355,IIEWJVIFRVWJOD-UHFFFAOYSA-N,IIEWJVIFRVWJOD,CCC1CCCCC1,saturated_hydrocarbon,C1CCCCC1,792
public,356,IISBACLAFKSPIT-UHFFFAOYSA-N,IISBACLAFKSPIT,CC(C)(c1ccc(O)cc1)c1ccc(O)cc1,alcohol_or_phenol,c1ccc(Cc2ccccc2)cc1,791
public,357,IIYFAKIEWZDVMP-UHFFFAOYSA-N,IIYFAKIEWZDVMP,CCCCCCCCCCCCC,saturated_hydrocarbon,ACYCLIC::saturated_hydrocarbon,1
public,358,IJFPVINAQGWBRJ-UHFFFAOYSA-N,IJFPVINAQGWBRJ,CC(C)CCCCCOC(=O)c1ccccc1C(=O)OCCCCCC(C)C,ester,c1ccccc1,6
public,359,IJFXRHURBJZNAO-UHFFFAOYSA-N,IJFXRHURBJZNAO,O=C(O)c1cccc(O)c1,carboxylic_acid,c1ccccc1,78
public,360,IJGRMHOSHXDMSA-UHFFFAOYSA-N,IJGRMHOSHXDMSA,N#N,other,ACYCLIC::other,789
public,361,IKCLCGXPQILATA-UHFFFAOYSA-N,IKCLCGXPQILATA,O=C(O)c1ccccc1Cl,carboxylic_acid,c1ccccc1,788
public,362,IKYICRRUVNIHPP-UHFFFAOYSA-N,IKYICRRUVNIHPP,CCNc1nc(NC(C)C(C)C)nc(SC)n1,amine,c1ncncn1,25
public,363,ILPNRWUGFSPGAA-UHFFFAOYSA-N,ILPNRWUGFSPGAA,CCCC(=O)CC(C)=O,ketone,ACYCLIC::ketone,17
public,364,IMFACGCPASFAPR-UHFFFAOYSA-N,IMFACGCPASFAPR,CCCCN(CCCC)CCCC,amine,ACYCLIC::amine,785
public,365,IMNDHOCGZLYMRO-UHFFFAOYSA-N,IMNDHOCGZLYMRO,CN(C)C(=O)c1ccccc1,amide,c1ccccc1,784
public,366,IMNFDUFMRHMDMM-UHFFFAOYSA-N,IMNFDUFMRHMDMM,CCCCCCC,saturated_hydrocarbon,ACYCLIC::saturated_hydrocarbon,1
public,367,INQOMBQAUSQDDS-UHFFFAOYSA-N,INQOMBQAUSQDDS,CI,other,ACYCLIC::other,783
public,368,IOQPZZOEVPZRBK-UHFFFAOYSA-N,IOQPZZOEVPZRBK,CCCCCCCCN,amine,ACYCLIC::amine,9
public,369,IPBVNPXQWQGGJP-UHFFFAOYSA-N,IPBVNPXQWQGGJP,CC(=O)Oc1ccccc1,ester,c1ccccc1,782
public,370,IPJDXQYLAATRJK-UHFFFAOYSA-N,IPJDXQYLAATRJK,COC(CC#N)(OC)OC,ether,ACYCLIC::ether,781
public,371,IPKKHRVROFYTEK-UHFFFAOYSA-N,IPKKHRVROFYTEK,CCCCCOC(=O)c1ccccc1C(=O)OCCCCC,ester,c1ccccc1,2
public,372,IQUPABOKLQSFBK-UHFFFAOYSA-N,IQUPABOKLQSFBK,O=[N+]([O-])c1ccccc1O,alcohol_or_phenol,c1ccccc1,780
public,373,IRAQOCYXUMOFCW-UHFFFAOYSA-N,IRAQOCYXUMOFCW,CC1=CCC23CC1C(C)(C)C2CCC3C,alkene_or_diene,C1=CC2CC3CCCC3(C1)C2,779
public,374,IRCZVRWQUNZGSH-UHFFFAOYSA-N,IRCZVRWQUNZGSH,C=C1CCC2C(C)CCC3C(C12)C3(C)C,alkene_or_diene,C=C1CCC2CCCC3CC3C12,778
public,375,IRIAEXORFWYRCZ-UHFFFAOYSA-N,IRIAEXORFWYRCZ,CCCCOC(=O)c1ccccc1C(=O)OCc1ccccc1,ester,O=C(OCc1ccccc1)c1ccccc1,2
public,376,IROINLKCQGIITA-UHFFFAOYSA-N,IROINLKCQGIITA,CCNc1nc(NC(C)(C)C)nc(SC)n1,amine,c1ncncn1,777
public,377,IRUDSQHLKGNCGF-UHFFFAOYSA-N,IRUDSQHLKGNCGF,C=C(C)CCCC,alkene_or_diene,ACYCLIC::alkene_or_diene,776
public,378,ISAOCJYIOMOJEB-UHFFFAOYSA-N,ISAOCJYIOMOJEB,O=C(c1ccccc1)C(O)c1ccccc1,ketone,O=C(Cc1ccccc1)c1ccccc1,775
public,379,ISEUFVQQFVOBCY-UHFFFAOYSA-N,ISEUFVQQFVOBCY,COc1nc(NC(C)C)nc(NC(C)C)n1,ether,c1ncncn1,26
public,380,ISPYQTSUDJAMAB-UHFFFAOYSA-N,ISPYQTSUDJAMAB,Oc1ccccc1Cl,alcohol_or_phenol,c1ccccc1,774
public,381,ISTJMQSHILQAEC-ZCFIWIBFSA-N,ISTJMQSHILQAEC,CC[C@@H](O)C(C)C,alcohol_or_phenol,ACYCLIC::alcohol_or_phenol,773
public,382,ISWXYJQANHQYSR-UHFFFAOYSA-N,ISWXYJQANHQYSR,CC(=O)CO[N+](=O)[O-],ketone,ACYCLIC::ketone,771
public,383,ITQTTZVARXURQS-UHFFFAOYSA-N,ITQTTZVARXURQS,Cc1cccnc1,aromatic_heterocycle,c1ccncc1,770
public,384,ITVQAKZNYJEWKS-UHFFFAOYSA-N,ITVQAKZNYJEWKS,CCCN(CC1CC1)c1c([N+](=O)[O-])cc(C(F)(F)F)cc1[N+](=O)[O-],amine,c1ccc(NCC2CC2)cc1,32
public,385,IUTPYMGCWINGEY-UHFFFAOYSA-N,IUTPYMGCWINGEY,Clc1ccc(-c2cc(Cl)c(Cl)cc2Cl)cc1Cl,carbocyclic_aromatic,c1ccc(-c2ccccc2)cc1,768
public,386,IVSZLXZYQVIEFR-UHFFFAOYSA-N,IVSZLXZYQVIEFR,Cc1cccc(C)c1,carbocyclic_aromatic,c1ccccc1,94
public,387,IWEDIXLBFLAXBO-UHFFFAOYSA-N,IWEDIXLBFLAXBO,COc1c(Cl)ccc(Cl)c1C(=O)O,carboxylic_acid,c1ccccc1,766
public,388,IWYDHOAUDWTVEP-UHFFFAOYSA-N,IWYDHOAUDWTVEP,O=C(O)C(O)c1ccccc1,carboxylic_acid,c1ccccc1,765
public,389,IXQGCWUGDFDQMF-UHFFFAOYSA-N,IXQGCWUGDFDQMF,CCc1ccccc1O,alcohol_or_phenol,c1ccccc1,764
public,390,IXRFCDGFCNVDJM-UHFFFAOYSA-N,IXRFCDGFCNVDJM,Cc1ccccc1C(=O)N(O)c1ccccc1,amide,O=C(Nc1ccccc1)c1ccccc1,96
public,391,IYXGSMUGOJNHAZ-UHFFFAOYSA-N,IYXGSMUGOJNHAZ,CCOC(=O)CC(=O)OCC,ester,ACYCLIC::ester,763
public,392,IYYZUPMFVPLQIF-UHFFFAOYSA-N,IYYZUPMFVPLQIF,c1ccc2c(c1)sc1ccccc12,aromatic_heterocycle,c1ccc2c(c1)sc1ccccc12,762
public,393,IZUPBVBPLAPZRR-UHFFFAOYSA-N,IZUPBVBPLAPZRR,Oc1c(Cl)c(Cl)c(Cl)c(Cl)c1Cl,alcohol_or_phenol,c1ccccc1,761
public,394,JANBFCARANRIKJ-UHFFFAOYSA-N,JANBFCARANRIKJ,CC(C)CCOC(=O)c1ccccc1C(=O)OCCC(C)C,ester,c1ccccc1,6
public,395,JARKCYVAAOWBJS-UHFFFAOYSA-N,JARKCYVAAOWBJS,CCCCCC=O,aldehyde,ACYCLIC::aldehyde,16
public,396,JBIJLHTVPXGSAM-UHFFFAOYSA-N,JBIJLHTVPXGSAM,Nc1ccc2ccccc2c1,amine,c1ccc2ccccc2c1,759
public,397,JCCCMAAJYSNBPR-UHFFFAOYSA-N,JCCCMAAJYSNBPR,CCc1cccs1,aromatic_heterocycle,c1ccsc1,758
public,398,JCMWSVNNSPUNER-UHFFFAOYSA-N,JCMWSVNNSPUNER,CNCCc1ccc(OC)cc1,ether,c1ccccc1,757
public,399,JEDHRNGVPHHDAA-UHFFFAOYSA-N,JEDHRNGVPHHDAA,CC(=O)CC(=O)C1=CC=C[SH]1(F)(F)F,ketone,C1=CSC=C1,756
public,400,JFCQEDHGNNZCLN-UHFFFAOYSA-N,JFCQEDHGNNZCLN,O=C(O)CCCC(=O)O,carboxylic_acid,ACYCLIC::carboxylic_acid,60
public,401,JFDZBHWFFUWGJE-UHFFFAOYSA-N,JFDZBHWFFUWGJE,N#Cc1ccccc1,carbocyclic_aromatic,c1ccccc1,755
public,402,JGHZJRVDZXSNKQ-UHFFFAOYSA-N,JGHZJRVDZXSNKQ,CCCCCCCC(=O)OC,ester,ACYCLIC::ester,4
public,403,JHBKHLUZVFWLAG-UHFFFAOYSA-N,JHBKHLUZVFWLAG,Clc1cc(Cl)c(Cl)cc1Cl,carbocyclic_aromatic,c1ccccc1,754
public,404,JHIVVAPYMSGYDF-UHFFFAOYSA-N,JHIVVAPYMSGYDF,O=C1CCCCC1,ketone,O=C1CCCCC1,95
public,405,JHYCAHYFBLDYBG-UHFFFAOYSA-N,JHYCAHYFBLDYBG,CCCCOC(=O)c1ccccc1C(=O)OC(CC)CCCC,ester,c1ccccc1,753
public,406,JIUFYGIESXPUPL-UHFFFAOYSA-N,JIUFYGIESXPUPL,C=CCCC(C)C,alkene_or_diene,ACYCLIC::alkene_or_diene,752
public,407,JJVNINGBHGBWJH-UHFFFAOYSA-N,JJVNINGBHGBWJH,COc1cccc(C=O)c1O,aldehyde,c1ccccc1,751
public,408,JJWKPURADFRFRB-UHFFFAOYSA-N,JJWKPURADFRFRB,O=C=S,other,ACYCLIC::other,750
public,409,JJYPMNFTHPTTDI-UHFFFAOYSA-N,JJYPMNFTHPTTDI,Cc1cccc(N)c1,amine,c1ccccc1,94
public,410,JLKIGFTWXXRPMT-UHFFFAOYSA-N,JLKIGFTWXXRPMT,Cc1cc(NS(=O)(=O)c2ccc(N)cc2)no1,amine,O=S(=O)(Nc1ccon1)c1ccccc1,749
public,411,JLTDJTHDQAWBAV-UHFFFAOYSA-N,JLTDJTHDQAWBAV,CN(C)c1ccccc1,amine,c1ccccc1,748
public,412,JMMWKPVZQRWMSS-UHFFFAOYSA-N,JMMWKPVZQRWMSS,CC(=O)OC(C)C,ester,ACYCLIC::ester,746
public,413,JMMZCWZIJXAGKW-UHFFFAOYSA-N,JMMZCWZIJXAGKW,CCC=C(C)C,alkene_or_diene,ACYCLIC::alkene_or_diene,745
public,414,JNMRHUJNCSQMMB-UHFFFAOYSA-N,JNMRHUJNCSQMMB,Nc1ccc(S(=O)(=O)Nc2nccs2)cc1,amine,O=S(=O)(Nc1nccs1)c1ccccc1,744
public,415,JOZKFWLRHCDGJA-UHFFFAOYSA-N,JOZKFWLRHCDGJA,CC(=O)OCCC(C)CCC=C(C)C,ester,ACYCLIC::ester,743
public,416,JQCXWCOOWVGKMT-UHFFFAOYSA-N,JQCXWCOOWVGKMT,CCCCCCCOC(=O)c1ccccc1C(=O)OCCCCCCC,ester,c1ccccc1,2
public,417,JQVDAXLFBXTEQA-UHFFFAOYSA-N,JQVDAXLFBXTEQA,CCCCNCCCC,amine,ACYCLIC::amine,742
public,418,JRLPEMVDPFPYPJ-UHFFFAOYSA-N,JRLPEMVDPFPYPJ,CCc1ccc(C)cc1,carbocyclic_aromatic,c1ccccc1,741
public,419,JRZJOMJEPLMPRA-UHFFFAOYSA-N,JRZJOMJEPLMPRA,C=CCCCCCCC,alkene_or_diene,ACYCLIC::alkene_or_diene,8
public,420,JSRLURSZEMLAFO-UHFFFAOYSA-N,JSRLURSZEMLAFO,Brc1cccc(Br)c1,carbocyclic_aromatic,c1ccccc1,740
public,421,JSZOAYXJRCEYSX-UHFFFAOYSA-N,JSZOAYXJRCEYSX,CCC[N+](=O)[O-],amine,ACYCLIC::amine,739
public,422,JTXMVXSTHSMVQF-UHFFFAOYSA-N,JTXMVXSTHSMVQF,CC(=O)OCCOC(C)=O,ester,ACYCLIC::ester,52
public,423,JUQGWBAOQUBVFP-UHFFFAOYSA-N,JUQGWBAOQUBVFP,CC1=CC2C(=CC1)C(C)CCC2C(C)C,alkene_or_diene,C1=CC2CCCCC2=CC1,737
public,424,JUWUWIGZUVEFQB-UHFFFAOYSA-N,JUWUWIGZUVEFQB,CC(=O)OC1C2(C)CCC(C2)C1(C)C,ester,C1CC2CCC1C2,736
public,425,JVTZFYYHCGSXJV-UHFFFAOYSA-N,JVTZFYYHCGSXJV,COc1ccc(C=O)cc1O,aldehyde,c1ccccc1,91
public,426,JWAZRIHNYRIHIV-UHFFFAOYSA-N,JWAZRIHNYRIHIV,Oc1ccc2ccccc2c1,alcohol_or_phenol,c1ccc2ccccc2c1,735
public,427,JWUJQDFVADABEY-YFKPBYRVSA-N,JWUJQDFVADABEY,C[C@H]1CCCO1,ether,C1CCOC1,734
public,428,JXSJBGJIGXNWCI-MRVPVSSYSA-N,JXSJBGJIGXNWCI,CCOC(=O)C[C@@H](SP(=S)(OC)OC)C(=O)OCC,ester,ACYCLIC::ester,733
public,429,JYGXADMDTFJGBT-UHFFFAOYSA-N,JYGXADMDTFJGBT,CC12CCC(=O)C=C1CCC1C2C(O)CC2(C)C1CCC2(O)C(=O)CO,ketone,O=C1C=C2CCC3C4CCCC4CCC3C2CC1,732
public,430,JYYNAJVZFGKDEQ-UHFFFAOYSA-N,JYYNAJVZFGKDEQ,Cc1ccnc(C)c1,aromatic_heterocycle,c1ccncc1,730
public,431,JZFPYUNJRRFVQU-UHFFFAOYSA-N,JZFPYUNJRRFVQU,O=C(O)c1cccnc1Nc1cccc(C(F)(F)F)c1,carboxylic_acid,c1ccc(Nc2ccccn2)cc1,729
public,432,JZOCDHMHLGUPFI-UHFFFAOYSA-N,JZOCDHMHLGUPFI,C=CC(C)(CCC=C(C)C)OC=O,ester,ACYCLIC::ester,728
public,433,KCXMKQUNVWSEMD-UHFFFAOYSA-N,KCXMKQUNVWSEMD,ClCc1ccccc1,carbocyclic_aromatic,c1ccccc1,725
public,434,KCXZNSGUUQJJTR-UHFFFAOYSA-N,KCXZNSGUUQJJTR,CCCCCCOC(=O)c1ccccc1C(=O)OCCCCCC,ester,c1ccccc1,2
public,435,KDIAMAVWIJYWHN-UHFFFAOYSA-N,KDIAMAVWIJYWHN,CCCC1CCCC1,saturated_hydrocarbon,C1CCCC1,93
public,436,KDKYADYSIPSCCQ-UHFFFAOYSA-N,KDKYADYSIPSCCQ,C#CCC,saturated_hydrocarbon,ACYCLIC::saturated_hydrocarbon,724
public,437,KDYFGRWQOYBRFD-UHFFFAOYSA-N,KDYFGRWQOYBRFD,O=C(O)CCC(=O)O,carboxylic_acid,ACYCLIC::carboxylic_acid,723
public,438,KEPDRVSVMRMGCR-UHFFFAOYSA-N,KEPDRVSVMRMGCR,CCCNCc1ccc(C)cc1,amine,c1ccccc1,14
public,439,KFBXUKHERGLHLG-UHFFFAOYSA-N,KFBXUKHERGLHLG,CCCCCC(=O)CC(C)=O,ketone,ACYCLIC::ketone,722
public,440,KFIRODWJCYBBHY-UHFFFAOYSA-N,KFIRODWJCYBBHY,O=C(O)c1cccc([N+](=O)[O-])c1C(=O)O,carboxylic_acid,c1ccccc1,721
public,441,KFNNIILCVOLYIR-UHFFFAOYSA-N,KFNNIILCVOLYIR,CCCOC=O,ester,ACYCLIC::ester,720
public,442,KFRVYYGHSPLXSZ-UHFFFAOYSA-N,KFRVYYGHSPLXSZ,CCOC(C)(C)CC,ether,ACYCLIC::ether,719
public,443,KFUSEUYYWQURPO-UPHRSURJSA-N,KFUSEUYYWQURPO,Cl/C=C\Cl,alkene_or_diene,ACYCLIC::alkene_or_diene,718
public,444,KFYISTOZYAKAPV-UHFFFAOYSA-N,KFYISTOZYAKAPV,C=C1CCC(C(C)C)c2cc(C)ccc21,carbocyclic_aromatic,C=C1CCCc2ccccc21,717
public,445,KGCNHWXDPDPSBV-UHFFFAOYSA-N,KGCNHWXDPDPSBV,O=[N+]([O-])c1ccc(CCl)cc1,amine,c1ccccc1,715
public,446,KHUFHLFHOQVFGB-UHFFFAOYSA-N,KHUFHLFHOQVFGB,Nc1cccc2c1C(=O)c1ccccc1C2=O,ketone,O=C1c2ccccc2C(=O)c2ccccc21,45
public,447,KIVBCNDOGIVYRG-UHFFFAOYSA-N,KIVBCNDOGIVYRG,Cc1ccccc1N(O)C(=O)c1ccc(Cl)cc1,amide,O=C(Nc1ccccc1)c1ccccc1,713
public,448,KJBZJVQFKVCPED-UHFFFAOYSA-N,KJBZJVQFKVCPED,CC(C)C(C)c1ccc(CC(=O)O)cc1,carboxylic_acid,c1ccccc1,712
public,449,KJCVRFUGPWSIIH-UHFFFAOYSA-N,KJCVRFUGPWSIIH,Oc1cccc2ccccc12,alcohol_or_phenol,c1ccc2ccccc2c1,711
public,450,KJDRSWPQXHESDQ-UHFFFAOYSA-N,KJDRSWPQXHESDQ,ClCCCCCl,other,ACYCLIC::other,53
public,451,KJRCEJOSASVSRA-UHFFFAOYSA-N,KJRCEJOSASVSRA,CC(C)S,thiol,ACYCLIC::thiol,710
public,452,KJTRXVXWSSPHRV-UHFFFAOYSA-N,KJTRXVXWSSPHRV,Cc1[nH]n(-c2ccccc2)c(=O)c1C(=O)c1ccccc1,ketone,O=C(c1ccccc1)c1c[nH]n(-c2ccccc2)c1=O,709
public,453,KKEYFWRCBNTPAC-UHFFFAOYSA-N,KKEYFWRCBNTPAC,O=C(O)c1ccc(C(=O)O)cc1,carboxylic_acid,c1ccccc1,5
public,454,KKKDZZRICRFGSD-UHFFFAOYSA-N,KKKDZZRICRFGSD,c1ccc(Cn2ccnc2)cc1,aromatic_heterocycle,c1ccc(Cn2ccnc2)cc1,708
public,455,KKOXKGNSUHTUBV-UHFFFAOYSA-N,KKOXKGNSUHTUBV,CC(C)=CCCC(C)C1C=CC(C)=CC1,alkene_or_diene,C1=CCCC=C1,707
public,456,KKQWHYGECTYFIA-UHFFFAOYSA-N,KKQWHYGECTYFIA,Clc1ccc(Cl)c(-c2ccccc2)c1,carbocyclic_aromatic,c1ccc(-c2ccccc2)cc1,706
public,457,KLCNJIQZXOQYTE-UHFFFAOYSA-N,KLCNJIQZXOQYTE,C=CCC(C)(C)C,alkene_or_diene,ACYCLIC::alkene_or_diene,705
public,458,KLIDCXVFHGNTTM-UHFFFAOYSA-N,KLIDCXVFHGNTTM,COc1cccc(OC)c1O,alcohol_or_phenol,c1ccccc1,704
public,459,KLKFAASOGCDTDT-UHFFFAOYSA-N,KLKFAASOGCDTDT,CCOCOCC,ether,ACYCLIC::ether,703
public,460,KLSLBUSXWBJMEC-UHFFFAOYSA-N,KLSLBUSXWBJMEC,CCCc1ccc(O)cc1,alcohol_or_phenol,c1ccccc1,702
public,461,KMAQZIILEGKYQZ-UHFFFAOYSA-N,KMAQZIILEGKYQZ,O=[N+]([O-])c1cccc(Cl)c1,amine,c1ccccc1,701
public,462,KMGBZBJJOKUPIA-UHFFFAOYSA-N,KMGBZBJJOKUPIA,CCCCI,other,ACYCLIC::other,29
public,463,KMTDMTZBNYGUNX-UHFFFAOYSA-N,KMTDMTZBNYGUNX,Cc1ccc(CO)cc1,alcohol_or_phenol,c1ccccc1,700
public,464,KNKRKFALVUDBJE-VKHMYHEASA-N,KNKRKFALVUDBJE,C[C@H](Cl)CCl,other,ACYCLIC::other,699
public,465,KOSAMXZBGUIISK-UHFFFAOYSA-N,KOSAMXZBGUIISK,O=[N+]([O-])OCCCO[N+](=O)[O-],amine,ACYCLIC::amine,65
public,466,KQAZVFVOEIRWHN-UHFFFAOYSA-N,KQAZVFVOEIRWHN,CC1=CCC2(C(C)C)CC12,alkene_or_diene,C1=CC2CC2C1,698
public,467,KQDJTBPASNJQFQ-UHFFFAOYSA-N,KQDJTBPASNJQFQ,Oc1ccccc1I,alcohol_or_phenol,c1ccccc1,697
public,468,KRMDCWKBEZIMAB-UHFFFAOYSA-N,KRMDCWKBEZIMAB,CN(C)CCC=C1c2ccccc2CCc2ccccc21,amine,C=C1c2ccccc2CCc2ccccc21,696
public,469,KSFCDINBDBFFSI-UHFFFAOYSA-N,KSFCDINBDBFFSI,CCCCCN(C)N=O,amine,ACYCLIC::amine,83
public,470,KSNXJLQDQOIRIP-UHFFFAOYSA-N,KSNXJLQDQOIRIP,O=c1[nH]cc(I)c(=O)[nH]1,aromatic_heterocycle,O=c1cc[nH]c(=O)[nH]1,695
public,471,KUBCEEMXQZUPDQ-UHFFFAOYSA-N,KUBCEEMXQZUPDQ,CN(C)CCc1ccc(O)cc1,alcohol_or_phenol,c1ccccc1,694
public,472,KUFFULVDNCHOFZ-UHFFFAOYSA-N,KUFFULVDNCHOFZ,Cc1ccc(O)c(C)c1,alcohol_or_phenol,c1ccccc1,693
public,473,KVFIJIWMDBAGDP-UHFFFAOYSA-N,KVFIJIWMDBAGDP,CCc1cnccn1,aromatic_heterocycle,c1cnccn1,692
public,474,KVNRLNFWIYMESJ-UHFFFAOYSA-N,KVNRLNFWIYMESJ,CCCC#N,other,ACYCLIC::other,691
public,475,KVQOADNSNSUAJT-UHFFFAOYSA-N,KVQOADNSNSUAJT,CC1=CCC2CC3C(C)CCC13C2(C)C,alkene_or_diene,C1=CC23CCCC2CC(C1)C3,690
public,476,KVZJLSYJROEPSQ-OCAPTIKFSA-N,KVZJLSYJROEPSQ,C[C@@H]1CCCC[C@@H]1C,saturated_hydrocarbon,C1CCCCC1,689
public,477,KWFJIXPIFLVMPM-UHFFFAOYSA-N,KWFJIXPIFLVMPM,CC(C)=CCCC1(C)C2CC3C(C2)C31C,alkene_or_diene,C1C2CC3C1C3C2,688
public,478,KWKAKUADMBZCLK-UHFFFAOYSA-N,KWKAKUADMBZCLK,C=CCCCCCC,alkene_or_diene,ACYCLIC::alkene_or_diene,8
public,479,KWOLFJPFCHCOCG-UHFFFAOYSA-N,KWOLFJPFCHCOCG,CC(=O)c1ccccc1,ketone,c1ccccc1,687
public,480,KXDAEFPNCMNJSK-UHFFFAOYSA-N,KXDAEFPNCMNJSK,NC(=O)c1ccccc1,amide,c1ccccc1,686
public,481,KXKVLQRXCPHEJC-UHFFFAOYSA-N,KXKVLQRXCPHEJC,COC(C)=O,ester,ACYCLIC::ester,685
public,482,KXUHSQYYJYAXGZ-UHFFFAOYSA-N,KXUHSQYYJYAXGZ,CC(C)Cc1ccccc1,carbocyclic_aromatic,c1ccccc1,684
public,483,KYWIYKKSMDLRDC-UHFFFAOYSA-N,KYWIYKKSMDLRDC,CCCCCCCCCC(C)=O,ketone,ACYCLIC::ketone,7
public,484,KZTYYGOKRVBIMI-UHFFFAOYSA-N,KZTYYGOKRVBIMI,O=S(=O)(c1ccccc1)c1ccccc1,carbocyclic_aromatic,O=S(=O)(c1ccccc1)c1ccccc1,683
public,485,LAAVYEUJEMRIGF-UHFFFAOYSA-N,LAAVYEUJEMRIGF,CC(C)=CC(C)(C)C,alkene_or_diene,ACYCLIC::alkene_or_diene,682
public,486,LAHWLEDBADHJGA-UHFFFAOYSA-N,LAHWLEDBADHJGA,Clc1ccc(Cl)c(-c2cc(Cl)c(Cl)cc2Cl)c1,carbocyclic_aromatic,c1ccc(-c2ccccc2)cc1,43
public,487,LAIUFBWHERIJIH-QMMMGPOBSA-N,LAIUFBWHERIJIH,CCCC[C@@H](C)CC,saturated_hydrocarbon,ACYCLIC::saturated_hydrocarbon,681
public,488,LAXBNTIAOJWAOP-UHFFFAOYSA-N,LAXBNTIAOJWAOP,Clc1ccccc1-c1ccccc1,carbocyclic_aromatic,c1ccc(-c2ccccc2)cc1,68
public,489,LBVRQJWOZIMWNY-UHFFFAOYSA-N,LBVRQJWOZIMWNY,C=C1C=CC2(C(C)C)CC12,alkene_or_diene,C=C1C=CC2CC12,680
public,490,LCCNCVORNKJIRZ-UHFFFAOYSA-N,LCCNCVORNKJIRZ,CCOP(=S)(OCC)Oc1ccc([N+](=O)[O-])cc1,amine,c1ccccc1,679
public,491,LCEDQNDDFOCWGG-UHFFFAOYSA-N,LCEDQNDDFOCWGG,O=CN1CCOCC1,amide,C1COCCN1,678
public,492,LCLCVVVHIPPHCG-UHFFFAOYSA-N,LCLCVVVHIPPHCG,CC(=O)CC(=O)C(C)(C)C,ketone,ACYCLIC::ketone,50
public,493,LCXMEXLGMKFLQO-UHFFFAOYSA-N,LCXMEXLGMKFLQO,Clc1ccc(-c2cc(Cl)c(Cl)c(Cl)c2Cl)cc1Cl,carbocyclic_aromatic,c1ccc(-c2ccccc2)cc1,676
public,494,LDVVMCZRFWMZSG-PHDIDXHHSA-N,LDVVMCZRFWMZSG,O=C1[C@@H]2CC=CC[C@H]2C(=O)N1SC(Cl)(Cl)Cl,amide,O=C1NC(=O)[C@@H]2CC=CC[C@@H]12,674
public,495,LFHISGNCFUNFFM-UHFFFAOYSA-N,LFHISGNCFUNFFM,O=[N+]([O-])C(Cl)(Cl)Cl,amine,ACYCLIC::amine,673
public,496,LFJQCDVYDGGFCH-UHFFFAOYSA-N,LFJQCDVYDGGFCH,C=C1C=CC(C(C)C)CC1,alkene_or_diene,C=C1C=CCCC1,672
public,497,LFULEKSKNZEWOE-UHFFFAOYSA-N,LFULEKSKNZEWOE,CCC(=O)Nc1ccc(Cl)c(Cl)c1,amide,c1ccccc1,670
public,498,LGXVIGDEPROXKC-UHFFFAOYSA-N,LGXVIGDEPROXKC,C=C(Cl)Cl,alkene_or_diene,ACYCLIC::alkene_or_diene,669
public,499,LHGVFZTZFXWLCP-UHFFFAOYSA-N,LHGVFZTZFXWLCP,COc1ccccc1O,alcohol_or_phenol,c1ccccc1,668
public,500,LIKMAJRDDDTEIG-UHFFFAOYSA-N,LIKMAJRDDDTEIG,C=CCCCC,alkene_or_diene,ACYCLIC::alkene_or_diene,8
public,501,LINPIYWFGCPVIE-UHFFFAOYSA-N,LINPIYWFGCPVIE,Oc1c(Cl)cc(Cl)cc1Cl,alcohol_or_phenol,c1ccccc1,667
public,502,LKPLKUMXSAEKID-UHFFFAOYSA-N,LKPLKUMXSAEKID,O=[N+]([O-])c1c(Cl)c(Cl)c(Cl)c(Cl)c1Cl,amine,c1ccccc1,665
public,503,LMHCYRULPLGEEZ-UHFFFAOYSA-N,LMHCYRULPLGEEZ,CCCCCCCI,other,ACYCLIC::other,29
public,504,LMNPKIOZMGYQIU-UHFFFAOYSA-N,LMNPKIOZMGYQIU,O=c1[nH]cc(C(F)(F)F)c(=O)[nH]1,aromatic_heterocycle,O=c1cc[nH]c(=O)[nH]1,663
public,505,LNEPOXFFQSENCJ-UHFFFAOYSA-N,LNEPOXFFQSENCJ,O=C(CCCN1CCC(O)(c2ccc(Cl)cc2)CC1)c1ccc(F)cc1,ketone,O=C(CCCN1CCC(c2ccccc2)CC1)c1ccccc1,662
public,506,LNETULKMXZVUST-UHFFFAOYSA-N,LNETULKMXZVUST,O=C(O)c1cccc2ccccc12,carboxylic_acid,c1ccc2ccccc2c1,661
public,507,LNNXFUZKZLXPOF-UHFFFAOYSA-N,LNNXFUZKZLXPOF,CC(C)CO[N+](=O)[O-],amine,ACYCLIC::amine,660
public,508,LNWWQYYLZVZXKS-UHFFFAOYSA-N,LNWWQYYLZVZXKS,CC(=O)N1CCCC1,amide,C1CCNC1,659
public,509,LOCWBQIWHWIRGN-UHFFFAOYSA-N,LOCWBQIWHWIRGN,Nc1ccc([N+](=O)[O-])cc1Cl,amine,c1ccccc1,658
public,510,LPIQUOYDBNQMRZ-UHFFFAOYSA-N,LPIQUOYDBNQMRZ,C1=CCCC1,alkene_or_diene,C1=CCCC1,30
public,511,LPNBBFKOUUSUDB-UHFFFAOYSA-N,LPNBBFKOUUSUDB,Cc1ccc(C(=O)O)cc1,carboxylic_acid,c1ccccc1,5
public,512,LQCKFXAPVKCRRU-UHFFFAOYSA-N,LQCKFXAPVKCRRU,O=[N+]([O-])c1ccc(O)c([N+](=O)[O-])c1O,alcohol_or_phenol,c1ccccc1,656
public,513,LQERIDTXQFOHKA-UHFFFAOYSA-N,LQERIDTXQFOHKA,CCCCCCCCCCCCCCCCCCC,saturated_hydrocarbon,ACYCLIC::saturated_hydrocarbon,1
public,514,LQLQRFGHAALLLE-UHFFFAOYSA-N,LQLQRFGHAALLLE,O=c1[nH]cc(Br)c(=O)[nH]1,aromatic_heterocycle,O=c1cc[nH]c(=O)[nH]1,655
public,515,LQNUZADURLCDLV-UHFFFAOYSA-N,LQNUZADURLCDLV,O=[N+]([O-])c1ccccc1,amine,c1ccccc1,654
public,516,LRDFRRGEGBBSRN-UHFFFAOYSA-N,LRDFRRGEGBBSRN,CC(C)C#N,other,ACYCLIC::other,653
public,517,LRYFQZBTUIVNRC-UHFFFAOYSA-N,LRYFQZBTUIVNRC,CN(CC(F)(F)F)c1ccccc1,amine,c1ccccc1,652
public,518,LSIXBBPOJBJQHN-UHFFFAOYSA-N,LSIXBBPOJBJQHN,CC1=C(C)C2CCC1C2,alkene_or_diene,C1=CC2CCC1C2,650
public,519,LSXKDWGTSHCFPP-UHFFFAOYSA-N,LSXKDWGTSHCFPP,CCCCCCCBr,other,ACYCLIC::other,12
public,520,LTEQMZWBSYACLV-UHFFFAOYSA-N,LTEQMZWBSYACLV,CCCCCCc1ccccc1,carbocyclic_aromatic,c1ccccc1,40
public,521,LTPVSOCPYWDIFU-UHFFFAOYSA-N,LTPVSOCPYWDIFU,COc1ccc(CCN)cc1,ether,c1ccccc1,648
public,522,LULAYUGMBFYYEX-UHFFFAOYSA-N,LULAYUGMBFYYEX,O=C(O)c1cccc(Cl)c1,carboxylic_acid,c1ccccc1,647
public,523,LVBXEMGDVWVTGY-VOTSOKGWSA-N,LVBXEMGDVWVTGY,CCCCC/C=C/C=O,aldehyde,ACYCLIC::aldehyde,646
public,524,LVGKNOAMLMIIKO-UHFFFAOYSA-N,LVGKNOAMLMIIKO,CCCCCCCCC=CCCCCCCCC(=O)OCC,ester,ACYCLIC::ester,4
public,525,LVGUZGTVOIAKKC-UHFFFAOYSA-N,LVGUZGTVOIAKKC,FCC(F)(F)F,other,ACYCLIC::other,645
public,526,LXCFILQKKLGQFO-UHFFFAOYSA-N,LXCFILQKKLGQFO,COC(=O)c1ccc(O)cc1,ester,c1ccccc1,644
public,527,LYCAIKOWRPUZTN-UHFFFAOYSA-N,LYCAIKOWRPUZTN,OCCO,alcohol_or_phenol,ACYCLIC::alcohol_or_phenol,643
public,528,LYGJENNIWJXYER-UHFFFAOYSA-N,LYGJENNIWJXYER,C[N+](=O)[O-],amine,ACYCLIC::amine,642
public,529,LZDKZFUFMNSQCJ-UHFFFAOYSA-N,LZDKZFUFMNSQCJ,CCOCCOCC,ether,ACYCLIC::ether,641
public,530,LZFIOSVZIQOVFW-UHFFFAOYSA-N,LZFIOSVZIQOVFW,CCCOC(=O)c1ccccc1O,ester,c1ccccc1,44
public,531,LZHZILOCUSXRDL-UHFFFAOYSA-N,LZHZILOCUSXRDL,CCCCCCNCc1ccc(C)cc1,amine,c1ccccc1,14
public,532,MAARTXYDOGEWBV-UHFFFAOYSA-N,MAARTXYDOGEWBV,CC(=O)CC(=O)c1ccc(F)c(F)c1F,ketone,c1ccccc1,640
public,533,MBABOKRGFJTBAE-UHFFFAOYSA-N,MBABOKRGFJTBAE,COS(C)(=O)=O,other,ACYCLIC::other,639
public,534,MBDOYVRWFFCFHM-SNAWJCMRSA-N,MBDOYVRWFFCFHM,CCC/C=C/C=O,aldehyde,ACYCLIC::aldehyde,638
public,535,MCHWGLWPLYJKIU-UHFFFAOYSA-N,MCHWGLWPLYJKIU,O=C(c1ccccc1[N+](=O)[O-])N(O)c1ccccc1,amide,O=C(Nc1ccccc1)c1ccccc1,636
public,536,MCJGNVYPOGVAJF-UHFFFAOYSA-N,MCJGNVYPOGVAJF,Oc1cccc2cccnc12,alcohol_or_phenol,c1ccc2ncccc2c1,635
public,537,MCSAJNNLRCFZED-UHFFFAOYSA-N,MCSAJNNLRCFZED,CC[N+](=O)[O-],amine,ACYCLIC::amine,634
public,538,MCSINKKTEDDPNK-UHFFFAOYSA-N,MCSINKKTEDDPNK,CCCOC(=O)CC,ester,ACYCLIC::ester,633
public,539,MCTWTZJPVLRJOU-UHFFFAOYSA-N,MCTWTZJPVLRJOU,Cn1ccnc1,aromatic_heterocycle,c1c[nH]cn1,632
public,540,MDHYEMXUFSJLGV-UHFFFAOYSA-N,MDHYEMXUFSJLGV,CC(=O)OCCc1ccccc1,ester,c1ccccc1,631
public,541,MDKGKXOCJGEUJW-UHFFFAOYSA-N,MDKGKXOCJGEUJW,CC(C(=O)O)c1ccc(C(=O)c2cccs2)cc1,carboxylic_acid,O=C(c1ccccc1)c1cccs1,630
public,542,MFEIKQPHQINPRI-UHFFFAOYSA-N,MFEIKQPHQINPRI,CCc1cccnc1,aromatic_heterocycle,c1ccncc1,628
public,543,MGLWZSOBALDPEK-UHFFFAOYSA-N,MGLWZSOBALDPEK,CCNc1nc(NCC)nc(SC)n1,amine,c1ncncn1,25
public,544,MGNZXYYWBUKAII-UHFFFAOYSA-N,MGNZXYYWBUKAII,C1=CCCC=C1,alkene_or_diene,C1=CCCC=C1,627
public,545,MGSRCZKZVOBKFT-UHFFFAOYSA-N,MGSRCZKZVOBKFT,Cc1ccc(C(C)C)c(O)c1,alcohol_or_phenol,c1ccccc1,626
public,546,MLFHJEHSLIIPHL-UHFFFAOYSA-N,MLFHJEHSLIIPHL,CC(=O)OCCC(C)C,ester,ACYCLIC::ester,625
public,547,MLRVZFYXUZQSRU-UHFFFAOYSA-N,MLRVZFYXUZQSRU,CCCCCCCl,other,ACYCLIC::other,23
public,548,MLUCVPSAIODCQM-NSCUHMNNSA-N,MLUCVPSAIODCQM,C/C=C/C=O,aldehyde,ACYCLIC::aldehyde,624
public,549,MMKRHZKQPFCLLS-UHFFFAOYSA-N,MMKRHZKQPFCLLS,CCCCCCCCCCCCCC(=O)OCC,ester,ACYCLIC::ester,10
public,550,MNDIARAMWBIKFW-UHFFFAOYSA-N,MNDIARAMWBIKFW,CCCCCCBr,other,ACYCLIC::other,12
public,551,MNWFXJYAOYHMED-UHFFFAOYSA-N,MNWFXJYAOYHMED,CCCCCCC(=O)O,carboxylic_acid,ACYCLIC::carboxylic_acid,27
public,552,MNZAKDODWSQONA-UHFFFAOYSA-N,MNZAKDODWSQONA,CCCCP(=O)(CCCC)CCCC,other,ACYCLIC::other,49
public,553,MOYAFQVGZZPNRA-UHFFFAOYSA-N,MOYAFQVGZZPNRA,CC1=CCC(=C(C)C)CC1,alkene_or_diene,C=C1CC=CCC1,92
public,554,MPPPKRYCTPRNTB-UHFFFAOYSA-N,MPPPKRYCTPRNTB,CCCCBr,other,ACYCLIC::other,12
public,555,MQHNKCZKNAJROC-UHFFFAOYSA-N,MQHNKCZKNAJROC,CCCOC(=O)c1ccccc1C(=O)OCCC,ester,c1ccccc1,2
public,556,MQIUGAXCHLFZKX-UHFFFAOYSA-N,MQIUGAXCHLFZKX,CCCCCCCCOC(=O)c1ccccc1C(=O)OCCCCCCCC,ester,c1ccccc1,2
public,557,MSKAAAQKUMGUHK-UHFFFAOYSA-N,MSKAAAQKUMGUHK,O=C(c1ccccc1)N(O)c1cccc(Cl)c1,amide,O=C(Nc1ccccc1)c1ccccc1,623
public,558,MSUBVJBCMVEPII-UHFFFAOYSA-N,MSUBVJBCMVEPII,CCCCCCCCCC(=O)c1c(C)[nH]n(-c2ccccc2)c1=O,ketone,O=c1cc[nH]n1-c1ccccc1,11
public,559,MTCPZNVSDFCBBE-UHFFFAOYSA-N,MTCPZNVSDFCBBE,Clc1cc(Cl)c(-c2c(Cl)cccc2Cl)c(Cl)c1,carbocyclic_aromatic,c1ccc(-c2ccccc2)cc1,80
public,560,MTLMVEWEYZFYTH-UHFFFAOYSA-N,MTLMVEWEYZFYTH,Clc1cc(Cl)c(-c2ccccc2)c(Cl)c1,carbocyclic_aromatic,c1ccc(-c2ccccc2)cc1,621
public,561,MTZQAGJQAFMTAQ-UHFFFAOYSA-N,MTZQAGJQAFMTAQ,CCOC(=O)c1ccccc1,ester,c1ccccc1,620
public,562,MUMQYXACQUZOFP-LBPRGKRZSA-N,MUMQYXACQUZOFP,CCOP(=S)(OCC)S[C@@H](CCl)N1C(=O)c2ccccc2C1=O,amide,O=C1NC(=O)c2ccccc21,619
public,563,MURWRBWZIMXKGC-UHFFFAOYSA-N,MURWRBWZIMXKGC,CCCCCCCCOC(=O)c1ccccc1C(=O)OCCCC,ester,c1ccccc1,2
public,564,MVPPADPHJFYWMZ-UHFFFAOYSA-N,MVPPADPHJFYWMZ,Clc1ccccc1,carbocyclic_aromatic,c1ccccc1,618
public,565,MVWHGTYKUMDIHL-UHFFFAOYSA-N,MVWHGTYKUMDIHL,Clc1cc(Cl)c(-c2cc(Cl)c(Cl)cc2Cl)cc1Cl,carbocyclic_aromatic,c1ccc(-c2ccccc2)cc1,617
public,566,MWKFXSUHUHTGQN-UHFFFAOYSA-N,MWKFXSUHUHTGQN,CCCCCCCCCCO,alcohol_or_phenol,ACYCLIC::alcohol_or_phenol,3
public,567,MWOOGOJBHIARFG-UHFFFAOYSA-N,MWOOGOJBHIARFG,COc1cc(C=O)ccc1O,aldehyde,c1ccccc1,91
public,568,MWWATHDPGQKSAR-UHFFFAOYSA-N,MWWATHDPGQKSAR,C#CC,saturated_hydrocarbon,ACYCLIC::saturated_hydrocarbon,616
public,569,MXDMETWAEGIFOE-UHFFFAOYSA-N,MXDMETWAEGIFOE,C=CC1(C)CCC(C(C)C)=CC1C(=C)C,alkene_or_diene,C1=CCCCC1,615
public,570,MXWJVTOOROXGIU-UHFFFAOYSA-N,MXWJVTOOROXGIU,CCNc1nc(Cl)nc(NC(C)C)n1,amine,c1ncncn1,41
public,571,MYMOFIZGZYHOMD-UHFFFAOYSA-N,MYMOFIZGZYHOMD,O=O,other,ACYCLIC::other,614
public,572,MZZBPDKVEFVLFF-UHFFFAOYSA-N,MZZBPDKVEFVLFF,CCNc1nc(Cl)nc(NC(C)(C)C#N)n1,amine,c1ncncn1,613
public,573,NALZTFARIYUCBY-UHFFFAOYSA-N,NALZTFARIYUCBY,CCCC[N+](=O)[O-],amine,ACYCLIC::amine,89
public,574,NAMYKGVDVNBCFQ-UHFFFAOYSA-N,NAMYKGVDVNBCFQ,CC(C)Br,other,ACYCLIC::other,612
public,575,NAQWICRLNQSPPW-UHFFFAOYSA-N,NAQWICRLNQSPPW,Clc1c(Cl)c(Cl)c2ccccc2c1Cl,carbocyclic_aromatic,c1ccc2ccccc2c1,611
public,576,NBFMTHWVRBOVPE-UHFFFAOYSA-N,NBFMTHWVRBOVPE,Clc1ccc2c(c1)Oc1ccc(Cl)cc1O2,ether,c1ccc2c(c1)Oc1ccccc1O2,88
public,577,NBQCNZYJJMBDKY-UHFFFAOYSA-N,NBQCNZYJJMBDKY,Cc1[nH]c(=O)n(C(C)(C)C)c(=O)c1Cl,aromatic_heterocycle,O=c1cc[nH]c(=O)[nH]1,609
public,578,NBRKLOOSMBRFMH-UHFFFAOYSA-N,NBRKLOOSMBRFMH,CC(C)(C)Cl,other,ACYCLIC::other,34
public,579,NBVXSUQYWXRMNV-UHFFFAOYSA-N,NBVXSUQYWXRMNV,CF,other,ACYCLIC::other,608
public,580,NCBZRJODKRCREW-UHFFFAOYSA-N,NCBZRJODKRCREW,COc1cccc(N)c1,ether,c1ccccc1,607
public,581,NDOGLIPWGGRQCO-UHFFFAOYSA-N,NDOGLIPWGGRQCO,CCC(=O)CC(C)=O,ketone,ACYCLIC::ketone,606
public,582,NDVASEGYNIMXJL-UHFFFAOYSA-N,NDVASEGYNIMXJL,C=C1CCC2(C(C)C)CC12,alkene_or_diene,C=C1CCC2CC12,605
public,583,NDVWOBYBJYUSMF-UHFFFAOYSA-N,NDVWOBYBJYUSMF,CC1CCCCC1O,alcohol_or_phenol,C1CCCCC1,604
public,584,NEHMKBQYUWJMIP-UHFFFAOYSA-N,NEHMKBQYUWJMIP,CCl,other,ACYCLIC::other,603
public,585,NFACJZMKEDPNKN-GSVOUGTGSA-N,NFACJZMKEDPNKN,COP(=O)(OC)[C@@H](O)C(Cl)(Cl)Cl,alcohol_or_phenol,ACYCLIC::alcohol_or_phenol,602
public,586,NFBOHOGPQUYFRF-UHFFFAOYSA-N,NFBOHOGPQUYFRF,c1ccc2c(c1)Oc1ccccc1O2,ether,c1ccc2c(c1)Oc1ccccc1O2,601
public,587,NFLGAXVYCFJBMK-BDAKNGLRSA-N,NFLGAXVYCFJBMK,CC(C)[C@@H]1CC[C@@H](C)CC1=O,ketone,O=C1CCCCC1,600
public,588,NFYWZJFDZXGDJZ-UHFFFAOYSA-N,NFYWZJFDZXGDJZ,C=C(C)C1CC=C(C)C(OC(=O)CCC)C1,ester,C1=CCCCC1,46
public,589,NGAZZOYFWWSOGK-UHFFFAOYSA-N,NGAZZOYFWWSOGK,CCCCC(=O)CC,ketone,ACYCLIC::ketone,599
public,590,NGDNVOAEIVQRFH-UHFFFAOYSA-N,NGDNVOAEIVQRFH,CCCCCCCC(C)O,alcohol_or_phenol,ACYCLIC::alcohol_or_phenol,24
public,591,NGXUJKBJBFLCAR-UHFFFAOYSA-N,NGXUJKBJBFLCAR,CN(Cc1ccccc1)N=O,amine,c1ccccc1,598
public,592,NHDODQWIKUYWMW-UHFFFAOYSA-N,NHDODQWIKUYWMW,Clc1ccc(Br)cc1,carbocyclic_aromatic,c1ccccc1,597
public,593,NHTMVDHEPJAVLT-UHFFFAOYSA-N,NHTMVDHEPJAVLT,CC(C)CC(C)(C)C,saturated_hydrocarbon,ACYCLIC::saturated_hydrocarbon,596
public,594,NIHNNTQXNPWCJQ-UHFFFAOYSA-N,NIHNNTQXNPWCJQ,c1ccc2c(c1)Cc1ccccc1-2,carbocyclic_aromatic,c1ccc2c(c1)Cc1ccccc1-2,595
public,595,NKDDWNXOKDWJAK-UHFFFAOYSA-N,NKDDWNXOKDWJAK,COCOC,ether,ACYCLIC::ether,594
public,596,NKTOLZVEWDHZMU-UHFFFAOYSA-N,NKTOLZVEWDHZMU,Cc1ccc(C)c(O)c1,alcohol_or_phenol,c1ccccc1,593
public,597,NLHHRLWOUZZQLW-UHFFFAOYSA-N,NLHHRLWOUZZQLW,C=CC#N,alkene_or_diene,ACYCLIC::alkene_or_diene,592
public,598,NNIUGFWCIDVDCZ-UHFFFAOYSA-N,NNIUGFWCIDVDCZ,CCCCC(=O)CC(=O)CCCC,ketone,ACYCLIC::ketone,28
public,599,NOOLISFMXDJSKH-KXUCPTDWSA-N,NOOLISFMXDJSKH,CC(C)[C@@H]1CC[C@@H](C)C[C@H]1O,alcohol_or_phenol,C1CCCCC1,590
public,600,NPEIUNVTLXEOLT-UHFFFAOYSA-N,NPEIUNVTLXEOLT,COC(CCl)(OC)OC,ether,ACYCLIC::ether,589
public,601,NPNPZTNLOVBDOC-UHFFFAOYSA-N,NPNPZTNLOVBDOC,CC(F)F,other,ACYCLIC::other,588
public,602,NPWMZOGDXOFZIN-UHFFFAOYSA-N,NPWMZOGDXOFZIN,CCSc1nc(NC(C)C)nc(NC(C)C)n1,amine,c1ncncn1,586
public,603,NQPDZGIKBAWPEJ-UHFFFAOYSA-N,NQPDZGIKBAWPEJ,CCCCC(=O)O,carboxylic_acid,ACYCLIC::carboxylic_acid,27
public,604,NQRYJNQNLNOLGT-UHFFFAOYSA-N,NQRYJNQNLNOLGT,C1CCNCC1,amine,C1CCNCC1,37
public,605,NRGGMCIBEHEAIL-UHFFFAOYSA-N,NRGGMCIBEHEAIL,CCc1ccccn1,aromatic_heterocycle,c1ccncc1,585
public,606,NSPMIYGKQJPBQR-UHFFFAOYSA-N,NSPMIYGKQJPBQR,c1nc[nH]n1,aromatic_heterocycle,c1nc[nH]n1,584
public,607,NTIZESTWPVYFNL-UHFFFAOYSA-N,NTIZESTWPVYFNL,CC(=O)CC(C)C,ketone,ACYCLIC::ketone,581
public,608,NTPLXRHDUXRPNE-UHFFFAOYSA-N,NTPLXRHDUXRPNE,COc1ccc(C(C)=O)cc1,ketone,c1ccccc1,580
public,609,NUJGJRNETVAIRJ-UHFFFAOYSA-N,NUJGJRNETVAIRJ,CCCCCCCC=O,aldehyde,ACYCLIC::aldehyde,16
public,610,NUKZAGXMHTUAFE-UHFFFAOYSA-N,NUKZAGXMHTUAFE,CCCCCC(=O)OC,ester,ACYCLIC::ester,4
public,611,NUMQCACRALPSHD-UHFFFAOYSA-N,NUMQCACRALPSHD,CCOC(C)(C)C,ether,ACYCLIC::ether,579
public,612,NURQLCJSMXZBPC-UHFFFAOYSA-N,NURQLCJSMXZBPC,Cc1ccncc1C,aromatic_heterocycle,c1ccncc1,578
public,613,NUVBSKCKDOMJSU-UHFFFAOYSA-N,NUVBSKCKDOMJSU,CCOC(=O)c1ccc(O)cc1,ester,c1ccccc1,39
public,614,NXXYKOUNUYWIHA-UHFFFAOYSA-N,NXXYKOUNUYWIHA,Cc1cccc(C)c1O,alcohol_or_phenol,c1ccccc1,577
public,615,NZZFYRREKKOMAT-UHFFFAOYSA-N,NZZFYRREKKOMAT,ICI,other,ACYCLIC::other,576
public,616,OAKJQQAXSVQMHS-UHFFFAOYSA-N,OAKJQQAXSVQMHS,NN,amine,ACYCLIC::amine,575
public,617,OBKHYUIZSOIEPG-UHFFFAOYSA-N,OBKHYUIZSOIEPG,CC1CCC(C)(C)C1,saturated_hydrocarbon,C1CCCC1,574
public,618,OBKXEAXTFZPCHS-UHFFFAOYSA-N,OBKXEAXTFZPCHS,O=C(O)CCCc1ccccc1,carboxylic_acid,c1ccccc1,15
public,619,OBNCKNCVKJNDBV-UHFFFAOYSA-N,OBNCKNCVKJNDBV,CCCC(=O)OCC,ester,ACYCLIC::ester,10
public,620,OCGXPFSUJVHRHA-UHFFFAOYSA-N,OCGXPFSUJVHRHA,COc1ccc(C(=O)N(C)C)cc1,amide,c1ccccc1,573
public,621,OCJBOOLMMGQPQU-UHFFFAOYSA-N,OCJBOOLMMGQPQU,Clc1ccc(Cl)cc1,carbocyclic_aromatic,c1ccccc1,35
public,622,OCKPCBLVNKHBMX-UHFFFAOYSA-N,OCKPCBLVNKHBMX,CCCCc1ccccc1,carbocyclic_aromatic,c1ccccc1,40
public,623,ODCWYMIRDDJXKW-UHFFFAOYSA-N,ODCWYMIRDDJXKW,CCNc1nc(Cl)nc(NCC)n1,amine,c1ncncn1,41
public,624,ODLMAHJVESYWTB-UHFFFAOYSA-N,ODLMAHJVESYWTB,CCCc1ccccc1,carbocyclic_aromatic,c1ccccc1,572
public,625,OFDYMSKSGFSLLM-UHFFFAOYSA-N,OFDYMSKSGFSLLM,CCN(CC)c1c([N+](=O)[O-])cc(C(F)(F)F)c(N)c1[N+](=O)[O-],amine,c1ccccc1,571
public,626,OGLDWXZKYODSOB-UHFFFAOYSA-N,OGLDWXZKYODSOB,CC1=CCC(C(C)C)C=C1,alkene_or_diene,C1=CCCC=C1,570
public,627,OIFBSDVPJOWBCH-UHFFFAOYSA-N,OIFBSDVPJOWBCH,CCOC(=O)OCC,ester,ACYCLIC::ester,568
public,628,OISVCGZHLKNMSJ-UHFFFAOYSA-N,OISVCGZHLKNMSJ,Cc1cccc(C)n1,aromatic_heterocycle,c1ccncc1,567
public,629,OITNBJHJJGMFBN-UHFFFAOYSA-N,OITNBJHJJGMFBN,O=C(O)c1ccc(CCl)cc1,carboxylic_acid,c1ccccc1,566
public,630,OJGMBLNIHDZDGS-UHFFFAOYSA-N,OJGMBLNIHDZDGS,CCNc1ccccc1,amine,c1ccccc1,565
public,631,OKDGRDCXVWSXDC-UHFFFAOYSA-N,OKDGRDCXVWSXDC,Clc1ccccn1,aromatic_heterocycle,c1ccncc1,564
public,632,OKUGPJPKMAEJOE-UHFFFAOYSA-N,OKUGPJPKMAEJOE,CCCSC(=O)N(CCC)CCC,amide,ACYCLIC::amide,562
public,633,OLXZPDWKRNYJJZ-UHFFFAOYSA-N,OLXZPDWKRNYJJZ,Nc1ncnc2c1ncn2C1CC(O)C(CO)O1,alcohol_or_phenol,c1ncc2ncn(C3CCCO3)c2n1,561
public,634,ONLKWZYYIZMJRH-UHFFFAOYSA-N,ONLKWZYYIZMJRH,CCCCCC(=O)CC(=O)CCCCC,ketone,ACYCLIC::ketone,28
public,635,ONXPZLFXDMAPRO-UHFFFAOYSA-N,ONXPZLFXDMAPRO,Clc1c(Cl)c(Cl)c(-c2c(Cl)c(Cl)c(Cl)c(Cl)c2Cl)c(Cl)c1Cl,carbocyclic_aromatic,c1ccc(-c2ccccc2)cc1,560
public,636,OORFINRYBCDBEN-UHFFFAOYSA-N,OORFINRYBCDBEN,COCc1ccc(C(=O)O)cc1,carboxylic_acid,c1ccccc1,559
public,637,OPFTUNCRGUEPRZ-UHFFFAOYSA-N,OPFTUNCRGUEPRZ,C=CC1(C)CCC(C(=C)C)CC1C(=C)C,alkene_or_diene,C1CCCCC1,558
public,638,OPSQVVYXYQMUEV-UHFFFAOYSA-N,OPSQVVYXYQMUEV,CC(=O)CCCCC(C)C,ketone,ACYCLIC::ketone,87
public,639,OPVAJFQBSDUNQA-UHFFFAOYSA-N,OPVAJFQBSDUNQA,Cc1ccc(C(=O)O)cc1C,carboxylic_acid,c1ccccc1,557
public,640,OSDWBNJEKMUWAV-UHFFFAOYSA-N,OSDWBNJEKMUWAV,C=CCCl,alkene_or_diene,ACYCLIC::alkene_or_diene,556
public,641,OSSQSXOTMIGBCF-UHFFFAOYSA-N,OSSQSXOTMIGBCF,C#CCCCCCCC,saturated_hydrocarbon,ACYCLIC::saturated_hydrocarbon,19
public,642,OTLNPYWUJOZPPA-UHFFFAOYSA-N,OTLNPYWUJOZPPA,O=C(O)c1ccc([N+](=O)[O-])cc1,carboxylic_acid,c1ccccc1,555
public,643,OTTZHAVKAVGASB-HWKANZROSA-N,OTTZHAVKAVGASB,C/C=C/CCCC,alkene_or_diene,ACYCLIC::alkene_or_diene,85
public,644,OUDFNZMQXZILJD-UHFFFAOYSA-N,OUDFNZMQXZILJD,Cc1ccc(C=O)o1,aldehyde,c1ccoc1,553
public,645,OWZPCEFYPSAJFR-ZCFIWIBFSA-N,OWZPCEFYPSAJFR,CC[C@@H](C)c1cc([N+](=O)[O-])cc([N+](=O)[O-])c1O,alcohol_or_phenol,c1ccccc1,551
public,646,OXHNLMTVIGZXSG-UHFFFAOYSA-N,OXHNLMTVIGZXSG,Cn1cccc1,aromatic_heterocycle,c1cc[nH]c1,550
public,647,OXMIDRBAFOEOQT-WDSKDSINSA-N,OXMIDRBAFOEOQT,C[C@H]1CC[C@H](C)O1,ether,C1CCOC1,549
public,648,OYPPVKRFBIWMSX-UHFFFAOYSA-N,OYPPVKRFBIWMSX,CN(C)CC=C(c1ccc(Br)cc1)c1cccnc1,amine,C=C(c1ccccc1)c1cccnc1,548
public,649,OZQAPQSEYFAMCY-UHFFFAOYSA-N,OZQAPQSEYFAMCY,C=C(C)C1CCC2(C)CCC=C(C)C2C1,alkene_or_diene,C1=CC2CCCCC2CC1,547
public,650,PAAZPARNPHGIKF-UHFFFAOYSA-N,PAAZPARNPHGIKF,BrCCBr,other,ACYCLIC::other,546
public,651,PAFZNILMFXTMIY-UHFFFAOYSA-N,PAFZNILMFXTMIY,NC1CCCCC1,amine,C1CCCCC1,545
public,652,PAMIQIKDUOTOBW-UHFFFAOYSA-N,PAMIQIKDUOTOBW,CN1CCCCC1,amine,C1CCNCC1,544
public,653,PBCZLFBEBARBBI-UHFFFAOYSA-N,PBCZLFBEBARBBI,Nc1ccc(S(=O)(=O)NC(=O)c2ccccc2)cc1,amide,O=C(NS(=O)(=O)c1ccccc1)c1ccccc1,542
public,654,PBKONEOXTCPAFI-UHFFFAOYSA-N,PBKONEOXTCPAFI,Clc1ccc(Cl)c(Cl)c1,carbocyclic_aromatic,c1ccccc1,541
public,655,PBUHKEBDDBMDRY-UHFFFAOYSA-N,PBUHKEBDDBMDRY,Cc1ccccc1C(=O)N(O)c1ccccc1C,amide,O=C(Nc1ccccc1)c1ccccc1,540
public,656,PDSNLYSELAIEBU-UHFFFAOYSA-N,PDSNLYSELAIEBU,C=C1C2CCC3C2C(C)(C)CCCC13C,alkene_or_diene,C=C1C2CCC3C1CCCCC23,539
public,657,PEDCQBHIVMGVHV-UHFFFAOYSA-N,PEDCQBHIVMGVHV,OCC(O)CO,alcohol_or_phenol,ACYCLIC::alcohol_or_phenol,538
public,658,PETRWTHZSKVLRE-UHFFFAOYSA-N,PETRWTHZSKVLRE,COc1cc(C)ccc1O,alcohol_or_phenol,c1ccccc1,537
public,659,PFCHFHIRKBAQGU-UHFFFAOYSA-N,PFCHFHIRKBAQGU,CCCC(=O)CC,ketone,ACYCLIC::ketone,536
public,660,PFEOZHBOMNWTJB-UHFFFAOYSA-N,PFEOZHBOMNWTJB,CCC(C)CC,saturated_hydrocarbon,ACYCLIC::saturated_hydrocarbon,535
public,661,PFKUREXYBOTWGO-UHFFFAOYSA-N,PFKUREXYBOTWGO,Cc1ccc(N(O)C(=O)COc2ccccc2)cc1,amide,O=C(COc1ccccc1)Nc1ccccc1,534
public,662,PFOJEJPZUVQHEH-UHFFFAOYSA-N,PFOJEJPZUVQHEH,CCCCC(=O)OCCC(C)CCC=C(C)C,ester,ACYCLIC::ester,57
public,663,PGBNIHXXFQBCPU-UHFFFAOYSA-N,PGBNIHXXFQBCPU,C=C1C2CCC(C2)C1(C)CCC=C(C)C,alkene_or_diene,C=C1CC2CCC1C2,532
public,664,PGIBJVOPLXHHGS-UHFFFAOYSA-N,PGIBJVOPLXHHGS,CCCCCCCCCCOC(=O)c1ccccc1C(=O)OCCCCCCCCCC,ester,c1ccccc1,2
public,665,PGMYKACGEOXYJE-UHFFFAOYSA-N,PGMYKACGEOXYJE,CCCCCOC(C)=O,ester,ACYCLIC::ester,18
public,666,PHTQWCKDNZKARW-UHFFFAOYSA-N,PHTQWCKDNZKARW,CC(C)CCO,alcohol_or_phenol,ACYCLIC::alcohol_or_phenol,530
public,667,PIDSZXPFGCURGN-UHFFFAOYSA-N,PIDSZXPFGCURGN,CC(C(=O)O)c1ccc(N2CC=CC2)c(Cl)c1,carboxylic_acid,C1=CCN(c2ccccc2)C1,529
public,668,PIIZYNQECPTVEO-UHFFFAOYSA-N,PIIZYNQECPTVEO,Cc1cc(O)ccc1[N+](=O)[O-],alcohol_or_phenol,c1ccccc1,528
public,669,PIVBPZFQXKMHBD-UHFFFAOYSA-N,PIVBPZFQXKMHBD,Clc1ccc(Cl)c(-c2cc(Cl)c(Cl)c(Cl)c2)c1,carbocyclic_aromatic,c1ccc(-c2ccccc2)cc1,61
public,670,PIWKPBJCKXDKJR-SFOWXEAESA-N,PIWKPBJCKXDKJR,FC(F)O[C@H](Cl)C(F)(F)F,ether,ACYCLIC::ether,527
public,671,PJANXHGTPQOBST-UHFFFAOYSA-N,PJANXHGTPQOBST,C(=Cc1ccccc1)c1ccccc1,carbocyclic_aromatic,C(=Cc1ccccc1)c1ccccc1,526
public,672,PJEPOHXMGDEIMR-UHFFFAOYSA-N,PJEPOHXMGDEIMR,CCCC(=O)CC(=O)CC,ketone,ACYCLIC::ketone,17
public,673,PJGSXYOJTGTZAV-UHFFFAOYSA-N,PJGSXYOJTGTZAV,CC(=O)C(C)(C)C,ketone,ACYCLIC::ketone,525
public,674,PJSFRIWCGOHTNF-UHFFFAOYSA-N,PJSFRIWCGOHTNF,COc1ncnc(NS(=O)(=O)c2ccc(N)cc2)c1OC,ether,O=S(=O)(Nc1ccncn1)c1ccccc1,524
public,675,PKAHQJNJPDVTDP-UHFFFAOYSA-N,PKAHQJNJPDVTDP,COC(=O)C1CC1,ester,C1CC1,48
public,676,PKTSCJXWLVREKX-UHFFFAOYSA-N,PKTSCJXWLVREKX,CCCCN(C)N=O,amine,ACYCLIC::amine,83
public,677,PKUFNWPSFCOSLU-UHFFFAOYSA-N,PKUFNWPSFCOSLU,O=c1cc(Cl)[nH]c(=O)[nH]1,aromatic_heterocycle,O=c1cc[nH]c(=O)[nH]1,523
public,678,PKXHXOTZMFCXSH-UHFFFAOYSA-N,PKXHXOTZMFCXSH,C=CC(C)(C)C,alkene_or_diene,ACYCLIC::alkene_or_diene,522
public,679,PLAZTCDQAHEYBI-UHFFFAOYSA-N,PLAZTCDQAHEYBI,Cc1ccccc1[N+](=O)[O-],amine,c1ccccc1,521
public,680,PNDPGZBMCMUPRI-UHFFFAOYSA-N,PNDPGZBMCMUPRI,II,other,ACYCLIC::other,518
public,681,PNPCRKVUWYDDST-UHFFFAOYSA-N,PNPCRKVUWYDDST,Nc1cccc(Cl)c1,amine,c1ccccc1,517
public,682,POAOYUHQDCAZBD-UHFFFAOYSA-N,POAOYUHQDCAZBD,CCCCOCCO,alcohol_or_phenol,ACYCLIC::alcohol_or_phenol,82
public,683,POGCCFLNFPIIGW-UHFFFAOYSA-N,POGCCFLNFPIIGW,COC(=O)c1cc([N+](=O)[O-])cc([N+](=O)[O-])c1,ester,c1ccccc1,516
public,684,POLCUAVZOMRGSN-UHFFFAOYSA-N,POLCUAVZOMRGSN,CCCOCCC,ether,ACYCLIC::ether,515
public,685,POOSGDOYLQNASK-UHFFFAOYSA-N,POOSGDOYLQNASK,CCCCCCCCCCCCCCCCCCCCCCCC,saturated_hydrocarbon,ACYCLIC::saturated_hydrocarbon,1
public,686,PPBRXRYQALVLMV-UHFFFAOYSA-N,PPBRXRYQALVLMV,C=Cc1ccccc1,carbocyclic_aromatic,c1ccccc1,514
public,687,PQHZWWBJPCNNGI-UHFFFAOYSA-N,PQHZWWBJPCNNGI,Clc1cc(Cl)c(-c2cc(Cl)ccc2Cl)c(Cl)c1,carbocyclic_aromatic,c1ccc(-c2ccccc2)cc1,512
public,688,PQNFLJBBNBOBRQ-UHFFFAOYSA-N,PQNFLJBBNBOBRQ,c1ccc2c(c1)CCC2,carbocyclic_aromatic,c1ccc2c(c1)CCC2,511
public,689,PRBHEGAFLDMLAL-UHFFFAOYSA-N,PRBHEGAFLDMLAL,C=CCC=CC,alkene_or_diene,ACYCLIC::alkene_or_diene,510
public,690,PSXCGTLGGVDWFU-VKHMYHEASA-N,PSXCGTLGGVDWFU,C[C@@H](CO[N+](=O)[O-])O[N+](=O)[O-],amine,ACYCLIC::amine,509
public,691,PTSWESZJJFVGBP-UHFFFAOYSA-N,PTSWESZJJFVGBP,CC12CCC(=O)C=C1CCC1C2C(O)CC2(C)C1CCC2(O)C(=O)C(O)C(CCCCC(N)=O)C(N)=O,amide,O=C1C=C2CCC3C4CCCC4CCC3C2CC1,508
public,692,PUFGCEQWYLJYNJ-UHFFFAOYSA-N,PUFGCEQWYLJYNJ,CCCCCCCCCCCCOC(=O)c1ccccc1C(=O)OCCCCCCCCCCCC,ester,c1ccccc1,2
public,693,PUXBGTOOZJQSKH-UHFFFAOYSA-N,PUXBGTOOZJQSKH,CC(C(=O)O)c1ccc2c(c1)[nH]c1ccc(Cl)cc12,carboxylic_acid,c1ccc2c(c1)[nH]c1ccccc12,507
public,694,PVOAHINGSUIXLS-UHFFFAOYSA-N,PVOAHINGSUIXLS,CN1CCNCC1,amine,C1CNCCN1,506
public,695,PVWOIHVRPOBWPI-UHFFFAOYSA-N,PVWOIHVRPOBWPI,CCCI,other,ACYCLIC::other,505
public,696,PWAKPDQEKVAAFQ-UHFFFAOYSA-N,PWAKPDQEKVAAFQ,CCCCCCCCCCOC(=O)c1ccccc1C(=O)OCC,ester,c1ccccc1,2
public,697,PWATWSYOIIXYMA-UHFFFAOYSA-N,PWATWSYOIIXYMA,CCCCCc1ccccc1,carbocyclic_aromatic,c1ccccc1,40
public,698,PWRBCZZQRRPXAB-UHFFFAOYSA-N,PWRBCZZQRRPXAB,Clc1cccnc1,aromatic_heterocycle,c1ccncc1,504
public,699,PXAGFNRKXSYIHU-UHFFFAOYSA-N,PXAGFNRKXSYIHU,Clc1cccc(Cl)c1-c1c(Cl)cccc1Cl,carbocyclic_aromatic,c1ccc(-c2ccccc2)cc1,80
public,700,PXIKRTCSSLJURC-UHFFFAOYSA-N,PXIKRTCSSLJURC,CCCc1ccc(O)c(OC)c1,alcohol_or_phenol,c1ccccc1,503
public,701,PXWUKZGIHQRDHL-UHFFFAOYSA-N,PXWUKZGIHQRDHL,CCNc1nc(NC(C)C)nc(OC)n1,ether,c1ncncn1,26
public,702,PYGSKMBEVAICCR-UHFFFAOYSA-N,PYGSKMBEVAICCR,C=CCCC=C,alkene_or_diene,ACYCLIC::alkene_or_diene,502
public,703,PYLWMHQQBFSUBP-UHFFFAOYSA-N,PYLWMHQQBFSUBP,Fc1ccccc1,carbocyclic_aromatic,c1ccccc1,501
public,704,PYOKUURKVVELLB-UHFFFAOYSA-N,PYOKUURKVVELLB,COC(OC)OC,ether,ACYCLIC::ether,500
public,705,PYOLJOJPIPCRDP-UHFFFAOYSA-N,PYOLJOJPIPCRDP,CC1CCCC(C)(C)C1,saturated_hydrocarbon,C1CCCCC1,499
public,706,QABLOFMHHSOFRJ-UHFFFAOYSA-N,QABLOFMHHSOFRJ,COC(=O)CCl,ester,ACYCLIC::ester,498
public,707,QAMFBRUWYYMMGJ-UHFFFAOYSA-N,QAMFBRUWYYMMGJ,O=C(CC(=O)C(F)(F)F)C(F)(F)F,ketone,ACYCLIC::ketone,497
public,708,QARBMVPHQWIHKH-UHFFFAOYSA-N,QARBMVPHQWIHKH,CS(=O)(=O)Cl,other,ACYCLIC::other,496
public,709,QARVLSVVCXYDNA-UHFFFAOYSA-N,QARVLSVVCXYDNA,Brc1ccccc1,carbocyclic_aromatic,c1ccccc1,495
public,710,QAYQNTYUXWSRDR-UHFFFAOYSA-N,QAYQNTYUXWSRDR,CCCCCCCC(=O)c1c(C)[nH]n(-c2ccccc2)c1=O,ketone,O=c1cc[nH]n1-c1ccccc1,11
public,711,QBYJBZPUGVGKQQ-UHFFFAOYSA-N,QBYJBZPUGVGKQQ,ClC1=C(Cl)C2(Cl)C3C4C=CC(C4)C3C1(Cl)C2(Cl)Cl,alkene_or_diene,C1=CC2CC1C1C3C=CC(C3)C21,494
public,712,QBZXQDLRICAIMA-UHFFFAOYSA-N,QBZXQDLRICAIMA,CC(=O)c1c(C)[nH]n(-c2ccccc2)c1=O,ketone,O=c1cc[nH]n1-c1ccccc1,11
public,713,QCCDLTOVEPVEJK-UHFFFAOYSA-N,QCCDLTOVEPVEJK,CC(=O)Cc1ccccc1,ketone,c1ccccc1,493
public,714,QCKHVNQHBOGZER-UHFFFAOYSA-N,QCKHVNQHBOGZER,Brc1cc(Br)c(Br)cc1Br,carbocyclic_aromatic,c1ccccc1,492
public,715,QCRFMSUKWRQZEM-UHFFFAOYSA-N,QCRFMSUKWRQZEM,OC1CCCCCC1,alcohol_or_phenol,C1CCCCCC1,22
public,716,QEBNYNLSCGVZOH-UHFFFAOYSA-N,QEBNYNLSCGVZOH,C=C(C)C1CCC2=CCCC(C)C2(C)C1,alkene_or_diene,C1=C2CCCCC2CCC1,491
public,717,QELSKZZBTMNZEB-UHFFFAOYSA-N,QELSKZZBTMNZEB,CCCOC(=O)c1ccc(O)cc1,ester,c1ccccc1,39
public,718,QFOHBWFCKVYLES-UHFFFAOYSA-N,QFOHBWFCKVYLES,CCCCOC(=O)c1ccc(O)cc1,ester,c1ccccc1,39
public,719,QGJOPFRUJISHPQ-UHFFFAOYSA-N,QGJOPFRUJISHPQ,S=C=S,other,ACYCLIC::other,490
public,720,QGLZXHRNAYXIBU-UITAMQMPSA-N,QGLZXHRNAYXIBU,CNC(=O)O/N=C\C(C)(C)SC,amide,ACYCLIC::amide,489
public,721,QGZKDVFQNNGYKY-UHFFFAOYSA-N,QGZKDVFQNNGYKY,N,amine,ACYCLIC::amine,488
public,722,QHJMFSMPSZREIF-UHFFFAOYSA-N,QHJMFSMPSZREIF,Cc1cc(C)c2ccccc2c1,carbocyclic_aromatic,c1ccc2ccccc2c1,487
public,723,QHPQWRBYOIRBIT-UHFFFAOYSA-N,QHPQWRBYOIRBIT,CC(C)(C)c1ccc(O)cc1,alcohol_or_phenol,c1ccccc1,486
public,724,QIGBRXMKCJKVMJ-UHFFFAOYSA-N,QIGBRXMKCJKVMJ,Oc1ccc(O)cc1,alcohol_or_phenol,c1ccccc1,485
public,725,QIMMUPPBPVKWKM-UHFFFAOYSA-N,QIMMUPPBPVKWKM,Cc1ccc2ccccc2c1,carbocyclic_aromatic,c1ccc2ccccc2c1,54
public,726,QJZUKDFHGGYHMC-UHFFFAOYSA-N,QJZUKDFHGGYHMC,O=Cc1cccnc1,aldehyde,c1ccncc1,484
public,727,QMMOXUPEWRXHJS-HYXAFXHYSA-N,QMMOXUPEWRXHJS,C/C=C\CC,alkene_or_diene,ACYCLIC::alkene_or_diene,480
public,728,QNVRIHYSUZMSGM-UHFFFAOYSA-N,QNVRIHYSUZMSGM,CCCCC(C)O,alcohol_or_phenol,ACYCLIC::alcohol_or_phenol,24
public,729,QPFMBZIOSGYJDE-UHFFFAOYSA-N,QPFMBZIOSGYJDE,ClC(Cl)C(Cl)Cl,other,ACYCLIC::other,479
public,730,QPJVMBTYPHYUOC-UHFFFAOYSA-N,QPJVMBTYPHYUOC,COC(=O)c1ccccc1,ester,c1ccccc1,478
public,731,QPRQEDXDYOZYLA-RXMQYKEDSA-N,QPRQEDXDYOZYLA,CC[C@@H](C)CO,alcohol_or_phenol,ACYCLIC::alcohol_or_phenol,477
public,732,QPUYECUOLPXSFR-UHFFFAOYSA-N,QPUYECUOLPXSFR,Cc1cccc2ccccc12,carbocyclic_aromatic,c1ccc2ccccc2c1,476
public,733,QQHZPQUHCAKSOL-UHFFFAOYSA-N,QQHZPQUHCAKSOL,CCCCO[N+](=O)[O-],amine,ACYCLIC::amine,79
public,734,QQVHEQUEHCEAKS-UHFFFAOYSA-N,QQVHEQUEHCEAKS,CCCCCCCCCCCOC(=O)c1ccccc1C(=O)OCCCCCCCCCCC,ester,c1ccccc1,2
public,735,QQVIHTHCMHWDBS-UHFFFAOYSA-N,QQVIHTHCMHWDBS,O=C(O)c1cccc(C(=O)O)c1,carboxylic_acid,c1ccccc1,78
public,736,QRMPKOFEUHIBNM-UHFFFAOYSA-N,QRMPKOFEUHIBNM,CC1CCC(C)CC1,saturated_hydrocarbon,C1CCCCC1,474
public,737,QSJXEFYPDANLFS-UHFFFAOYSA-N,QSJXEFYPDANLFS,CC(=O)C(C)=O,ketone,ACYCLIC::ketone,473
public,738,QSNSCYSYFYORTR-UHFFFAOYSA-N,QSNSCYSYFYORTR,Nc1ccc(Cl)cc1,amine,c1ccccc1,472
public,739,QTBFPMKWQKYFLR-UHFFFAOYSA-N,QTBFPMKWQKYFLR,CC(C)CCl,other,ACYCLIC::other,471
public,740,QTURWMMVIIBRRP-UHFFFAOYSA-N,QTURWMMVIIBRRP,CCOC(OCC)Oc1ccccc1,ether,c1ccccc1,469
public,741,QUEKGYQTRJVEQC-UHFFFAOYSA-N,QUEKGYQTRJVEQC,O=C(O)c1cc([N+](=O)[O-])ccc1Cl,carboxylic_acid,c1ccccc1,467
public,742,QUUCYKKMFLJLFS-UHFFFAOYSA-N,QUUCYKKMFLJLFS,CC(C)c1ccc2c(c1)CCC1C(C)(C)CCCC21C,carbocyclic_aromatic,c1ccc2c(c1)CCC1CCCCC21,465
public,743,QVLAWKAXOMEXPM-UHFFFAOYSA-N,QVLAWKAXOMEXPM,ClCC(Cl)(Cl)Cl,other,ACYCLIC::other,464
public,744,QWBBPBRQALCEIZ-UHFFFAOYSA-N,QWBBPBRQALCEIZ,Cc1cccc(O)c1C,alcohol_or_phenol,c1ccccc1,463
public,745,QWCJHSGMANYXCW-UHFFFAOYSA-N,QWCJHSGMANYXCW,Nc1ccc(S(=O)(=O)Nc2ccnn2-c2ccccc2)cc1,amine,O=S(=O)(Nc1ccnn1-c1ccccc1)c1ccccc1,462
public,746,QWDBCIAVABMJPP-UHFFFAOYSA-N,QWDBCIAVABMJPP,CC(C)OC(=O)c1ccccc1C(=O)OC(C)C,ester,c1ccccc1,461
public,747,QWTDNUCVQCZILF-UHFFFAOYSA-N,QWTDNUCVQCZILF,CCC(C)C,saturated_hydrocarbon,ACYCLIC::saturated_hydrocarbon,460
public,748,QXYMVUZOGFVPGH-UHFFFAOYSA-N,QXYMVUZOGFVPGH,Nc1cc([N+](=O)[O-])cc([N+](=O)[O-])c1O,alcohol_or_phenol,c1ccccc1,457
public,749,QYDYPVFESGNLHU-UHFFFAOYSA-N,QYDYPVFESGNLHU,CCCCCCCCC=CCCCCCCCC(=O)OC,ester,ACYCLIC::ester,4
public,750,QYSPLQLAKJAUJT-UHFFFAOYSA-N,QYSPLQLAKJAUJT,CN1C(C(=O)Nc2ccccn2)=C(O)c2ccccc2S1(=O)=O,amide,O=C(Nc1ccccn1)C1=Cc2ccccc2S(=O)(=O)N1,456
public,751,QYZLKGVUSQXAMU-UHFFFAOYSA-N,QYZLKGVUSQXAMU,C=CCC=C,alkene_or_diene,ACYCLIC::alkene_or_diene,455
public,752,QZYHIOPPLUPUJF-UHFFFAOYSA-N,QZYHIOPPLUPUJF,Cc1cccc([N+](=O)[O-])c1,amine,c1ccccc1,454
public,753,QZYNWJQFTJXIRN-UHFFFAOYSA-N,QZYNWJQFTJXIRN,Clc1cc(Cl)c(Cl)c(Cl)c1,carbocyclic_aromatic,c1ccccc1,453
public,754,RAHZWNYVWXNFOC-UHFFFAOYSA-N,RAHZWNYVWXNFOC,O=S=O,other,ACYCLIC::other,452
public,755,RBACIKXCRWGCBB-UHFFFAOYSA-N,RBACIKXCRWGCBB,CCC1CO1,ether,C1CO1,450
public,756,RDHPKYGYEGBMSE-UHFFFAOYSA-N,RDHPKYGYEGBMSE,CCBr,other,ACYCLIC::other,449
public,757,RDMOZWNRZMHRTK-UHFFFAOYSA-N,RDMOZWNRZMHRTK,CCCCCCCNCc1ccc(C)cc1,amine,c1ccccc1,14
public,758,RDOXTESZEPMUJZ-UHFFFAOYSA-N,RDOXTESZEPMUJZ,COc1ccccc1,ether,c1ccccc1,448
public,759,RDYMFSUJUZBWLH-AZVNHNRSSA-N,RDYMFSUJUZBWLH,O=S1OC[C@@H]2[C@H](CO1)[C@]1(Cl)C(Cl)=C(Cl)[C@@]2(Cl)C1(Cl)Cl,alkene_or_diene,O=S1OC[C@@H]2C3C=CC(C3)[C@@H]2CO1,447
public,760,REHONNLQRWTIFF-UHFFFAOYSA-N,REHONNLQRWTIFF,Clc1ccc(-c2cc(Cl)c(Cl)c(Cl)c2)cc1Cl,carbocyclic_aromatic,c1ccc(-c2ccccc2)cc1,66
public,761,REIUXOLGHVXAEO-UHFFFAOYSA-N,REIUXOLGHVXAEO,CCCCCCCCCCCCCCCO,alcohol_or_phenol,ACYCLIC::alcohol_or_phenol,3
public,762,RELMFMZEBKVZJC-UHFFFAOYSA-N,RELMFMZEBKVZJC,Clc1cccc(Cl)c1Cl,carbocyclic_aromatic,c1ccccc1,446
public,763,RFCAUADVODFSLZ-UHFFFAOYSA-N,RFCAUADVODFSLZ,FC(F)(F)C(F)(F)Cl,other,ACYCLIC::other,445
public,764,RFFFKMOABOFIDF-UHFFFAOYSA-N,RFFFKMOABOFIDF,CCCCC#N,other,ACYCLIC::other,77
public,765,RFFLAFLAYFXFSW-UHFFFAOYSA-N,RFFLAFLAYFXFSW,Clc1ccccc1Cl,carbocyclic_aromatic,c1ccccc1,444
public,766,RFKMCNOHBTXSMU-UHFFFAOYSA-N,RFKMCNOHBTXSMU,COC(F)(F)C(Cl)Cl,ether,ACYCLIC::ether,443
public,767,RGHHSNMVTDWUBI-UHFFFAOYSA-N,RGHHSNMVTDWUBI,O=Cc1ccc(O)cc1,aldehyde,c1ccccc1,442
public,768,RHMPLDJJXGPMEX-UHFFFAOYSA-N,RHMPLDJJXGPMEX,Oc1ccc(F)cc1,alcohol_or_phenol,c1ccccc1,441
public,769,RHQDFWAXVIIEBN-UHFFFAOYSA-N,RHQDFWAXVIIEBN,OCC(F)(F)F,alcohol_or_phenol,ACYCLIC::alcohol_or_phenol,440
public,770,RIFKADJTWUGDOV-UHFFFAOYSA-N,RIFKADJTWUGDOV,CC(=O)C1CCCCC1,ketone,C1CCCCC1,76
public,771,RIZMRRKBZQXFOY-UHFFFAOYSA-N,RIZMRRKBZQXFOY,CCOP(=S)(OCC)SCSP(=S)(OCC)OCC,other,ACYCLIC::other,75
public,772,RJCQBQGAPKAMLL-UHFFFAOYSA-N,RJCQBQGAPKAMLL,FC(F)(F)Br,other,ACYCLIC::other,439
public,773,RJKGJBPXVHTNJL-UHFFFAOYSA-N,RJKGJBPXVHTNJL,O=[N+]([O-])c1cccc2ccccc12,amine,c1ccc2ccccc2c1,438
public,774,RJTJVVYSTUQWNI-UHFFFAOYSA-N,RJTJVVYSTUQWNI,CCc1ccc2ccccc2c1,carbocyclic_aromatic,c1ccc2ccccc2c1,437
public,775,RKELNIPLHQEBJO-UHFFFAOYSA-N,RKELNIPLHQEBJO,CC(C)CCCCOC(=O)c1ccccc1C(=O)OCCCCC(C)C,ester,c1ccccc1,6
public,776,RKLLTEAEZIJBAU-UHFFFAOYSA-N,RKLLTEAEZIJBAU,Clc1ccc(-c2ccc(Cl)c(Cl)c2)c(Cl)c1,carbocyclic_aromatic,c1ccc(-c2ccccc2)cc1,74
public,777,RKSOPLXZQNSWAS-UHFFFAOYSA-N,RKSOPLXZQNSWAS,CC(C)(C)Br,other,ACYCLIC::other,435
public,778,RLBIQVVOMOPOHC-UHFFFAOYSA-N,RLBIQVVOMOPOHC,COP(=S)(OC)Oc1ccc([N+](=O)[O-])cc1,amine,c1ccccc1,434
public,779,RLPGDEORIPLBNF-UHFFFAOYSA-N,RLPGDEORIPLBNF,CC(C)C(C)C(C)C,saturated_hydrocarbon,ACYCLIC::saturated_hydrocarbon,432
public,780,RMBFBMJGBANMMK-UHFFFAOYSA-N,RMBFBMJGBANMMK,Cc1ccc([N+](=O)[O-])cc1[N+](=O)[O-],amine,c1ccccc1,430
public,781,RMGHERXMTMUMMV-UHFFFAOYSA-N,RMGHERXMTMUMMV,COC(C)C,ether,ACYCLIC::ether,429
public,782,RMKYMNRQXYPJHL-UHFFFAOYSA-N,RMKYMNRQXYPJHL,CCOCCOC(=O)c1ccccc1C(=O)OCCOCC,ester,c1ccccc1,73
public,783,RMOUBSOVHSONPZ-UHFFFAOYSA-N,RMOUBSOVHSONPZ,CC(C)OC=O,ester,ACYCLIC::ester,428
public,784,RMPWIIKNWPVWNG-UHFFFAOYSA-N,RMPWIIKNWPVWNG,Clc1ccc(-c2cc(Cl)c(Cl)c(Cl)c2Cl)c(Cl)c1Cl,carbocyclic_aromatic,c1ccc(-c2ccccc2)cc1,38
public,785,RMVRSNDYEFQCLF-UHFFFAOYSA-N,RMVRSNDYEFQCLF,Sc1ccccc1,thiol,c1ccccc1,427
public,786,RNVCVTLRINQCPJ-UHFFFAOYSA-N,RNVCVTLRINQCPJ,Cc1ccccc1N,amine,c1ccccc1,426
public,787,ROWKJAVDOGWPAT-UHFFFAOYSA-N,ROWKJAVDOGWPAT,CC(=O)C(C)O,ketone,ACYCLIC::ketone,424
public,788,RPUMZMSNLZHIGZ-UHFFFAOYSA-N,RPUMZMSNLZHIGZ,Clc1cc(Cl)c(-c2ccc(Cl)c(Cl)c2Cl)cc1Cl,carbocyclic_aromatic,c1ccc(-c2ccccc2)cc1,423
public,789,RQMKHMUNQWEHDI-UHFFFAOYSA-N,RQMKHMUNQWEHDI,CCNCc1ccc(C)cc1,amine,c1ccccc1,422
public,790,RQVYBGPQFYCBGX-UHFFFAOYSA-N,RQVYBGPQFYCBGX,CCNc1nc(NC(C)C)nc(SC)n1,amine,c1ncncn1,25
public,791,RRBYUSWBLVXTQN-UHFFFAOYSA-N,RRBYUSWBLVXTQN,CC1(C)C2CC3C(C2)C31C,saturated_hydrocarbon,C1C2CC3C1C3C2,421
public,792,RRHGJUQNOFWUDK-UHFFFAOYSA-N,RRHGJUQNOFWUDK,C=CC(=C)C,alkene_or_diene,ACYCLIC::alkene_or_diene,420
public,793,RSGBXCFAYHOKQZ-UHFFFAOYSA-N,RSGBXCFAYHOKQZ,N#CCc1ccc(C(=O)O)cc1,carboxylic_acid,c1ccccc1,419
public,794,RTBLDXVIGWSICW-UHFFFAOYSA-N,RTBLDXVIGWSICW,CC1=C2CC3CCC(C)C2(CC1)C3(C)C,alkene_or_diene,C1=C2CC3CCCC2(CC1)C3,417
public,795,RTDCJKARQCRONF-UHFFFAOYSA-N,RTDCJKARQCRONF,CCN(C)N=O,amine,ACYCLIC::amine,416
public,796,RTZZCYNQPHTPPL-UHFFFAOYSA-N,RTZZCYNQPHTPPL,O=[N+]([O-])c1cccc(O)c1,alcohol_or_phenol,c1ccccc1,414
public,797,RUFPHBVGCFYCNW-UHFFFAOYSA-N,RUFPHBVGCFYCNW,Nc1cccc2ccccc12,amine,c1ccc2ccccc2c1,413
public,798,RUMOYJJNUMEFDD-SNVBAGLBSA-N,RUMOYJJNUMEFDD,C=C(C)[C@@H]1CC=C(C=O)CC1,aldehyde,C1=CCCCC1,412
public,799,RVKACVRTJYKAFH-UHFFFAOYSA-N,RVKACVRTJYKAFH,CCCCCC(=O)c1c(C)[nH]n(-c2ccccc2)c1=O,ketone,O=c1cc[nH]n1-c1ccccc1,11
public,800,RWGFKTVRMDUZSP-UHFFFAOYSA-N,RWGFKTVRMDUZSP,CC(C)c1ccccc1,carbocyclic_aromatic,c1ccccc1,411
public,801,RWNKSTSCBHKHTB-UHFFFAOYSA-N,RWNKSTSCBHKHTB,ClC(Cl)=C(Cl)C(Cl)=C(Cl)Cl,alkene_or_diene,ACYCLIC::alkene_or_diene,410
public,802,RWNUSVWFHDHRCJ-ZETCQYMHSA-N,RWNUSVWFHDHRCJ,CCCCOC[C@H](C)O,alcohol_or_phenol,ACYCLIC::alcohol_or_phenol,409
public,803,RWRDLPDLKQPQOW-UHFFFAOYSA-N,RWRDLPDLKQPQOW,C1CCNC1,amine,C1CCNC1,37
public,804,RWRIWBAIICGTTQ-UHFFFAOYSA-N,RWRIWBAIICGTTQ,FCF,other,ACYCLIC::other,408
public,805,RWSOTUBLDIXVET-UHFFFAOYSA-N,RWSOTUBLDIXVET,S,other,ACYCLIC::other,407
public,806,RXGUIWHIADMCFC-UHFFFAOYSA-N,RXGUIWHIADMCFC,CC(C)COC(=O)C(C)C,ester,ACYCLIC::ester,406
public,807,RXYPXQSKLGGKOL-UHFFFAOYSA-N,RXYPXQSKLGGKOL,CN1CCN(C)CC1,amine,C1CNCCN1,405
public,808,RYCNBIYTZSGSPI-UHFFFAOYSA-N,RYCNBIYTZSGSPI,CC(C)(C)OC(=O)c1ccccc1C(=O)OC(C)(C)C,ester,c1ccccc1,404
public,809,RYHBNJHYFVUHQT-UHFFFAOYSA-N,RYHBNJHYFVUHQT,C1COCCO1,ether,C1COCCO1,21
public,810,RYYVLZVUVIJVGH-UHFFFAOYSA-N,RYYVLZVUVIJVGH,Cn1c(=O)c2c(ncn2C)n(C)c1=O,aromatic_heterocycle,O=c1[nH]c(=O)c2[nH]cnc2[nH]1,402
public,811,RZBKGYAJIGUETD-UHFFFAOYSA-N,RZBKGYAJIGUETD,O=C(c1ccc(Br)cc1)N(O)c1ccc(Cl)cc1,amide,O=C(Nc1ccccc1)c1ccccc1,401
public,812,RZJRJXONCZWCBN-UHFFFAOYSA-N,RZJRJXONCZWCBN,CCCCCCCCCCCCCCCCCC,saturated_hydrocarbon,ACYCLIC::saturated_hydrocarbon,1
public,813,RZKSECIXORKHQS-UHFFFAOYSA-N,RZKSECIXORKHQS,CCCCC(O)CC,alcohol_or_phenol,ACYCLIC::alcohol_or_phenol,399
public,814,RZVAJINKPMORJF-UHFFFAOYSA-N,RZVAJINKPMORJF,CC(=O)Nc1ccc(O)cc1,amide,c1ccccc1,398
public,815,RZXMPPFPUUCRFN-UHFFFAOYSA-N,RZXMPPFPUUCRFN,Cc1ccc(N)cc1,amine,c1ccccc1,397
public,816,RZXZIZDRFQFCTA-SFOWXEAESA-N,RZXZIZDRFQFCTA,F[C@H](Br)C(F)(F)F,other,ACYCLIC::other,396
public,817,SBPBAQFWLVIOKP-UHFFFAOYSA-N,SBPBAQFWLVIOKP,CCOP(=S)(OCC)Oc1nc(Cl)c(Cl)cc1Cl,aromatic_heterocycle,c1ccncc1,395
public,818,SCWPFSIZUZUCCE-UHFFFAOYSA-N,SCWPFSIZUZUCCE,C=C1CC=C(C(C)C)CC1,alkene_or_diene,C=C1CC=CCC1,394
public,819,SCYULBFZEHDVBN-UHFFFAOYSA-N,SCYULBFZEHDVBN,CC(Cl)Cl,other,ACYCLIC::other,67
public,820,SDDBCEWUYXVGCQ-UHFFFAOYSA-N,SDDBCEWUYXVGCQ,Cc1cccc2c(C)cccc12,carbocyclic_aromatic,c1ccc2ccccc2c1,72
public,821,SDJHPPZKZZWAKF-UHFFFAOYSA-N,SDJHPPZKZZWAKF,C=C(C)C(=C)C,alkene_or_diene,ACYCLIC::alkene_or_diene,393
public,822,SECXISVLQFMRJM-UHFFFAOYSA-N,SECXISVLQFMRJM,CN1CCCC1=O,amide,O=C1CCCN1,392
public,823,SEQDDYPDSLOBDC-UHFFFAOYSA-N,SEQDDYPDSLOBDC,CN1C(=O)C(O)N=C(c2ccccc2)c2cc(Cl)ccc21,amide,O=C1CN=C(c2ccccc2)c2ccccc2N1,391
public,824,SFVWPXMPRCIVOK-UHFFFAOYSA-N,SFVWPXMPRCIVOK,OC1CCCCCCCCCCC1,alcohol_or_phenol,C1CCCCCCCCCCC1,22
public,825,SFZCNBIFKDRMGX-UHFFFAOYSA-N,SFZCNBIFKDRMGX,FS(F)(F)(F)(F)F,other,ACYCLIC::other,390
public,826,SGEJQUSYQTVSIU-UHFFFAOYSA-N,SGEJQUSYQTVSIU,CCCCN(CC)C(=O)SCCC,amide,ACYCLIC::amide,389
public,827,SGHBRHKBCLLVCI-UHFFFAOYSA-N,SGHBRHKBCLLVCI,N#Cc1cccc(O)c1,alcohol_or_phenol,c1ccccc1,388
public,828,SHXHPUAKLCCLDV-UHFFFAOYSA-N,SHXHPUAKLCCLDV,CC(=O)CC(=O)C(F)(F)F,ketone,ACYCLIC::ketone,385
public,829,SHZIWNPUGXLXDT-UHFFFAOYSA-N,SHZIWNPUGXLXDT,CCCCCC(=O)OCC,ester,ACYCLIC::ester,10
public,830,SIBQAECNSSQUOD-UHFFFAOYSA-N,SIBQAECNSSQUOD,CCn1ccc(NS(=O)(=O)c2ccc(N)cc2)nc1=O,amine,O=c1nc(NS(=O)(=O)c2ccccc2)cc[nH]1,384
public,831,SJBBXFLOLUTGCW-UHFFFAOYSA-N,SJBBXFLOLUTGCW,FC(F)(F)c1cccc(C(F)(F)F)c1,carbocyclic_aromatic,c1ccccc1,383
public,832,SJEBAWHUJDUKQK-UHFFFAOYSA-N,SJEBAWHUJDUKQK,CCc1ccc2c(c1)C(=O)c1ccccc1C2=O,ketone,O=C1c2ccccc2C(=O)c2ccccc21,382
public,833,SJRJJKPEHAURKC-UHFFFAOYSA-N,SJRJJKPEHAURKC,CN1CCOCC1,ether,C1COCCN1,381
public,834,SJWFXCIHNDVPSH-UHFFFAOYSA-N,SJWFXCIHNDVPSH,CCCCCCC(C)O,alcohol_or_phenol,ACYCLIC::alcohol_or_phenol,24
public,835,SKGXYFVQZVPEFP-UHFFFAOYSA-N,SKGXYFVQZVPEFP,Clc1ccc2c(c1)Oc1cc(Cl)c(Cl)c(Cl)c1O2,ether,c1ccc2c(c1)Oc1ccccc1O2,380
public,836,SKIVFJLNDNKQPD-UHFFFAOYSA-N,SKIVFJLNDNKQPD,CC(=O)NS(=O)(=O)c1ccc(N)cc1,amide,c1ccccc1,379
public,837,SKZKKFZAGNVIMN-UHFFFAOYSA-N,SKZKKFZAGNVIMN,NC(=O)c1ccccc1O,amide,c1ccccc1,378
public,838,SLKPBCXNFNIJSV-UHFFFAOYSA-N,SLKPBCXNFNIJSV,Cc1ccc(C2(C)CCCC2(C)C)cc1,carbocyclic_aromatic,c1ccc(C2CCCC2)cc1,377
public,839,SLTLKLCDQWGISZ-UHFFFAOYSA-N,SLTLKLCDQWGISZ,C=C1CCC2CC3C(C)CCC13C2(C)C,alkene_or_diene,C=C1CCC2CC3CCCC13C2,376
public,840,SMDHCQAYESWHAE-UHFFFAOYSA-N,SMDHCQAYESWHAE,CCCCN(CC)c1c([N+](=O)[O-])cc(C(F)(F)F)cc1[N+](=O)[O-],amine,c1ccccc1,32
public,841,SMQUZDBALVYZAC-UHFFFAOYSA-N,SMQUZDBALVYZAC,O=Cc1ccccc1O,aldehyde,c1ccccc1,375
public,842,SMWDFEZZVXVKRB-UHFFFAOYSA-N,SMWDFEZZVXVKRB,c1ccc2ncccc2c1,aromatic_heterocycle,c1ccc2ncccc2c1,374
public,843,SNHMUERNLJLMHN-UHFFFAOYSA-N,SNHMUERNLJLMHN,Ic1ccccc1,carbocyclic_aromatic,c1ccccc1,373
public,844,SNICXCGAKADSCV-UHFFFAOYSA-N,SNICXCGAKADSCV,CN1CCCC1c1cccnc1,amine,c1cncc(C2CCCN2)c1,372
public,845,SNMVRZFUUCLYTO-UHFFFAOYSA-N,SNMVRZFUUCLYTO,CCCCl,other,ACYCLIC::other,371
public,846,SPEUIVXLLWOEMJ-UHFFFAOYSA-N,SPEUIVXLLWOEMJ,COC(C)OC,ether,ACYCLIC::ether,369
public,847,SQCZQTSHSZLZIQ-UHFFFAOYSA-N,SQCZQTSHSZLZIQ,CCCCCCl,other,ACYCLIC::other,23
public,848,SQNZJJAZBFDUTD-UHFFFAOYSA-N,SQNZJJAZBFDUTD,Cc1cc(C)c(C)cc1C,carbocyclic_aromatic,c1ccccc1,368
public,849,SRBFZHDQGSBBOR-LECHCGJUSA-N,SRBFZHDQGSBBOR,O[C@@H]1[C@@H](O)[C@@H](O)OC[C@H]1O,alcohol_or_phenol,C1CCOCC1,367
public,850,STCOOQWBFONSKY-UHFFFAOYSA-N,STCOOQWBFONSKY,CCCCOP(=O)(OCCCC)OCCCC,other,ACYCLIC::other,366
public,851,SUSQOBVLVYHIEX-UHFFFAOYSA-N,SUSQOBVLVYHIEX,N#CCc1ccccc1,carbocyclic_aromatic,c1ccccc1,365
public,852,SVONRAPFKPVNKG-UHFFFAOYSA-N,SVONRAPFKPVNKG,CCOCCOC(C)=O,ester,ACYCLIC::ester,363
public,853,SVTBQUKRCVPUHS-UHFFFAOYSA-N,SVTBQUKRCVPUHS,CCCCN(CCC)N=O,amine,ACYCLIC::amine,33
public,854,SVYKKECYCPFKGB-UHFFFAOYSA-N,SVYKKECYCPFKGB,CN(C)C1CCCCC1,amine,C1CCCCC1,362
public,855,SWJPEBQEEAHIGZ-UHFFFAOYSA-N,SWJPEBQEEAHIGZ,Brc1ccc(Br)cc1,carbocyclic_aromatic,c1ccccc1,361
public,856,SYBYTAAJFKOIEJ-UHFFFAOYSA-N,SYBYTAAJFKOIEJ,CC(=O)C(C)C,ketone,ACYCLIC::ketone,360
public,857,SYTBZMRGLBWNTM-JTQLQIEISA-N,SYTBZMRGLBWNTM,C[C@H](C(=O)O)c1ccc(-c2ccccc2)c(F)c1,carboxylic_acid,c1ccc(-c2ccccc2)cc1,359
public,858,SYUYTOYKQOAVDW-UHFFFAOYSA-N,SYUYTOYKQOAVDW,O=Nc1ccc2ccccc2c1O,alcohol_or_phenol,c1ccc2ccccc2c1,358
public,859,SZIFAVKTNFCBPC-UHFFFAOYSA-N,SZIFAVKTNFCBPC,OCCCl,alcohol_or_phenol,ACYCLIC::alcohol_or_phenol,357
public,860,TUAMRELNJMMDMT-UHFFFAOYSA-N,TUAMRELNJMMDMT,Cc1cc(C)cc(O)c1,alcohol_or_phenol,c1ccccc1,356
public,861,TUXYZHVUPGXXQG-UHFFFAOYSA-N,TUXYZHVUPGXXQG,O=C(O)c1ccc(Br)cc1,carboxylic_acid,c1ccccc1,5
public,862,TWBPWBPGNQWFSJ-UHFFFAOYSA-N,TWBPWBPGNQWFSJ,Nc1ccccc1-c1ccccc1,amine,c1ccc(-c2ccccc2)cc1,354
public,863,TWLMSPNQBKSXOP-UHFFFAOYSA-N,TWLMSPNQBKSXOP,Nc1cc([N+](=O)[O-])cc(Cl)c1O,alcohol_or_phenol,c1ccccc1,353
public,864,TWSRVQVEYJNFKQ-UHFFFAOYSA-N,TWSRVQVEYJNFKQ,CCCCCOC(=O)CC,ester,ACYCLIC::ester,71
public,865,TXBBUSUXYMIVOS-UHFFFAOYSA-N,TXBBUSUXYMIVOS,O=C(CC(=O)C(F)(F)F)c1cccs1,ketone,c1ccsc1,352
public,866,TXCDCPKCNAJMEE-UHFFFAOYSA-N,TXCDCPKCNAJMEE,c1ccc2c(c1)oc1ccccc12,aromatic_heterocycle,c1ccc2c(c1)oc1ccccc12,351
public,867,TXEYQDLBPFQVAA-UHFFFAOYSA-N,TXEYQDLBPFQVAA,FC(F)(F)F,other,ACYCLIC::other,350
public,868,TYMLOMAKGOJONV-UHFFFAOYSA-N,TYMLOMAKGOJONV,Nc1ccc([N+](=O)[O-])cc1,amine,c1ccccc1,349
public,869,TZIHFWKZFHZASV-UHFFFAOYSA-N,TZIHFWKZFHZASV,COC=O,ester,ACYCLIC::ester,348
public,870,TZYRSLHNPKPEFV-UHFFFAOYSA-N,TZYRSLHNPKPEFV,CCC(CC)CO,alcohol_or_phenol,ACYCLIC::alcohol_or_phenol,347
public,871,UAEPNZWRGJTJPN-UHFFFAOYSA-N,UAEPNZWRGJTJPN,CC1CCCCC1,saturated_hydrocarbon,C1CCCCC1,70
public,872,UAHWPYUMFXYFJY-UHFFFAOYSA-N,UAHWPYUMFXYFJY,C=CC(=C)CCC=C(C)C,alkene_or_diene,ACYCLIC::alkene_or_diene,69
public,873,UAOMVDZJSHZZME-UHFFFAOYSA-N,UAOMVDZJSHZZME,CC(C)NC(C)C,amine,ACYCLIC::amine,346
public,874,UBOXGVDOUJQMTN-UHFFFAOYSA-N,UBOXGVDOUJQMTN,ClCC(Cl)Cl,other,ACYCLIC::other,345
public,875,UCNVFOCBFJOQAL-UHFFFAOYSA-N,UCNVFOCBFJOQAL,ClC(Cl)=C(c1ccc(Cl)cc1)c1ccc(Cl)cc1,carbocyclic_aromatic,C=C(c1ccccc1)c1ccccc1,344
public,876,UCVPKAZCQPRWAY-UHFFFAOYSA-N,UCVPKAZCQPRWAY,O=C(OCc1ccccc1)c1ccccc1C(=O)OCc1ccccc1,ester,O=C(OCc1ccccc1)c1ccccc1C(=O)OCc1ccccc1,343
public,877,UDMZPLROONOSEF-UHFFFAOYSA-N,UDMZPLROONOSEF,Clc1cc(Cl)c(-c2c(Cl)c(Cl)cc(Cl)c2Cl)cc1Cl,carbocyclic_aromatic,c1ccc(-c2ccccc2)cc1,342
public,878,UFBJCMHMOXMLKC-UHFFFAOYSA-N,UFBJCMHMOXMLKC,O=[N+]([O-])c1ccc(O)c([N+](=O)[O-])c1,alcohol_or_phenol,c1ccccc1,341
public,879,UFFBMTHBGFGIHF-UHFFFAOYSA-N,UFFBMTHBGFGIHF,Cc1cccc(C)c1N,amine,c1ccccc1,340
public,880,UFNIBRDIUNVOMX-UHFFFAOYSA-N,UFNIBRDIUNVOMX,Clc1ccc(-c2ccccc2Cl)cc1,carbocyclic_aromatic,c1ccc(-c2ccccc2)cc1,68
public,881,UGCSPKPEHQEOSR-UHFFFAOYSA-N,UGCSPKPEHQEOSR,FC(Cl)(Cl)C(F)(Cl)Cl,other,ACYCLIC::other,336
public,882,UHCBBWUQDAVSMS-UHFFFAOYSA-N,UHCBBWUQDAVSMS,CCF,other,ACYCLIC::other,334
public,883,UJOBWOGCFQCDNV-UHFFFAOYSA-N,UJOBWOGCFQCDNV,c1ccc2c(c1)[nH]c1ccccc12,aromatic_heterocycle,c1ccc2c(c1)[nH]c1ccccc12,332
public,884,ULKWBVNMJZUEBD-UHFFFAOYSA-N,ULKWBVNMJZUEBD,Cc1ccc(C(=O)N(C)C)cc1,amide,c1ccccc1,331
public,885,ULYZAYCEDJDHCC-UHFFFAOYSA-N,ULYZAYCEDJDHCC,CC(C)Cl,other,ACYCLIC::other,67
public,886,UMFJAHHVKNCGLG-UHFFFAOYSA-N,UMFJAHHVKNCGLG,CN(C)N=O,amine,ACYCLIC::amine,330
public,887,UMIPWJGWASORKV-UHFFFAOYSA-N,UMIPWJGWASORKV,C#CCCCCCC,saturated_hydrocarbon,ACYCLIC::saturated_hydrocarbon,19
public,888,UMKANAFDOQQUKE-UHFFFAOYSA-N,UMKANAFDOQQUKE,CCCN(CCC)c1c([N+](=O)[O-])cc(S(C)(=O)=O)cc1[N+](=O)[O-],amine,c1ccccc1,329
public,889,UMNKXPULIDJLSU-UHFFFAOYSA-N,UMNKXPULIDJLSU,FC(Cl)Cl,other,ACYCLIC::other,64
public,890,UNFUYWDGSFDHCW-UHFFFAOYSA-N,UNFUYWDGSFDHCW,ClC1CCCCC1,other,C1CCCCC1,328
public,891,UNTITLLXXOKDTB-UHFFFAOYSA-N,UNTITLLXXOKDTB,c1ccc2c(c1)OCCOCCOCCOc1ccccc1OCCOCCOCCO2,ether,c1ccc2c(c1)OCCOCCOCCOc1ccccc1OCCOCCOCCO2,20
public,892,UOBYKYZJUGYBDK-UHFFFAOYSA-N,UOBYKYZJUGYBDK,O=C(O)c1ccc2ccccc2c1,carboxylic_acid,c1ccc2ccccc2c1,327
public,893,UOCLXMDMGBRAIB-UHFFFAOYSA-N,UOCLXMDMGBRAIB,CC(Cl)(Cl)Cl,other,ACYCLIC::other,34
public,894,UPSXAPQYNGXVBF-UHFFFAOYSA-N,UPSXAPQYNGXVBF,CCC(C)Br,other,ACYCLIC::other,326
public,895,UQDUPQYQJKYHQI-UHFFFAOYSA-N,UQDUPQYQJKYHQI,CCCCCCCCCCCC(=O)OC,ester,ACYCLIC::ester,4
public,896,UQMGJOKDKOLIDP-UHFFFAOYSA-N,UQMGJOKDKOLIDP,Clc1ccc(-c2ccc(Cl)c(Cl)c2)cc1Cl,carbocyclic_aromatic,c1ccc(-c2ccccc2)cc1,66
public,897,UQXKXGWGFRWILX-UHFFFAOYSA-N,UQXKXGWGFRWILX,O=[N+]([O-])OCCO[N+](=O)[O-],amine,ACYCLIC::amine,65
public,898,URAYPUMNDPQOKB-UHFFFAOYSA-N,URAYPUMNDPQOKB,CC(=O)OCC(COC(C)=O)OC(C)=O,ester,ACYCLIC::ester,324
public,899,URLKBWYHVLBVBO-UHFFFAOYSA-N,URLKBWYHVLBVBO,Cc1ccc(C)cc1,carbocyclic_aromatic,c1ccccc1,323
public,900,USDOQCCMRDNVAH-UHFFFAOYSA-N,USDOQCCMRDNVAH,CC1=CCC2C(C)=CCC(C(C)C)C2C1,alkene_or_diene,C1=CC2CC=CCC2CC1,322
public,901,USIUVYZYUHIAEV-UHFFFAOYSA-N,USIUVYZYUHIAEV,c1ccc(Oc2ccccc2)cc1,ether,c1ccc(Oc2ccccc2)cc1,321
public,902,UUIQMZJEGPQKFD-UHFFFAOYSA-N,UUIQMZJEGPQKFD,CCCC(=O)OC,ester,ACYCLIC::ester,320
public,903,UVJHQYIOXKWHFD-UHFFFAOYSA-N,UVJHQYIOXKWHFD,C1=CCC=CC1,alkene_or_diene,C1=CCC=CC1,319
public,904,UWKAYLJWKGQEPM-LBPRGKRZSA-N,UWKAYLJWKGQEPM,C=C[C@@](C)(CCC=C(C)C)OC(C)=O,ester,ACYCLIC::ester,36
public,905,UWNADWZGEHDQAB-UHFFFAOYSA-N,UWNADWZGEHDQAB,CC(C)CCC(C)C,saturated_hydrocarbon,ACYCLIC::saturated_hydrocarbon,318
public,906,UWSDONTXWQOZFN-UHFFFAOYSA-N,UWSDONTXWQOZFN,O=NN1CCCCC1,amine,C1CCNCC1,317
public,907,VACCAVUAMIDAGB-UHFFFAOYSA-N,VACCAVUAMIDAGB,Cc1nnc(NS(=O)(=O)c2ccc(N)cc2)s1,amine,O=S(=O)(Nc1nncs1)c1ccccc1,316
public,908,VADKRMSMGWJZCF-UHFFFAOYSA-N,VADKRMSMGWJZCF,Oc1ccccc1Br,alcohol_or_phenol,c1ccccc1,315
public,909,VAJVDSVGBWFCLW-UHFFFAOYSA-N,VAJVDSVGBWFCLW,OCCCc1ccccc1,alcohol_or_phenol,c1ccccc1,314
public,910,VAPDZNUFNKUROY-UHFFFAOYSA-N,VAPDZNUFNKUROY,Oc1c(I)cc(I)cc1I,alcohol_or_phenol,c1ccccc1,313
public,911,VAYGXNSJCAHWJZ-UHFFFAOYSA-N,VAYGXNSJCAHWJZ,COS(=O)(=O)OC,other,ACYCLIC::other,312
public,912,VCLJODPNBNEBKW-UHFFFAOYSA-N,VCLJODPNBNEBKW,CC(CC(C)(C)C)CC(C)(C)CC(C)(C)C,saturated_hydrocarbon,ACYCLIC::saturated_hydrocarbon,311
public,913,VDNXOMXXJXUGHQ-UHFFFAOYSA-N,VDNXOMXXJXUGHQ,CCCCCCCCCOC(=O)c1ccccc1C(=O)OCCCC,ester,c1ccccc1,2
public,914,VEDTXTNSFWUXGQ-UHFFFAOYSA-N,VEDTXTNSFWUXGQ,CCOP(=S)(OCC)SCSc1ccc(Cl)cc1,sulfide_or_disulfide,c1ccccc1,310
public,915,VEQOALNAAJBPNY-UHFFFAOYSA-N,VEQOALNAAJBPNY,Cc1cc(=O)n(-c2ccccc2)n1C,aromatic_heterocycle,O=c1cc[nH]n1-c1ccccc1,309
public,916,VFTFKUDGYRBSAL-UHFFFAOYSA-N,VFTFKUDGYRBSAL,C1COCCOCCOCCOCCO1,ether,C1COCCOCCOCCOCCO1,21
public,917,VFWCMGCRMGJXDK-UHFFFAOYSA-N,VFWCMGCRMGJXDK,CCCCCl,other,ACYCLIC::other,23
public,918,VFWFEBPPAFNYGI-UHFFFAOYSA-N,VFWFEBPPAFNYGI,CCCCCNCc1ccc(C)cc1,amine,c1ccccc1,14
public,919,VGGGRWRBGXENKI-UHFFFAOYSA-N,VGGGRWRBGXENKI,Clc1cccc2c1Oc1ccccc1O2,ether,c1ccc2c(c1)Oc1ccccc1O2,308
public,920,VGGZTNNNXAUZLB-UHFFFAOYSA-N,VGGZTNNNXAUZLB,CCN(N=O)C(C)C,amine,ACYCLIC::amine,306
public,921,VHHHONWQHHHLTI-UHFFFAOYSA-N,VHHHONWQHHHLTI,ClC(Cl)(Cl)C(Cl)(Cl)Cl,other,ACYCLIC::other,305
public,922,VJXRKZJMGVSXPX-UHFFFAOYSA-N,VJXRKZJMGVSXPX,CCc1ccncc1,aromatic_heterocycle,c1ccncc1,303
public,923,VKCYHJWLYTUGCC-UHFFFAOYSA-N,VKCYHJWLYTUGCC,CCCCCCCC(C)=O,ketone,ACYCLIC::ketone,7
public,924,VLJXXKKOSFGPHI-SSDOTTSWSA-N,VLJXXKKOSFGPHI,CCC[C@H](C)CC,saturated_hydrocarbon,ACYCLIC::saturated_hydrocarbon,302
public,925,VLYWMPOKSSWJAL-UHFFFAOYSA-N,VLYWMPOKSSWJAL,COc1ccc(NS(=O)(=O)c2ccc(N)cc2)nn1,ether,O=S(=O)(Nc1cccnn1)c1ccccc1,300
public,926,VMKOFRJSULQZRM-UHFFFAOYSA-N,VMKOFRJSULQZRM,CCCCCCCCBr,other,ACYCLIC::other,12
public,927,VMOJIHDTVZTGDO-UHFFFAOYSA-N,VMOJIHDTVZTGDO,Cc1ccc2c(C)ccc(C(C)C)c2c1,carbocyclic_aromatic,c1ccc2ccccc2c1,299
public,928,VMPITZXILSNTON-UHFFFAOYSA-N,VMPITZXILSNTON,COc1ccccc1N,ether,c1ccccc1,298
public,929,VMVNZNXAVJHNDJ-UHFFFAOYSA-N,VMVNZNXAVJHNDJ,COC(=O)C(F)(F)F,ester,ACYCLIC::ester,297
public,930,VOPWNXZWBYDODV-UHFFFAOYSA-N,VOPWNXZWBYDODV,FC(F)Cl,other,ACYCLIC::other,64
public,931,VOWAEIGWURALJQ-UHFFFAOYSA-N,VOWAEIGWURALJQ,O=C(OC1CCCCC1)c1ccccc1C(=O)OC1CCCCC1,ester,O=C(OC1CCCCC1)c1ccccc1C(=O)OC1CCCCC1,63
public,932,VPDZRSSKICPUEY-UHFFFAOYSA-N,VPDZRSSKICPUEY,CC1=CC2C(CCC(C)=CCC1)C2(C)C,alkene_or_diene,C1=CCCC2CC2C=CCC1,62
public,933,VPZFYLQMPOIPKH-UHFFFAOYSA-N,VPZFYLQMPOIPKH,COCC(OC)(OC)OC,ether,ACYCLIC::ether,294
public,934,VQTUBCCKSQIDNK-UHFFFAOYSA-N,VQTUBCCKSQIDNK,C=C(C)C,alkene_or_diene,ACYCLIC::alkene_or_diene,293
public,935,VSMDINRNYYEDRN-UHFFFAOYSA-N,VSMDINRNYYEDRN,Oc1ccc(I)cc1,alcohol_or_phenol,c1ccccc1,292
public,936,VVGOCOMZRGWHPI-UHFFFAOYSA-N,VVGOCOMZRGWHPI,CCC=CCCC=O,aldehyde,ACYCLIC::aldehyde,291
public,937,VVQNEPGJFQJSBK-UHFFFAOYSA-N,VVQNEPGJFQJSBK,C=C(C)C(=O)OC,ester,ACYCLIC::ester,290
public,938,VYWYYJYRVSBHJQ-UHFFFAOYSA-N,VYWYYJYRVSBHJQ,O=C(O)c1cc([N+](=O)[O-])cc([N+](=O)[O-])c1,carboxylic_acid,c1ccccc1,287
public,939,VZCYOOQTPOCHFL-UHFFFAOYSA-N,VZCYOOQTPOCHFL,O=C(O)C=CC(=O)O,carboxylic_acid,ACYCLIC::carboxylic_acid,286
public,940,VZECIAZMSHBQOC-UHFFFAOYSA-N,VZECIAZMSHBQOC,O=C(O)CCCCCCCc1ccccc1,carboxylic_acid,c1ccccc1,15
public,941,VZGDMQKNWNREIO-UHFFFAOYSA-N,VZGDMQKNWNREIO,ClC(Cl)(Cl)Cl,other,ACYCLIC::other,285
public,942,WAQIIHCCEMGYKP-UHFFFAOYSA-N,WAQIIHCCEMGYKP,C=CC(C)(CCC=C(C)C)OC(=O)CC,ester,ACYCLIC::ester,36
public,943,WBHQEUPUMONIKF-UHFFFAOYSA-N,WBHQEUPUMONIKF,Clc1cc(Cl)c(-c2cc(Cl)c(Cl)c(Cl)c2Cl)cc1Cl,carbocyclic_aromatic,c1ccc(-c2ccccc2)cc1,284
public,944,WBJINCZRORDGAQ-UHFFFAOYSA-N,WBJINCZRORDGAQ,CCOC=O,ester,ACYCLIC::ester,283
public,945,WBNQDOYYEUMPFS-UHFFFAOYSA-N,WBNQDOYYEUMPFS,CCN(CC)N=O,amine,ACYCLIC::amine,282
public,946,WBTMFEPLVQOWFI-UHFFFAOYSA-N,WBTMFEPLVQOWFI,Clc1cc(Cl)cc(-c2cc(Cl)ccc2Cl)c1,carbocyclic_aromatic,c1ccc(-c2ccccc2)cc1,61
public,947,WBYWAXJHAXSJNI-UHFFFAOYSA-N,WBYWAXJHAXSJNI,O=C(O)C=Cc1ccccc1,carboxylic_acid,c1ccccc1,281
public,948,WCEIQUQVIOGRBF-UHFFFAOYSA-N,WCEIQUQVIOGRBF,CC1(C)CCCC2(C)C3CC4C(C31)C42C,saturated_hydrocarbon,C1CCC2C3CC4C(C3C1)C24,280
public,949,WCYYQNSQJHPVMG-UHFFFAOYSA-N,WCYYQNSQJHPVMG,Clc1cc2c(cc1Cl)Oc1c(Cl)c(Cl)c(Cl)c(Cl)c1O2,ether,c1ccc2c(c1)Oc1ccccc1O2,279
public,950,WDCYWAQPCXBPJA-UHFFFAOYSA-N,WDCYWAQPCXBPJA,O=[N+]([O-])c1cccc([N+](=O)[O-])c1,amine,c1ccccc1,278
public,951,WDECIBYCCFPHNR-UHFFFAOYSA-N,WDECIBYCCFPHNR,c1ccc2c(c1)ccc1c3ccccc3ccc21,carbocyclic_aromatic,c1ccc2c(c1)ccc1c3ccccc3ccc21,51
public,952,WDNBURPWRNALGP-UHFFFAOYSA-N,WDNBURPWRNALGP,Oc1ccc(Cl)c(Cl)c1,alcohol_or_phenol,c1ccccc1,277
public,953,WEGYGNROSJDEIW-UHFFFAOYSA-N,WEGYGNROSJDEIW,CC(=O)c1cccnc1,ketone,c1ccncc1,276
public,954,WEHWNAOGRSTTBQ-UHFFFAOYSA-N,WEHWNAOGRSTTBQ,CCCNCCC,amine,ACYCLIC::amine,275
public,955,WEVYAHXRMPXWCK-UHFFFAOYSA-N,WEVYAHXRMPXWCK,CC#N,other,ACYCLIC::other,274
public,956,WFPMUFXQDKMVCO-UHFFFAOYSA-N,WFPMUFXQDKMVCO,O=C(O)Cc1cccc(Cl)c1,carboxylic_acid,c1ccccc1,273
public,957,WFRBDWRZVBPBDO-UHFFFAOYSA-N,WFRBDWRZVBPBDO,CCCC(C)(C)O,alcohol_or_phenol,ACYCLIC::alcohol_or_phenol,272
public,958,WFYPICNXBKQZGB-UHFFFAOYSA-N,WFYPICNXBKQZGB,C#CC=C,alkene_or_diene,ACYCLIC::alkene_or_diene,271
public,959,WGECXQBGLLYSFP-SSDOTTSWSA-N,WGECXQBGLLYSFP,CC[C@@H](C)C(C)C,saturated_hydrocarbon,ACYCLIC::saturated_hydrocarbon,270
public,960,WGQKYBSKWIADBV-UHFFFAOYSA-N,WGQKYBSKWIADBV,NCc1ccccc1,amine,c1ccccc1,269
public,961,WGYKZJWCGVVSQN-UHFFFAOYSA-N,WGYKZJWCGVVSQN,CCCN,amine,ACYCLIC::amine,268
public,962,WICGATIORFSOJL-UHFFFAOYSA-N,WICGATIORFSOJL,COC(=O)c1ccc(Cl)c(Cl)c1,ester,c1ccccc1,267
public,963,WJNRPILHGGKWCK-UHFFFAOYSA-N,WJNRPILHGGKWCK,CC(C)Nc1nc(Cl)nc(NC(C)C)n1,amine,c1ncncn1,266
public,964,WJTCGQSWYFHTAC-UHFFFAOYSA-N,WJTCGQSWYFHTAC,C1CCCCCCC1,saturated_hydrocarbon,C1CCCCCCC1,13
public,965,WJYIASZWHGOTOU-UHFFFAOYSA-N,WJYIASZWHGOTOU,CCCCCCCN,amine,ACYCLIC::amine,9
public,966,WLJVXDMOQOGPHL-UHFFFAOYSA-N,WLJVXDMOQOGPHL,O=C(O)Cc1ccccc1,carboxylic_acid,c1ccccc1,265
public,967,WMQUKDQWMMOHSA-UHFFFAOYSA-N,WMQUKDQWMMOHSA,CC(=O)c1ccncc1,ketone,c1ccncc1,264
public,968,WNLRTRBMVRJNCN-UHFFFAOYSA-N,WNLRTRBMVRJNCN,O=C(O)CCCCC(=O)O,carboxylic_acid,ACYCLIC::carboxylic_acid,60
public,969,WPDAVTSOEQEGMS-UHFFFAOYSA-N,WPDAVTSOEQEGMS,c1ccc2c(c1)Cc1ccccc1C2,carbocyclic_aromatic,c1ccc2c(c1)Cc1ccccc1C2,263
public,970,WPYMKLBDIGXBTP-UHFFFAOYSA-N,WPYMKLBDIGXBTP,O=C(O)c1ccccc1,carboxylic_acid,c1ccccc1,5
public,971,WQZGKKKJIJFFOK-VFUOTHLCSA-N,WQZGKKKJIJFFOK,OC[C@H]1O[C@@H](O)[C@H](O)[C@@H](O)[C@@H]1O,alcohol_or_phenol,C1CCOCC1,260
public,972,WRMNZCZEMHIOCP-UHFFFAOYSA-N,WRMNZCZEMHIOCP,OCCc1ccccc1,alcohol_or_phenol,c1ccccc1,258
public,973,WRNGAZFESPEMCN-UHFFFAOYSA-N,WRNGAZFESPEMCN,Clc1ccc2c(c1)Oc1c(Cl)c(Cl)c(Cl)c(Cl)c1O2,ether,c1ccc2c(c1)Oc1ccccc1O2,257
public,974,WSFSSNUMVMOOMR-UHFFFAOYSA-N,WSFSSNUMVMOOMR,C=O,other,ACYCLIC::other,256
public,975,WSGCRAOTEDLMFQ-UHFFFAOYSA-N,WSGCRAOTEDLMFQ,CCCCC(=O)CCCC,ketone,ACYCLIC::ketone,28
public,976,WSLDOOZREJYCGB-UHFFFAOYSA-N,WSLDOOZREJYCGB,ClCCCl,other,ACYCLIC::other,255
public,977,WSSSPWUEQFSQQG-UHFFFAOYSA-N,WSSSPWUEQFSQQG,C=CCC(C)C,alkene_or_diene,ACYCLIC::alkene_or_diene,254
public,978,WTTJVINHCBCLGX-UHFFFAOYSA-N,WTTJVINHCBCLGX,CCCCCC=CCC=CCCCCCCCC(=O)OC,ester,ACYCLIC::ester,4
public,979,WURBFLDFSFBTLW-UHFFFAOYSA-N,WURBFLDFSFBTLW,O=C(C(=O)c1ccccc1)c1ccccc1,ketone,O=C(C(=O)c1ccccc1)c1ccccc1,251
public,980,WVDDGKGOMKODPV-UHFFFAOYSA-N,WVDDGKGOMKODPV,OCc1ccccc1,alcohol_or_phenol,c1ccccc1,250
public,981,WVDVRNPRYVOYBD-UHFFFAOYSA-N,WVDVRNPRYVOYBD,CCCCCCCOC(=O)c1ccccc1C(=O)OCCCCCC,ester,c1ccccc1,2
public,982,WVLBCYQITXONBZ-UHFFFAOYSA-N,WVLBCYQITXONBZ,COP(=O)(OC)OC,other,ACYCLIC::other,249
public,983,WVXRAFOPTSTNLL-UHFFFAOYSA-N,WVXRAFOPTSTNLL,Nc1ncnc2c1ncn2C1CCC(CO)O1,alcohol_or_phenol,c1ncc2ncn(C3CCCO3)c2n1,248
public,984,WVYWICLMDOOCFB-ZCFIWIBFSA-N,WVYWICLMDOOCFB,CC(C)C[C@@H](C)O,alcohol_or_phenol,ACYCLIC::alcohol_or_phenol,247
public,985,WWGUMAYGTYQSGA-UHFFFAOYSA-N,WWGUMAYGTYQSGA,Cc1cc2ccccc2cc1C,carbocyclic_aromatic,c1ccc2ccccc2c1,246
public,986,WWRCMNKATXZARA-UHFFFAOYSA-N,WWRCMNKATXZARA,Cc1ccccc1C(C)C,carbocyclic_aromatic,c1ccccc1,245
public,987,WWUVJRULCWHUSA-UHFFFAOYSA-N,WWUVJRULCWHUSA,C=C(C)CCC,alkene_or_diene,ACYCLIC::alkene_or_diene,244
public,988,WWYFPDXEIFBNKE-UHFFFAOYSA-N,WWYFPDXEIFBNKE,O=C(O)c1ccc(CO)cc1,carboxylic_acid,c1ccccc1,243
public,989,WXNZTHHGJRFXKQ-UHFFFAOYSA-N,WXNZTHHGJRFXKQ,Oc1ccc(Cl)cc1,alcohol_or_phenol,c1ccccc1,241
public,990,WXQGPFZDVCRBME-UHFFFAOYSA-N,WXQGPFZDVCRBME,CC1=CCC2(C)CCCC(C)(C)C23CC13,alkene_or_diene,C1=CC2CC23CCCCC3C1,240
public,991,WYKYKTKDBLFHCY-UHFFFAOYSA-N,WYKYKTKDBLFHCY,Nc1cnn(-c2ccccc2)c(=O)c1Cl,amine,O=c1cccnn1-c1ccccc1,239
public,992,WYOXDERVKORKJN-UHFFFAOYSA-N,WYOXDERVKORKJN,CN(C)C(=O)c1ccc([N+](=O)[O-])cc1,amide,c1ccccc1,238
public,993,WYURNTSHIVDZCO-UHFFFAOYSA-N,WYURNTSHIVDZCO,C1CCOC1,ether,C1CCOC1,59
public,994,XBWACJDEQIZTPR-UHFFFAOYSA-N,XBWACJDEQIZTPR,CC(C)C1CCC2(C)C3CC4C(C13)C42C,saturated_hydrocarbon,C1CC2C3CC4C2C4C3C1,234
public,995,XCIXKGXIYUWCLL-UHFFFAOYSA-N,XCIXKGXIYUWCLL,OC1CCCC1,alcohol_or_phenol,C1CCCC1,22
public,996,XCPQUQHBVVXMRQ-UHFFFAOYSA-N,XCPQUQHBVVXMRQ,C=C1CC2CCC1C2(C)C,alkene_or_diene,C=C1CC2CCC1C2,233
public,997,XCSGPAVHZFQHGE-UHFFFAOYSA-N,XCSGPAVHZFQHGE,CCc1cccc(CC)c1N(COC)C(=O)CCl,amide,c1ccccc1,232
public,998,XCYJPXQACVEIOS-UHFFFAOYSA-N,XCYJPXQACVEIOS,Cc1cccc(C(C)C)c1,carbocyclic_aromatic,c1ccccc1,231
public,999,XEZNGIUYQVAUSS-UHFFFAOYSA-N,XEZNGIUYQVAUSS,C1COCCOCCOCCOCCOCCO1,ether,C1COCCOCCOCCOCCOCCO1,21
public,1000,XHKLYUHRVRGLII-UHFFFAOYSA-N,XHKLYUHRVRGLII,CCCCCCCCCCOC(=O)c1ccccc1C(=O)OCCCCC,ester,c1ccccc1,2
public,1001,XHXUANMFYXWVNG-UHFFFAOYSA-N,XHXUANMFYXWVNG,CC(=O)OC1CC(C)CCC1C(C)C,ester,C1CCCCC1,228
public,1002,XIRNKXNNONJFQO-UHFFFAOYSA-N,XIRNKXNNONJFQO,CCCCCCCCCCCCCCCC(=O)OCC,ester,ACYCLIC::ester,10
public,1003,XJCVRTZCHMZPBD-UHFFFAOYSA-N,XJCVRTZCHMZPBD,Nc1cccc([N+](=O)[O-])c1,amine,c1ccccc1,227
public,1004,XJPBRODHZKDRCB-UHFFFAOYSA-N,XJPBRODHZKDRCB,C=CC(C)=CCCC(=C)C,alkene_or_diene,ACYCLIC::alkene_or_diene,226
public,1005,XKEFYDZQGKAQCN-UHFFFAOYSA-N,XKEFYDZQGKAQCN,Clc1cc(Cl)cc(Cl)c1,carbocyclic_aromatic,c1ccccc1,225
public,1006,XKJCHHZQLQNZHY-UHFFFAOYSA-N,XKJCHHZQLQNZHY,O=C1NC(=O)c2ccccc21,amide,O=C1NC(=O)c2ccccc21,224
public,1007,XKYICAQFSCFURC-UHFFFAOYSA-N,XKYICAQFSCFURC,CC(C)CCOC=O,ester,ACYCLIC::ester,223
public,1008,XLSZMDLNRCVEIJ-UHFFFAOYSA-N,XLSZMDLNRCVEIJ,Cc1c[nH]cn1,aromatic_heterocycle,c1c[nH]cn1,222
public,1009,XLZCLFRMPCBSDI-UHFFFAOYSA-N,XLZCLFRMPCBSDI,CC(C)CN(CC(C)C)N=O,amine,ACYCLIC::amine,220
public,1010,XMIIGOLPHOKFCH-UHFFFAOYSA-N,XMIIGOLPHOKFCH,O=C(O)CCc1ccccc1,carboxylic_acid,c1ccccc1,15
public,1011,XMRKUJJDDKYUHV-UHFFFAOYSA-N,XMRKUJJDDKYUHV,C=C(C)C1CC=C(C)CCC=C(C)CC1,alkene_or_diene,C1=CCCCCC=CCC1,58
public,1012,XMTQQYYKAHVGBJ-UHFFFAOYSA-N,XMTQQYYKAHVGBJ,CN(C)C(=O)Nc1ccc(Cl)c(Cl)c1,amide,c1ccccc1,219
public,1013,XNMPFDIYAMOYRM-UHFFFAOYSA-N,XNMPFDIYAMOYRM,C=C(C)C1=CC=C(C)CC1,alkene_or_diene,C1=CCCC=C1,217
public,1014,XNWFRZJHXBZDAG-UHFFFAOYSA-N,XNWFRZJHXBZDAG,COCCO,alcohol_or_phenol,ACYCLIC::alcohol_or_phenol,216
public,1015,XOBKSJJDNFUZPF-UHFFFAOYSA-N,XOBKSJJDNFUZPF,CCOC,ether,ACYCLIC::ether,215
public,1016,XOGPDSATLSAZEK-UHFFFAOYSA-N,XOGPDSATLSAZEK,Nc1ccc2c(c1)C(=O)c1ccccc1C2=O,ketone,O=C1c2ccccc2C(=O)c2ccccc21,214
public,1017,XPDWGBQVDMORPB-UHFFFAOYSA-N,XPDWGBQVDMORPB,FC(F)F,other,ACYCLIC::other,212
public,1018,XQAIKBBDIMKVJK-UHFFFAOYSA-N,XQAIKBBDIMKVJK,CCCCSP(=O)(O)SCCCC,other,ACYCLIC::other,211
public,1019,XQNRAQZFPXUCOT-UHFFFAOYSA-N,XQNRAQZFPXUCOT,C=CC(C)CCCC(C)CCCC(C)CCCC(C)C,alkene_or_diene,ACYCLIC::alkene_or_diene,210
public,1020,XQPZQXTWYZAXAK-UHFFFAOYSA-N,XQPZQXTWYZAXAK,CCCC(=O)OCCC(C)CCC=C(C)C,ester,ACYCLIC::ester,57
public,1021,XQQBUAPQHNYYRS-UHFFFAOYSA-N,XQQBUAPQHNYYRS,Cc1cccs1,aromatic_heterocycle,c1ccsc1,209
public,1022,XQTLDIFVVHJORV-UHFFFAOYSA-N,XQTLDIFVVHJORV,O=[N+]([O-])c1c(Cl)c(Cl)cc(Cl)c1Cl,amine,c1ccccc1,208
public,1023,XQXPVVBIMDBYFF-UHFFFAOYSA-N,XQXPVVBIMDBYFF,O=C(O)Cc1ccc(O)cc1,carboxylic_acid,c1ccccc1,207
public,1024,XRHGYUZYPHTUJZ-UHFFFAOYSA-N,XRHGYUZYPHTUJZ,O=C(O)c1ccc(Cl)cc1,carboxylic_acid,c1ccccc1,5
public,1025,XRTKWPWDSUNLHS-UHFFFAOYSA-N,XRTKWPWDSUNLHS,COC(=O)c1ccc(Cl)c([N+](=O)[O-])c1,ester,c1ccccc1,206
public,1026,XSQUKJJJFZCRTK-UHFFFAOYSA-N,XSQUKJJJFZCRTK,NC(N)=O,amide,ACYCLIC::amide,205
public,1027,XSTXAVWGXDQKEL-UHFFFAOYSA-N,XSTXAVWGXDQKEL,ClC=C(Cl)Cl,alkene_or_diene,ACYCLIC::alkene_or_diene,204
public,1028,XTXRWKRVRITETP-UHFFFAOYSA-N,XTXRWKRVRITETP,C=COC(C)=O,ester,ACYCLIC::ester,202
public,1029,XUAWBXBYHDRROL-UHFFFAOYSA-N,XUAWBXBYHDRROL,Clc1cc(-c2cc(Cl)c(Cl)c(Cl)c2Cl)cc(Cl)c1Cl,carbocyclic_aromatic,c1ccc(-c2ccccc2)cc1,201
public,1030,XUEHVOLRMXNRKQ-UHFFFAOYSA-N,XUEHVOLRMXNRKQ,CC1=CCC23C(C)CCC(C(C)C)C2C13,alkene_or_diene,C1=CC2C3CCCCC23C1,200
public,1031,XUGISPSHIFXEHZ-UHFFFAOYSA-N,XUGISPSHIFXEHZ,CC(=O)OC1CCC2(C)C(=CCC3C2CCC2(C)C(C(C)CCCC(C)C)CCC32)C1,ester,C1=C2CCCCC2C2CCC3CCCC3C2C1,56
public,1032,XWCDCDSDNJVCLO-UHFFFAOYSA-N,XWCDCDSDNJVCLO,FCCl,other,ACYCLIC::other,199
public,1033,XWKFPIODWVPXLX-UHFFFAOYSA-N,XWKFPIODWVPXLX,Cc1ccc(C)nc1,aromatic_heterocycle,c1ccncc1,198
public,1034,XXBDWLFCJWSEKW-UHFFFAOYSA-N,XXBDWLFCJWSEKW,CN(C)Cc1ccccc1,amine,c1ccccc1,197
public,1035,XXOYNJXVWVNOOJ-UHFFFAOYSA-N,XXOYNJXVWVNOOJ,CN(C)C(=O)Nc1ccccc1,amide,c1ccccc1,196
public,1036,XXROGKLTLUQVRX-UHFFFAOYSA-N,XXROGKLTLUQVRX,C=CCO,alcohol_or_phenol,ACYCLIC::alcohol_or_phenol,195
public,1037,XXZOEDQFGXTEAD-UHFFFAOYSA-N,XXZOEDQFGXTEAD,FC(F)(F)c1ccccc1C(F)(F)F,carbocyclic_aromatic,c1ccccc1,194
public,1038,XYLMUPLGERFSHI-UHFFFAOYSA-N,XYLMUPLGERFSHI,C=C(C)c1ccccc1,carbocyclic_aromatic,c1ccccc1,193
public,1039,XYWDPYKBIRQXQS-UHFFFAOYSA-N,XYWDPYKBIRQXQS,CC(C)SC(C)C,sulfide_or_disulfide,ACYCLIC::sulfide_or_disulfide,192
public,1040,XZRVRYFILCSYSP-UHFFFAOYSA-N,XZRVRYFILCSYSP,C=C(CCC=C(C)C)C1CC=C(C)CC1,alkene_or_diene,C1=CCCCC1,191
public,1041,YAIMUUJMEBJXAA-UHFFFAOYSA-N,YAIMUUJMEBJXAA,CC(C)Cc1cnccn1,aromatic_heterocycle,c1cnccn1,190
public,1042,YBRVSVVVWCFQMG-UHFFFAOYSA-N,YBRVSVVVWCFQMG,Nc1ccc(Cc2ccc(N)cc2)cc1,amine,c1ccc(Cc2ccccc2)cc1,189
public,1043,YCIMNLLNPGFGHC-UHFFFAOYSA-N,YCIMNLLNPGFGHC,Oc1ccccc1O,alcohol_or_phenol,c1ccccc1,188
public,1044,YCIYTXRUZSDMRZ-UHFFFAOYSA-N,YCIYTXRUZSDMRZ,Clc1cc2c(cc1Cl)Oc1ccccc1O2,ether,c1ccc2c(c1)Oc1ccccc1O2,55
public,1045,YCOXTKKNXUZSKD-UHFFFAOYSA-N,YCOXTKKNXUZSKD,Cc1ccc(O)cc1C,alcohol_or_phenol,c1ccccc1,187
public,1046,YCOZIPAWZNQLMR-UHFFFAOYSA-N,YCOZIPAWZNQLMR,CCCCCCCCCCCCCCC,saturated_hydrocarbon,ACYCLIC::saturated_hydrocarbon,1
public,1047,YDFFIGRIWDSNOZ-UHFFFAOYSA-N,YDFFIGRIWDSNOZ,CNCc1ccc(C)cc1,amine,c1ccccc1,186
public,1048,YDIYEOMDOWUDTJ-UHFFFAOYSA-N,YDIYEOMDOWUDTJ,CN(C)c1ccc(C(=O)O)cc1,carboxylic_acid,c1ccccc1,185
public,1049,YEYKMVJDLWJFOA-UHFFFAOYSA-N,YEYKMVJDLWJFOA,CCCOCCO,alcohol_or_phenol,ACYCLIC::alcohol_or_phenol,182
public,1050,YFDUWSBGVPBWKF-UHFFFAOYSA-N,YFDUWSBGVPBWKF,CCCCOC(=O)c1ccccc1O,ester,c1ccccc1,2
public,1051,YFGYUFNIOHWBOB-UHFFFAOYSA-N,YFGYUFNIOHWBOB,Cc1nc(N(C)C)nc(OC(=O)N(C)C)c1C,amide,c1cncnc1,181
public,1052,YFMFNYKEUDLDTL-UHFFFAOYSA-N,YFMFNYKEUDLDTL,FC(C(F)(F)F)C(F)(F)F,other,ACYCLIC::other,180
public,1053,YGJHZCLPZAZIHH-UHFFFAOYSA-N,YGJHZCLPZAZIHH,CCCCN(CCCC)N=O,amine,ACYCLIC::amine,33
public,1054,YGSDEFSMJLZEOE-UHFFFAOYSA-N,YGSDEFSMJLZEOE,O=C(O)c1ccccc1O,carboxylic_acid,c1ccccc1,179
public,1055,YGYNBBAUIYTWBF-UHFFFAOYSA-N,YGYNBBAUIYTWBF,Cc1ccc2cc(C)ccc2c1,carbocyclic_aromatic,c1ccc2ccccc2c1,54
public,1056,YHQGMYUVUMAZJR-UHFFFAOYSA-N,YHQGMYUVUMAZJR,CC1=CC=C(C(C)C)CC1,alkene_or_diene,C1=CCCC=C1,177
public,1057,YHQXBTXEYZIYOV-UHFFFAOYSA-N,YHQXBTXEYZIYOV,C=CC(C)C,alkene_or_diene,ACYCLIC::alkene_or_diene,176
public,1058,YHRUOJUYPBUZOS-UHFFFAOYSA-N,YHRUOJUYPBUZOS,ClCCCCl,other,ACYCLIC::other,53
public,1059,YIRAHEODBQONHI-UHFFFAOYSA-N,YIRAHEODBQONHI,C=C1CCC2C1C1C(C(C)C)CCC21C,alkene_or_diene,C=C1CCC2C3CCCC3C12,175
public,1060,YIWUKEYIRIRTPP-UHFFFAOYSA-N,YIWUKEYIRIRTPP,CCCCC(CC)CO,alcohol_or_phenol,ACYCLIC::alcohol_or_phenol,174
public,1061,YJDOTLRMRJYGGN-UHFFFAOYSA-N,YJDOTLRMRJYGGN,CC(C)=CCCC(C)CCCC(C)CCCC(C)C,alkene_or_diene,ACYCLIC::alkene_or_diene,173
public,1062,YKFLAYDHMOASIY-UHFFFAOYSA-N,YKFLAYDHMOASIY,CC1=CCC(C(C)C)=CC1,alkene_or_diene,C1=CCC=CC1,172
public,1063,YKNWIILGEFFOPE-UHFFFAOYSA-N,YKNWIILGEFFOPE,CCCCCCCCCCCCCCCCCCCCCCCCC,saturated_hydrocarbon,ACYCLIC::saturated_hydrocarbon,1
public,1064,YLQBMQCUIZJEEH-UHFFFAOYSA-N,YLQBMQCUIZJEEH,c1ccoc1,aromatic_heterocycle,c1ccoc1,171
public,1065,YLQWCDOCJODRMT-UHFFFAOYSA-N,YLQWCDOCJODRMT,O=C1c2ccccc2-c2ccccc21,ketone,O=C1c2ccccc2-c2ccccc21,170
public,1066,YLYIXDZITBMCIW-UHFFFAOYSA-N,YLYIXDZITBMCIW,O=C(c1ccccc1)N(O)c1ccccc1,amide,O=C(Nc1ccccc1)c1ccccc1,169
public,1067,YMWUJEATGCHHMB-UHFFFAOYSA-N,YMWUJEATGCHHMB,ClCCl,other,ACYCLIC::other,167
public,1068,YNAVUWVOSKDBBP-UHFFFAOYSA-N,YNAVUWVOSKDBBP,C1COCCN1,ether,C1COCCN1,166
public,1069,YNQLUTRBYVCPMQ-UHFFFAOYSA-N,YNQLUTRBYVCPMQ,CCc1ccccc1,carbocyclic_aromatic,c1ccccc1,165
public,1070,YOJAHJGBFDPSDI-UHFFFAOYSA-N,YOJAHJGBFDPSDI,COC(=O)c1ccc([N+](=O)[O-])cc1,ester,c1ccccc1,164
public,1071,YOPRCDRCWXCAMG-UHFFFAOYSA-N,YOPRCDRCWXCAMG,COC(OC)(OC)C(F)(F)F,ether,ACYCLIC::ether,163
public,1072,YOVSPTNQHMDJAG-UHFFFAOYSA-N,YOVSPTNQHMDJAG,C=C(C)C1CCC2(C)CCCC(=C)C2C1,alkene_or_diene,C=C1CCCC2CCCCC12,162
public,1073,YOYAIZYFCNQIRF-UHFFFAOYSA-N,YOYAIZYFCNQIRF,N#Cc1c(Cl)cccc1Cl,carbocyclic_aromatic,c1ccccc1,161
public,1074,YPFDHNVEDLHUCE-UHFFFAOYSA-N,YPFDHNVEDLHUCE,OCCCO,alcohol_or_phenol,ACYCLIC::alcohol_or_phenol,160
public,1075,YRAJNWYBUCUFBD-UHFFFAOYSA-N,YRAJNWYBUCUFBD,CC(C)(C)C(=O)CC(=O)C(C)(C)C,ketone,ACYCLIC::ketone,50
public,1076,YRHRIQCWCFGUEQ-UHFFFAOYSA-N,YRHRIQCWCFGUEQ,O=c1c2ccccc2sc2ccccc12,aromatic_heterocycle,O=c1c2ccccc2sc2ccccc12,159
public,1077,YRHYCMZPEVDGFQ-UHFFFAOYSA-N,YRHYCMZPEVDGFQ,CCCCCCCCCC(=O)OC,ester,ACYCLIC::ester,4
public,1078,YRKCREAYFQTBPV-UHFFFAOYSA-N,YRKCREAYFQTBPV,CC(=O)CC(C)=O,ketone,ACYCLIC::ketone,158
public,1079,YSSSPARMOAYJTE-UHFFFAOYSA-N,YSSSPARMOAYJTE,c1ccc2c(c1)OCCOCCOc1ccccc1OCCOCCO2,ether,c1ccc2c(c1)OCCOCCOc1ccccc1OCCOCCO2,20
public,1080,YSTPAHQEHQSRJD-VIFPVBQESA-N,YSTPAHQEHQSRJD,CC1=CC(=O)[C@H](C(C)C)CC1,ketone,O=C1C=CCCC1,157
public,1081,YTBRNEUEFCNVHC-UHFFFAOYSA-N,YTBRNEUEFCNVHC,Clc1ccc(-c2ccc(Cl)cc2)cc1,carbocyclic_aromatic,c1ccc(-c2ccccc2)cc1,35
public,1082,YTHRBOFHFYZBRJ-UHFFFAOYSA-N,YTHRBOFHFYZBRJ,C=C(C)C1CC=C(C)C(OC(C)=O)C1,ester,C1=CCCCC1,46
public,1083,YTPLMLYBLZKORZ-UHFFFAOYSA-N,YTPLMLYBLZKORZ,c1ccsc1,aromatic_heterocycle,c1ccsc1,155
public,1084,YTZKOQUCBOVLHL-UHFFFAOYSA-N,YTZKOQUCBOVLHL,CC(C)(C)c1ccccc1,carbocyclic_aromatic,c1ccccc1,154
public,1085,YUWFEBAXEOLKSG-UHFFFAOYSA-N,YUWFEBAXEOLKSG,Cc1c(C)c(C)c(C)c(C)c1C,carbocyclic_aromatic,c1ccccc1,153
public,1086,YVGGHNCTFXOJCH-UHFFFAOYSA-N,YVGGHNCTFXOJCH,Clc1ccc(C(c2ccc(Cl)cc2)C(Cl)(Cl)Cl)cc1,carbocyclic_aromatic,c1ccc(Cc2ccccc2)cc1,152
public,1087,YVXHZKKCZYLQOP-UHFFFAOYSA-N,YVXHZKKCZYLQOP,C#CCCCCC,saturated_hydrocarbon,ACYCLIC::saturated_hydrocarbon,19
public,1088,YWDUZLFWHVQCHY-UHFFFAOYSA-N,YWDUZLFWHVQCHY,Brc1cc(Br)cc(Br)c1,carbocyclic_aromatic,c1ccccc1,150
public,1089,YXAOOTNFFAQIPZ-UHFFFAOYSA-N,YXAOOTNFFAQIPZ,O=Nc1c(O)ccc2ccccc12,alcohol_or_phenol,c1ccc2ccccc2c1,149
public,1090,YXVFYQXJAXKLAK-UHFFFAOYSA-N,YXVFYQXJAXKLAK,Oc1ccc(-c2ccccc2)cc1,alcohol_or_phenol,c1ccc(-c2ccccc2)cc1,146
public,1091,YZMCKZRAOLZXAZ-UHFFFAOYSA-N,YZMCKZRAOLZXAZ,Cc1cc(NS(=O)(=O)c2ccc(N)cc2)nc(C)n1,amine,O=S(=O)(Nc1ccncn1)c1ccccc1,145
public,1092,YZWKKMVJZFACSU-UHFFFAOYSA-N,YZWKKMVJZFACSU,CCCCCBr,other,ACYCLIC::other,12
public,1093,ZAFNJMIOTHYJRJ-UHFFFAOYSA-N,ZAFNJMIOTHYJRJ,CC(C)OC(C)C,ether,ACYCLIC::ether,144
public,1094,ZAGRQXMWMRUYRB-UHFFFAOYSA-N,ZAGRQXMWMRUYRB,Clc1ccc(-c2c(Cl)c(Cl)cc(Cl)c2Cl)cc1Cl,carbocyclic_aromatic,c1ccc(-c2ccccc2)cc1,143
public,1095,ZAJNGDIORYACQU-UHFFFAOYSA-N,ZAJNGDIORYACQU,CCCCCCCCC(C)=O,ketone,ACYCLIC::ketone,7
public,1096,ZAZKJZBWRNNLDS-UHFFFAOYSA-N,ZAZKJZBWRNNLDS,CCCCCCCCCCCCCC(=O)OC,ester,ACYCLIC::ester,4
public,1097,ZBTMRBYMKUEVEU-UHFFFAOYSA-N,ZBTMRBYMKUEVEU,Cc1ccc(Br)cc1,carbocyclic_aromatic,c1ccccc1,142
public,1098,ZCXHZKNWIYVQNC-UHFFFAOYSA-N,ZCXHZKNWIYVQNC,Cc1cc(Cl)c(Cl)cc1Cl,carbocyclic_aromatic,c1ccccc1,141
public,1099,ZCZSIDMEHXZRLG-UHFFFAOYSA-N,ZCZSIDMEHXZRLG,CCCCCCCOC(C)=O,ester,ACYCLIC::ester,18
public,1100,ZDIGNSYAACHWNL-UHFFFAOYSA-N,ZDIGNSYAACHWNL,CN(C)CCC(c1ccc(Br)cc1)c1ccccn1,amine,c1ccc(Cc2ccccn2)cc1,140
public,1101,ZDYWPVCQPUPOJV-UHFFFAOYSA-N,ZDYWPVCQPUPOJV,CCCC(=O)CC(=O)CCC,ketone,ACYCLIC::ketone,17
public,1102,ZEOVXNVKXIPWMS-UHFFFAOYSA-N,ZEOVXNVKXIPWMS,CC(C)(Cl)Cl,other,ACYCLIC::other,34
public,1103,ZERULLAPCVRMCO-UHFFFAOYSA-N,ZERULLAPCVRMCO,CCCSCCC,sulfide_or_disulfide,ACYCLIC::sulfide_or_disulfide,138
public,1104,ZEYHEAKUIGZSGI-UHFFFAOYSA-N,ZEYHEAKUIGZSGI,COc1ccc(C(=O)O)cc1,carboxylic_acid,c1ccccc1,137
public,1105,ZFFMLCVRJBZUDZ-UHFFFAOYSA-N,ZFFMLCVRJBZUDZ,CC(C)C(C)C,saturated_hydrocarbon,ACYCLIC::saturated_hydrocarbon,136
public,1106,ZFSLODLOARCGLH-UHFFFAOYSA-N,ZFSLODLOARCGLH,O=c1[nH]c(=O)[nH]c(=O)[nH]1,aromatic_heterocycle,O=c1[nH]c(=O)[nH]c(=O)[nH]1,133
public,1107,ZFTBZKVVGZNMJR-UHFFFAOYSA-N,ZFTBZKVVGZNMJR,O=c1[nH]cc(Cl)c(=O)[nH]1,aromatic_heterocycle,O=c1cc[nH]c(=O)[nH]1,132
public,1108,ZGEGCLOFRBLKSE-UHFFFAOYSA-N,ZGEGCLOFRBLKSE,C=CCCCCC,alkene_or_diene,ACYCLIC::alkene_or_diene,8
public,1109,ZGIGZINMAOQWLX-UHFFFAOYSA-N,ZGIGZINMAOQWLX,CC(=O)OCC=C(C)CCC=C(C)CCC=C(C)C,ester,ACYCLIC::ester,131
public,1110,ZGMCNGHHUQZNIH-UHFFFAOYSA-N,ZGMCNGHHUQZNIH,CCCCN(CC)N=O,amine,ACYCLIC::amine,33
public,1111,ZGSMDJKPUKPXKQ-JWHHYFNFSA-N,ZGSMDJKPUKPXKQ,ClC1=C(Cl)[C@]2(Cl)[C@@H]3[C@@H]([C@H](Cl)C[C@@H]3Cl)[C@@]1(Cl)C2(Cl)Cl,alkene_or_diene,C1=CC2CC1[C@H]1CCC[C@@H]21,130
public,1112,ZHLICBPIXDOFFG-UHFFFAOYSA-N,ZHLICBPIXDOFFG,Clc1cc(-c2cc(Cl)c(Cl)c(Cl)c2)cc(Cl)c1Cl,carbocyclic_aromatic,c1ccc(-c2ccccc2)cc1,129
public,1113,ZHNUHDYFZUAESO-UHFFFAOYSA-N,ZHNUHDYFZUAESO,NC=O,amide,ACYCLIC::amide,128
public,1114,ZISSAWUMDACLOM-UHFFFAOYSA-N,ZISSAWUMDACLOM,CC(C)C(C)(C)C,saturated_hydrocarbon,ACYCLIC::saturated_hydrocarbon,127
public,1115,ZJMWRROPUADPEA-VIFPVBQESA-N,ZJMWRROPUADPEA,CC[C@H](C)c1ccccc1,carbocyclic_aromatic,c1ccccc1,126
public,1116,ZJMZZNVGNSWOOM-UHFFFAOYSA-N,ZJMZZNVGNSWOOM,CCNc1nc(NC(C)CC)nc(OC)n1,ether,c1ncncn1,26
public,1117,ZKXDGKXYMTYWTB-UHFFFAOYSA-N,ZKXDGKXYMTYWTB,O=NN1CCOCC1,ether,C1COCCN1,125
public,1118,ZMANZCXQSJIPKH-UHFFFAOYSA-N,ZMANZCXQSJIPKH,CCN(CC)CC,amine,ACYCLIC::amine,124
public,1119,ZMBHCYHQLYEYDV-UHFFFAOYSA-N,ZMBHCYHQLYEYDV,CCCCCCCCP(=O)(CCCCCCCC)CCCCCCCC,other,ACYCLIC::other,49
public,1120,ZMXDDKWLCZADIW-UHFFFAOYSA-N,ZMXDDKWLCZADIW,CN(C)C=O,amide,ACYCLIC::amide,123
public,1121,ZMXIYERNXPIYFR-UHFFFAOYSA-N,ZMXIYERNXPIYFR,CCc1cccc2ccccc12,carbocyclic_aromatic,c1ccc2ccccc2c1,122
public,1122,ZMYIIHDQURVDRB-UHFFFAOYSA-N,ZMYIIHDQURVDRB,C=C(c1ccccc1)c1ccccc1,carbocyclic_aromatic,C=C(c1ccccc1)c1ccccc1,121
public,1123,ZNQVEEAIQZEUHB-UHFFFAOYSA-N,ZNQVEEAIQZEUHB,CCOCCO,alcohol_or_phenol,ACYCLIC::alcohol_or_phenol,120
public,1124,ZNSMNVMLTJELDZ-UHFFFAOYSA-N,ZNSMNVMLTJELDZ,ClCCOCCCl,ether,ACYCLIC::ether,119
public,1125,ZOCHHNOQQHDWHG-LURJTMIESA-N,ZOCHHNOQQHDWHG,CCC[C@@H](O)CC,alcohol_or_phenol,ACYCLIC::alcohol_or_phenol,118
public,1126,ZPQOPVIELGIULI-UHFFFAOYSA-N,ZPQOPVIELGIULI,Clc1cccc(Cl)c1,carbocyclic_aromatic,c1ccccc1,117
public,1127,ZPTVNYMJQHSSEA-UHFFFAOYSA-N,ZPTVNYMJQHSSEA,Cc1ccc([N+](=O)[O-])cc1,amine,c1ccccc1,116
public,1128,ZPVFWPFBNIEHGJ-UHFFFAOYSA-N,ZPVFWPFBNIEHGJ,CCCCCCC(C)=O,ketone,ACYCLIC::ketone,7
public,1129,ZQBFAOFFOQMSGJ-UHFFFAOYSA-N,ZQBFAOFFOQMSGJ,Fc1c(F)c(F)c(F)c(F)c1F,carbocyclic_aromatic,c1ccccc1,115
public,1130,ZQDPJFUHLCOCRG-UHFFFAOYSA-N,ZQDPJFUHLCOCRG,CCC=CCC,alkene_or_diene,ACYCLIC::alkene_or_diene,114
public,1131,ZQWPRMPSCMSAJU-UHFFFAOYSA-N,ZQWPRMPSCMSAJU,COC(=O)C1CCCCC1,ester,C1CCCCC1,48
public,1132,ZSDSQXJSNMTJDA-UHFFFAOYSA-N,ZSDSQXJSNMTJDA,CCCN(CCC)c1c([N+](=O)[O-])cc(C(F)(F)F)cc1[N+](=O)[O-],amine,c1ccccc1,32
public,1133,ZSIAUFGUXNUGDI-UHFFFAOYSA-N,ZSIAUFGUXNUGDI,CCCCCCO,alcohol_or_phenol,ACYCLIC::alcohol_or_phenol,3
public,1134,ZSWFCLXCOIISFI-UHFFFAOYSA-N,ZSWFCLXCOIISFI,C1=CCC=C1,alkene_or_diene,C1=CCC=C1,47
public,1135,ZTVIKZXZYLEVOL-UHFFFAOYSA-N,ZTVIKZXZYLEVOL,CN1C2CCC1CC(OC(=O)C(O)c1ccccc1)C2,ester,O=C(Cc1ccccc1)OC1CC2CCC(C1)N2,111
public,1136,ZVFDTKUVRCTHQE-UHFFFAOYSA-N,ZVFDTKUVRCTHQE,CC(C)CCCCCCCOC(=O)c1ccccc1C(=O)OCCCCCCCC(C)C,ester,c1ccccc1,6
public,1137,ZVSXKFNTWOIGJI-UHFFFAOYSA-N,ZVSXKFNTWOIGJI,O=C(O)CCCCCCc1ccccc1,carboxylic_acid,c1ccccc1,15
public,1138,ZWLPBLYKEWSWPD-UHFFFAOYSA-N,ZWLPBLYKEWSWPD,Cc1ccccc1C(=O)O,carboxylic_acid,c1ccccc1,107
public,1139,ZWRUINPWMLAQRD-UHFFFAOYSA-N,ZWRUINPWMLAQRD,CCCCCCCCCO,alcohol_or_phenol,ACYCLIC::alcohol_or_phenol,3
public,1140,ZWSYLZLFBHGAME-UHFFFAOYSA-N,ZWSYLZLFBHGAME,CC(=O)C1COCCOCCOCCOCCOc2ccccc2O1,ketone,c1ccc2c(c1)OCCOCCOCCOCCOCCO2,106
public,1141,ZXEKIIBDNHEJCQ-UHFFFAOYSA-N,ZXEKIIBDNHEJCQ,CC(C)CO,alcohol_or_phenol,ACYCLIC::alcohol_or_phenol,105
public,1142,ZXIJMRYMVAMXQP-UHFFFAOYSA-N,ZXIJMRYMVAMXQP,C1=CCCCCC1,alkene_or_diene,C1=CCCCCC1,30
public,1143,ZYNDJIBBPLNPOW-UHFFFAOYSA-N,ZYNDJIBBPLNPOW,CCCCCCCCC=CCCCCCCCCCCCC(=O)OC,ester,ACYCLIC::ester,4
public,1144,ZYURHZPYMFLWSH-UHFFFAOYSA-N,ZYURHZPYMFLWSH,CCCCCCCCCCCCCCCCCCCCCCCCCCCC,saturated_hydrocarbon,ACYCLIC::saturated_hydrocarbon,1
public,1145,ZZORFUFYDOWNEF-UHFFFAOYSA-N,ZZORFUFYDOWNEF,COc1cc(NS(=O)(=O)c2ccc(N)cc2)nc(OC)n1,ether,O=S(=O)(Nc1ccncn1)c1ccccc1,103
public,1146,ZZVUWRFHKOJYTH-UHFFFAOYSA-N,ZZVUWRFHKOJYTH,CN(C)CCOC(c1ccccc1)c1ccccc1,ether,c1ccc(Cc2ccccc2)cc1,102
public,1147,AAEVYOVXGOFMJO-UHFFFAOYSA-N,AAEVYOVXGOFMJO,CSc1nc(NC(C)C)nc(NC(C)C)n1,amine,c1ncncn1,25
public,1148,ADOQBZAVKYCFOI-HYXAFXHYSA-N,ADOQBZAVKYCFOI,C/C=C\CCCCCCCCC,alkene_or_diene,ACYCLIC::alkene_or_diene,0
public,1149,BAZVSMNPJJMILC-STQMWFEESA-N,BAZVSMNPJJMILC,CC(C)(C)[C@@H](O)[C@H](Oc1ccc(Cl)cc1)n1cncn1,alcohol_or_phenol,c1ccc(OCn2cncn2)cc1,1055
public,1150,BBEWSMNRCUXQRF-UHFFFAOYSA-N,BBEWSMNRCUXQRF,Cc1ccc(C(=O)O)cc1[N+](=O)[O-],carboxylic_acid,c1ccccc1,1052
public,1151,BDAGIHXWWSANSR-UHFFFAOYSA-N,BDAGIHXWWSANSR,O=CO,carboxylic_acid,ACYCLIC::carboxylic_acid,1047
public,1152,BFCFYVKQTRLZHA-UHFFFAOYSA-N,BFCFYVKQTRLZHA,O=[N+]([O-])c1ccccc1Cl,amine,c1ccccc1,1044
public,1153,BFRVGQZWGWUHBQ-UHFFFAOYSA-N,BFRVGQZWGWUHBQ,CCC1=C(C)c2cc3[nH]c(cc4nc(cc5[nH]c(cc1n2)c(CC)c5C)C(C)=C4CC)c(CC)c3C,aromatic_heterocycle,C1=Cc2cc3ccc(cc4nc(cc5ccc(cc1n2)[nH]5)C=C4)[nH]3,1043
public,1154,BGHCVCJVXZWKCC-UHFFFAOYSA-N,BGHCVCJVXZWKCC,CCCCCCCCCCCCCC,saturated_hydrocarbon,ACYCLIC::saturated_hydrocarbon,1
public,1155,BIDIHFPLDRSAMB-WAYWQWQTSA-N,BIDIHFPLDRSAMB,C/C=C\C(C)(C)C,alkene_or_diene,ACYCLIC::alkene_or_diene,1037
public,1156,BIODCQQZTGWGNH-UHFFFAOYSA-N,BIODCQQZTGWGNH,CCCCCC=CCCCCCCC,alkene_or_diene,ACYCLIC::alkene_or_diene,0
public,1157,BIWJNBZANLAXMG-IQEDOFJGSA-N,BIWJNBZANLAXMG,ClC1=C(Cl)[C@]2(Cl)[C@H]3C[C@H](Cl)[C@H](Cl)[C@H]3[C@@]1(Cl)C2(Cl)Cl,alkene_or_diene,C1=CC2CC1[C@H]1CCC[C@@H]21,1036
public,1158,BJQHLKABXJIVAM-UHFFFAOYSA-N,BJQHLKABXJIVAM,CCCCC(CC)COC(=O)c1ccccc1C(=O)OCC(CC)CCCC,ester,c1ccccc1,1034
public,1159,BYCHQEILESTMQU-FMIVXFBMSA-N,BYCHQEILESTMQU,CCC(=O)OC/C=C(\C)CCC=C(C)C,ester,ACYCLIC::ester,31
public,1160,CVBUKMMMRLOKQR-UHFFFAOYSA-N,CVBUKMMMRLOKQR,CC(=O)CC(=O)c1ccccc1,ketone,c1ccccc1,981
public,1161,CVSWGLSBJFKWMW-SDNWHVSQSA-N,CVSWGLSBJFKWMW,CCCCC(=O)OC/C=C(\C)CCC=C(C)C,ester,ACYCLIC::ester,31
public,1162,DBABZHXKTCFAPX-UHFFFAOYSA-N,DBABZHXKTCFAPX,CCCN(CCC)S(=O)(=O)c1ccc(C(=O)O)cc1,carboxylic_acid,c1ccccc1,966
public,1163,DCAYPVUWAIABOU-UHFFFAOYSA-N,DCAYPVUWAIABOU,CCCCCCCCCCCCCCCC,saturated_hydrocarbon,ACYCLIC::saturated_hydrocarbon,1
public,1164,DCOPUUMXTXDBNB-UHFFFAOYSA-N,DCOPUUMXTXDBNB,O=C(O)Cc1ccccc1Nc1c(Cl)cccc1Cl,carboxylic_acid,c1ccc(Nc2ccccc2)cc1,963
public,1165,DEWLEGDTCGBNGU-UHFFFAOYSA-N,DEWLEGDTCGBNGU,OC(CCl)CCl,alcohol_or_phenol,ACYCLIC::alcohol_or_phenol,958
public,1166,DFYRUELUNQRZTB-UHFFFAOYSA-N,DFYRUELUNQRZTB,COc1cc(C(C)=O)ccc1O,ketone,c1ccccc1,955
public,1167,DOIRQSBPFJWKBE-UHFFFAOYSA-N,DOIRQSBPFJWKBE,CCCCOC(=O)c1ccccc1C(=O)OCCCC,ester,c1ccccc1,2
public,1168,DROMNWUQASBTFM-UHFFFAOYSA-N,DROMNWUQASBTFM,CCCCCCCCCOC(=O)c1ccccc1C(=O)OCCCCCCCCC,ester,c1ccccc1,2
public,1169,DSDHFHLZEFQSFM-ARJAWSKDSA-N,DSDHFHLZEFQSFM,C/C=C(/C)Cl,alkene_or_diene,ACYCLIC::alkene_or_diene,937
public,1170,DTGKSKDOIYIVQL-UHFFFAOYSA-N,DTGKSKDOIYIVQL,CC1(C)C2CCC1(C)C(O)C2,alcohol_or_phenol,C1CC2CCC1C2,936
public,1171,DUDKKPVINWLFBI-ARJAWSKDSA-N,DUDKKPVINWLFBI,CC/C=C\Cl,alkene_or_diene,ACYCLIC::alkene_or_diene,935
public,1172,DZGHBGLILAEHOR-QXMHVHEDSA-N,DZGHBGLILAEHOR,CCCCC/C=C\CCCCC,alkene_or_diene,ACYCLIC::alkene_or_diene,0
public,1173,FCMRHMPITHLLLA-UHFFFAOYSA-N,FCMRHMPITHLLLA,Cc1cccc([N+](=O)[O-])c1N,amine,c1ccccc1,922
public,1174,FFWSICBKRCICMR-UHFFFAOYSA-N,FFWSICBKRCICMR,CC(=O)CCC(C)C,ketone,ACYCLIC::ketone,918
public,1175,FLKPEMZONWLCSK-UHFFFAOYSA-N,FLKPEMZONWLCSK,CCOC(=O)c1ccccc1C(=O)OCC,ester,c1ccccc1,44
public,1176,FMMWHPNWAFZXNH-UHFFFAOYSA-N,FMMWHPNWAFZXNH,c1ccc2c(c1)cc1ccc3cccc4ccc2c1c34,carbocyclic_aromatic,c1ccc2c(c1)cc1ccc3cccc4ccc2c1c34,909
public,1177,FQDIANVAWVHZIR-UPHRSURJSA-N,FQDIANVAWVHZIR,ClC/C=C\CCl,alkene_or_diene,ACYCLIC::alkene_or_diene,907
public,1178,FQMZVFJYMPNUCT-YRNVUSSQSA-N,FQMZVFJYMPNUCT,CC(C)=CCC/C(C)=C/COC=O,ester,ACYCLIC::ester,906
public,1179,GIBQERSGRNPMEH-NWDGAFQWSA-N,GIBQERSGRNPMEH,CC(C)=C1CC[C@H](C)C2=C(C1)[C@H](C)CC2,alkene_or_diene,C=C1CCCC2=C(CCC2)C1,878
public,1180,GRGMAWMPZLMYKC-ZXZARUISSA-N,GRGMAWMPZLMYKC,FC[C@@]1(F)O[C@@](F)(CF)C(F)(F)C1(F)F,ether,C1CCOC1,866
public,1181,GVRWIAHBVAYKIZ-ALCCZGGFSA-N,GVRWIAHBVAYKIZ,CC/C=C\CCCCCC,alkene_or_diene,ACYCLIC::alkene_or_diene,0
public,1182,HFACYLZERDEVSX-UHFFFAOYSA-N,HFACYLZERDEVSX,Nc1ccc(-c2ccc(N)cc2)cc1,amine,c1ccc(-c2ccccc2)cc1,850
public,1183,HIGQPQRQIQDZMP-DHZHZOJOSA-N,HIGQPQRQIQDZMP,CC(=O)OC/C=C(\C)CCC=C(C)C,ester,ACYCLIC::ester,31
public,1184,HUSOFJYAGDTKSK-UHFFFAOYSA-N,HUSOFJYAGDTKSK,OC1CCCCCCC1O,alcohol_or_phenol,C1CCCCCCC1,84
public,1185,HXQPUEQDBSPXTE-UHFFFAOYSA-N,HXQPUEQDBSPXTE,CC(C)CC(O)CC(C)C,alcohol_or_phenol,ACYCLIC::alcohol_or_phenol,811
public,1186,IICQZTQZQSBHBY-HYXAFXHYSA-N,IICQZTQZQSBHBY,C/C=C\CCCCCC,alkene_or_diene,ACYCLIC::alkene_or_diene,0
public,1187,ILPBINAXDRFYPL-HYXAFXHYSA-N,ILPBINAXDRFYPL,C/C=C\CCCCC,alkene_or_diene,ACYCLIC::alkene_or_diene,85
public,1188,ILUJQPXNXACGAN-UHFFFAOYSA-N,ILUJQPXNXACGAN,COc1ccccc1C(=O)O,carboxylic_acid,c1ccccc1,786
public,1189,IRUCBBFNLDIMIK-FPLPWBNLSA-N,IRUCBBFNLDIMIK,CCC/C=C\CCC,alkene_or_diene,ACYCLIC::alkene_or_diene,42
public,1190,ITYNGVSTWVVPIC-UHFFFAOYSA-N,ITYNGVSTWVVPIC,C=C1CCC2C(C3C(C)CCC13)C2(C)C,alkene_or_diene,C=C1CCC2CC2C2CCCC12,769
public,1191,JABYJIQOLGWMQW-CLFYSBASSA-N,JABYJIQOLGWMQW,CCC/C=C\CCCCCC,alkene_or_diene,ACYCLIC::alkene_or_diene,0
public,1192,JAYCNKDKIKZTAF-UHFFFAOYSA-N,JAYCNKDKIKZTAF,Clc1ccccc1-c1ccccc1Cl,carbocyclic_aromatic,c1ccc(-c2ccccc2)cc1,760
public,1193,JLYXXMFPNIAWKQ-UHFFFAOYSA-N,JLYXXMFPNIAWKQ,ClC1C(Cl)C(Cl)C(Cl)C(Cl)C1Cl,other,C1CCCCC1,747
public,1194,JOHIXGUTSXXADV-HYXAFXHYSA-N,JOHIXGUTSXXADV,C/C=C\CCCCCCCC,alkene_or_diene,ACYCLIC::alkene_or_diene,0
public,1195,JSNRRGGBADWTMC-NTCAYCPXSA-N,JSNRRGGBADWTMC,C=CC(=C)CC/C=C(\C)CCC=C(C)C,alkene_or_diene,ACYCLIC::alkene_or_diene,69
public,1196,KGEKLUUHTZCSIP-UHFFFAOYSA-N,KGEKLUUHTZCSIP,CC(=O)OC1CC2CCC1(C)C2(C)C,ester,C1CC2CCC1C2,714
public,1197,KPADFPAILITQBG-CLFYSBASSA-N,KPADFPAILITQBG,CCC/C=C\CCCC,alkene_or_diene,ACYCLIC::alkene_or_diene,42
public,1198,LDCRTTXIJACKKU-ONEGZZNKSA-N,LDCRTTXIJACKKU,COC(=O)/C=C/C(=O)OC,ester,ACYCLIC::ester,675
public,1199,LMHAGAHDHRQIMB-XIXRPRMCSA-N,LMHAGAHDHRQIMB,FC1(F)C(F)(F)[C@@](F)(Cl)[C@@]1(F)Cl,other,C1CCC1,664
public,1200,LOUPRKONTZGTKE-WZBLMQSHSA-N,LOUPRKONTZGTKE,C=C[C@H]1CN2CC[C@H]1C[C@H]2[C@H](O)c1ccnc2ccc(OC)cc12,alcohol_or_phenol,c1ccc2c(C[C@@H]3CC4CCN3CC4)ccnc2c1,657
public,1201,LQZZUXJYWNFBMV-UHFFFAOYSA-N,LQZZUXJYWNFBMV,CCCCCCCCCCCCO,alcohol_or_phenol,ACYCLIC::alcohol_or_phenol,3
public,1202,LSQZJLSUYDQPKJ-NJBDSQKTSA-N,LSQZJLSUYDQPKJ,CC1(C)S[C@@H]2[C@H](NC(=O)[C@H](N)c3ccc(O)cc3)C(=O)N2[C@H]1C(=O)O,carboxylic_acid,O=C(Cc1ccccc1)N[C@@H]1C(=O)N2CCS[C@H]12,649
public,1203,MBNDKEPQUVZHCM-XQRVVYSFSA-N,MBNDKEPQUVZHCM,C/C=C\C(C)CC,alkene_or_diene,ACYCLIC::alkene_or_diene,637
public,1204,MEZLKOACVSPNER-UHFFFAOYSA-N,MEZLKOACVSPNER,C#CCN(C)C(C)Cc1ccccc1,amine,c1ccccc1,629
public,1205,MMXKVMNBHPAILY-UHFFFAOYSA-N,MMXKVMNBHPAILY,CCCCCCCCCCCC(=O)OCC,ester,ACYCLIC::ester,10
public,1206,NGCRXXLKJAAUQQ-LUAWRHEFSA-N,NGCRXXLKJAAUQQ,CCCC/C=C\CCCCC,alkene_or_diene,ACYCLIC::alkene_or_diene,0
public,1207,NIQCNGHVCWTJSM-UHFFFAOYSA-N,NIQCNGHVCWTJSM,COC(=O)c1ccccc1C(=O)OC,ester,c1ccccc1,86
public,1208,NPNUFJAVOOONJE-GFUGXAQUSA-N,NPNUFJAVOOONJE,C=C1CC/C=C(\C)CC[C@@H]2[C@@H]1CC2(C)C,alkene_or_diene,C=C1CCC=CCC[C@H]2CC[C@H]12,587
public,1209,NSTQUZVZBUTVPY-UHFFFAOYSA-N,NSTQUZVZBUTVPY,COc1cc(C=O)cc(-c2cc(C=O)cc(OC)c2O)c1O,aldehyde,c1ccc(-c2ccccc2)cc1,583
public,1210,NTBYINQTYWZXLH-UHFFFAOYSA-N,NTBYINQTYWZXLH,O=[N+]([O-])c1ccc(Cl)c(Cl)c1,amine,c1ccccc1,582
public,1211,OBDUMNZXAIUUTH-UHFFFAOYSA-N,OBDUMNZXAIUUTH,CC=CCCCCCCCCCCC,alkene_or_diene,ACYCLIC::alkene_or_diene,0
public,1212,OMBXNSHDJUALCV-ALCCZGGFSA-N,OMBXNSHDJUALCV,CC/C=C\CCCCCCCCC,alkene_or_diene,ACYCLIC::alkene_or_diene,0
public,1213,OSWPMRLSEDHDFF-UHFFFAOYSA-N,OSWPMRLSEDHDFF,COC(=O)c1ccccc1O,ester,c1ccccc1,86
public,1214,OWBTYPJTUOEWEK-UHFFFAOYSA-N,OWBTYPJTUOEWEK,CC(O)C(C)O,alcohol_or_phenol,ACYCLIC::alcohol_or_phenol,552
public,1215,PFTAWBLQPZVEMU-DZGCQCFKSA-N,PFTAWBLQPZVEMU,Oc1cc(O)c2c(c1)O[C@H](c1ccc(O)c(O)c1)[C@@H](O)C2,alcohol_or_phenol,c1ccc([C@@H]2CCc3ccccc3O2)cc1,533
public,1216,PFURGBBHAOXLIO-PHDIDXHHSA-N,PFURGBBHAOXLIO,O[C@@H]1CCCC[C@H]1O,alcohol_or_phenol,C1CCCCC1,84
public,1217,PGTJIOWQJWHTJJ-OLZOCXBDSA-N,PGTJIOWQJWHTJJ,Cc1ccc2c(c1)[C@H](C(C)C)CC[C@H]2C,carbocyclic_aromatic,c1ccc2c(c1)CCCC2,531
public,1218,PHCKFVVLVZFFLU-CLFYSBASSA-N,PHCKFVVLVZFFLU,CCC/C=C\CCCCCCC,alkene_or_diene,ACYCLIC::alkene_or_diene,0
public,1219,PLUDEAUQZKPAIN-UHFFFAOYSA-N,PLUDEAUQZKPAIN,Cc1ccc(OP(=O)(O)Oc2ccc(C)cc2)cc1,carbocyclic_aromatic,O=[PH](Oc1ccccc1)Oc1ccccc1,520
public,1220,PMJHHCWVYXUKFD-UHFFFAOYSA-N,PMJHHCWVYXUKFD,C=CC=CC,alkene_or_diene,ACYCLIC::alkene_or_diene,519
public,1221,PPBWEVVDSRKEIK-ALCCZGGFSA-N,PPBWEVVDSRKEIK,C/C=C(/C)C(C)C,alkene_or_diene,ACYCLIC::alkene_or_diene,513
public,1222,PTTPXKJBFFKCEK-UHFFFAOYSA-N,PTTPXKJBFFKCEK,CC(C)CC(=O)CC(C)C,ketone,ACYCLIC::ketone,81
public,1223,QHOMPCGOCNNMFK-QBFSEMIESA-N,QHOMPCGOCNNMFK,CCCCC/C=C\CCCCCC,alkene_or_diene,ACYCLIC::alkene_or_diene,0
public,1224,QKTFNIWYLYTNIS-ALCCZGGFSA-N,QKTFNIWYLYTNIS,CC/C=C\CCCCCCCCCC,alkene_or_diene,ACYCLIC::alkene_or_diene,0
public,1225,QMAYBMKBYCGXDH-KFWWJZLASA-N,QMAYBMKBYCGXDH,CC1=C[C@@H]2[C@H](CC1)C(C)=CC[C@@H]2C(C)C,alkene_or_diene,C1=C[C@H]2CCC=C[C@H]2CC1,482
public,1226,QUDWYFHPNIMBFC-UHFFFAOYSA-N,QUDWYFHPNIMBFC,C=CCOC(=O)c1ccccc1C(=O)OCC=C,ester,c1ccccc1,468
public,1227,QXSZNDIIPUOQMB-UHFFFAOYSA-N,QXSZNDIIPUOQMB,BrC(Br)C(Br)Br,other,ACYCLIC::other,458
public,1228,RLLPVAHGXHCWKJ-UHFFFAOYSA-N,RLLPVAHGXHCWKJ,CC1(C)C(C=C(Cl)Cl)C1C(=O)OCc1cccc(Oc2ccccc2)c1,ester,O=C(OCc1cccc(Oc2ccccc2)c1)C1CC1,433
public,1229,RSJKGSCJYJTIGS-UHFFFAOYSA-N,RSJKGSCJYJTIGS,CCCCCCCCCCC,saturated_hydrocarbon,ACYCLIC::saturated_hydrocarbon,1
public,1230,RSQUAQMIGSMNNE-UHFFFAOYSA-N,RSQUAQMIGSMNNE,CN1C(=O)Cc2ccccc21,amide,O=C1Cc2ccccc2N1,418
public,1231,RYPKRALMXUUNKS-HYXAFXHYSA-N,RYPKRALMXUUNKS,C/C=C\CCC,alkene_or_diene,ACYCLIC::alkene_or_diene,403
public,1232,RZKKOBGFCAHLCZ-UHFFFAOYSA-N,RZKKOBGFCAHLCZ,O=[N+]([O-])c1cc(Cl)ccc1Cl,amine,c1ccccc1,400
public,1233,SDTYFWAQLSIEBH-ALCCZGGFSA-N,SDTYFWAQLSIEBH,CC/C=C\CCCCCCC,alkene_or_diene,ACYCLIC::alkene_or_diene,0
public,1234,SGVUHPSBDNVHKL-OCAPTIKFSA-N,SGVUHPSBDNVHKL,C[C@@H]1CCC[C@H](C)C1,saturated_hydrocarbon,C1CCCCC1,387
public,1235,SHGAZHPCJJPHSC-XFYACQKRSA-N,SHGAZHPCJJPHSC,CC1=C(/C=C/C(C)=C/C=C/C(C)=C\C(=O)O)C(C)(C)CCC1,carboxylic_acid,C1=CCCCC1,386
public,1236,SNIFAVVHRQZYGO-LUAWRHEFSA-N,SNIFAVVHRQZYGO,CCCC/C=C\CCCCCCCC,alkene_or_diene,ACYCLIC::alkene_or_diene,0
public,1237,SNRUBQQJIBEYMU-UHFFFAOYSA-N,SNRUBQQJIBEYMU,CCCCCCCCCCCC,saturated_hydrocarbon,ACYCLIC::saturated_hydrocarbon,1
public,1238,SOVOPSCRHKEUNJ-CLFYSBASSA-N,SOVOPSCRHKEUNJ,CCC/C=C\CCCCC,alkene_or_diene,ACYCLIC::alkene_or_diene,0
public,1239,SPCXZDDGSGTVAW-UHFFFAOYSA-N,SPCXZDDGSGTVAW,CC1=C2C(CC1)C(C)CCC1C2C1(C)C,alkene_or_diene,C1=C2C(CC1)CCCC1CC21,370
public,1240,TVYLLZQTGLZFBW-GDBMZVCRSA-N,TVYLLZQTGLZFBW,COc1cccc([C@]2(O)CCCC[C@@H]2CN(C)C)c1,alcohol_or_phenol,c1ccc(C2CCCCC2)cc1,355
public,1241,UBDIXSAEHLOROW-YPKPFQOOSA-N,UBDIXSAEHLOROW,CCCCCC/C=C\CCCCCC,alkene_or_diene,ACYCLIC::alkene_or_diene,0
public,1242,UFHFLCQGNIYNRP-UHFFFAOYSA-N,UFHFLCQGNIYNRP,[H][H],other,ACYCLIC::other,339
public,1243,UFLHIIWVXFIJGU-ARJAWSKDSA-N,UFLHIIWVXFIJGU,CC/C=C\CCO,alcohol_or_phenol,ACYCLIC::alcohol_or_phenol,338
public,1244,UGFAIRIUMAVXCW-UHFFFAOYSA-N,UGFAIRIUMAVXCW,[C-]#[O+],other,ACYCLIC::other,335
public,1245,UJZLNVCZGZKIHR-CLFYSBASSA-N,UJZLNVCZGZKIHR,CCC/C=C\CCCCCCCC,alkene_or_diene,ACYCLIC::alkene_or_diene,0
public,1246,UPVZPMJSRSWJHQ-HTXSYXIBSA-N,UPVZPMJSRSWJHQ,C=C1CCC2C3[C@H](C(C)C)CC[C@@]2(C)[C@H]13,alkene_or_diene,C=C1CCC2C3CCCC2C13,325
public,1247,URYYVOIYTNXXBN-UHFFFAOYSA-N,URYYVOIYTNXXBN,C1=CCCCCCC1,alkene_or_diene,C1=CCCCCCC1,30
public,1248,UURSXESKOOOTOV-KTKRTIGZSA-N,UURSXESKOOOTOV,CCCC/C=C\CCCC,alkene_or_diene,ACYCLIC::alkene_or_diene,0
public,1249,VDFGUEPMNNLWOZ-LUAWRHEFSA-N,VDFGUEPMNNLWOZ,CCCC/C=C\CCCCCCC,alkene_or_diene,ACYCLIC::alkene_or_diene,0
public,1250,VHVOLFRBFDOUSH-NSCUHMNNSA-N,VHVOLFRBFDOUSH,C/C=C/c1ccc2c(c1)OCO2,ether,c1ccc2c(c1)OCO2,304
public,1251,VLXDPFLIRFYIME-XIQJJJERSA-N,VLXDPFLIRFYIME,CC1=CC[C@H]2[C@H]3C1[C@@]2(C)CC[C@H]3C(C)C,alkene_or_diene,C1=CC2C3CCC[C@H]2[C@@H]3C1,301
public,1252,VVXLFFIFNVKFBD-UHFFFAOYSA-N,VVXLFFIFNVKFBD,O=C(CC(=O)C(F)(F)F)c1ccccc1,ketone,c1ccccc1,289
public,1253,WLTSXAIICPDFKI-ALCCZGGFSA-N,WLTSXAIICPDFKI,CC/C=C\CCCCCCCC,alkene_or_diene,ACYCLIC::alkene_or_diene,0
public,1254,WRHGORWNJGOVQY-KKUMJFAQSA-N,WRHGORWNJGOVQY,C=C1CC[C@@H](C(C)C)[C@@H]2C=C(C)CC[C@@H]12,alkene_or_diene,C=C1CCC[C@@H]2C=CCC[C@@H]12,259
public,1255,WTARULDDTDQWMU-UHFFFAOYSA-N,WTARULDDTDQWMU,C=C1CCC2CC1C2(C)C,alkene_or_diene,C=C1CCC2CC1C2,253
public,1256,WTEVQBCEXWBHNA-JXMROGBWSA-N,WTEVQBCEXWBHNA,CC(C)=CCC/C(C)=C/C=O,aldehyde,ACYCLIC::aldehyde,252
public,1257,WZHKDGJSXCTSCK-ALCCZGGFSA-N,WZHKDGJSXCTSCK,CC/C=C\CCC,alkene_or_diene,ACYCLIC::alkene_or_diene,237
public,1258,XBGUIVFBMBVUEG-CCEZHUSRSA-N,XBGUIVFBMBVUEG,CC(C)=CCC/C(C)=C1\CC=C(C)CC1,alkene_or_diene,C=C1CC=CCC1,235
public,1259,XEIYDTUADLFFTM-CLFYSBASSA-N,XEIYDTUADLFFTM,CCC/C=C\CCCCCCCCC,alkene_or_diene,ACYCLIC::alkene_or_diene,0
public,1260,XGKXFVGYZCBDNT-QWRYIMFSSA-N,XGKXFVGYZCBDNT,CC(C(=O)OC[C@H]1O[C@@H](O)[C@H](O)[C@@H](O)[C@@H]1O)c1ccc(-c2ccccc2)c(F)c1,ester,O=C(Cc1ccc(-c2ccccc2)cc1)OC[C@@H]1CCCCO1,229
public,1261,XMGQYMWWDOXHJM-UHFFFAOYSA-N,XMGQYMWWDOXHJM,C=C(C)C1CC=C(C)CC1,alkene_or_diene,C1=CCCCC1,58
public,1262,XOKSLPVRUOBDEW-UHFFFAOYSA-N,XOKSLPVRUOBDEW,CC1CCC2CC1C2(C)C,saturated_hydrocarbon,C1CC2CC(C1)C2,213
public,1263,XWVHBWQEYOROBE-HYXAFXHYSA-N,XWVHBWQEYOROBE,C/C=C\CCCCCCCCCC,alkene_or_diene,ACYCLIC::alkene_or_diene,0
public,1264,YCBSHDKATAPNIA-ALCCZGGFSA-N,YCBSHDKATAPNIA,CC/C=C\CCCCC,alkene_or_diene,ACYCLIC::alkene_or_diene,0
public,1265,YCTDZYMMFQCTEO-ALCCZGGFSA-N,YCTDZYMMFQCTEO,CC/C=C\CCCC,alkene_or_diene,ACYCLIC::alkene_or_diene,42
public,1266,YDRIFHKZISTDMG-LWMBPPNESA-N,YDRIFHKZISTDMG,F[C@H]1OC(C(F)(F)F)(C(F)(F)F)[C@H]1F,ether,C1COC1,184
public,1267,YDXQPTHHAPCTPP-WAYWQWQTSA-N,YDXQPTHHAPCTPP,CCCC/C=C\CCO,alcohol_or_phenol,ACYCLIC::alcohol_or_phenol,183
public,1268,YHBUQBJHSRGZNF-UHFFFAOYSA-N,YHBUQBJHSRGZNF,CC(C)=CCC=C(C)C1CC=C(C)CC1,alkene_or_diene,C1=CCCCC1,178
public,1269,YKNMBTZOEVIJCM-HYXAFXHYSA-N,YKNMBTZOEVIJCM,C/C=C\CCCCCCC,alkene_or_diene,ACYCLIC::alkene_or_diene,0
public,1270,YMBFCQPIMVLNIU-SOUVJXGZSA-N,YMBFCQPIMVLNIU,CC(C)=CCC[C@]1(C)[C@H]2CC=C(C)[C@@H]1C2,alkene_or_diene,C1=C[C@H]2C[C@@H](C1)C2,168
public,1271,YTKRILODNOEEPX-IHWYPQMZSA-N,YTKRILODNOEEPX,C/C=C\CCl,alkene_or_diene,ACYCLIC::alkene_or_diene,156
public,1272,YXIWHUQXZSMYRE-UHFFFAOYSA-N,YXIWHUQXZSMYRE,S=c1[nH]c2ccccc2s1,aromatic_heterocycle,S=c1[nH]c2ccccc2s1,147
public,1273,ZDXOBBQCLYWCFZ-ZXZARUISSA-N,ZDXOBBQCLYWCFZ,FC(F)[C@]1(F)O[C@](F)(C(F)F)C(F)(F)C1(F)F,ether,C1CCOC1,139
public,1274,ZFMUIJVOIVHGCF-IHWYPQMZSA-N,ZFMUIJVOIVHGCF,C/C=C\CCCCCCCC=O,aldehyde,ACYCLIC::aldehyde,135
public,1275,ZOKYTRIEIDWYSG-LUAWRHEFSA-N,ZOKYTRIEIDWYSG,CCCC/C=C\CCCCCC,alkene_or_diene,ACYCLIC::alkene_or_diene,0
public,1276,ZQTYQMYDIHMKQB-VQVTYTSYSA-N,ZQTYQMYDIHMKQB,O[C@H]1C[C@@H]2CC[C@H]1C2,alcohol_or_phenol,C1C[C@H]2CC[C@@H]1C2,113
public,1277,ZSBOMYJPSRFZAL-JLHYYAGUSA-N,ZSBOMYJPSRFZAL,CCCC(=O)OC/C=C(\C)CCC=C(C)C,ester,ACYCLIC::ester,31
public,1278,ZVIDMSBTYRSMAR-UHFFFAOYSA-N,ZVIDMSBTYRSMAR,CNc1ccc(C(=O)O)cc1,carboxylic_acid,c1ccccc1,109
public,1279,ZXFXBSWRVIQKOD-UHFFFAOYSA-N,ZXFXBSWRVIQKOD,ClC1=C(Cl)C2(Cl)C3C4OC4C(Cl)C3C1(Cl)C2(Cl)Cl,ether,C1=CC2CC1C1CC3OC3C21,104
