series,n,smiles,heavy_atoms,canonical_smiles,model,prediction,seed_std,seed_11,seed_29,seed_47,seed_71,seed_101,legacy_stochastic_molformer,common3_prediction
glycine,0,CC(=O)NC,5,CNC(C)=O,resnet_solvai,-10.046565465817702,0.13556225704481048,-10.076547707187814,-10.254800636540029,-9.896627187296218,-10.040304593168862,-9.964547204895577,False,-10.075991843674688
glycine,1,CC(=O)NCC(=O)NC,9,CNC(=O)CNC(C)=O,resnet_solvai,-13.974683816761239,0.1591936209980186,-13.967380928671162,-14.009267022742016,-14.219173686226561,-13.880128445539032,-13.797469000627434,False,-14.065273879213246
glycine,2,CC(=O)NCC(=O)NCC(=O)NC,13,CNC(=O)CNC(=O)CNC(C)=O,resnet_solvai,-18.518724142104965,0.23740755502862146,-18.439777052497966,-18.513282736251348,-18.90671581741538,-18.473134960508744,-18.26071014385139,False,-18.619925202054898
glycine,3,CC(=O)NCC(=O)NCC(=O)NCC(=O)NC,17,CNC(=O)CNC(=O)CNC(=O)CNC(C)=O,resnet_solvai,-23.436427302455726,0.29067649531697204,-23.25554927463614,-23.470436150013064,-23.89261154124159,-23.436940444758445,-23.12659910162938,False,-23.539532321963602
glycine,4,CC(=O)NCC(=O)NCC(=O)NCC(=O)NCC(=O)NC,21,CNC(=O)CNC(=O)CNC(=O)CNC(=O)CNC(C)=O,resnet_solvai,-27.873466604624838,0.31203578168467583,-27.62064402607455,-27.931499974839898,-28.341052894643834,-27.919183584018885,-27.554952543547014,False,-27.964398965186096
glycine,5,CC(=O)NCC(=O)NCC(=O)NCC(=O)NCC(=O)NCC(=O)NC,25,CNC(=O)CNC(=O)CNC(=O)CNC(=O)CNC(=O)CNC(C)=O,resnet_solvai,-32.27064982220821,0.337507209830114,-31.95488195045009,-32.36267886997855,-32.750362269685056,-32.34830893439095,-31.93701708653644,False,-32.35597436337123
glycine,6,CC(=O)NCC(=O)NCC(=O)NCC(=O)NCC(=O)NCC(=O)NCC(=O)NC,29,CNC(=O)CNC(=O)CNC(=O)CNC(=O)CNC(=O)CNC(=O)CNC(C)=O,resnet_solvai,-36.961224102483826,0.3518687278323384,-36.5670410628688,-37.09757020720637,-37.40026075469078,-37.107379419856294,-36.63386906779685,False,-37.021624008255316
glycine,7,CC(=O)NCC(=O)NCC(=O)NCC(=O)NCC(=O)NCC(=O)NCC(=O)NCC(=O)NC,33,CNC(=O)CNC(=O)CNC(=O)CNC(=O)CNC(=O)CNC(=O)CNC(=O)CNC(C)=O,resnet_solvai,-41.44913643985583,0.38105719956053036,-40.98145747204452,-41.63511881903171,-41.86854735009512,-41.6468474375383,-41.113711120569505,False,-41.49504121372379
glycine,8,CC(=O)NCC(=O)NCC(=O)NCC(=O)NCC(=O)NCC(=O)NCC(=O)NCC(=O)NCC(=O)NC,37,CNC(=O)CNC(=O)CNC(=O)CNC(=O)CNC(=O)CNC(=O)CNC(=O)CNC(=O)CNC(C)=O,resnet_solvai,-45.774165606120086,0.4091652925715146,-45.23369018355553,-46.01010082757673,-46.184500921602314,-45.99321883603949,-45.44931726182635,False,-45.809430644244856
glycine,9,CC(=O)NCC(=O)NCC(=O)NCC(=O)NCC(=O)NCC(=O)NCC(=O)NCC(=O)NCC(=O)NCC(=O)NC,41,CNC(=O)CNC(=O)CNC(=O)CNC(=O)CNC(=O)CNC(=O)CNC(=O)CNC(=O)CNC(=O)CNC(C)=O,resnet_solvai,-50.334505150409626,0.44022289715560764,-49.71981237620227,-50.62209409552498,-50.736946269097906,-50.5705457318828,-50.02312727934018,False,-50.35961758027505
glycine,10,CC(=O)NCC(=O)NCC(=O)NCC(=O)NCC(=O)NCC(=O)NCC(=O)NCC(=O)NCC(=O)NCC(=O)NCC(=O)NC,45,CNC(=O)CNC(=O)CNC(=O)CNC(=O)CNC(=O)CNC(=O)CNC(=O)CNC(=O)CNC(=O)CNC(=O)CNC(C)=O,resnet_solvai,-54.9642740189242,0.4780906288902702,-54.27514049081677,-55.301054385089756,-55.37185046286251,-55.21801020539558,-54.65531455045635,False,-54.982681779589676
glycine,11,CC(=O)NCC(=O)NCC(=O)NCC(=O)NCC(=O)NCC(=O)NCC(=O)NCC(=O)NCC(=O)NCC(=O)NCC(=O)NCC(=O)NC,49,CNC(=O)CNC(=O)CNC(=O)CNC(=O)CNC(=O)CNC(=O)CNC(=O)CNC(=O)CNC(=O)CNC(=O)CNC(=O)CNC(C)=O,resnet_solvai,-59.142173287663084,0.5165318390515548,-58.36935268864951,-59.53365403796529,-59.54643381774789,-59.407319573702196,-58.85410632025052,False,-59.14981351478756
glycine,12,CC(=O)NCC(=O)NCC(=O)NCC(=O)NCC(=O)NCC(=O)NCC(=O)NCC(=O)NCC(=O)NCC(=O)NCC(=O)NCC(=O)NCC(=O)NC,53,CNC(=O)CNC(=O)CNC(=O)CNC(=O)CNC(=O)CNC(=O)CNC(=O)CNC(=O)CNC(=O)CNC(=O)CNC(=O)CNC(=O)CNC(C)=O,resnet_solvai,-63.194369276682345,0.5601538957400393,-62.33354769941923,-63.64187033799493,-63.58847329628497,-63.485327791215184,-62.922627258497414,False,-63.18796377789971
alanine,0,CC(=O)NC,5,CNC(C)=O,resnet_solvai,-10.046565465817702,0.13556225704481048,-10.076547707187814,-10.254800636540029,-9.896627187296218,-10.040304593168862,-9.964547204895577,False,-10.075991843674688
alanine,1,CC(=O)N[C@@H](C)C(=O)NC,10,CNC(=O)[C@H](C)NC(C)=O,resnet_solvai,-13.555407899043127,0.2039181094964596,-13.497964252253912,-13.670412015417664,-13.780031552058613,-13.586848352308664,-13.241783323176783,False,-13.649469273243398
alanine,2,CC(=O)N[C@@H](C)C(=O)N[C@@H](C)C(=O)NC,15,CNC(=O)[C@H](C)NC(=O)[C@H](C)NC(C)=O,resnet_solvai,-18.834694929450485,0.31118942103237807,-18.706302530420107,-18.9724475416159,-19.254220955263385,-18.825094729611124,-18.41540889034189,False,-18.977657009099797
alanine,3,CC(=O)N[C@@H](C)C(=O)N[C@@H](C)C(=O)N[C@@H](C)C(=O)NC,20,CNC(=O)[C@H](C)NC(=O)[C@H](C)NC(=O)[C@H](C)NC(C)=O,resnet_solvai,-24.055594219031626,0.33320633793196897,-23.85986579443795,-24.211688985741123,-24.48565185649667,-24.105602180209928,-23.61516227827245,False,-24.185735545558583
alanine,4,CC(=O)N[C@@H](C)C(=O)N[C@@H](C)C(=O)N[C@@H](C)C(=O)N[C@@H](C)C(=O)NC,25,CNC(=O)[C@H](C)NC(=O)[C@H](C)NC(=O)[C@H](C)NC(=O)[C@H](C)NC(C)=O,resnet_solvai,-28.790468484034534,0.3284079392668181,-28.55667509513611,-28.948382662140567,-29.190454616782134,-28.892327231124682,-28.364502814989194,False,-28.89850412468627
alanine,5,CC(=O)N[C@@H](C)C(=O)N[C@@H](C)C(=O)N[C@@H](C)C(=O)N[C@@H](C)C(=O)N[C@@H](C)C(=O)NC,30,CNC(=O)[C@H](C)NC(=O)[C@H](C)NC(=O)[C@H](C)NC(=O)[C@H](C)NC(=O)[C@H](C)NC(C)=O,resnet_solvai,-33.386837251753924,0.3328845318188479,-33.12153438902358,-33.57887734410233,-33.74020255274346,-33.53994779355083,-32.953624179349426,False,-33.48020476195646
alanine,6,CC(=O)N[C@@H](C)C(=O)N[C@@H](C)C(=O)N[C@@H](C)C(=O)N[C@@H](C)C(=O)N[C@@H](C)C(=O)N[C@@H](C)C(=O)NC,35,CNC(=O)[C@H](C)NC(=O)[C@H](C)NC(=O)[C@H](C)NC(=O)[C@H](C)NC(=O)[C@H](C)NC(=O)[C@H](C)NC(C)=O,resnet_solvai,-37.923771263482855,0.3396385334623535,-37.597574213421986,-38.15636276774829,-38.218647121963556,-38.134349353183836,-37.51192286109659,False,-37.99086136771128
alanine,7,CC(=O)N[C@@H](C)C(=O)N[C@@H](C)C(=O)N[C@@H](C)C(=O)N[C@@H](C)C(=O)N[C@@H](C)C(=O)N[C@@H](C)C(=O)N[C@@H](C)C(=O)NC,40,CNC(=O)[C@H](C)NC(=O)[C@H](C)NC(=O)[C@H](C)NC(=O)[C@H](C)NC(=O)[C@H](C)NC(=O)[C@H](C)NC(=O)[C@H](C)NC(C)=O,resnet_solvai,-42.58239511874625,0.36783068430914334,-42.183339666144654,-42.86170696145202,-42.849729576239746,-42.84144954716304,-42.17574984273178,False,-42.63159206794547
alanine,8,CC(=O)N[C@@H](C)C(=O)N[C@@H](C)C(=O)N[C@@H](C)C(=O)N[C@@H](C)C(=O)N[C@@H](C)C(=O)N[C@@H](C)C(=O)N[C@@H](C)C(=O)N[C@@H](C)C(=O)NC,45,CNC(=O)[C@H](C)NC(=O)[C@H](C)NC(=O)[C@H](C)NC(=O)[C@H](C)NC(=O)[C@H](C)NC(=O)[C@H](C)NC(=O)[C@H](C)NC(=O)[C@H](C)NC(C)=O,resnet_solvai,-47.207924222151256,0.3850311398259168,-46.748318465606424,-47.53445540004231,-47.43848510720925,-47.48874573731608,-46.82961640058221,False,-47.24041965761933
alanine,9,CC(=O)N[C@@H](C)C(=O)N[C@@H](C)C(=O)N[C@@H](C)C(=O)N[C@@H](C)C(=O)N[C@@H](C)C(=O)N[C@@H](C)C(=O)N[C@@H](C)C(=O)N[C@@H](C)C(=O)N[C@@H](C)C(=O)NC,50,CNC(=O)[C@H](C)NC(=O)[C@H](C)NC(=O)[C@H](C)NC(=O)[C@H](C)NC(=O)[C@H](C)NC(=O)[C@H](C)NC(=O)[C@H](C)NC(=O)[C@H](C)NC(=O)[C@H](C)NC(C)=O,resnet_solvai,-52.02522514008481,0.4094993098848849,-51.503269667092226,-52.40624403096803,-52.22907335873004,-52.31750748371421,-51.67003115991951,False,-52.046195685596764
alanine,10,CC(=O)N[C@@H](C)C(=O)N[C@@H](C)C(=O)N[C@@H](C)C(=O)N[C@@H](C)C(=O)N[C@@H](C)C(=O)N[C@@H](C)C(=O)N[C@@H](C)C(=O)N[C@@H](C)C(=O)N[C@@H](C)C(=O)N[C@@H](C)C(=O)NC,55,CNC(=O)[C@H](C)NC(=O)[C@H](C)NC(=O)[C@H](C)NC(=O)[C@H](C)NC(=O)[C@H](C)NC(=O)[C@H](C)NC(=O)[C@H](C)NC(=O)[C@H](C)NC(=O)[C@H](C)NC(=O)[C@H](C)NC(C)=O,resnet_solvai,-56.599666342142086,0.4443913824207002,-56.000805861529535,-57.037421601925814,-56.77382157168482,-56.916603905194826,-56.269678770375485,False,-56.604016345046716
alanine,11,CC(=O)N[C@@H](C)C(=O)N[C@@H](C)C(=O)N[C@@H](C)C(=O)N[C@@H](C)C(=O)N[C@@H](C)C(=O)N[C@@H](C)C(=O)N[C@@H](C)C(=O)N[C@@H](C)C(=O)N[C@@H](C)C(=O)N[C@@H](C)C(=O)N[C@@H](C)C(=O)NC,60,CNC(=O)[C@H](C)NC(=O)[C@H](C)NC(=O)[C@H](C)NC(=O)[C@H](C)NC(=O)[C@H](C)NC(=O)[C@H](C)NC(=O)[C@H](C)NC(=O)[C@H](C)NC(=O)[C@H](C)NC(=O)[C@H](C)NC(=O)[C@H](C)NC(C)=O,resnet_solvai,-60.76133236388996,0.4798225400749544,-60.08509665780587,-61.25769998620179,-60.895003007081684,-61.099318516911346,-60.46954365144911,False,-60.74593321702978
alanine,12,CC(=O)N[C@@H](C)C(=O)N[C@@H](C)C(=O)N[C@@H](C)C(=O)N[C@@H](C)C(=O)N[C@@H](C)C(=O)N[C@@H](C)C(=O)N[C@@H](C)C(=O)N[C@@H](C)C(=O)N[C@@H](C)C(=O)N[C@@H](C)C(=O)N[C@@H](C)C(=O)N[C@@H](C)C(=O)NC,65,CNC(=O)[C@H](C)NC(=O)[C@H](C)NC(=O)[C@H](C)NC(=O)[C@H](C)NC(=O)[C@H](C)NC(=O)[C@H](C)NC(=O)[C@H](C)NC(=O)[C@H](C)NC(=O)[C@H](C)NC(=O)[C@H](C)NC(=O)[C@H](C)NC(=O)[C@H](C)NC(C)=O,resnet_solvai,-65.00479873180353,0.5226348749430962,-64.24661244397461,-65.55814466083159,-65.10346741172658,-65.3710769759299,-64.74469216655503,False,-64.96940817217758
alkane,1,C,1,C,resnet_solvai,1.7721407326795162,0.15754762249140467,1.9088894980207893,1.9759382224279083,1.6707593981642663,1.6618659884357845,1.6432505563488329,False,1.851862372870988
alkane,2,CC,2,CC,resnet_solvai,1.7099736890382076,0.09827094561766227,1.758497829983738,1.8599141625600337,1.6234205574046792,1.649633739294635,1.658402155947953,False,1.7472775166494836
alkane,3,CCC,3,CCC,resnet_solvai,1.858713009593826,0.09906554657969106,1.949953686407155,1.9811806149169726,1.7990718016265346,1.7657523061217804,1.7976066388966876,False,1.910068700983554
alkane,4,CCCC,4,CCCC,resnet_solvai,2.018621955235006,0.07932102833603348,2.086850370382744,2.1117959395738435,2.0083041122275116,1.9555509372852207,1.9306084167057103,False,2.0689834740613664
alkane,5,CCCCC,5,CCCCC,resnet_solvai,2.2549187420261516,0.09252456982755518,2.340624725471228,2.3637100318705,2.2124757275901503,2.1497328621918435,2.2080503630070343,False,2.305603494977293
alkane,6,CCCCCC,6,CCCCCC,resnet_solvai,2.461837644208658,0.07976536261802183,2.530525789984072,2.5643001383379582,2.421358057580668,2.391146316730108,2.4018579184104842,False,2.505394661967566
alkane,7,CCCCCCC,7,CCCCCCC,resnet_solvai,2.7171303298131075,0.08425205108894342,2.7990859112809536,2.818229972617501,2.6699137993504856,2.6495990711636246,2.648822894652973,False,2.7624098944163133
alkane,8,CCCCCCCC,8,CCCCCCCC,resnet_solvai,2.8423238816749965,0.09428876306056862,2.948072779097628,2.9421950559533405,2.786640259328549,2.7729800405189433,2.7617312734765216,False,2.8923026981265054
alkane,9,CCCCCCCCC,9,CCCCCCCCC,resnet_solvai,2.9617283640176177,0.10072760753269441,3.0799843734022945,3.062400591477182,2.90060528692897,2.8946062290434265,2.871045339236214,False,3.0143300839361493
alkane,10,CCCCCCCCCC,10,CCCCCCCCCC,resnet_solvai,3.031528277467439,0.10366528629365404,3.1639565504642704,3.121940585539707,2.964175545512629,2.971808049487751,2.935760656332837,False,3.083357560505535
alkane,11,CCCCCCCCCCC,11,CCCCCCCCCCC,resnet_solvai,3.1030396814635273,0.10680743835484896,3.239955388775434,3.193990862120331,3.037019680551122,3.0461728319870174,2.9980596438837326,False,3.156988643815629
alkane,12,CCCCCCCCCCCC,12,CCCCCCCCCCCC,resnet_solvai,3.1562991698185785,0.10492573936644271,3.2809470202059723,3.2560459607440775,3.0961103092653746,3.1010911308800715,3.0473014279973984,False,3.2110344300718077
alkane,13,CCCCCCCCCCCCC,13,CCCCCCCCCCCCC,resnet_solvai,3.1801846757878267,0.10052853017821874,3.280127553410752,3.2947840584877612,3.1337746860072855,3.118637719743794,3.0735993612895385,False,3.2362287659685998
alkane,14,CCCCCCCCCCCCCC,14,CCCCCCCCCCCCCC,resnet_solvai,3.2235459320345434,0.09890695487476667,3.2914775343579405,3.3588006338081025,3.190476422680116,3.156630736815038,3.120344332511518,False,3.280251530282053
alkane,15,CCCCCCCCCCCCCCC,15,CCCCCCCCCCCCCCC,resnet_solvai,3.295337198574535,0.1053066873044531,3.334201996615872,3.4561830435293572,3.2743059247197097,3.222889261098195,3.18910576690954,False,3.354896988288313
alkane,16,CCCCCCCCCCCCCCCC,16,CCCCCCCCCCCCCCCC,resnet_solvai,3.4051092877394127,0.11609879034674722,3.419383862756506,3.5927151135588575,3.386911271551276,3.3389121015214336,3.2876240893089896,False,3.46633674928888
alkane,17,CCCCCCCCCCCCCCCCC,17,CCCCCCCCCCCCCCCCC,resnet_solvai,3.5843453333569655,0.12904945572977244,3.595203390338095,3.793618007575385,3.5553043813011813,3.5312331539139112,3.4463677336562526,False,3.6480419264048876
alkane,18,CCCCCCCCCCCCCCCCCC,18,CCCCCCCCCCCCCCCCCC,resnet_solvai,3.7488158555470728,0.14097105391939824,3.7570395462816046,3.9775791572675177,3.707575823244233,3.706763063394509,3.5951216875474996,False,3.8140648422644516
alkane,19,CCCCCCCCCCCCCCCCCCC,19,CCCCCCCCCCCCCCCCCCC,resnet_solvai,3.984645716987192,0.15300829235423352,4.02252422820714,4.220433995365233,3.9230571778810814,3.9504867557951906,3.806726427687317,False,4.055338467151151
alkane,20,CCCCCCCCCCCCCCCCCCCC,20,CCCCCCCCCCCCCCCCCCCC,resnet_solvai,4.225384208919572,0.16470668503654426,4.276905866724225,4.474584549123844,4.152042662414158,4.190839293500358,4.032548672835275,False,4.301177692754076
alkane,21,CCCCCCCCCCCCCCCCCCCCC,21,CCCCCCCCCCCCCCCCCCCCC,resnet_solvai,4.472607219646984,0.17842189586219284,4.537030479753347,4.742437392531994,4.389588038567843,4.424214778722114,4.269765408659624,False,4.556351970284395
alkane,22,CCCCCCCCCCCCCCCCCCCCCC,22,CCCCCCCCCCCCCCCCCCCCCC,resnet_solvai,4.696489084490547,0.18818542723140472,4.766911646371379,4.980807722981759,4.610036800928394,4.64106922801881,4.48362002415239,False,4.785918723427177
alkane,23,CCCCCCCCCCCCCCCCCCCCCCC,23,CCCCCCCCCCCCCCCCCCCCCCC,resnet_solvai,4.922848251111621,0.1966205410220355,4.990501088391288,5.223334530472457,4.839336292455175,4.858921792749862,4.702147551489326,False,5.01772397043964
alkane,24,CCCCCCCCCCCCCCCCCCCCCCCC,24,CCCCCCCCCCCCCCCCCCCCCCCC,resnet_solvai,5.123219833100356,0.20289999047231166,5.187577365140851,5.436470283352452,5.04340913280232,5.050788602015525,4.897853782190629,False,5.2224855937652075
alkane,25,CCCCCCCCCCCCCCCCCCCCCCCCC,25,CCCCCCCCCCCCCCCCCCCCCCCCC,resnet_solvai,5.341664804035451,0.2080207301356138,5.3963072645519,5.66829768360913,5.271280654660646,5.257405813595148,5.115032603760432,False,5.445295200940559
alkane,26,CCCCCCCCCCCCCCCCCCCCCCCCCC,26,CCCCCCCCCCCCCCCCCCCCCCCCCC,resnet_solvai,5.5334838110713935,0.21254045370685082,5.576907015105605,5.8718333585942295,5.4716622360953915,5.441777916129527,5.305238529432212,False,5.640134203265075
alkane,27,CCCCCCCCCCCCCCCCCCCCCCCCCCC,27,CCCCCCCCCCCCCCCCCCCCCCCCCCC,resnet_solvai,5.709748314000564,0.21615516394406734,5.739783967045724,6.057943779456861,5.659619505858857,5.610549053716514,5.480845263924862,False,5.819115750787147
alkane,28,CCCCCCCCCCCCCCCCCCCCCCCCCCCC,28,CCCCCCCCCCCCCCCCCCCCCCCCCCCC,resnet_solvai,5.877431341139076,0.21834252914789637,5.899992774122832,6.230826884355577,5.835384158431837,5.772848598621606,5.648104290163526,False,5.988734605636748
alkane,29,CCCCCCCCCCCCCCCCCCCCCCCCCCCCC,29,CCCCCCCCCCCCCCCCCCCCCCCCCCCCC,resnet_solvai,6.026154077247648,0.220095733960245,6.039453340445074,6.384001325051396,5.992614471986141,5.918272249212637,5.79642899954299,False,6.138689712494204
alkane,30,CCCCCCCCCCCCCCCCCCCCCCCCCCCCCC,30,CCCCCCCCCCCCCCCCCCCCCCCCCCCCCC,resnet_solvai,6.161302687337897,0.2211217982684357,6.167875493924558,6.521536388293797,6.13378348024306,6.052702606412432,5.930615467815639,False,6.274398454153805
glycine,0,CC(=O)NC,5,CNC(C)=O,resnet_structure,-9.859866662918321,0.16337330753922127,-9.84675312113892,-10.098198336973134,-9.639645692815726,-9.832073446613832,-9.882662717049996,False,-9.861532383642594
glycine,1,CC(=O)NCC(=O)NC,9,CNC(=O)CNC(C)=O,resnet_structure,-13.367676592370662,0.09964192599031622,-13.272213344617143,-13.508502083073694,-13.409550857828552,-13.37509971770183,-13.273016958632098,False,-13.396755428506461
glycine,2,CC(=O)NCC(=O)NCC(=O)NC,13,CNC(=O)CNC(=O)CNC(C)=O,resnet_structure,-17.32990878505468,0.18057128541170578,-17.383279486760514,-17.36687429807585,-17.440834834678366,-17.44566993265909,-17.012885373099593,False,-17.39699620650491
glycine,3,CC(=O)NCC(=O)NCC(=O)NCC(=O)NC,17,CNC(=O)CNC(=O)CNC(=O)CNC(C)=O,resnet_structure,-21.99145930744386,0.3438700050204002,-22.21706900339181,-21.958297973908365,-22.139653780136232,-22.234058306056998,-21.408217473725912,False,-22.105006919145467
glycine,4,CC(=O)NCC(=O)NCC(=O)NCC(=O)NCC(=O)NC,21,CNC(=O)CNC(=O)CNC(=O)CNC(=O)CNC(C)=O,resnet_structure,-26.453767209688085,0.5125226220512084,-26.820066428262177,-26.373471658202877,-26.679964434061535,-26.800889441920464,-25.594444085993374,False,-26.62450084017553
glycine,5,CC(=O)NCC(=O)NCC(=O)NCC(=O)NCC(=O)NCC(=O)NC,25,CNC(=O)CNC(=O)CNC(=O)CNC(=O)CNC(=O)CNC(C)=O,resnet_structure,-30.842164572559852,0.6759270490755525,-31.325882651776183,-30.737546953925804,-31.164398915332406,-31.27661221071358,-29.7063821310513,False,-31.075942840344794
glycine,6,CC(=O)NCC(=O)NCC(=O)NCC(=O)NCC(=O)NCC(=O)NCC(=O)NC,29,CNC(=O)CNC(=O)CNC(=O)CNC(=O)CNC(=O)CNC(=O)CNC(C)=O,resnet_structure,-35.61057746726857,0.844933390099808,-36.230201187805015,-35.49761006732465,-35.98637567177725,-36.151278730979655,-34.18742167845626,False,-35.90472897563564
glycine,7,CC(=O)NCC(=O)NCC(=O)NCC(=O)NCC(=O)NCC(=O)NCC(=O)NCC(=O)NC,33,CNC(=O)CNC(=O)CNC(=O)CNC(=O)CNC(=O)CNC(=O)CNC(=O)CNC(C)=O,resnet_structure,-40.114016261520725,1.0087824967335899,-40.83946046087993,-39.987175971622726,-40.58331611514187,-40.75005565796571,-38.4100731019934,False,-40.469984182548174
glycine,8,CC(=O)NCC(=O)NCC(=O)NCC(=O)NCC(=O)NCC(=O)NCC(=O)NCC(=O)NCC(=O)NC,37,CNC(=O)CNC(=O)CNC(=O)CNC(=O)CNC(=O)CNC(=O)CNC(=O)CNC(=O)CNC(C)=O,resnet_structure,-44.526489851502774,1.172264104333915,-45.34935450725586,-44.381891033263365,-45.100558534892805,-45.257722998436776,-42.54292218366506,False,-44.94393469180401
glycine,9,CC(=O)NCC(=O)NCC(=O)NCC(=O)NCC(=O)NCC(=O)NCC(=O)NCC(=O)NCC(=O)NCC(=O)NC,41,CNC(=O)CNC(=O)CNC(=O)CNC(=O)CNC(=O)CNC(=O)CNC(=O)CNC(=O)CNC(=O)CNC(C)=O,resnet_structure,-48.93455929523837,1.3379262525112763,-49.85350253050817,-48.771528327440755,-49.614442604116896,-49.76523424999447,-46.66808876413155,False,-49.41315782068861
glycine,10,CC(=O)NCC(=O)NCC(=O)NCC(=O)NCC(=O)NCC(=O)NCC(=O)NCC(=O)NCC(=O)NCC(=O)NCC(=O)NC,45,CNC(=O)CNC(=O)CNC(=O)CNC(=O)CNC(=O)CNC(=O)CNC(=O)CNC(=O)CNC(=O)CNC(=O)CNC(C)=O,resnet_structure,-53.34011326857935,1.5062200801988763,-54.35455560327497,-53.1585438156513,-54.126973089795314,-54.27406737953731,-50.786426454637855,False,-53.88002416957386
glycine,11,CC(=O)NCC(=O)NCC(=O)NCC(=O)NCC(=O)NCC(=O)NCC(=O)NCC(=O)NCC(=O)NCC(=O)NCC(=O)NCC(=O)NC,49,CNC(=O)CNC(=O)CNC(=O)CNC(=O)CNC(=O)CNC(=O)CNC(=O)CNC(=O)CNC(=O)CNC(=O)CNC(=O)CNC(C)=O,resnet_structure,-57.74316591708349,1.677145095036942,-58.852808831158086,-57.54325699238956,-58.63839144196593,-58.78357364251908,-54.8977986773848,False,-58.34481908850452
glycine,12,CC(=O)NCC(=O)NCC(=O)NCC(=O)NCC(=O)NCC(=O)NCC(=O)NCC(=O)NCC(=O)NCC(=O)NCC(=O)NCC(=O)NCC(=O)NC,53,CNC(=O)CNC(=O)CNC(=O)CNC(=O)CNC(=O)CNC(=O)CNC(=O)CNC(=O)CNC(=O)CNC(=O)CNC(=O)CNC(=O)CNC(C)=O,resnet_structure,-62.144561096438736,1.8504809586214082,-63.34924752542322,-61.92669219114956,-63.149643949666086,-63.2938798611819,-59.003341954772885,False,-62.80852788874629
alanine,0,CC(=O)NC,5,CNC(C)=O,resnet_structure,-9.859866662918321,0.16337330753922127,-9.84675312113892,-10.098198336973134,-9.639645692815726,-9.832073446613832,-9.882662717049996,False,-9.861532383642594
alanine,1,CC(=O)N[C@@H](C)C(=O)NC,10,CNC(=O)[C@H](C)NC(C)=O,resnet_structure,-13.268897674652555,0.12118061577215807,-13.16396568319141,-13.419223492679276,-13.336828057531317,-13.296183967821964,-13.128287172038807,False,-13.306672411134002
alanine,2,CC(=O)N[C@@H](C)C(=O)N[C@@H](C)C(=O)NC,15,CNC(=O)[C@H](C)NC(=O)[C@H](C)NC(C)=O,resnet_structure,-17.995541907808832,0.21247879625656887,-17.981820716767437,-18.055612970010223,-18.167934795963976,-18.13431226846724,-17.638028787835275,False,-18.06845616091388
alanine,3,CC(=O)N[C@@H](C)C(=O)N[C@@H](C)C(=O)N[C@@H](C)C(=O)NC,20,CNC(=O)[C@H](C)NC(=O)[C@H](C)NC(=O)[C@H](C)NC(C)=O,resnet_structure,-22.952970916058227,0.35841219375568706,-23.123626095607435,-22.93543652164086,-23.13590346420011,-23.229059278813875,-22.340829220028848,False,-23.064988693816133
alanine,4,CC(=O)N[C@@H](C)C(=O)N[C@@H](C)C(=O)N[C@@H](C)C(=O)N[C@@H](C)C(=O)NC,25,CNC(=O)[C@H](C)NC(=O)[C@H](C)NC(=O)[C@H](C)NC(=O)[C@H](C)NC(C)=O,resnet_structure,-27.571527722813904,0.5261604860193683,-27.87186425437347,-27.52693458359616,-27.8397928604534,-27.944318776850842,-26.674728138795647,False,-27.746197232807674
alanine,5,CC(=O)N[C@@H](C)C(=O)N[C@@H](C)C(=O)N[C@@H](C)C(=O)N[C@@H](C)C(=O)N[C@@H](C)C(=O)NC,30,CNC(=O)[C@H](C)NC(=O)[C@H](C)NC(=O)[C@H](C)NC(=O)[C@H](C)NC(=O)[C@H](C)NC(C)=O,resnet_structure,-32.104922418432054,0.6934051080072443,-32.51651912744549,-32.039189474786895,-32.47962848832496,-32.566067601885045,-30.923207399717846,False,-32.345112363519114
alanine,6,CC(=O)N[C@@H](C)C(=O)N[C@@H](C)C(=O)N[C@@H](C)C(=O)N[C@@H](C)C(=O)N[C@@H](C)C(=O)N[C@@H](C)C(=O)NC,35,CNC(=O)[C@H](C)NC(=O)[C@H](C)NC(=O)[C@H](C)NC(=O)[C@H](C)NC(=O)[C@H](C)NC(=O)[C@H](C)NC(C)=O,resnet_structure,-36.77295258183772,0.8651048258854162,-37.30486116194724,-36.68261758655536,-37.24037692960909,-37.33602772794759,-35.30087950312932,False,-37.0759518927039
alanine,7,CC(=O)N[C@@H](C)C(=O)N[C@@H](C)C(=O)N[C@@H](C)C(=O)N[C@@H](C)C(=O)N[C@@H](C)C(=O)N[C@@H](C)C(=O)N[C@@H](C)C(=O)NC,40,CNC(=O)[C@H](C)NC(=O)[C@H](C)NC(=O)[C@H](C)NC(=O)[C@H](C)NC(=O)[C@H](C)NC(=O)[C@H](C)NC(=O)[C@H](C)NC(C)=O,resnet_structure,-41.26463446646774,1.035950155283817,-41.890790020251096,-41.14719707026704,-41.851614141883175,-41.929651281902984,-39.50391981803442,False,-41.629867077467104
alanine,8,CC(=O)N[C@@H](C)C(=O)N[C@@H](C)C(=O)N[C@@H](C)C(=O)N[C@@H](C)C(=O)N[C@@H](C)C(=O)N[C@@H](C)C(=O)N[C@@H](C)C(=O)N[C@@H](C)C(=O)NC,45,CNC(=O)[C@H](C)NC(=O)[C@H](C)NC(=O)[C@H](C)NC(=O)[C@H](C)NC(=O)[C@H](C)NC(=O)[C@H](C)NC(=O)[C@H](C)NC(=O)[C@H](C)NC(C)=O,resnet_structure,-45.7535399195511,1.210173490354485,-46.47364587807287,-45.608669409046854,-46.46046124267121,-46.526116141859674,-43.698806926104936,False,-46.18092550993031
alanine,9,CC(=O)N[C@@H](C)C(=O)N[C@@H](C)C(=O)N[C@@H](C)C(=O)N[C@@H](C)C(=O)N[C@@H](C)C(=O)N[C@@H](C)C(=O)N[C@@H](C)C(=O)N[C@@H](C)C(=O)N[C@@H](C)C(=O)NC,50,CNC(=O)[C@H](C)NC(=O)[C@H](C)NC(=O)[C@H](C)NC(=O)[C@H](C)NC(=O)[C@H](C)NC(=O)[C@H](C)NC(=O)[C@H](C)NC(=O)[C@H](C)NC(=O)[C@H](C)NC(C)=O,resnet_structure,-50.23565306601338,1.3886334768451052,-51.04991917375091,-50.06508593036686,-51.06378669814859,-51.120251862562085,-47.87922166523844,False,-50.726263934088784
alanine,10,CC(=O)N[C@@H](C)C(=O)N[C@@H](C)C(=O)N[C@@H](C)C(=O)N[C@@H](C)C(=O)N[C@@H](C)C(=O)N[C@@H](C)C(=O)N[C@@H](C)C(=O)N[C@@H](C)C(=O)N[C@@H](C)C(=O)N[C@@H](C)C(=O)NC,55,CNC(=O)[C@H](C)NC(=O)[C@H](C)NC(=O)[C@H](C)NC(=O)[C@H](C)NC(=O)[C@H](C)NC(=O)[C@H](C)NC(=O)[C@H](C)NC(=O)[C@H](C)NC(=O)[C@H](C)NC(=O)[C@H](C)NC(C)=O,resnet_structure,-54.715881926624505,1.5704578126497655,-55.62522666927743,-54.5212097849743,-55.66696582026968,-55.71448026105681,-52.051527097544245,False,-55.27113409150714
alanine,11,CC(=O)N[C@@H](C)C(=O)N[C@@H](C)C(=O)N[C@@H](C)C(=O)N[C@@H](C)C(=O)N[C@@H](C)C(=O)N[C@@H](C)C(=O)N[C@@H](C)C(=O)N[C@@H](C)C(=O)N[C@@H](C)C(=O)N[C@@H](C)C(=O)N[C@@H](C)C(=O)NC,60,CNC(=O)[C@H](C)NC(=O)[C@H](C)NC(=O)[C@H](C)NC(=O)[C@H](C)NC(=O)[C@H](C)NC(=O)[C@H](C)NC(=O)[C@H](C)NC(=O)[C@H](C)NC(=O)[C@H](C)NC(=O)[C@H](C)NC(=O)[C@H](C)NC(C)=O,resnet_structure,-59.19119788868712,1.7555763351408493,-60.196036852987326,-58.9743338057778,-60.26763776421968,-60.30529421457146,-56.21268680587934,False,-59.81266947432827
alanine,12,CC(=O)N[C@@H](C)C(=O)N[C@@H](C)C(=O)N[C@@H](C)C(=O)N[C@@H](C)C(=O)N[C@@H](C)C(=O)N[C@@H](C)C(=O)N[C@@H](C)C(=O)N[C@@H](C)C(=O)N[C@@H](C)C(=O)N[C@@H](C)C(=O)N[C@@H](C)C(=O)N[C@@H](C)C(=O)NC,65,CNC(=O)[C@H](C)NC(=O)[C@H](C)NC(=O)[C@H](C)NC(=O)[C@H](C)NC(=O)[C@H](C)NC(=O)[C@H](C)NC(=O)[C@H](C)NC(=O)[C@H](C)NC(=O)[C@H](C)NC(=O)[C@H](C)NC(=O)[C@H](C)NC(=O)[C@H](C)NC(C)=O,resnet_structure,-63.66565145950335,1.9429276306652155,-64.76657388109882,-63.42781390441495,-64.8697193861686,-64.89536186796903,-60.36878825786538,False,-64.35470239056077
alkane,1,C,1,C,resnet_structure,1.8489175766682842,0.1673377095956912,1.958628815545839,2.0693117079091543,1.8180061184857337,1.752628642951902,1.6460125984487926,False,1.9486488806469089
alkane,2,CC,2,CC,resnet_structure,1.6912888705514824,0.11255933709107915,1.6953976673071587,1.8799222004210057,1.5997493078579321,1.6125937182062255,1.6687814589650891,False,1.7250230585286987
alkane,3,CCC,3,CCC,resnet_structure,1.8543403250189747,0.09823730711485326,1.9038507527858943,1.9945103642302913,1.8113766077235107,1.7368539071439155,1.825109993211261,False,1.9032459082465654
alkane,4,CCCC,4,CCCC,resnet_structure,1.9985118498580223,0.1023020492791247,2.064683305794187,2.141469295617723,1.9682727934476212,1.9009381092734197,1.9171957451571604,False,2.0581417982865102
alkane,5,CCCCC,5,CCCCC,resnet_structure,2.2220087360300798,0.12183657596742582,2.283810190169592,2.3908207250123636,2.1754174148322036,2.0669228158677315,2.1930725342685076,False,2.2833494433380532
alkane,6,CCCCCC,6,CCCCCC,resnet_structure,2.4393348665118806,0.11204790986178434,2.4649050352454083,2.614308953127507,2.3848972726942366,2.314744451966831,2.4178186195254208,False,2.488037087022384
alkane,7,CCCCCCC,7,CCCCCCC,resnet_structure,2.6411866103994805,0.11380917965641174,2.660210068661552,2.821704170384735,2.5750330802994608,2.521628721921682,2.6273570107299697,False,2.685649106448583
alkane,8,CCCCCCCC,8,CCCCCCCC,resnet_structure,2.7464590708029255,0.11567606454382452,2.7686900342903957,2.9303377860376827,2.6738556541355285,2.6295312805155016,2.7298805990355213,False,2.7909611581545355
alkane,9,CCCCCCCCC,9,CCCCCCCCC,resnet_structure,2.8376474334413815,0.11621879008414382,2.861229419640792,3.023241785334167,2.7596576078734385,2.7254790136228024,2.818629340735707,False,2.8813762709494655
alkane,10,CCCCCCCCCC,10,CCCCCCCCCC,resnet_structure,2.9085863081809875,0.11703528556779902,2.933714428234058,3.095330474420816,2.8287178062072176,2.7967982331442975,2.8883705988985486,False,2.952587569620697
alkane,11,CCCCCCCCCCC,11,CCCCCCCCCCC,resnet_structure,2.9692813602024897,0.11704135594414708,2.992025222103753,3.158036756480051,2.8912478785165874,2.8598105958071036,2.9452863481049523,False,3.013769952366797
alkane,12,CCCCCCCCCCCC,12,CCCCCCCCCCCC,resnet_structure,3.030337855614026,0.11658340600506184,3.0469593737770726,3.2206973093654447,2.958425864055095,2.920609666456034,3.0049970644164814,False,3.0753608490658713
alkane,13,CCCCCCCCCCCCC,13,CCCCCCCCCCCCC,resnet_structure,3.094831721564797,0.11607424169643607,3.1006856655386867,3.288713663091027,3.0318839894676852,2.988028492310102,3.064846797416485,False,3.1404277726991325
alkane,14,CCCCCCCCCCCCCC,14,CCCCCCCCCCCCCC,resnet_structure,3.173910023414605,0.11606642333517075,3.1662704466605955,3.371556634420304,3.121196724311903,3.069488613422445,3.1410376982577777,False,3.219674601797601
alkane,15,CCCCCCCCCCCCCCC,15,CCCCCCCCCCCCCCC,resnet_structure,3.271331089530812,0.1170335145882101,3.248538449844119,3.474464347786115,3.226731731145424,3.173437122784863,3.23348379609354,False,3.3165781762585524
alkane,16,CCCCCCCCCCCCCCCC,16,CCCCCCCCCCCCCCCC,resnet_structure,3.394810711957163,0.11887873524667995,3.3575763113938155,3.603727918064263,3.354479531741343,3.3042091460774277,3.3540606525089656,False,3.438594587066474
alkane,17,CCCCCCCCCCCCCCCCC,17,CCCCCCCCCCCCCCCCC,resnet_structure,3.5451318960942677,0.12215901780241731,3.49507601074178,3.761980126223322,3.5028883828006743,3.4652246157810813,3.5004903449244837,False,3.586648173255259
alkane,18,CCCCCCCCCCCCCCCCCC,18,CCCCCCCCCCCCCCCCCC,resnet_structure,3.722285861940751,0.12702212751757191,3.6615649576929714,3.9489563527773326,3.673311867869095,3.6530312841320347,3.674564847232321,False,3.7612777261131334
alkane,19,CCCCCCCCCCCCCCCCCCC,19,CCCCCCCCCCCCCCCCCCC,resnet_structure,3.921617867377512,0.13468353628229307,3.851500776377933,4.162279900131231,3.8616666765838135,3.8636409574490846,3.8690010263454964,False,3.958482451030992
alkane,20,CCCCCCCCCCCCCCCCCCCC,20,CCCCCCCCCCCCCCCCCCCC,resnet_structure,4.135891484047117,0.1448494305223117,4.056424179358507,4.394168272619697,4.064640187591833,4.086713964665756,4.077510815999795,False,4.171744213190013
alkane,21,CCCCCCCCCCCCCCCCCCCCC,21,CCCCCCCCCCCCCCCCCCCCC,resnet_structure,4.357993081666958,0.15786429677889421,4.26764662360502,4.638521808174741,4.2762022471694,4.315234231070298,4.292360498315328,False,4.394123559649721
alkane,22,CCCCCCCCCCCCCCCCCCCCCC,22,CCCCCCCCCCCCCCCCCCCCCC,resnet_structure,4.5794597144649645,0.17217141050606674,4.476000324345942,4.8845953703885,4.490510496066661,4.538823673090209,4.507368708433506,False,4.6170353969337015
alkane,23,CCCCCCCCCCCCCCCCCCCCCCC,23,CCCCCCCCCCCCCCCCCCCCCCC,resnet_structure,4.795673833383431,0.18771813170821014,4.676172771025658,5.127684341856278,4.701939636178932,4.753621529008721,4.718950888847563,False,4.835265583020289
alkane,24,CCCCCCCCCCCCCCCCCCCCCCCC,24,CCCCCCCCCCCCCCCCCCCCCCCC,resnet_structure,5.001254151189281,0.20301796689063248,4.863552633754101,5.359690390752093,4.905316173639066,4.953615936771619,4.924095621029525,False,5.04285306604842
alkane,25,CCCCCCCCCCCCCCCCCCCCCCCCC,25,CCCCCCCCCCCCCCCCCCCCCCCCC,resnet_structure,5.19509341215326,0.21849286616817507,5.037055216527775,5.5797794169451,5.097431749610419,5.138985545018037,5.122215132664965,False,5.238088794361098
alkane,26,CCCCCCCCCCCCCCCCCCCCCCCCCC,26,CCCCCCCCCCCCCCCCCCCCCCCCCC,resnet_structure,5.3747978464554,0.23320815209918705,5.195811055321395,5.783599222530326,5.2754755442076045,5.307282928364036,5.31182048185364,False,5.418295274019775
alkane,27,CCCCCCCCCCCCCCCCCCCCCCCCCCC,27,CCCCCCCCCCCCCCCCCCCCCCCCCCC,resnet_structure,5.541128997270727,0.24790453439650523,5.340581083587666,5.972759474426955,5.438681136477055,5.4604823676748895,5.4931409241870695,False,5.5840072314972256
alkane,28,CCCCCCCCCCCCCCCCCCCCCCCCCCCC,28,CCCCCCCCCCCCCCCCCCCCCCCCCCCC,resnet_structure,5.693283250584283,0.2619500192309253,5.472107943109756,6.145159679249917,5.586294299911564,5.597800979494445,5.665053351155733,False,5.734520640757079
alkane,29,CCCCCCCCCCCCCCCCCCCCCCCCCCCCC,29,CCCCCCCCCCCCCCCCCCCCCCCCCCCCC,resnet_structure,5.832521634093891,0.2760562911994122,5.5913684090408955,6.303044834573616,5.718881466544432,5.721409375274331,5.827904085036182,False,5.871098236719647
alkane,30,CCCCCCCCCCCCCCCCCCCCCCCCCCCCCC,30,CCCCCCCCCCCCCCCCCCCCCCCCCCCCCC,resnet_structure,5.958799150292493,0.2896511755442924,5.699642288526298,6.4454137763521056,5.836841394771551,5.831228291113221,5.98087000069929,False,5.993965819883318
glycine,0,CC(=O)NC,5,CNC(C)=O,dual_solvai,-9.95045749768526,0.07975905087111546,-9.96611114264092,-9.857038526919103,-9.90349509948473,-10.069785886682613,-9.955856832698945,False,-9.908881589681585
glycine,1,CC(=O)NCC(=O)NC,9,CNC(=O)CNC(C)=O,dual_solvai,-13.88704159912353,0.26577005361629547,-14.271870156993288,-13.74674254266975,-13.554120897174563,-13.92846723089993,-13.934007167880115,False,-13.857577865612534
glycine,2,CC(=O)NCC(=O)NCC(=O)NC,13,CNC(=O)CNC(=O)CNC(C)=O,dual_solvai,-18.807082312896547,0.4123018287731398,-19.315894367716144,-18.5682077420899,-18.25146919240172,-19.035094070887983,-18.864746191386978,False,-18.711857100735923
glycine,3,CC(=O)NCC(=O)NCC(=O)NCC(=O)NC,17,CNC(=O)CNC(=O)CNC(=O)CNC(C)=O,dual_solvai,-23.51639872555675,0.48391488477012656,-24.178715202790602,-23.17163075313814,-22.947904123596707,-23.75253637482293,-23.531207173435373,False,-23.432750026508483
glycine,4,CC(=O)NCC(=O)NCC(=O)NCC(=O)NCC(=O)NC,21,CNC(=O)CNC(=O)CNC(=O)CNC(=O)CNC(C)=O,dual_solvai,-27.099663621012713,0.5920449858542088,-27.994357468033968,-26.579499268301117,-26.62054089696172,-27.37104078136263,-26.932879690404135,False,-27.064799211098933
glycine,5,CC(=O)NCC(=O)NCC(=O)NCC(=O)NCC(=O)NCC(=O)NC,25,CNC(=O)CNC(=O)CNC(=O)CNC(=O)CNC(=O)CNC(C)=O,dual_solvai,-30.860725007693738,0.6626639830993477,-31.85027798959596,-30.258193023171874,-30.4939555712681,-31.224437052528632,-30.476761401904106,False,-30.86747552801198
glycine,6,CC(=O)NCC(=O)NCC(=O)NCC(=O)NCC(=O)NCC(=O)NCC(=O)NC,29,CNC(=O)CNC(=O)CNC(=O)CNC(=O)CNC(=O)CNC(=O)CNC(C)=O,dual_solvai,-34.71649285478733,0.8011461575097454,-35.8342816590287,-34.075957122081434,-34.27505340887011,-35.295282252251255,-34.101889831705165,False,-34.72843072999341
glycine,7,CC(=O)NCC(=O)NCC(=O)NCC(=O)NCC(=O)NCC(=O)NCC(=O)NCC(=O)NC,33,CNC(=O)CNC(=O)CNC(=O)CNC(=O)CNC(=O)CNC(=O)CNC(=O)CNC(C)=O,dual_solvai,-38.34767948553876,0.8823408124708776,-39.5966122436866,-37.73533243503273,-37.87516615141351,-38.952145509252915,-37.57914108830808,False,-38.40237027671095
glycine,8,CC(=O)NCC(=O)NCC(=O)NCC(=O)NCC(=O)NCC(=O)NCC(=O)NCC(=O)NCC(=O)NC,37,CNC(=O)CNC(=O)CNC(=O)CNC(=O)CNC(=O)CNC(=O)CNC(=O)CNC(=O)CNC(C)=O,dual_solvai,-41.7673778331131,0.960996344944644,-43.082336201618666,-41.1624693948851,-41.36500695443584,-42.44714212419518,-40.77993449043071,False,-41.86993751697987
glycine,9,CC(=O)NCC(=O)NCC(=O)NCC(=O)NCC(=O)NCC(=O)NCC(=O)NCC(=O)NCC(=O)NCC(=O)NC,41,CNC(=O)CNC(=O)CNC(=O)CNC(=O)CNC(=O)CNC(=O)CNC(=O)CNC(=O)CNC(=O)CNC(C)=O,dual_solvai,-45.78055549601138,1.0717300537129766,-47.18711854555404,-45.12244756610441,-45.581309949199294,-46.5040441939527,-44.50785722524646,False,-45.96362535361925
glycine,10,CC(=O)NCC(=O)NCC(=O)NCC(=O)NCC(=O)NCC(=O)NCC(=O)NCC(=O)NCC(=O)NCC(=O)NCC(=O)NC,45,CNC(=O)CNC(=O)CNC(=O)CNC(=O)CNC(=O)CNC(=O)CNC(=O)CNC(=O)CNC(=O)CNC(=O)CNC(C)=O,dual_solvai,-49.916007360313586,1.1946257180083069,-51.37019899066129,-49.235658711362056,-49.611496425876936,-50.891323082204565,-48.47135959146307,False,-50.07245137596676
glycine,11,CC(=O)NCC(=O)NCC(=O)NCC(=O)NCC(=O)NCC(=O)NCC(=O)NCC(=O)NCC(=O)NCC(=O)NCC(=O)NCC(=O)NC,49,CNC(=O)CNC(=O)CNC(=O)CNC(=O)CNC(=O)CNC(=O)CNC(=O)CNC(=O)CNC(=O)CNC(=O)CNC(=O)CNC(C)=O,dual_solvai,-52.95673938621557,1.2690462911967746,-54.48129004537858,-52.36253913522297,-52.83888347661588,-53.85828065875545,-51.242703615104965,False,-53.22757088573914
glycine,12,CC(=O)NCC(=O)NCC(=O)NCC(=O)NCC(=O)NCC(=O)NCC(=O)NCC(=O)NCC(=O)NCC(=O)NCC(=O)NCC(=O)NCC(=O)NC,53,CNC(=O)CNC(=O)CNC(=O)CNC(=O)CNC(=O)CNC(=O)CNC(=O)CNC(=O)CNC(=O)CNC(=O)CNC(=O)CNC(=O)CNC(C)=O,dual_solvai,-55.443085540704146,1.339295837508541,-57.07493659669984,-54.95590765316728,-55.24012117553089,-56.348815849456734,-53.595646428665965,False,-55.756988475132665
alanine,0,CC(=O)NC,5,CNC(C)=O,dual_solvai,-9.95045749768526,0.07975905087111546,-9.96611114264092,-9.857038526919103,-9.90349509948473,-10.069785886682613,-9.955856832698945,False,-9.908881589681585
alanine,1,CC(=O)N[C@@H](C)C(=O)NC,10,CNC(=O)[C@H](C)NC(C)=O,dual_solvai,-13.315520213633107,0.14830488882050355,-13.437383462194777,-13.312515989828487,-13.07391945239879,-13.436949339904452,-13.316832823839022,False,-13.274606301474018
alanine,2,CC(=O)N[C@@H](C)C(=O)N[C@@H](C)C(=O)NC,15,CNC(=O)[C@H](C)NC(=O)[C@H](C)NC(C)=O,dual_solvai,-18.627891020897124,0.24204032627932093,-18.77973138916144,-18.718375032313975,-18.26703662262163,-18.868609391993015,-18.505702668395564,False,-18.588381014699014
alanine,3,CC(=O)N[C@@H](C)C(=O)N[C@@H](C)C(=O)N[C@@H](C)C(=O)NC,20,CNC(=O)[C@H](C)NC(=O)[C@H](C)NC(=O)[C@H](C)NC(C)=O,dual_solvai,-23.55186871167664,0.38686822337889587,-23.8339257681464,-23.606389593562906,-22.92560535898749,-23.89916483671408,-23.494258000972327,False,-23.455306906898937
alanine,4,CC(=O)N[C@@H](C)C(=O)N[C@@H](C)C(=O)N[C@@H](C)C(=O)N[C@@H](C)C(=O)NC,25,CNC(=O)[C@H](C)NC(=O)[C@H](C)NC(=O)[C@H](C)NC(=O)[C@H](C)NC(C)=O,dual_solvai,-27.975026831668153,0.36402947724069357,-28.363517503723514,-27.93200970269764,-27.60730817953805,-28.333877682407117,-27.63842108997443,False,-27.967611795319737
alanine,5,CC(=O)N[C@@H](C)C(=O)N[C@@H](C)C(=O)N[C@@H](C)C(=O)N[C@@H](C)C(=O)N[C@@H](C)C(=O)NC,30,CNC(=O)[C@H](C)NC(=O)[C@H](C)NC(=O)[C@H](C)NC(=O)[C@H](C)NC(=O)[C@H](C)NC(C)=O,dual_solvai,-32.02891979984251,0.46459328395762567,-32.51858974443699,-31.898907002780163,-31.63086331628652,-32.521153017061316,-31.57508591864758,False,-32.016120021167886
alanine,6,CC(=O)N[C@@H](C)C(=O)N[C@@H](C)C(=O)N[C@@H](C)C(=O)N[C@@H](C)C(=O)N[C@@H](C)C(=O)N[C@@H](C)C(=O)NC,35,CNC(=O)[C@H](C)NC(=O)[C@H](C)NC(=O)[C@H](C)NC(=O)[C@H](C)NC(=O)[C@H](C)NC(=O)[C@H](C)NC(C)=O,dual_solvai,-35.67838980790658,0.5453725903818158,-36.22289671443691,-35.55960907149515,-35.35342293359426,-36.24786850168768,-35.00815181831894,False,-35.71197623984211
alanine,7,CC(=O)N[C@@H](C)C(=O)N[C@@H](C)C(=O)N[C@@H](C)C(=O)N[C@@H](C)C(=O)N[C@@H](C)C(=O)N[C@@H](C)C(=O)N[C@@H](C)C(=O)NC,40,CNC(=O)[C@H](C)NC(=O)[C@H](C)NC(=O)[C@H](C)NC(=O)[C@H](C)NC(=O)[C@H](C)NC(=O)[C@H](C)NC(=O)[C@H](C)NC(C)=O,dual_solvai,-39.61811007705906,0.671158440812593,-40.21572672414317,-39.58000828552631,-39.18693737941909,-40.34421472763298,-38.763663268573765,False,-39.66089079636286
alanine,8,CC(=O)N[C@@H](C)C(=O)N[C@@H](C)C(=O)N[C@@H](C)C(=O)N[C@@H](C)C(=O)N[C@@H](C)C(=O)N[C@@H](C)C(=O)N[C@@H](C)C(=O)N[C@@H](C)C(=O)NC,45,CNC(=O)[C@H](C)NC(=O)[C@H](C)NC(=O)[C@H](C)NC(=O)[C@H](C)NC(=O)[C@H](C)NC(=O)[C@H](C)NC(=O)[C@H](C)NC(=O)[C@H](C)NC(C)=O,dual_solvai,-43.708070315335895,0.7715669286022842,-44.35704850714398,-43.68245905131815,-43.327205562254626,-44.53153396229406,-42.642104493668676,False,-43.78890437357225
alanine,9,CC(=O)N[C@@H](C)C(=O)N[C@@H](C)C(=O)N[C@@H](C)C(=O)N[C@@H](C)C(=O)N[C@@H](C)C(=O)N[C@@H](C)C(=O)N[C@@H](C)C(=O)N[C@@H](C)C(=O)N[C@@H](C)C(=O)NC,50,CNC(=O)[C@H](C)NC(=O)[C@H](C)NC(=O)[C@H](C)NC(=O)[C@H](C)NC(=O)[C@H](C)NC(=O)[C@H](C)NC(=O)[C@H](C)NC(=O)[C@H](C)NC(=O)[C@H](C)NC(C)=O,dual_solvai,-48.39020116095361,0.8842007613549219,-49.062780484241884,-48.35188816160994,-48.246586678424165,-49.270134850103815,-47.01961563038823,False,-48.553751774758666
alanine,10,CC(=O)N[C@@H](C)C(=O)N[C@@H](C)C(=O)N[C@@H](C)C(=O)N[C@@H](C)C(=O)N[C@@H](C)C(=O)N[C@@H](C)C(=O)N[C@@H](C)C(=O)N[C@@H](C)C(=O)N[C@@H](C)C(=O)N[C@@H](C)C(=O)NC,55,CNC(=O)[C@H](C)NC(=O)[C@H](C)NC(=O)[C@H](C)NC(=O)[C@H](C)NC(=O)[C@H](C)NC(=O)[C@H](C)NC(=O)[C@H](C)NC(=O)[C@H](C)NC(=O)[C@H](C)NC(=O)[C@H](C)NC(C)=O,dual_solvai,-52.19630736914545,1.0068553742303283,-52.93635612524018,-52.19707513148812,-52.043420229605815,-53.189034809323445,-50.61565055006971,False,-52.392283828778034
alanine,11,CC(=O)N[C@@H](C)C(=O)N[C@@H](C)C(=O)N[C@@H](C)C(=O)N[C@@H](C)C(=O)N[C@@H](C)C(=O)N[C@@H](C)C(=O)N[C@@H](C)C(=O)N[C@@H](C)C(=O)N[C@@H](C)C(=O)N[C@@H](C)C(=O)N[C@@H](C)C(=O)NC,60,CNC(=O)[C@H](C)NC(=O)[C@H](C)NC(=O)[C@H](C)NC(=O)[C@H](C)NC(=O)[C@H](C)NC(=O)[C@H](C)NC(=O)[C@H](C)NC(=O)[C@H](C)NC(=O)[C@H](C)NC(=O)[C@H](C)NC(=O)[C@H](C)NC(C)=O,dual_solvai,-54.93483857652875,1.0893888882611222,-55.78918831722104,-54.985481624473344,-54.761415989323176,-55.932307217450514,-53.205799734175656,False,-55.17869531033919
alanine,12,CC(=O)N[C@@H](C)C(=O)N[C@@H](C)C(=O)N[C@@H](C)C(=O)N[C@@H](C)C(=O)N[C@@H](C)C(=O)N[C@@H](C)C(=O)N[C@@H](C)C(=O)N[C@@H](C)C(=O)N[C@@H](C)C(=O)N[C@@H](C)C(=O)N[C@@H](C)C(=O)N[C@@H](C)C(=O)NC,65,CNC(=O)[C@H](C)NC(=O)[C@H](C)NC(=O)[C@H](C)NC(=O)[C@H](C)NC(=O)[C@H](C)NC(=O)[C@H](C)NC(=O)[C@H](C)NC(=O)[C@H](C)NC(=O)[C@H](C)NC(=O)[C@H](C)NC(=O)[C@H](C)NC(=O)[C@H](C)NC(C)=O,dual_solvai,-57.683568243289685,1.199295738440423,-58.76187728355992,-57.68808799288762,-57.41464948332544,-58.72349404420524,-55.829732412470264,False,-57.95487158659099
alkane,1,C,1,C,dual_solvai,2.0410119343029764,0.2787626873135561,1.7203029948252784,2.307298523020977,2.0198528626503256,1.8201834368828544,2.337421854135447,False,2.0158181268321935
alkane,2,CC,2,CC,dual_solvai,1.8261427408732729,0.09327476053898116,1.8083840905873947,1.806571386136361,1.8588745860080618,1.6999498541323916,1.9569337875021544,False,1.8246100209106058
alkane,3,CCC,3,CCC,dual_solvai,1.985754385912258,0.05400204057556787,1.9687434990770187,1.994673769811481,2.017634692857907,1.9031611568443818,2.0445588109705017,False,1.9936839872488024
alkane,4,CCCC,4,CCCC,dual_solvai,2.1307236714320097,0.03215667553548189,2.1207411756993446,2.141166263625741,2.1501883247632936,2.079833685948672,2.161688907122997,False,2.1373652546961264
alkane,5,CCCCC,5,CCCCC,dual_solvai,2.3754429184333126,0.03859021797378235,2.3433568911776135,2.3852344491360196,2.4126359798235084,2.327145594190031,2.4088416778393906,False,2.3804091067123805
alkane,6,CCCCCC,6,CCCCCC,dual_solvai,2.568912077950343,0.025559119585377984,2.5504246875501444,2.574045939866826,2.597014789303384,2.535591363000953,2.587483610030408,False,2.5738284722401183
alkane,7,CCCCCCC,7,CCCCCCC,dual_solvai,2.8419709743974124,0.022881814416778667,2.8169837001997697,2.8659468412141678,2.866730944114952,2.8299378605652796,2.830255525892891,False,2.8498871618429633
alkane,8,CCCCCCCC,8,CCCCCCCC,dual_solvai,2.995652338228311,0.04388337450488533,2.9374056871464562,3.045019237361603,3.0153428327061347,2.963534727356545,3.016959206570813,False,2.9992559190713983
alkane,9,CCCCCCCCC,9,CCCCCCCCC,dual_solvai,3.1315431023238745,0.02674226929970697,3.10144416010212,3.1746083993574956,3.131282141171825,3.122088138340632,3.128292672647298,False,3.135778233543814
alkane,10,CCCCCCCCCC,10,CCCCCCCCCC,dual_solvai,3.1917023303724292,0.0574026381853829,3.1148080538652394,3.2572349192639285,3.1535906613381277,3.204259195675614,3.2286188217192384,False,3.1752112114890987
alkane,11,CCCCCCCCCCC,11,CCCCCCCCCCC,dual_solvai,3.2450620570765394,0.04243805399090543,3.188099725085051,3.2881112574409697,3.212989199822906,3.2712164617350528,3.264893641298719,False,3.229733394116309
alkane,12,CCCCCCCCCCCC,12,CCCCCCCCCCCC,dual_solvai,3.2502850603958953,0.03751460323489034,3.20223735646955,3.2801812089747253,3.220963148296037,3.2591829820695297,3.288860606169634,False,3.234460571246771
alkane,13,CCCCCCCCCCCCC,13,CCCCCCCCCCCCC,dual_solvai,3.249283408572095,0.04839720722325209,3.2175035838644312,3.2483854095423332,3.1880210709060455,3.2864314724552317,3.3060755060924336,False,3.2179700214376035
alkane,14,CCCCCCCCCCCCCC,14,CCCCCCCCCCCCCC,dual_solvai,3.263215075757617,0.05241427011275979,3.234338626783196,3.2493329180243062,3.20129472576612,3.297533906141364,3.3335752020730993,False,3.2283220901912073
alkane,15,CCCCCCCCCCCCCCC,15,CCCCCCCCCCCCCCC,dual_solvai,3.3394601199407377,0.02460855329716913,3.3448672594000906,3.309388127445433,3.318402262192853,3.362171178781299,3.3624717718840103,False,3.3242192163461257
alkane,16,CCCCCCCCCCCCCCCC,16,CCCCCCCCCCCCCCCC,dual_solvai,3.424321150197707,0.0422700596414692,3.4546465432883195,3.3862289922775775,3.371737112226394,3.4642484503501683,3.444744652846077,False,3.4042042159307635
alkane,17,CCCCCCCCCCCCCCCCC,17,CCCCCCCCCCCCCCCCC,dual_solvai,3.5874391863423107,0.04453082766033391,3.597282543442037,3.57504414134229,3.5182985046625728,3.6361523412063823,3.610418401058273,False,3.563541729815633
alkane,18,CCCCCCCCCCCCCCCCCC,18,CCCCCCCCCCCCCCCCCC,dual_solvai,3.7632066436379525,0.050330673869447236,3.7743702934447994,3.80841291961855,3.6793694590971535,3.793652152025186,3.7602283940040744,False,3.7540508907201677
alkane,19,CCCCCCCCCCCCCCCCCCC,19,CCCCCCCCCCCCCCCCCCC,dual_solvai,4.084501282374199,0.07832287655587704,4.050408658970382,4.1910039185261825,3.989451060518806,4.132847994125227,4.058794779730396,False,4.0769545460051235
alkane,20,CCCCCCCCCCCCCCCCCCCC,20,CCCCCCCCCCCCCCCCCCCC,dual_solvai,4.381889318748999,0.12287883414587636,4.323756929629513,4.523518423466984,4.213552669285728,4.474421753264973,4.374196818097798,False,4.353609340794075
alkane,21,CCCCCCCCCCCCCCCCCCCCC,21,CCCCCCCCCCCCCCCCCCCCC,dual_solvai,4.665798955509383,0.16353196213854623,4.565289889742082,4.857881606475572,4.440887635504326,4.748254143444494,4.716681502380442,False,4.621353043907327
alkane,22,CCCCCCCCCCCCCCCCCCCCCC,22,CCCCCCCCCCCCCCCCCCCCCC,dual_solvai,4.949902240077924,0.1708716762045718,4.8445158835454984,5.1516415511701075,4.71910331942703,5.0537140496966755,4.980536396550305,False,4.905086918047545
alkane,23,CCCCCCCCCCCCCCCCCCCCCCC,23,CCCCCCCCCCCCCCCCCCCCCCC,dual_solvai,5.20269823473515,0.17754793054992743,5.109567662625346,5.4011368750317645,4.956623696965681,5.334650924324042,5.2115120147289185,False,5.155776078207597
alkane,24,CCCCCCCCCCCCCCCCCCCCCCCC,24,CCCCCCCCCCCCCCCCCCCCCCCC,dual_solvai,5.4203991005535155,0.16985644848103726,5.331168190444356,5.627999916176331,5.2054013776592045,5.550725538776178,5.386700479711508,False,5.388189828093297
alkane,25,CCCCCCCCCCCCCCCCCCCCCCCCC,25,CCCCCCCCCCCCCCCCCCCCCCCCC,dual_solvai,5.626160627832237,0.1798480136871805,5.532787508184383,5.843667845842448,5.397203556359172,5.766430051781367,5.590714176993818,False,5.591219636795334
alkane,26,CCCCCCCCCCCCCCCCCCCCCCCCCC,26,CCCCCCCCCCCCCCCCCCCCCCCCCC,dual_solvai,5.777605896034572,0.18655100100672994,5.6945529363390195,6.008142879977707,5.5375177339264345,5.916724773969878,5.731091155959821,False,5.746737850081054
alkane,27,CCCCCCCCCCCCCCCCCCCCCCCCCCC,27,CCCCCCCCCCCCCCCCCCCCCCCCCCC,dual_solvai,5.900451895028191,0.19180511316569426,5.836773105871949,6.144788968080651,5.651501053196392,6.032303736545706,5.836892611446252,False,5.877687709049664
alkane,28,CCCCCCCCCCCCCCCCCCCCCCCCCCCC,28,CCCCCCCCCCCCCCCCCCCCCCCCCCCC,dual_solvai,6.010235203083717,0.19947608078867146,5.947459656569172,6.277736480603383,5.759991993826957,6.133012791233269,5.932975093185804,False,5.99506271033317
alkane,29,CCCCCCCCCCCCCCCCCCCCCCCCCCCCC,29,CCCCCCCCCCCCCCCCCCCCCCCCCCCCC,dual_solvai,6.088092109186364,0.20989380963494844,6.036559598324453,6.381161238494749,5.825570068003368,6.194861803713576,6.002307837395672,False,6.081096968274189
alkane,30,CCCCCCCCCCCCCCCCCCCCCCCCCCCCCC,30,CCCCCCCCCCCCCCCCCCCCCCCCCCCCCC,dual_solvai,6.149728206633268,0.2217022230893261,6.1066996148831825,6.46483099328706,5.87377837278824,6.249927045685237,6.053405006522621,False,6.148436326986161
glycine,0,CC(=O)NC,5,CNC(C)=O,dual_structure,-9.899330330220272,0.14916345696586328,-9.75430336496925,-9.898664879282547,-9.781240896972838,-9.933164797194703,-10.129277712682025,False,-9.811403047074878
glycine,1,CC(=O)NCC(=O)NC,9,CNC(=O)CNC(C)=O,dual_structure,-13.31007819805717,0.21205505124578566,-13.005050097150505,-13.174119388950931,-13.456854334693706,-13.415235908720394,-13.499131260770316,False,-13.212007940265048
glycine,2,CC(=O)NCC(=O)NCC(=O)NC,13,CNC(=O)CNC(=O)CNC(C)=O,dual_structure,-17.09571029664826,0.266439288791197,-16.807229693615255,-16.951532674586037,-17.352276326341354,-17.405816043073703,-16.961696745624963,False,-17.03701289818088
glycine,3,CC(=O)NCC(=O)NCC(=O)NCC(=O)NC,17,CNC(=O)CNC(=O)CNC(=O)CNC(C)=O,dual_structure,-21.528482274259055,0.399271223616655,-21.262636514776872,-21.392231773995942,-21.826777211609453,-22.056862025481657,-21.10390384543133,False,-21.493881833460758
glycine,4,CC(=O)NCC(=O)NCC(=O)NCC(=O)NCC(=O)NC,21,CNC(=O)CNC(=O)CNC(=O)CNC(=O)CNC(C)=O,dual_structure,-25.715540303879163,0.5393973245782234,-25.411693235102216,-25.598870670021125,-26.092475030788357,-26.41365723672919,-25.06100534675492,False,-25.701012978637234
glycine,5,CC(=O)NCC(=O)NCC(=O)NCC(=O)NCC(=O)NCC(=O)NC,25,CNC(=O)CNC(=O)CNC(=O)CNC(=O)CNC(=O)CNC(C)=O,dual_structure,-29.796051797340397,0.6737322461873912,-29.425568420332144,-29.71062335949442,-30.271053286300432,-30.63659401031109,-28.93641991026392,False,-29.80241502204233
glycine,6,CC(=O)NCC(=O)NCC(=O)NCC(=O)NCC(=O)NCC(=O)NCC(=O)NC,29,CNC(=O)CNC(=O)CNC(=O)CNC(=O)CNC(=O)CNC(=O)CNC(C)=O,dual_structure,-34.234600040301785,0.8005078277951768,-33.817734842684075,-34.19303356266995,-34.75555605647091,-35.23153944225164,-33.17513629743235,False,-34.25544148727498
glycine,7,CC(=O)NCC(=O)NCC(=O)NCC(=O)NCC(=O)NCC(=O)NCC(=O)NCC(=O)NC,33,CNC(=O)CNC(=O)CNC(=O)CNC(=O)CNC(=O)CNC(=O)CNC(=O)CNC(C)=O,dual_structure,-38.371455729268654,0.9305793321609888,-37.889221470285094,-38.379513819421646,-38.989994631857144,-39.49055226593739,-37.10799645884198,False,-38.41957664052129
glycine,8,CC(=O)NCC(=O)NCC(=O)NCC(=O)NCC(=O)NCC(=O)NCC(=O)NCC(=O)NCC(=O)NC,37,CNC(=O)CNC(=O)CNC(=O)CNC(=O)CNC(=O)CNC(=O)CNC(=O)CNC(=O)CNC(C)=O,dual_structure,-42.39900137664312,1.064016127275026,-41.84993374717512,-42.456956214623645,-43.13515034879274,-43.62773281495522,-40.9252337576689,False,-42.480680103530496
glycine,9,CC(=O)NCC(=O)NCC(=O)NCC(=O)NCC(=O)NCC(=O)NCC(=O)NCC(=O)NCC(=O)NCC(=O)NC,41,CNC(=O)CNC(=O)CNC(=O)CNC(=O)CNC(=O)CNC(=O)CNC(=O)CNC(=O)CNC(=O)CNC(C)=O,dual_structure,-46.410792287101636,1.2000815582386237,-45.79716140528309,-46.51913116298613,-47.270289547490336,-47.74548273314711,-44.72189658660154,False,-46.52886070525318
glycine,10,CC(=O)NCC(=O)NCC(=O)NCC(=O)NCC(=O)NCC(=O)NCC(=O)NCC(=O)NCC(=O)NCC(=O)NCC(=O)NC,45,CNC(=O)CNC(=O)CNC(=O)CNC(=O)CNC(=O)CNC(=O)CNC(=O)CNC(=O)CNC(=O)CNC(=O)CNC(C)=O,dual_structure,-50.412333033729944,1.3384710615160116,-49.73579197870907,-50.57059938744678,-51.39941200635517,-51.85110893277042,-48.50475286336829,False,-50.568601124170335
glycine,11,CC(=O)NCC(=O)NCC(=O)NCC(=O)NCC(=O)NCC(=O)NCC(=O)NCC(=O)NCC(=O)NCC(=O)NCC(=O)NCC(=O)NC,49,CNC(=O)CNC(=O)CNC(=O)CNC(=O)CNC(=O)CNC(=O)CNC(=O)CNC(=O)CNC(=O)CNC(=O)CNC(=O)CNC(C)=O,dual_structure,-54.40589324688408,1.4786680065111133,-53.66785218443765,-54.61314127717378,-55.52337865330008,-55.94793561990221,-52.277158499606706,False,-54.60145737163717
glycine,12,CC(=O)NCC(=O)NCC(=O)NCC(=O)NCC(=O)NCC(=O)NCC(=O)NCC(=O)NCC(=O)NCC(=O)NCC(=O)NCC(=O)NCC(=O)NC,53,CNC(=O)CNC(=O)CNC(=O)CNC(=O)CNC(=O)CNC(=O)CNC(=O)CNC(=O)CNC(=O)CNC(=O)CNC(=O)CNC(=O)CNC(C)=O,dual_structure,-58.39350061910437,1.6201667455400157,-57.59531752277875,-58.64862502134909,-59.64315528847657,-60.03848948382773,-56.04191577908974,False,-58.62903261086814
alanine,0,CC(=O)NC,5,CNC(C)=O,dual_structure,-9.899330330220272,0.14916345696586328,-9.75430336496925,-9.898664879282547,-9.781240896972838,-9.933164797194703,-10.129277712682025,False,-9.811403047074878
alanine,1,CC(=O)N[C@@H](C)C(=O)NC,10,CNC(=O)[C@H](C)NC(C)=O,dual_structure,-13.252651013770535,0.2195592539940677,-12.920798057544626,-13.145650234484851,-13.42504756025959,-13.440785103006185,-13.330974113557428,False,-13.16383195076302
alanine,2,CC(=O)N[C@@H](C)C(=O)N[C@@H](C)C(=O)NC,15,CNC(=O)[C@H](C)NC(=O)[C@H](C)NC(C)=O,dual_structure,-17.79978860654459,0.33997332541309017,-17.43373888634297,-17.683344569944165,-18.1054760611658,-18.20889472183399,-17.56748879343602,False,-17.74085317248431
alanine,3,CC(=O)N[C@@H](C)C(=O)N[C@@H](C)C(=O)N[C@@H](C)C(=O)NC,20,CNC(=O)[C@H](C)NC(=O)[C@H](C)NC(=O)[C@H](C)NC(C)=O,dual_structure,-22.56088434566098,0.47377796640987513,-22.21003524673284,-22.466080817455396,-22.89982629938786,-23.18222041035494,-22.04625895437386,False,-22.525314121192036
alanine,4,CC(=O)N[C@@H](C)C(=O)N[C@@H](C)C(=O)N[C@@H](C)C(=O)N[C@@H](C)C(=O)NC,25,CNC(=O)[C@H](C)NC(=O)[C@H](C)NC(=O)[C@H](C)NC(=O)[C@H](C)NC(C)=O,dual_structure,-26.936882883254356,0.6110307124122624,-26.512981002310546,-26.88786755000955,-27.371969998175064,-27.704571083685003,-26.20702478209162,False,-26.924272850165053
alanine,5,CC(=O)N[C@@H](C)C(=O)N[C@@H](C)C(=O)N[C@@H](C)C(=O)N[C@@H](C)C(=O)N[C@@H](C)C(=O)NC,30,CNC(=O)[C@H](C)NC(=O)[C@H](C)NC(=O)[C@H](C)NC(=O)[C@H](C)NC(=O)[C@H](C)NC(C)=O,dual_structure,-31.184286106229973,0.7423276738786219,-30.68097447838436,-31.17620557829568,-31.728050614866053,-32.07766295304462,-30.258536906559154,False,-31.195076890515363
alanine,6,CC(=O)N[C@@H](C)C(=O)N[C@@H](C)C(=O)N[C@@H](C)C(=O)N[C@@H](C)C(=O)N[C@@H](C)C(=O)N[C@@H](C)C(=O)NC,35,CNC(=O)[C@H](C)NC(=O)[C@H](C)NC(=O)[C@H](C)NC(=O)[C@H](C)NC(=O)[C@H](C)NC(=O)[C@H](C)NC(C)=O,dual_structure,-35.5280732576591,0.8692423946822416,-34.96978809007843,-35.55857498244404,-36.15817347095015,-36.55103219369075,-34.40279755113212,False,-35.56217884782421
alanine,7,CC(=O)N[C@@H](C)C(=O)N[C@@H](C)C(=O)N[C@@H](C)C(=O)N[C@@H](C)C(=O)N[C@@H](C)C(=O)N[C@@H](C)C(=O)N[C@@H](C)C(=O)NC,40,CNC(=O)[C@H](C)NC(=O)[C@H](C)NC(=O)[C@H](C)NC(=O)[C@H](C)NC(=O)[C@H](C)NC(=O)[C@H](C)NC(=O)[C@H](C)NC(C)=O,dual_structure,-39.66380413089396,1.0053000606172997,-39.037255428160044,-39.737392249104715,-40.41275971060816,-40.80362586081395,-38.32798740578291,False,-39.72913579595764
alanine,8,CC(=O)N[C@@H](C)C(=O)N[C@@H](C)C(=O)N[C@@H](C)C(=O)N[C@@H](C)C(=O)N[C@@H](C)C(=O)N[C@@H](C)C(=O)N[C@@H](C)C(=O)N[C@@H](C)C(=O)NC,45,CNC(=O)[C@H](C)NC(=O)[C@H](C)NC(=O)[C@H](C)NC(=O)[C@H](C)NC(=O)[C@H](C)NC(=O)[C@H](C)NC(=O)[C@H](C)NC(=O)[C@H](C)NC(C)=O,dual_structure,-43.779217105385904,1.1454599791551692,-43.08709447458734,-43.89653987379084,-44.654046687068735,-45.033691507736414,-42.22471298374618,False,-43.87922701181564
alanine,9,CC(=O)N[C@@H](C)C(=O)N[C@@H](C)C(=O)N[C@@H](C)C(=O)N[C@@H](C)C(=O)N[C@@H](C)C(=O)N[C@@H](C)C(=O)N[C@@H](C)C(=O)N[C@@H](C)C(=O)N[C@@H](C)C(=O)NC,50,CNC(=O)[C@H](C)NC(=O)[C@H](C)NC(=O)[C@H](C)NC(=O)[C@H](C)NC(=O)[C@H](C)NC(=O)[C@H](C)NC(=O)[C@H](C)NC(=O)[C@H](C)NC(=O)[C@H](C)NC(C)=O,dual_structure,-47.87729494271396,1.2894860183425456,-47.12027834617964,-48.039427423703955,-48.885322023069854,-49.243980201556376,-46.09746671905998,False,-48.01500926431782
alanine,10,CC(=O)N[C@@H](C)C(=O)N[C@@H](C)C(=O)N[C@@H](C)C(=O)N[C@@H](C)C(=O)N[C@@H](C)C(=O)N[C@@H](C)C(=O)N[C@@H](C)C(=O)N[C@@H](C)C(=O)N[C@@H](C)C(=O)N[C@@H](C)C(=O)NC,55,CNC(=O)[C@H](C)NC(=O)[C@H](C)NC(=O)[C@H](C)NC(=O)[C@H](C)NC(=O)[C@H](C)NC(=O)[C@H](C)NC(=O)[C@H](C)NC(=O)[C@H](C)NC(=O)[C@H](C)NC(=O)[C@H](C)NC(C)=O,dual_structure,-51.96636888862954,1.4359925198654577,-51.14482123308306,-52.17334473887654,-53.11321461965142,-53.44287440469994,-49.95758944683675,False,-52.143793530537
alanine,11,CC(=O)N[C@@H](C)C(=O)N[C@@H](C)C(=O)N[C@@H](C)C(=O)N[C@@H](C)C(=O)N[C@@H](C)C(=O)N[C@@H](C)C(=O)N[C@@H](C)C(=O)N[C@@H](C)C(=O)N[C@@H](C)C(=O)N[C@@H](C)C(=O)N[C@@H](C)C(=O)NC,60,CNC(=O)[C@H](C)NC(=O)[C@H](C)NC(=O)[C@H](C)NC(=O)[C@H](C)NC(=O)[C@H](C)NC(=O)[C@H](C)NC(=O)[C@H](C)NC(=O)[C@H](C)NC(=O)[C@H](C)NC(=O)[C@H](C)NC(=O)[C@H](C)NC(C)=O,dual_structure,-56.045748737468806,1.5849379015322722,-55.15989147405601,-56.29774550811177,-57.33589774874908,-57.63072043944367,-53.804488516983504,False,-56.26451157697229
alanine,12,CC(=O)N[C@@H](C)C(=O)N[C@@H](C)C(=O)N[C@@H](C)C(=O)N[C@@H](C)C(=O)N[C@@H](C)C(=O)N[C@@H](C)C(=O)N[C@@H](C)C(=O)N[C@@H](C)C(=O)N[C@@H](C)C(=O)N[C@@H](C)C(=O)N[C@@H](C)C(=O)N[C@@H](C)C(=O)NC,65,CNC(=O)[C@H](C)NC(=O)[C@H](C)NC(=O)[C@H](C)NC(=O)[C@H](C)NC(=O)[C@H](C)NC(=O)[C@H](C)NC(=O)[C@H](C)NC(=O)[C@H](C)NC(=O)[C@H](C)NC(=O)[C@H](C)NC(=O)[C@H](C)NC(=O)[C@H](C)NC(C)=O,dual_structure,-60.1203873855643,1.7353595940285031,-59.17086925883142,-60.41672706538576,-61.55682487757128,-61.812791184392516,-57.64472454164056,False,-60.38147373392948
alkane,1,C,1,C,dual_structure,2.0473541439090184,0.20478863436940375,2.2589615668270335,1.865679696797832,2.0673215742636195,1.812253388416611,2.232554493239995,False,2.063987612629495
alkane,2,CC,2,CC,dual_structure,1.8846580356083813,0.15853007366693878,2.0967925024979657,1.6876755341513086,1.9259190423589558,1.774505479717151,1.9383976193165262,False,1.90346235966941
alkane,3,CCC,3,CCC,dual_structure,2.0093996612882643,0.13806818490823694,2.1878783098425556,1.8461435840108935,2.042653428727152,1.897231607303076,2.0730913765576426,False,2.0255584408602005
alkane,4,CCCC,4,CCCC,dual_structure,2.188314871022152,0.10175939632715908,2.3072210882866075,2.049523779804934,2.2143317223257526,2.1247403443822677,2.2457574203111967,False,2.1903588634724316
alkane,5,CCCCC,5,CCCCC,dual_structure,2.3959915361013095,0.08556943758758473,2.497134956968126,2.28583080993102,2.372265045712563,2.358399960204153,2.4663269076906866,False,2.3850769375372365
alkane,6,CCCCCC,6,CCCCCC,dual_structure,2.6308455979439063,0.08587753492630018,2.7377941849991823,2.5054851041113837,2.630674509861511,2.6071684950629077,2.673105695684546,False,2.6246512663240256
alkane,7,CCCCCCC,7,CCCCCCC,dual_structure,2.8324105284531784,0.08472591385095167,2.9389616985016653,2.7062087397664563,2.8183891101424647,2.830938414888908,2.867554678966397,False,2.821186516136862
alkane,8,CCCCCCCC,8,CCCCCCCC,dual_structure,2.93097531169325,0.08426206310712255,3.037178208353769,2.806068451265224,2.908854220167461,2.9414652183388483,2.9613104603409477,False,2.917366959928818
alkane,9,CCCCCCCCC,9,CCCCCCCCC,dual_structure,3.026805124504275,0.08546903788768216,3.132143678806978,2.9008650286363835,2.996914585370769,3.045175935997296,3.058926393709947,False,3.0099744309380436
alkane,10,CCCCCCCCCC,10,CCCCCCCCCC,dual_structure,3.099643650097444,0.08714855171554967,3.2053652319602337,2.9721281537046345,3.0648278960246307,3.119955939395034,3.1359410294026855,False,3.0807737605631664
alkane,11,CCCCCCCCCCC,11,CCCCCCCCCCC,dual_structure,3.166538480591532,0.08818022552488769,3.2720249535285504,3.038759828046329,3.1271439558004275,3.18754121944188,3.207222446140472,False,3.145976245791769
alkane,12,CCCCCCCCCCCC,12,CCCCCCCCCCCC,dual_structure,3.235577582533112,0.0893446398074773,3.339687058587449,3.106418884493638,3.194054882963707,3.2535491478523912,3.2841779387683765,False,3.2133869420149317
alkane,13,CCCCCCCCCCCCC,13,CCCCCCCCCCCCC,dual_structure,3.3091647251881646,0.08983580170093267,3.4113074809339734,3.180153214116224,3.265254596910899,3.324909218769184,3.3641991152105417,False,3.2855717639870323
alkane,14,CCCCCCCCCCCCCC,14,CCCCCCCCCCCCCC,dual_structure,3.395652860422608,0.09083257793659284,3.4950369885134362,3.2653375191461302,3.351112645102054,3.407784505381308,3.4589926439701113,False,3.370495717587207
alkane,15,CCCCCCCCCCCCCCC,15,CCCCCCCCCCCCCCC,dual_structure,3.497540508350619,0.0921154703776807,3.5950046208624675,3.3660697432817734,3.451127226069562,3.5080070016592106,3.56749394988008,False,3.4707338634046008
alkane,16,CCCCCCCCCCCCCCCC,16,CCCCCCCCCCCCCCCC,dual_structure,3.6210137896648633,0.09475855488738989,3.7168875024827743,3.4855058092404603,3.5735911730588006,3.630452656978913,3.698631806563367,False,3.591994828260679
alkane,17,CCCCCCCCCCCCCCCCC,17,CCCCCCCCCCCCCCCCC,dual_structure,3.7671142320287316,0.09844100744742833,3.8633995074112066,3.6263163007744703,3.7166911718964206,3.7783968996320274,3.8507672804295323,False,3.735468993360699
alkane,18,CCCCCCCCCCCCCCCCCC,18,CCCCCCCCCCCCCCCCCC,dual_structure,3.9376099082195872,0.10361148454325703,4.034683920392461,3.787882349731162,3.8848428316084496,3.9531817284401862,4.027458710925678,False,3.9024697005773574
alkane,19,CCCCCCCCCCCCCCCCCCC,19,CCCCCCCCCCCCCCCCCCC,dual_structure,4.130425689300786,0.10960150752402603,4.229754820438543,3.9705130853257,4.073723830683492,4.1535816015444675,4.224555108511729,False,4.091330578815911
alkane,20,CCCCCCCCCCCCCCCCCCCC,20,CCCCCCCCCCCCCCCCCCCC,dual_structure,4.341833854965321,0.11627000704958168,4.442372309348344,4.169053915082789,4.283012845460031,4.375229687704274,4.439500517231168,False,4.2981463566303875
alkane,21,CCCCCCCCCCCCCCCCCCCCC,21,CCCCCCCCCCCCCCCCCCCCC,dual_structure,4.566387633803179,0.1226484702253375,4.668182969772263,4.381350080331074,4.505510274808633,4.611261733064999,4.665633111038923,False,4.518347774970657
alkane,22,CCCCCCCCCCCCCCCCCCCCCC,22,CCCCCCCCCCCCCCCCCCCCCC,dual_structure,4.79633294320905,0.12834344797294175,4.897264180709247,4.5989288797414,4.736766365253467,4.851876451366851,4.896828838974286,False,4.744319808568037
alkane,23,CCCCCCCCCCCCCCCCCCCCCCC,23,CCCCCCCCCCCCCCCCCCCCCCC,dual_structure,5.024747605708136,0.1320899584621881,5.1244930552445345,4.818642316986598,4.967736495931217,5.086847579894479,5.1260185804838505,False,4.970290622720783
alkane,24,CCCCCCCCCCCCCCCCCCCCCCCC,24,CCCCCCCCCCCCCCCCCCCCCCCC,dual_structure,5.243325739997456,0.13374734308984576,5.34025610159224,5.031470160096066,5.192169183916746,5.305551316981281,5.347181937400948,False,5.187965148535017
alkane,25,CCCCCCCCCCCCCCCCCCCCCCCCC,25,CCCCCCCCCCCCCCCCCCCCCCCCC,dual_structure,5.446781663303376,0.13245162556090115,5.541388860922605,5.235477150432879,5.401944147380628,5.5000131044318055,5.5550850533489635,False,5.392936719578704
alkane,26,CCCCCCCCCCCCCCCCCCCCCCCCCC,26,CCCCCCCCCCCCCCCCCCCCCCCCCC,dual_structure,5.629793109513193,0.12949700565784453,5.721692896152141,5.423805741087931,5.592543953669753,5.664457652451172,5.746465304204965,False,5.5793475303032745
alkane,27,CCCCCCCCCCCCCCCCCCCCCCCCCCC,27,CCCCCCCCCCCCCCCCCCCCCCCCCCC,dual_structure,5.790488474999963,0.1256426187578007,5.880977973917674,5.596873591848962,5.759322518721933,5.796475338439149,5.9187929520721,False,5.745724694829523
alkane,28,CCCCCCCCCCCCCCCCCCCCCCCCCCCC,28,CCCCCCCCCCCCCCCCCCCCCCCCCCCC,dual_structure,5.927345648969355,0.1242399751252823,6.016827764673477,5.750697386813315,5.901214657647848,5.896160059632689,6.071828376079444,False,5.889579936378213
alkane,29,CCCCCCCCCCCCCCCCCCCCCCCCCCCCC,29,CCCCCCCCCCCCCCCCCCCCCCCCCCCCC,dual_structure,6.0411212968178445,0.1273244214389546,6.130895835345618,5.88746054160129,6.017058239709633,5.9652452565814995,6.20494661085118,False,6.011804872218847
alkane,30,CCCCCCCCCCCCCCCCCCCCCCCCCCCCCC,30,CCCCCCCCCCCCCCCCCCCCCCCCCCCCCC,dual_structure,6.132796217865961,0.13763159055931076,6.223206574826812,6.005279623972981,6.108543415172428,6.007167324269111,6.3197841510884745,False,6.112343204657407
glycine,0,CC(=O)NC,5,CNC(C)=O,ridge_residual_solvai,-10.00578796981789,0.1285462377977303,-10.052443440472443,-9.961146097591197,-10.207224080291763,-9.885972887605083,-9.922153343128961,False,-10.073604539451802
glycine,1,CC(=O)NCC(=O)NC,9,CNC(=O)CNC(C)=O,ridge_residual_solvai,-15.247988413976534,0.14404318560292764,-15.217550062681354,-15.171516132478036,-15.489786809555003,-15.11475913972015,-15.24632992544813,False,-15.292951001571465
glycine,2,CC(=O)NCC(=O)NCC(=O)NC,13,CNC(=O)CNC(=O)CNC(C)=O,ridge_residual_solvai,-21.7071319289643,0.1748251293871941,-21.70905112141815,-21.564896083851654,-22.00536316367016,-21.610707417774393,-21.645641858107144,False,-21.75977012297999
glycine,3,CC(=O)NCC(=O)NCC(=O)NCC(=O)NC,17,CNC(=O)CNC(=O)CNC(=O)CNC(C)=O,ridge_residual_solvai,-27.687126819563893,0.2605828151582026,-27.63923259227187,-27.44672923290635,-28.13211656612054,-27.63363506511338,-27.583920641407342,False,-27.739359463766252
glycine,4,CC(=O)NCC(=O)NCC(=O)NCC(=O)NCC(=O)NC,21,CNC(=O)CNC(=O)CNC(=O)CNC(=O)CNC(C)=O,ridge_residual_solvai,-32.54957748459765,0.3377148888393413,-32.42276123109665,-32.21961827444573,-33.11438440404776,-32.5521642658281,-32.43895924757,False,-32.58558796986338
glycine,5,CC(=O)NCC(=O)NCC(=O)NCC(=O)NCC(=O)NCC(=O)NC,25,CNC(=O)CNC(=O)CNC(=O)CNC(=O)CNC(=O)CNC(C)=O,ridge_residual_solvai,-38.50493639822919,0.39370824164635354,-38.307609075936774,-38.10925470688601,-39.15085241212634,-38.5328684330624,-38.424097363134415,False,-38.522572064983045
glycine,6,CC(=O)NCC(=O)NCC(=O)NCC(=O)NCC(=O)NCC(=O)NCC(=O)NC,29,CNC(=O)CNC(=O)CNC(=O)CNC(=O)CNC(=O)CNC(=O)CNC(C)=O,ridge_residual_solvai,-45.20332737066305,0.4118388155104737,-44.97355836818153,-44.78500543782115,-45.858445967327626,-45.30338172076873,-45.09624535921618,False,-45.20566992444344
glycine,7,CC(=O)NCC(=O)NCC(=O)NCC(=O)NCC(=O)NCC(=O)NCC(=O)NCC(=O)NC,33,CNC(=O)CNC(=O)CNC(=O)CNC(=O)CNC(=O)CNC(=O)CNC(=O)CNC(C)=O,ridge_residual_solvai,-51.14568283740659,0.4246603974935302,-50.92084922841632,-50.67679358032121,-51.80410745899084,-51.25496317790057,-51.07170074140399,False,-51.13391675590946
glycine,8,CC(=O)NCC(=O)NCC(=O)NCC(=O)NCC(=O)NCC(=O)NCC(=O)NCC(=O)NCC(=O)NC,37,CNC(=O)CNC(=O)CNC(=O)CNC(=O)CNC(=O)CNC(=O)CNC(=O)CNC(=O)CNC(C)=O,ridge_residual_solvai,-56.97044433506896,0.440140222700025,-56.74136570973568,-56.45685993984359,-57.637281585091,-57.082858976002555,-56.933855464671986,False,-56.94516907822342
glycine,9,CC(=O)NCC(=O)NCC(=O)NCC(=O)NCC(=O)NCC(=O)NCC(=O)NCC(=O)NCC(=O)NCC(=O)NC,41,CNC(=O)CNC(=O)CNC(=O)CNC(=O)CNC(=O)CNC(=O)CNC(=O)CNC(=O)CNC(=O)CNC(C)=O,ridge_residual_solvai,-63.73616977636883,0.45030376029001856,-63.49913346690525,-63.18510661911816,-64.39585916782164,-63.86283449672539,-63.7379151312737,False,-63.69336641794835
glycine,10,CC(=O)NCC(=O)NCC(=O)NCC(=O)NCC(=O)NCC(=O)NCC(=O)NCC(=O)NCC(=O)NCC(=O)NCC(=O)NC,45,CNC(=O)CNC(=O)CNC(=O)CNC(=O)CNC(=O)CNC(=O)CNC(=O)CNC(=O)CNC(=O)CNC(=O)CNC(C)=O,ridge_residual_solvai,-70.98624442807777,0.4619372247985859,-70.74492365323721,-70.40382467724487,-71.64900237666127,-71.11083629833486,-71.02263513491069,False,-70.93258356904778
glycine,11,CC(=O)NCC(=O)NCC(=O)NCC(=O)NCC(=O)NCC(=O)NCC(=O)NCC(=O)NCC(=O)NCC(=O)NCC(=O)NCC(=O)NC,49,CNC(=O)CNC(=O)CNC(=O)CNC(=O)CNC(=O)CNC(=O)CNC(=O)CNC(=O)CNC(=O)CNC(=O)CNC(=O)CNC(C)=O,ridge_residual_solvai,-75.99819165829982,0.4725163736484606,-75.75971510850614,-75.38536096271358,-76.66334084635567,-76.11252525923064,-76.07001611469312,False,-75.93613897252511
glycine,12,CC(=O)NCC(=O)NCC(=O)NCC(=O)NCC(=O)NCC(=O)NCC(=O)NCC(=O)NCC(=O)NCC(=O)NCC(=O)NCC(=O)NCC(=O)NC,53,CNC(=O)CNC(=O)CNC(=O)CNC(=O)CNC(=O)CNC(=O)CNC(=O)CNC(=O)CNC(=O)CNC(=O)CNC(=O)CNC(=O)CNC(C)=O,ridge_residual_solvai,-79.90685991874857,0.47436139257711823,-79.67936376862448,-79.27695481278847,-80.56358677044409,-79.99962360760203,-80.01477063428378,False,-79.83996845061903
alanine,0,CC(=O)NC,5,CNC(C)=O,ridge_residual_solvai,-10.005788579540205,0.12854623779773006,-10.052444050194762,-9.961146707313514,-10.20722469001408,-9.885973497327402,-9.922153952851279,False,-10.073605149174119
alanine,1,CC(=O)N[C@@H](C)C(=O)NC,10,CNC(=O)[C@H](C)NC(C)=O,ridge_residual_solvai,-14.905721063785057,0.14788368795571152,-14.944026363479075,-14.76684556413446,-15.126256168541968,-14.771937802975838,-14.91953941979395,False,-14.945709365385168
alanine,2,CC(=O)N[C@@H](C)C(=O)N[C@@H](C)C(=O)NC,15,CNC(=O)[C@H](C)NC(=O)[C@H](C)NC(C)=O,ridge_residual_solvai,-20.957984482974343,0.23422191262051348,-21.011756016131944,-20.7320498660032,-21.33432949407922,-20.817027780028507,-20.894759258628838,False,-21.02604512540479
alanine,3,CC(=O)N[C@@H](C)C(=O)N[C@@H](C)C(=O)N[C@@H](C)C(=O)NC,20,CNC(=O)[C@H](C)NC(=O)[C@H](C)NC(=O)[C@H](C)NC(C)=O,ridge_residual_solvai,-27.065952905756916,0.31504668780113354,-27.101324893304575,-26.713936570619193,-27.564097997238648,-27.03533236038259,-26.91507270723958,False,-27.126453153720803
alanine,4,CC(=O)N[C@@H](C)C(=O)N[C@@H](C)C(=O)N[C@@H](C)C(=O)N[C@@H](C)C(=O)NC,25,CNC(=O)[C@H](C)NC(=O)[C@H](C)NC(=O)[C@H](C)NC(=O)[C@H](C)NC(C)=O,ridge_residual_solvai,-32.838539251903185,0.3679714436231679,-32.75423429221088,-32.42401064739508,-33.39499511534272,-32.96998937406081,-32.64946683050645,False,-32.85774668498289
alanine,5,CC(=O)N[C@@H](C)C(=O)N[C@@H](C)C(=O)N[C@@H](C)C(=O)N[C@@H](C)C(=O)N[C@@H](C)C(=O)NC,30,CNC(=O)[C@H](C)NC(=O)[C@H](C)NC(=O)[C@H](C)NC(=O)[C@H](C)NC(=O)[C@H](C)NC(C)=O,ridge_residual_solvai,-39.015804840645686,0.3552295200858418,-38.89349639571209,-38.59273051293934,-39.504790158535535,-39.2312251315924,-38.85678200444907,False,-38.99700568906232
alanine,6,CC(=O)N[C@@H](C)C(=O)N[C@@H](C)C(=O)N[C@@H](C)C(=O)N[C@@H](C)C(=O)N[C@@H](C)C(=O)N[C@@H](C)C(=O)NC,35,CNC(=O)[C@H](C)NC(=O)[C@H](C)NC(=O)[C@H](C)NC(=O)[C@H](C)NC(=O)[C@H](C)NC(=O)[C@H](C)NC(C)=O,ridge_residual_solvai,-44.46272787335779,0.3241176574403644,-44.33541731225755,-44.05205069419346,-44.825417909265,-44.76065819676211,-44.34009525431084,False,-44.40429530523867
alanine,7,CC(=O)N[C@@H](C)C(=O)N[C@@H](C)C(=O)N[C@@H](C)C(=O)N[C@@H](C)C(=O)N[C@@H](C)C(=O)N[C@@H](C)C(=O)N[C@@H](C)C(=O)NC,40,CNC(=O)[C@H](C)NC(=O)[C@H](C)NC(=O)[C@H](C)NC(=O)[C@H](C)NC(=O)[C@H](C)NC(=O)[C@H](C)NC(=O)[C@H](C)NC(C)=O,ridge_residual_solvai,-49.9116173648647,0.3168555190394441,-49.7765958156657,-49.49321425940482,-50.22143416626543,-50.236693103191506,-49.83014947979606,False,-49.83041474711198
alanine,8,CC(=O)N[C@@H](C)C(=O)N[C@@H](C)C(=O)N[C@@H](C)C(=O)N[C@@H](C)C(=O)N[C@@H](C)C(=O)N[C@@H](C)C(=O)N[C@@H](C)C(=O)N[C@@H](C)C(=O)NC,45,CNC(=O)[C@H](C)NC(=O)[C@H](C)NC(=O)[C@H](C)NC(=O)[C@H](C)NC(=O)[C@H](C)NC(=O)[C@H](C)NC(=O)[C@H](C)NC(=O)[C@H](C)NC(C)=O,ridge_residual_solvai,-56.40096798443169,0.3199298650353915,-56.24627042547068,-55.972587531581965,-56.65773821632153,-56.767604049816434,-56.360639698967844,False,-56.29219872445807
alanine,9,CC(=O)N[C@@H](C)C(=O)N[C@@H](C)C(=O)N[C@@H](C)C(=O)N[C@@H](C)C(=O)N[C@@H](C)C(=O)N[C@@H](C)C(=O)N[C@@H](C)C(=O)N[C@@H](C)C(=O)N[C@@H](C)C(=O)NC,50,CNC(=O)[C@H](C)NC(=O)[C@H](C)NC(=O)[C@H](C)NC(=O)[C@H](C)NC(=O)[C@H](C)NC(=O)[C@H](C)NC(=O)[C@H](C)NC(=O)[C@H](C)NC(=O)[C@H](C)NC(C)=O,ridge_residual_solvai,-64.17412675277816,0.32921911866588405,-63.996591310829075,-63.7356207842992,-64.39415251694626,-64.57573843380594,-64.16853071801032,False,-64.04212153735818
alanine,10,CC(=O)N[C@@H](C)C(=O)N[C@@H](C)C(=O)N[C@@H](C)C(=O)N[C@@H](C)C(=O)N[C@@H](C)C(=O)N[C@@H](C)C(=O)N[C@@H](C)C(=O)N[C@@H](C)C(=O)N[C@@H](C)C(=O)N[C@@H](C)C(=O)NC,55,CNC(=O)[C@H](C)NC(=O)[C@H](C)NC(=O)[C@H](C)NC(=O)[C@H](C)NC(=O)[C@H](C)NC(=O)[C@H](C)NC(=O)[C@H](C)NC(=O)[C@H](C)NC(=O)[C@H](C)NC(=O)[C@H](C)NC(C)=O,ridge_residual_solvai,-70.07292531291009,0.3248919499883479,-69.88742032201549,-69.64255298108469,-70.2512310542183,-70.48543679784395,-70.09798540938803,False,-69.92706811910615
alanine,11,CC(=O)N[C@@H](C)C(=O)N[C@@H](C)C(=O)N[C@@H](C)C(=O)N[C@@H](C)C(=O)N[C@@H](C)C(=O)N[C@@H](C)C(=O)N[C@@H](C)C(=O)N[C@@H](C)C(=O)N[C@@H](C)C(=O)N[C@@H](C)C(=O)N[C@@H](C)C(=O)NC,60,CNC(=O)[C@H](C)NC(=O)[C@H](C)NC(=O)[C@H](C)NC(=O)[C@H](C)NC(=O)[C@H](C)NC(=O)[C@H](C)NC(=O)[C@H](C)NC(=O)[C@H](C)NC(=O)[C@H](C)NC(=O)[C@H](C)NC(=O)[C@H](C)NC(C)=O,ridge_residual_solvai,-74.20101435341836,0.31368675871476165,-74.01441477377566,-73.78793597201428,-74.3362175246055,-74.60931433006134,-74.25718916663504,False,-74.04618942346515
alanine,12,CC(=O)N[C@@H](C)C(=O)N[C@@H](C)C(=O)N[C@@H](C)C(=O)N[C@@H](C)C(=O)N[C@@H](C)C(=O)N[C@@H](C)C(=O)N[C@@H](C)C(=O)N[C@@H](C)C(=O)N[C@@H](C)C(=O)N[C@@H](C)C(=O)N[C@@H](C)C(=O)N[C@@H](C)C(=O)NC,65,CNC(=O)[C@H](C)NC(=O)[C@H](C)NC(=O)[C@H](C)NC(=O)[C@H](C)NC(=O)[C@H](C)NC(=O)[C@H](C)NC(=O)[C@H](C)NC(=O)[C@H](C)NC(=O)[C@H](C)NC(=O)[C@H](C)NC(=O)[C@H](C)NC(=O)[C@H](C)NC(C)=O,ridge_residual_solvai,-78.41440800145696,0.29839864650794495,-78.22845615603154,-78.02845134488159,-78.50285928440823,-78.81095474396015,-78.50131847800333,False,-78.25325559510712
alkane,1,C,1,C,ridge_residual_solvai,2.0512845054283693,0.1391828225941605,2.0196246740728627,2.0146087934248875,2.268685265921878,2.068312449245451,1.885191344476766,False,2.100972911139876
alkane,2,CC,2,CC,ridge_residual_solvai,1.7423444794809406,0.04878819524655048,1.7319731943122845,1.6974595576479778,1.695572085997715,1.7915758373429709,1.7951417221037556,False,1.7083349459859924
alkane,3,CCC,3,CCC,ridge_residual_solvai,1.864268688842106,0.04435897669785861,1.9152896007609126,1.7935943611839305,1.8761338813371315,1.8752961800338435,1.8610294208947114,False,1.8616726144273248
alkane,4,CCCC,4,CCCC,ridge_residual_solvai,2.04662794557461,0.07270991847486864,2.085985593597777,1.9704743292530553,2.1531639221050884,2.0146547131369523,2.008861169780177,False,2.069874614985307
alkane,5,CCCCC,5,CCCCC,ridge_residual_solvai,2.286729157169387,0.0266771747292622,2.2920625149884764,2.2446730839486007,2.3188039355246666,2.2912819751524873,2.2868242762327027,False,2.2851798448205813
alkane,6,CCCCCC,6,CCCCCC,ridge_residual_solvai,2.4267545626253755,0.030810655350836144,2.424359377582748,2.3805246562368003,2.4645805105417216,2.441240709381389,2.4230675593842186,False,2.4231548481204235
alkane,7,CCCCCCC,7,CCCCCCC,ridge_residual_solvai,2.8318431885052364,0.031889755271683536,2.8365354180672817,2.7870149646553433,2.865886011886049,2.855611285773339,2.8141682621441673,False,2.8298121315362246
alkane,8,CCCCCCCC,8,CCCCCCCC,ridge_residual_solvai,2.864804261603503,0.032058705385458304,2.8767808684671357,2.8256621947198415,2.8873746960893225,2.898049473876118,2.8361540748650977,False,2.8632725864254334
alkane,9,CCCCCCCCC,9,CCCCCCCCC,ridge_residual_solvai,3.093294832625782,0.037364131469963556,3.1083235426917355,3.05133800886067,3.1081908733078585,3.1399544336726937,3.058667304595952,False,3.089284141620088
alkane,10,CCCCCCCCCC,10,CCCCCCCCCC,ridge_residual_solvai,3.260006111962112,0.041629067043671364,3.2791765699879134,3.2116979603842326,3.2760401321857735,3.310647573199648,3.2224683240529943,False,3.25563822085264
alkane,11,CCCCCCCCCCC,11,CCCCCCCCCCC,ridge_residual_solvai,3.2582953487955164,0.05307085016168369,3.287294472471257,3.19184056204342,3.273175480488553,3.322178870321114,3.21698735865324,False,3.2507701716677437
alkane,12,CCCCCCCCCCCC,12,CCCCCCCCCCCC,ridge_residual_solvai,3.1643037992329375,0.07279337417476732,3.2074119935660406,3.0589474291299137,3.193640252733732,3.239219056189219,3.1223002645457845,False,3.1533332251432284
alkane,13,CCCCCCCCCCCCC,13,CCCCCCCCCCCCC,ridge_residual_solvai,3.1649968320076725,0.10625496920034834,3.2287351262513724,2.9905940513931277,3.230783678916488,3.2391399232829245,3.135731380194449,False,3.1500376188536627
alkane,14,CCCCCCCCCCCCCC,14,CCCCCCCCCCCCCC,ridge_residual_solvai,3.2156977788025003,0.1548034631571658,3.30139255288384,2.953117049941028,3.338073123612042,3.2823408168438943,3.203565350731698,False,3.19752757547897
alkane,15,CCCCCCCCCCCCCCC,15,CCCCCCCCCCCCCCC,ridge_residual_solvai,3.3156225133757053,0.2103234457694569,3.4183005862627835,2.961866793848361,3.5142631337170265,3.3564183153354197,3.3272637377149366,False,3.2981435046093903
alkane,16,CCCCCCCCCCCCCCCC,16,CCCCCCCCCCCCCCCC,ridge_residual_solvai,3.471014832340461,0.2013900245914592,3.534678466086337,3.180747960129663,3.7318688371246305,3.4024478155250213,3.5053310828366495,False,3.482431754446877
alkane,17,CCCCCCCCCCCCCCCCC,17,CCCCCCCCCCCCCCCCC,ridge_residual_solvai,3.823015849633986,0.1809134919421455,3.766236030873169,3.7746070348068086,4.107930510268395,3.614779868647859,3.8515258035736997,False,3.882924525316124
alkane,18,CCCCCCCCCCCCCCCCCC,18,CCCCCCCCCCCCCCCCCC,ridge_residual_solvai,4.163190508980678,0.19538856880885916,4.006134682710692,4.2175451310231535,4.451670993879987,3.9593778028496915,4.181223934439871,False,4.225116935871277
alkane,19,CCCCCCCCCCCCCCCCCCC,19,CCCCCCCCCCCCCCCCCCC,ridge_residual_solvai,4.425711178288458,0.20028662919174117,4.205204217932667,4.524769916632061,4.705564968865709,4.271813427817713,4.421203360194144,False,4.478513034476812
alkane,20,CCCCCCCCCCCCCCCCCCCC,20,CCCCCCCCCCCCCCCCCCCC,ridge_residual_solvai,4.690131624205028,0.20956490908920009,4.4254298028710535,4.810001865804744,4.9687580856748115,4.575012636145803,4.671455730528732,False,4.734729918116869
alkane,21,CCCCCCCCCCCCCCCCCCCCC,21,CCCCCCCCCCCCCCCCCCCCC,ridge_residual_solvai,4.881361403214507,0.21721231541874836,4.590999136136316,5.006097023129558,5.163963124630825,4.790084981430293,4.855662750745545,False,4.920353094632233
alkane,22,CCCCCCCCCCCCCCCCCCCCCC,22,CCCCCCCCCCCCCCCCCCCCCC,ridge_residual_solvai,5.07591579224206,0.22230408008103802,4.774706031621895,5.193426736197355,5.369223551622603,4.997619062945417,5.04460357882303,False,5.112452106480617
alkane,23,CCCCCCCCCCCCCCCCCCCCCCC,23,CCCCCCCCCCCCCCCCCCCCCCC,ridge_residual_solvai,5.243953357665357,0.2278162930322842,4.9375665210594315,5.352792144878269,5.552353649795477,5.1708152602543604,5.206239212339249,False,5.280904105244392
alkane,24,CCCCCCCCCCCCCCCCCCCCCCCC,24,CCCCCCCCCCCCCCCCCCCCCCCC,ridge_residual_solvai,5.445007020768036,0.2306427659142323,5.140006829900472,5.539589113070826,5.767566116890143,5.373423928670424,5.4044491153083145,False,5.482387353287147
alkane,25,CCCCCCCCCCCCCCCCCCCCCCCCC,25,CCCCCCCCCCCCCCCCCCCCCCCCC,ridge_residual_solvai,5.633320124476213,0.2352307192765538,5.331686149553389,5.71714589196661,5.9731061015646665,5.55766234958661,5.58700012970979,False,5.6739793810282215
alkane,26,CCCCCCCCCCCCCCCCCCCCCCCCCC,26,CCCCCCCCCCCCCCCCCCCCCCCCCC,ridge_residual_solvai,5.791743756064941,0.23925519656545197,5.496062713534314,5.864141559123694,6.148039397757226,5.709257228402691,5.7412178815067785,False,5.836081223471744
alkane,27,CCCCCCCCCCCCCCCCCCCCCCCCCCC,27,CCCCCCCCCCCCCCCCCCCCCCCCCCC,ridge_residual_solvai,5.939050427333313,0.24279331471769652,5.650556898187166,5.99881260420847,6.310630085069103,5.848651563638154,5.88660098556367,False,5.986666529154913
alkane,28,CCCCCCCCCCCCCCCCCCCCCCCCCCCC,28,CCCCCCCCCCCCCCCCCCCCCCCCCCCC,ridge_residual_solvai,6.094084551584758,0.24679981710338858,5.812799434055537,6.143140431363704,6.480423879413741,5.994896205330199,6.039162807760607,False,6.145454581610994
alkane,29,CCCCCCCCCCCCCCCCCCCCCCCCCCCCC,29,CCCCCCCCCCCCCCCCCCCCCCCCCCCCC,ridge_residual_solvai,6.258322342766134,0.25024874243312434,5.984129423780055,6.296881761384564,6.657195945686424,6.150194461289746,6.203210121689881,False,6.312735710283682
alkane,30,CCCCCCCCCCCCCCCCCCCCCCCCCCCCCC,30,CCCCCCCCCCCCCCCCCCCCCCCCCCCCCC,ridge_residual_solvai,6.396797506364345,0.25427189414028945,6.129480060123519,6.425507714548799,6.80838878884916,6.2789624797540435,6.341648488546208,False,6.454458854507159
glycine,0,CC(=O)NC,5,CNC(C)=O,ridge_residual_structure,-9.983817623560974,0.06097726633327777,-9.983306531449546,-9.98981790851268,-10.080512883851515,-9.944254464819803,-9.921196329171323,False,-10.017879107937913
glycine,1,CC(=O)NCC(=O)NC,9,CNC(=O)CNC(C)=O,ridge_residual_structure,-17.596579834180215,0.07610603233135523,-17.509975211496943,-17.679088860595996,-17.581786172067805,-17.671075051526334,-17.540973875214007,False,-17.590283414720247
glycine,2,CC(=O)NCC(=O)NCC(=O)NC,13,CNC(=O)CNC(=O)CNC(C)=O,ridge_residual_structure,-23.73747796746934,0.6459990910449821,-23.478717779610854,-23.697343700886837,-24.37078156273861,-24.32648220678744,-22.814064587322928,False,-23.84894768107877
glycine,3,CC(=O)NCC(=O)NCC(=O)NCC(=O)NC,17,CNC(=O)CNC(=O)CNC(=O)CNC(C)=O,ridge_residual_structure,-31.010642601385587,0.6111966577475829,-30.803997998030827,-30.658122390771677,-31.82890745100041,-31.4397289359552,-30.322456231169795,False,-31.09700927993431
glycine,4,CC(=O)NCC(=O)NCC(=O)NCC(=O)NCC(=O)NC,21,CNC(=O)CNC(=O)CNC(=O)CNC(=O)CNC(C)=O,ridge_residual_structure,-38.599637630272895,0.5774595555245867,-38.39141468448303,-38.19696417689539,-39.46471070980018,-38.88949120602128,-38.055607374164566,False,-38.68436319039287
glycine,5,CC(=O)NCC(=O)NCC(=O)NCC(=O)NCC(=O)NCC(=O)NC,25,CNC(=O)CNC(=O)CNC(=O)CNC(=O)CNC(=O)CNC(C)=O,ridge_residual_structure,-46.275948111364706,0.5464316993448952,-46.07493808913693,-45.86758585730311,-47.148892462126796,-46.45272218972104,-45.835601958535655,False,-46.363805469522276
glycine,6,CC(=O)NCC(=O)NCC(=O)NCC(=O)NCC(=O)NCC(=O)NCC(=O)NC,29,CNC(=O)CNC(=O)CNC(=O)CNC(=O)CNC(=O)CNC(=O)CNC(C)=O,ridge_residual_structure,-54.701541227222016,0.4828602962350156,-54.51723073712787,-54.282992189965164,-55.49524332180303,-54.80014204505108,-54.41209784216298,False,-54.76515541629868
glycine,7,CC(=O)NCC(=O)NCC(=O)NCC(=O)NCC(=O)NCC(=O)NCC(=O)NCC(=O)NC,33,CNC(=O)CNC(=O)CNC(=O)CNC(=O)CNC(=O)CNC(=O)CNC(=O)CNC(C)=O,ridge_residual_structure,-62.697375378091714,0.4594582543152859,-62.53479356223956,-62.27971196250156,-63.46483151820818,-62.7398197034307,-62.46772014407856,False,-62.75977901431643
glycine,8,CC(=O)NCC(=O)NCC(=O)NCC(=O)NCC(=O)NCC(=O)NCC(=O)NCC(=O)NCC(=O)NC,37,CNC(=O)CNC(=O)CNC(=O)CNC(=O)CNC(=O)CNC(=O)CNC(=O)CNC(=O)CNC(C)=O,ridge_residual_structure,-70.52112330064602,0.4499911738430917,-70.37668471743174,-70.10779504122206,-71.28056695783887,-70.52317812582949,-70.31739166090796,False,-70.58834890549757
glycine,9,CC(=O)NCC(=O)NCC(=O)NCC(=O)NCC(=O)NCC(=O)NCC(=O)NCC(=O)NCC(=O)NCC(=O)NC,41,CNC(=O)CNC(=O)CNC(=O)CNC(=O)CNC(=O)CNC(=O)CNC(=O)CNC(=O)CNC(=O)CNC(C)=O,ridge_residual_structure,-78.32944427300245,0.44261158554206753,-78.19917328902461,-77.92381750763388,-79.08127274233401,-78.3038116991897,-78.1391461268301,False,-78.40142117966417
glycine,10,CC(=O)NCC(=O)NCC(=O)NCC(=O)NCC(=O)NCC(=O)NCC(=O)NCC(=O)NCC(=O)NCC(=O)NCC(=O)NC,45,CNC(=O)CNC(=O)CNC(=O)CNC(=O)CNC(=O)CNC(=O)CNC(=O)CNC(=O)CNC(=O)CNC(=O)CNC(C)=O,ridge_residual_structure,-86.129270776943,0.4360064573450566,-86.00942442883662,-85.73462044614357,-86.8736417935769,-86.0842806475241,-85.94438656863385,False,-86.2058955561857
glycine,11,CC(=O)NCC(=O)NCC(=O)NCC(=O)NCC(=O)NCC(=O)NCC(=O)NCC(=O)NCC(=O)NCC(=O)NCC(=O)NCC(=O)NC,49,CNC(=O)CNC(=O)CNC(=O)CNC(=O)CNC(=O)CNC(=O)CNC(=O)CNC(=O)CNC(=O)CNC(=O)CNC(=O)CNC(C)=O,ridge_residual_structure,-93.92138151932592,0.42951002687964646,-93.80877342874392,-93.54063797904143,-94.65810930087189,-93.8624844774476,-93.73690241052475,False,-94.00250690288574
glycine,12,CC(=O)NCC(=O)NCC(=O)NCC(=O)NCC(=O)NCC(=O)NCC(=O)NCC(=O)NCC(=O)NCC(=O)NCC(=O)NCC(=O)NCC(=O)NC,53,CNC(=O)CNC(=O)CNC(=O)CNC(=O)CNC(=O)CNC(=O)CNC(=O)CNC(=O)CNC(=O)CNC(=O)CNC(=O)CNC(=O)CNC(C)=O,ridge_residual_structure,-101.7099181304537,0.422833716227753,-101.60210995687468,-101.34551837981647,-102.43856087212022,-101.64062428652771,-101.5227771569294,False,-101.79539640293711
alanine,0,CC(=O)NC,5,CNC(C)=O,ridge_residual_structure,-9.983817623560974,0.06097726633327777,-9.983306531449546,-9.98981790851268,-10.080512883851515,-9.944254464819803,-9.921196329171323,False,-10.017879107937913
alanine,1,CC(=O)N[C@@H](C)C(=O)NC,10,CNC(=O)[C@H](C)NC(C)=O,ridge_residual_structure,-17.48757555308718,0.08442817096439564,-17.518170031879723,-17.391623079388854,-17.60217033238361,-17.507820681471454,-17.418093640312243,False,-17.50398781455073
alanine,2,CC(=O)N[C@@H](C)C(=O)N[C@@H](C)C(=O)NC,15,CNC(=O)[C@H](C)NC(=O)[C@H](C)NC(C)=O,ridge_residual_structure,-23.814248990039,0.6427837335862415,-23.65125976392654,-23.844137252240728,-24.45951961524441,-24.292225415649536,-22.824102903133795,False,-23.98497221047056
alanine,3,CC(=O)N[C@@H](C)C(=O)N[C@@H](C)C(=O)N[C@@H](C)C(=O)NC,20,CNC(=O)[C@H](C)NC(=O)[C@H](C)NC(=O)[C@H](C)NC(C)=O,ridge_residual_structure,-30.71942009233216,0.5655126353122979,-30.471528002819234,-30.379572274157617,-31.536059803323994,-31.05728266988277,-30.152657711477193,False,-30.795720026766947
alanine,4,CC(=O)N[C@@H](C)C(=O)N[C@@H](C)C(=O)N[C@@H](C)C(=O)N[C@@H](C)C(=O)NC,25,CNC(=O)[C@H](C)NC(=O)[C@H](C)NC(=O)[C@H](C)NC(=O)[C@H](C)NC(C)=O,ridge_residual_structure,-38.02389728644701,0.5028023473622678,-37.77969430657531,-37.66730998408397,-38.81976679143747,-38.21962801274243,-37.633087337395864,False,-38.08892369403225
alanine,5,CC(=O)N[C@@H](C)C(=O)N[C@@H](C)C(=O)N[C@@H](C)C(=O)N[C@@H](C)C(=O)N[C@@H](C)C(=O)NC,30,CNC(=O)[C@H](C)NC(=O)[C@H](C)NC(=O)[C@H](C)NC(=O)[C@H](C)NC(=O)[C@H](C)NC(C)=O,ridge_residual_structure,-45.44999201102943,0.4677372972314455,-45.21940347506431,-45.10749671757845,-46.227663469345636,-45.546365848578574,-45.14903054458016,False,-45.51818788732947
alanine,6,CC(=O)N[C@@H](C)C(=O)N[C@@H](C)C(=O)N[C@@H](C)C(=O)N[C@@H](C)C(=O)N[C@@H](C)C(=O)N[C@@H](C)C(=O)NC,35,CNC(=O)[C@H](C)NC(=O)[C@H](C)NC(=O)[C@H](C)NC(=O)[C@H](C)NC(=O)[C@H](C)NC(=O)[C@H](C)NC(C)=O,ridge_residual_structure,-53.16101209353851,0.42813230399611923,-52.96069806933659,-52.83010378009968,-53.8870113840959,-53.20058904724712,-52.926658186913265,False,-53.22593774451072
alanine,7,CC(=O)N[C@@H](C)C(=O)N[C@@H](C)C(=O)N[C@@H](C)C(=O)N[C@@H](C)C(=O)N[C@@H](C)C(=O)N[C@@H](C)C(=O)N[C@@H](C)C(=O)NC,40,CNC(=O)[C@H](C)NC(=O)[C@H](C)NC(=O)[C@H](C)NC(=O)[C@H](C)NC(=O)[C@H](C)NC(=O)[C@H](C)NC(=O)[C@H](C)NC(C)=O,ridge_residual_structure,-60.55603635960093,0.41400592092616617,-60.37361481973366,-60.243133633986716,-61.269214134883065,-60.5521459348934,-60.34207327450782,False,-60.62865419620115
alanine,8,CC(=O)N[C@@H](C)C(=O)N[C@@H](C)C(=O)N[C@@H](C)C(=O)N[C@@H](C)C(=O)N[C@@H](C)C(=O)N[C@@H](C)C(=O)N[C@@H](C)C(=O)N[C@@H](C)C(=O)NC,45,CNC(=O)[C@H](C)NC(=O)[C@H](C)NC(=O)[C@H](C)NC(=O)[C@H](C)NC(=O)[C@H](C)NC(=O)[C@H](C)NC(=O)[C@H](C)NC(=O)[C@H](C)NC(C)=O,ridge_residual_structure,-67.9318737618201,0.4042243873349114,-67.76264325943883,-67.64003724714952,-68.63554215540212,-67.89776534660825,-67.72338080050177,False,-68.01274088733015
alanine,9,CC(=O)N[C@@H](C)C(=O)N[C@@H](C)C(=O)N[C@@H](C)C(=O)N[C@@H](C)C(=O)N[C@@H](C)C(=O)N[C@@H](C)C(=O)N[C@@H](C)C(=O)N[C@@H](C)C(=O)N[C@@H](C)C(=O)NC,50,CNC(=O)[C@H](C)NC(=O)[C@H](C)NC(=O)[C@H](C)NC(=O)[C@H](C)NC(=O)[C@H](C)NC(=O)[C@H](C)NC(=O)[C@H](C)NC(=O)[C@H](C)NC(=O)[C@H](C)NC(C)=O,ridge_residual_structure,-75.2912734161828,0.3973499581194315,-75.13153775362437,-75.02383152561691,-75.98844912069075,-75.23374642035274,-75.0788022606293,False,-75.38127279997734
alanine,10,CC(=O)N[C@@H](C)C(=O)N[C@@H](C)C(=O)N[C@@H](C)C(=O)N[C@@H](C)C(=O)N[C@@H](C)C(=O)N[C@@H](C)C(=O)N[C@@H](C)C(=O)N[C@@H](C)C(=O)N[C@@H](C)C(=O)N[C@@H](C)C(=O)NC,55,CNC(=O)[C@H](C)NC(=O)[C@H](C)NC(=O)[C@H](C)NC(=O)[C@H](C)NC(=O)[C@H](C)NC(=O)[C@H](C)NC(=O)[C@H](C)NC(=O)[C@H](C)NC(=O)[C@H](C)NC(=O)[C@H](C)NC(C)=O,ridge_residual_structure,-82.64571474768437,0.3925884727836646,-82.49270035909699,-82.40522746134695,-83.33846081955295,-82.5688406529859,-82.42334444543904,False,-82.74546287999897
alanine,11,CC(=O)N[C@@H](C)C(=O)N[C@@H](C)C(=O)N[C@@H](C)C(=O)N[C@@H](C)C(=O)N[C@@H](C)C(=O)N[C@@H](C)C(=O)N[C@@H](C)C(=O)N[C@@H](C)C(=O)N[C@@H](C)C(=O)N[C@@H](C)C(=O)N[C@@H](C)C(=O)NC,60,CNC(=O)[C@H](C)NC(=O)[C@H](C)NC(=O)[C@H](C)NC(=O)[C@H](C)NC(=O)[C@H](C)NC(=O)[C@H](C)NC(=O)[C@H](C)NC(=O)[C@H](C)NC(=O)[C@H](C)NC(=O)[C@H](C)NC(=O)[C@H](C)NC(C)=O,ridge_residual_structure,-89.99428591659839,0.38943465811224753,-89.84657891689915,-89.7827071506293,-90.68383862879934,-89.89998114124882,-89.75832374541528,False,-90.10437489877593
alanine,12,CC(=O)N[C@@H](C)C(=O)N[C@@H](C)C(=O)N[C@@H](C)C(=O)N[C@@H](C)C(=O)N[C@@H](C)C(=O)N[C@@H](C)C(=O)N[C@@H](C)C(=O)N[C@@H](C)C(=O)N[C@@H](C)C(=O)N[C@@H](C)C(=O)N[C@@H](C)C(=O)N[C@@H](C)C(=O)NC,65,CNC(=O)[C@H](C)NC(=O)[C@H](C)NC(=O)[C@H](C)NC(=O)[C@H](C)NC(=O)[C@H](C)NC(=O)[C@H](C)NC(=O)[C@H](C)NC(=O)[C@H](C)NC(=O)[C@H](C)NC(=O)[C@H](C)NC(=O)[C@H](C)NC(=O)[C@H](C)NC(C)=O,ridge_residual_structure,-97.34220782270219,0.3875273639539465,-97.19894658279762,-97.16078680667243,-98.02899648071956,-97.23198286228572,-97.09032638103567,False,-97.46290995672986
alkane,1,C,1,C,ridge_residual_structure,1.9598496777859715,0.11911430929076905,1.9264487386226072,1.8499305312195515,2.007053800399425,1.8724313425618542,2.1433839761264206,False,1.9278110234138612
alkane,2,CC,2,CC,ridge_residual_structure,1.8073003737122004,0.030625835987808023,1.8352279968709997,1.7574967230992593,1.8281091601314063,1.802456426183646,1.8132115622756908,False,1.8069446267005551
alkane,3,CCC,3,CCC,ridge_residual_structure,1.980831886142648,0.025743378390744445,1.9912309870339833,1.9729089361779515,2.005188421656274,1.9397864429067928,1.9950446429382387,False,1.9897761149560695
alkane,4,CCCC,4,CCCC,ridge_residual_structure,2.1120982865809097,0.02201961967165059,2.1039305169098386,2.112668628458576,2.1440228603195273,2.0832414001659814,2.1166280270506244,False,2.120207335229314
alkane,5,CCCCC,5,CCCCC,ridge_residual_structure,2.32038668272717,0.02201639818474971,2.3259975680442233,2.3180122063314545,2.3548461746206133,2.3029207477411173,2.3001567168984405,False,2.3329519829987637
alkane,6,CCCCCC,6,CCCCCC,ridge_residual_structure,2.554354842335522,0.024345835807315776,2.550731992361807,2.5322357848052777,2.595896001248101,2.549457305931373,2.543453127331051,False,2.5596212594717285
alkane,7,CCCCCCC,7,CCCCCCC,ridge_residual_structure,2.7779193929181503,0.028454557980077143,2.775016386829062,2.747448228082665,2.8238295099542583,2.7792479430755677,2.7640548966491982,False,2.7820980416219947
alkane,8,CCCCCCCC,8,CCCCCCCC,ridge_residual_structure,2.8598597861077892,0.03397585436031185,2.8629248478147478,2.8173722743275675,2.9081483379712223,2.8701196473809274,2.8407338230444807,False,2.8628151533711788
alkane,9,CCCCCCCCC,9,CCCCCCCCC,ridge_residual_structure,3.0403813602570855,0.03458736465290424,3.0529821489080895,2.9930989240517034,3.082773267101519,3.0533181440128816,3.0197343172112348,False,3.042951446687104
alkane,10,CCCCCCCCCC,10,CCCCCCCCCC,ridge_residual_structure,3.1030840335223515,0.0313356353421075,3.123958871207887,3.059173083548994,3.1344995553375794,3.115352085748544,3.0824365717687527,False,3.105877170031487
alkane,11,CCCCCCCCCCC,11,CCCCCCCCCCC,ridge_residual_structure,3.159765297339322,0.02708394595545827,3.1884281224781477,3.12194553953354,3.1786192909046704,3.166744262826505,3.143089270953749,False,3.1629976509721196
alkane,12,CCCCCCCCCCCC,12,CCCCCCCCCCCC,ridge_residual_structure,3.217923669680114,0.024140117421415037,3.2514253849866757,3.185678317695645,3.2266773015199153,3.2175081901260043,3.2083291540723327,False,3.2212603347340782
alkane,13,CCCCCCCCCCCCC,13,CCCCCCCCCCCCC,ridge_residual_structure,3.2721312214597176,0.025061720306091943,3.3114796988781476,3.243876574926592,3.2721666591877163,3.2593624214422965,3.273770752863837,False,3.2758409776641515
alkane,14,CCCCCCCCCCCCCC,14,CCCCCCCCCCCCCC,ridge_residual_structure,3.3350965738172973,0.030369569545642412,3.380417371606768,3.309259523670918,3.33107456412656,3.306969554312114,3.3477618553701287,False,3.3402504864680815
alkane,15,CCCCCCCCCCCCCCC,15,CCCCCCCCCCCCCCC,ridge_residual_structure,3.4158670558788544,0.03272159052842431,3.4638618911640933,3.3896617479810196,3.411181635200255,3.3836046759696217,3.431025329079283,False,3.421568424781789
alkane,16,CCCCCCCCCCCCCCCC,16,CCCCCCCCCCCCCCCC,ridge_residual_structure,3.5385893593626165,0.02446301053449594,3.5750563929501142,3.5061611816647877,3.536733406545423,3.5393002946325645,3.535695521020192,False,3.5393169937201083
alkane,17,CCCCCCCCCCCCCCCCC,17,CCCCCCCCCCCCCCCCC,ridge_residual_structure,3.704371707693846,0.0394283863156279,3.7155509721081765,3.6601922250557495,3.711058804823609,3.760833467189273,3.674223069292421,False,3.695600667329179
alkane,18,CCCCCCCCCCCCCCCCCC,18,CCCCCCCCCCCCCCCCCC,ridge_residual_structure,3.904213599135074,0.062332207522549775,3.8866904807698264,3.8480454800025514,3.9281954221767235,4.000722539717567,3.8574140730087025,False,3.8876437943163666
alkane,19,CCCCCCCCCCCCCCCCCCC,19,CCCCCCCCCCCCCCCCCCC,ridge_residual_structure,4.12059435135225,0.0765723727115789,4.079078488294335,4.0535717459249225,4.162317321838489,4.23544150995911,4.0725626907443955,False,4.098322518685915
alkane,20,CCCCCCCCCCCCCCCCCCCC,20,CCCCCCCCCCCCCCCCCCCC,ridge_residual_structure,4.34434816688753,0.08476968784615976,4.286942505798717,4.269507915303259,4.399878093480701,4.465835224400604,4.299577095454372,False,4.318776171527559
alkane,21,CCCCCCCCCCCCCCCCCCCCC,21,CCCCCCCCCCCCCCCCCCCCC,ridge_residual_structure,4.565241950324839,0.08928428373780982,4.499987714914506,4.4857110668415325,4.629130407743136,4.689205509354884,4.522175052770133,False,4.538276396499725
alkane,22,CCCCCCCCCCCCCCCCCCCCCC,22,CCCCCCCCCCCCCCCCCCCCCC,ridge_residual_structure,4.782608185292097,0.0915383770400404,4.715538349249722,4.700820948156216,4.851983838710086,4.907077737630687,4.737620052713777,False,4.756114378705341
alkane,23,CCCCCCCCCCCCCCCCCCCCCCC,23,CCCCCCCCCCCCCCCCCCCCCCC,ridge_residual_structure,4.992292604991777,0.09235054599630194,4.926949807414773,4.909329518365879,5.064442342525504,5.11655790035388,4.944183456298847,False,4.966907222768718
alkane,24,CCCCCCCCCCCCCCCCCCCCCCCC,24,CCCCCCCCCCCCCCCCCCCCCCCC,ridge_residual_structure,5.197222150924704,0.09240963856120407,5.135611036849773,5.1132952000156555,5.270925720056353,5.320621366220386,5.145657431481351,False,5.173277318973927
alkane,25,CCCCCCCCCCCCCCCCCCCCCCCCC,25,CCCCCCCCCCCCCCCCCCCCCCCCC,ridge_residual_structure,5.394602709597,0.09199449499915523,5.337384233259773,5.309547132191454,5.468157780858131,5.517200643065592,5.340723758610047,False,5.37169638210312
alkane,26,CCCCCCCCCCCCCCCCCCCCCCCCCC,26,CCCCCCCCCCCCCCCCCCCCCCCCCC,ridge_residual_structure,5.588125631379409,0.09133871364142995,5.535789476016427,5.501524453627231,5.660702601341268,5.709801405571393,5.532810220340724,False,5.566005510328309
alkane,27,CCCCCCCCCCCCCCCCCCCCCCCCCCC,27,CCCCCCCCCCCCCCCCCCCCCCCCCCC,ridge_residual_structure,5.775298859214323,0.09053901853505805,5.727631134236476,5.686837052836927,5.845600284513652,5.896481230863627,5.719944593620933,False,5.753356157195685
alkane,28,CCCCCCCCCCCCCCCCCCCCCCCCCCCC,28,CCCCCCCCCCCCCCCCCCCCCCCCCCCC,ridge_residual_structure,5.959907183417704,0.0896859458709314,5.917053719160369,5.869158201924566,6.027301879511042,6.080671483716702,5.905350632775844,False,5.937837933531992
alkane,29,CCCCCCCCCCCCCCCCCCCCCCCCCCCCC,29,CCCCCCCCCCCCCCCCCCCCCCCCCCCCC,ridge_residual_structure,6.139499444056416,0.08886011535240497,6.101021575798,6.046249305400075,6.203023394230033,6.260340035860437,6.086862908993534,False,6.1167647584760365
alkane,30,CCCCCCCCCCCCCCCCCCCCCCCCCCCCCC,30,CCCCCCCCCCCCCCCCCCCCCCCCCCCCCC,ridge_residual_structure,6.317678962841558,0.08810438688414023,6.2836459093081976,6.221594926310098,6.376907815605272,6.438675735017303,6.267570427966922,False,6.2940495504078555
glycine,0,CC(=O)NC,5,CNC(C)=O,embedding_solvai,-9.999914391832672,0.005542961960038739,-9.993390728864833,-10.008114913119126,-9.996510068243065,-10.00070922584625,-10.00084702309009,True,-9.999338570075675
glycine,1,CC(=O)NCC(=O)NC,9,CNC(=O)CNC(C)=O,embedding_solvai,-13.156032830002502,0.2969353300508661,-13.13521483701447,-12.897873717837275,-13.635079216819296,-12.921641303510246,-13.190355074831231,True,-13.222722590557012
glycine,2,CC(=O)NCC(=O)NCC(=O)NC,13,CNC(=O)CNC(=O)CNC(C)=O,embedding_solvai,-15.283217053425535,0.65908980455797,-15.132546864233678,-14.894695407476423,-16.333113277571847,-14.620891064523523,-15.434838653322196,True,-15.453451849760649
glycine,3,CC(=O)NCC(=O)NCC(=O)NCC(=O)NC,17,CNC(=O)CNC(=O)CNC(=O)CNC(C)=O,embedding_solvai,-17.42245097512774,0.9243683749199517,-16.976798347994016,-16.811558722072146,-18.931569318536486,-16.71336904000203,-17.67895944703403,True,-17.57330879620088
glycine,4,CC(=O)NCC(=O)NCC(=O)NCC(=O)NCC(=O)NC,21,CNC(=O)CNC(=O)CNC(=O)CNC(=O)CNC(C)=O,embedding_solvai,-18.510890673653872,1.2957464211992729,-17.59294226131791,-17.770928742017215,-20.56808596970854,-17.59924557064007,-19.023250824585634,True,-18.64398565768122
glycine,5,CC(=O)NCC(=O)NCC(=O)NCC(=O)NCC(=O)NCC(=O)NC,25,CNC(=O)CNC(=O)CNC(=O)CNC(=O)CNC(=O)CNC(C)=O,embedding_solvai,-19.424477620305638,1.7426341406712735,-18.189809193839956,-18.66837414391456,-22.22597216867738,-18.051131510973864,-19.987101084122425,True,-19.694718502143964
glycine,6,CC(=O)NCC(=O)NCC(=O)NCC(=O)NCC(=O)NCC(=O)NCC(=O)NC,29,CNC(=O)CNC(=O)CNC(=O)CNC(=O)CNC(=O)CNC(=O)CNC(C)=O,embedding_solvai,-20.461512361878757,2.055648878582871,-18.849272658404022,-19.889473566029388,-23.747213498987907,-18.77637913585778,-21.045222950114688,True,-20.82865324114044
glycine,7,CC(=O)NCC(=O)NCC(=O)NCC(=O)NCC(=O)NCC(=O)NCC(=O)NCC(=O)NC,33,CNC(=O)CNC(=O)CNC(=O)CNC(=O)CNC(=O)CNC(=O)CNC(=O)CNC(C)=O,embedding_solvai,-21.76539841698069,2.3622022017822815,-19.788013333446205,-21.227905512106243,-25.52426748609557,-19.874901202632245,-22.41190455062319,True,-22.18006211054934
glycine,8,CC(=O)NCC(=O)NCC(=O)NCC(=O)NCC(=O)NCC(=O)NCC(=O)NCC(=O)NCC(=O)NC,37,CNC(=O)CNC(=O)CNC(=O)CNC(=O)CNC(=O)CNC(=O)CNC(=O)CNC(=O)CNC(C)=O,embedding_solvai,-22.88525832599141,2.759971031898797,-20.493935199742847,-22.44885372308624,-27.22481229731201,-20.615022393738332,-23.643668016077605,True,-23.389200406713698
glycine,9,CC(=O)NCC(=O)NCC(=O)NCC(=O)NCC(=O)NCC(=O)NCC(=O)NCC(=O)NCC(=O)NCC(=O)NC,41,CNC(=O)CNC(=O)CNC(=O)CNC(=O)CNC(=O)CNC(=O)CNC(=O)CNC(=O)CNC(=O)CNC(C)=O,embedding_solvai,-24.933591430100268,3.0498162685738945,-22.21804333965577,-24.348427751636383,-29.746618926252314,-22.56806785012122,-25.786799282835652,True,-25.43769667251482
glycine,10,CC(=O)NCC(=O)NCC(=O)NCC(=O)NCC(=O)NCC(=O)NCC(=O)NCC(=O)NCC(=O)NCC(=O)NCC(=O)NC,45,CNC(=O)CNC(=O)CNC(=O)CNC(=O)CNC(=O)CNC(=O)CNC(=O)CNC(=O)CNC(=O)CNC(=O)CNC(C)=O,embedding_solvai,-26.703218999376247,3.4400909532606683,-23.69194460976208,-26.128951058732735,-32.161285149496145,-23.97870555196976,-27.55520862692052,True,-27.327393605996985
glycine,11,CC(=O)NCC(=O)NCC(=O)NCC(=O)NCC(=O)NCC(=O)NCC(=O)NCC(=O)NCC(=O)NCC(=O)NCC(=O)NCC(=O)NC,49,CNC(=O)CNC(=O)CNC(=O)CNC(=O)CNC(=O)CNC(=O)CNC(=O)CNC(=O)CNC(=O)CNC(=O)CNC(=O)CNC(C)=O,embedding_solvai,-27.67377791163212,3.7761090847993106,-24.323008428204297,-27.236353121344692,-33.66129960703228,-24.657337466763085,-28.49089093481626,True,-28.406887052193753
glycine,12,CC(=O)NCC(=O)NCC(=O)NCC(=O)NCC(=O)NCC(=O)NCC(=O)NCC(=O)NCC(=O)NCC(=O)NCC(=O)NCC(=O)NCC(=O)NC,53,CNC(=O)CNC(=O)CNC(=O)CNC(=O)CNC(=O)CNC(=O)CNC(=O)CNC(=O)CNC(=O)CNC(=O)CNC(=O)CNC(=O)CNC(C)=O,embedding_solvai,-28.042672840057854,4.0823003619346006,-24.32176703356511,-27.712716973851776,-34.490029303705434,-24.811361860370017,-28.877489028796948,True,-28.841504437040772
alanine,0,CC(=O)NC,5,CNC(C)=O,embedding_solvai,-9.999914391832672,0.005542961960038739,-9.993390728864833,-10.008114913119126,-9.996510068243065,-10.00070922584625,-10.00084702309009,True,-9.999338570075675
alanine,1,CC(=O)N[C@@H](C)C(=O)NC,10,CNC(=O)[C@H](C)NC(C)=O,embedding_solvai,-13.409154172488547,0.39189203793378924,-13.703077278875345,-13.78018093402649,-13.388061804457472,-13.389338562991096,-12.785112282092332,True,-13.62377333911977
alanine,2,CC(=O)N[C@@H](C)C(=O)N[C@@H](C)C(=O)NC,15,CNC(=O)[C@H](C)NC(=O)[C@H](C)NC(C)=O,embedding_solvai,-18.459494008924384,0.6123312992131179,-18.97767042299079,-18.679861312383267,-18.565148155498818,-18.675843242308492,-17.398946911440554,True,-18.740893296957626
alanine,3,CC(=O)N[C@@H](C)C(=O)N[C@@H](C)C(=O)N[C@@H](C)C(=O)NC,20,CNC(=O)[C@H](C)NC(=O)[C@H](C)NC(=O)[C@H](C)NC(C)=O,embedding_solvai,-22.125871129085194,0.8486848897466297,-22.6968582758807,-22.18394644819573,-22.326017845483097,-22.752374712367587,-20.670158363498867,True,-22.402274189853173
alanine,4,CC(=O)N[C@@H](C)C(=O)N[C@@H](C)C(=O)N[C@@H](C)C(=O)N[C@@H](C)C(=O)NC,25,CNC(=O)[C@H](C)NC(=O)[C@H](C)NC(=O)[C@H](C)NC(=O)[C@H](C)NC(C)=O,embedding_solvai,-25.363281039174247,1.1336165922785395,-25.968645305807087,-25.420904919880627,-25.767497913141092,-26.250541883362782,-23.408815173679642,True,-25.719016046276266
alanine,5,CC(=O)N[C@@H](C)C(=O)N[C@@H](C)C(=O)N[C@@H](C)C(=O)N[C@@H](C)C(=O)N[C@@H](C)C(=O)NC,30,CNC(=O)[C@H](C)NC(=O)[C@H](C)NC(=O)[C@H](C)NC(=O)[C@H](C)NC(=O)[C@H](C)NC(C)=O,embedding_solvai,-28.62478790693238,1.4212110337966306,-29.410152201247065,-28.70130854560318,-29.178526009355284,-29.670271936497645,-26.16368084195873,True,-29.09666225206851
alanine,6,CC(=O)N[C@@H](C)C(=O)N[C@@H](C)C(=O)N[C@@H](C)C(=O)N[C@@H](C)C(=O)N[C@@H](C)C(=O)N[C@@H](C)C(=O)NC,35,CNC(=O)[C@H](C)NC(=O)[C@H](C)NC(=O)[C@H](C)NC(=O)[C@H](C)NC(=O)[C@H](C)NC(=O)[C@H](C)NC(C)=O,embedding_solvai,-31.5584658638181,1.7168543568640904,-32.50474173115347,-31.522320549258932,-32.261438137429806,-32.88479872410803,-28.619030177140253,True,-32.096166805947405
alanine,7,CC(=O)N[C@@H](C)C(=O)N[C@@H](C)C(=O)N[C@@H](C)C(=O)N[C@@H](C)C(=O)N[C@@H](C)C(=O)N[C@@H](C)C(=O)N[C@@H](C)C(=O)NC,40,CNC(=O)[C@H](C)NC(=O)[C@H](C)NC(=O)[C@H](C)NC(=O)[C@H](C)NC(=O)[C@H](C)NC(=O)[C@H](C)NC(=O)[C@H](C)NC(C)=O,embedding_solvai,-34.76339952436801,1.9560916129383459,-35.83402069787665,-34.475937401494775,-35.64218010667066,-36.37405175481594,-31.490807660982036,True,-35.31737940201403
alanine,8,CC(=O)N[C@@H](C)C(=O)N[C@@H](C)C(=O)N[C@@H](C)C(=O)N[C@@H](C)C(=O)N[C@@H](C)C(=O)N[C@@H](C)C(=O)N[C@@H](C)C(=O)N[C@@H](C)C(=O)NC,45,CNC(=O)[C@H](C)NC(=O)[C@H](C)NC(=O)[C@H](C)NC(=O)[C@H](C)NC(=O)[C@H](C)NC(=O)[C@H](C)NC(=O)[C@H](C)NC(=O)[C@H](C)NC(C)=O,embedding_solvai,-38.09614415274598,2.2432770852135846,-39.34310921502957,-37.63624768059998,-39.18724224057803,-39.93271313530113,-34.38140849222116,True,-38.72219971206919
alanine,9,CC(=O)N[C@@H](C)C(=O)N[C@@H](C)C(=O)N[C@@H](C)C(=O)N[C@@H](C)C(=O)N[C@@H](C)C(=O)N[C@@H](C)C(=O)N[C@@H](C)C(=O)N[C@@H](C)C(=O)N[C@@H](C)C(=O)NC,50,CNC(=O)[C@H](C)NC(=O)[C@H](C)NC(=O)[C@H](C)NC(=O)[C@H](C)NC(=O)[C@H](C)NC(=O)[C@H](C)NC(=O)[C@H](C)NC(=O)[C@H](C)NC(=O)[C@H](C)NC(C)=O,embedding_solvai,-41.67244358044256,2.52972364302453,-43.05261101917777,-41.06636984092065,-43.0505208910721,-43.68753925767066,-37.505176893371655,True,-42.38983391705684
alanine,10,CC(=O)N[C@@H](C)C(=O)N[C@@H](C)C(=O)N[C@@H](C)C(=O)N[C@@H](C)C(=O)N[C@@H](C)C(=O)N[C@@H](C)C(=O)N[C@@H](C)C(=O)N[C@@H](C)C(=O)N[C@@H](C)C(=O)N[C@@H](C)C(=O)NC,55,CNC(=O)[C@H](C)NC(=O)[C@H](C)NC(=O)[C@H](C)NC(=O)[C@H](C)NC(=O)[C@H](C)NC(=O)[C@H](C)NC(=O)[C@H](C)NC(=O)[C@H](C)NC(=O)[C@H](C)NC(=O)[C@H](C)NC(C)=O,embedding_solvai,-44.78442775641108,2.794290259233862,-46.27274969100184,-43.929799006786126,-46.38371915285456,-47.07644662819245,-40.25942430322042,True,-45.52875595021417
alanine,11,CC(=O)N[C@@H](C)C(=O)N[C@@H](C)C(=O)N[C@@H](C)C(=O)N[C@@H](C)C(=O)N[C@@H](C)C(=O)N[C@@H](C)C(=O)N[C@@H](C)C(=O)N[C@@H](C)C(=O)N[C@@H](C)C(=O)N[C@@H](C)C(=O)N[C@@H](C)C(=O)NC,60,CNC(=O)[C@H](C)NC(=O)[C@H](C)NC(=O)[C@H](C)NC(=O)[C@H](C)NC(=O)[C@H](C)NC(=O)[C@H](C)NC(=O)[C@H](C)NC(=O)[C@H](C)NC(=O)[C@H](C)NC(=O)[C@H](C)NC(=O)[C@H](C)NC(C)=O,embedding_solvai,-47.223903824658045,3.087135061752708,-48.877483432951294,-46.20652896950239,-48.94389926559246,-49.828528304368135,-42.26307915087596,True,-48.00930388934871
alanine,12,CC(=O)N[C@@H](C)C(=O)N[C@@H](C)C(=O)N[C@@H](C)C(=O)N[C@@H](C)C(=O)N[C@@H](C)C(=O)N[C@@H](C)C(=O)N[C@@H](C)C(=O)N[C@@H](C)C(=O)N[C@@H](C)C(=O)N[C@@H](C)C(=O)N[C@@H](C)C(=O)N[C@@H](C)C(=O)NC,65,CNC(=O)[C@H](C)NC(=O)[C@H](C)NC(=O)[C@H](C)NC(=O)[C@H](C)NC(=O)[C@H](C)NC(=O)[C@H](C)NC(=O)[C@H](C)NC(=O)[C@H](C)NC(=O)[C@H](C)NC(=O)[C@H](C)NC(=O)[C@H](C)NC(=O)[C@H](C)NC(C)=O,embedding_solvai,-49.6073537285604,3.3564122195493673,-51.371998890943644,-48.41335304902999,-51.49757242175403,-52.4952683671559,-44.25857591391837,True,-50.427641453909224
alkane,1,C,1,C,embedding_solvai,1.9590452558889453,0.011005897416425367,1.9594434045625153,1.9421065601761418,1.9728115663818606,1.9590037947713297,1.9618609535528782,True,1.958120510373506
alkane,2,CC,2,CC,embedding_solvai,1.7924043661361402,0.004215623928655717,1.785707907863415,1.7919167102263058,1.797134104100337,1.7941897550273334,1.793073353463309,True,1.7915862407300194
alkane,3,CCC,3,CCC,embedding_solvai,1.9618360768823095,0.011595384376639218,1.9770960851095474,1.9450192036886165,1.9660942556058645,1.960063492159792,1.9609073478477264,True,1.9627365148013427
alkane,4,CCCC,4,CCCC,embedding_solvai,2.105366173842955,0.004265734873093587,2.1112996256070957,2.1008008170156565,2.1081357764996573,2.1038006508195872,2.10279399927278,True,2.1067454063741367
alkane,5,CCCCC,5,CCCCC,embedding_solvai,2.3411511597204795,0.004699507327920741,2.3365804373367833,2.3358353566643437,2.3462896555265775,2.3443958580072675,2.3426544910674245,True,2.3395684831759014
alkane,6,CCCCCC,6,CCCCCC,embedding_solvai,2.508884306033521,0.004241280443628198,2.5086038337672996,2.5023102800022237,2.513815130418152,2.5109628494151464,2.5087294365647814,True,2.5082430813958916
alkane,7,CCCCCCC,7,CCCCCCC,embedding_solvai,2.7001801713207274,0.013560186828471316,2.7057526674726873,2.680681495484106,2.6918119763968607,2.709636598637533,2.7130181186124513,True,2.6927487131178847
alkane,8,CCCCCCCC,8,CCCCCCCC,embedding_solvai,2.8940351631205075,0.008083291323276261,2.903599633232039,2.8818038895350666,2.8983444365743,2.893636160835692,2.892791695425439,True,2.8945826531138024
alkane,9,CCCCCCCCC,9,CCCCCCCCC,embedding_solvai,3.0631499402058475,0.010061167759700448,3.0523413926769285,3.051955438449716,3.0695617801005897,3.070708667780507,3.0711824220214936,True,3.0579528704090784
alkane,10,CCCCCCCCCC,10,CCCCCCCCCC,embedding_solvai,3.1791685125728604,0.010005896198341883,3.1707592223647696,3.166779564796018,3.1833487687841915,3.1842590842047747,3.19069592271455,True,3.173629185314993
alkane,11,CCCCCCCCCCC,11,CCCCCCCCCCC,embedding_solvai,3.5059457743914115,0.010973392924274569,3.493825470267824,3.494585184275893,3.5171138141989475,3.513709734498268,3.5104946687161283,True,3.501841489580888
alkane,12,CCCCCCCCCCCC,12,CCCCCCCCCCCC,embedding_solvai,3.4660873728608705,0.010145337558424223,3.457784784058407,3.4534258792079395,3.4779543983336145,3.4709968569643763,3.470274945740016,True,3.46305502053332
alkane,13,CCCCCCCCCCCCC,13,CCCCCCCCCCCCC,embedding_solvai,4.11428963204723,0.010503129861074503,4.106726880305271,4.100976589125421,4.126552001470881,4.115484321956868,4.121708367377706,True,4.111418490300525
alkane,14,CCCCCCCCCCCCCC,14,CCCCCCCCCCCCCC,embedding_solvai,2.158060083775949,0.01252428410349854,2.1358000975061486,2.1631766295786043,2.1654386993779093,2.16159622933068,2.164288763086403,True,2.154805142154221
alkane,15,CCCCCCCCCCCCCCC,15,CCCCCCCCCCCCCCC,embedding_solvai,4.29085704502392,0.007499870062632375,4.279492308796638,4.287004087752822,4.297520578291478,4.295143880696414,4.2951243695822425,True,4.288005658280313
alkane,16,CCCCCCCCCCCCCCCC,16,CCCCCCCCCCCCCCCC,embedding_solvai,1.228092459276699,0.012282284501501595,1.2496888237757275,1.220011809397941,1.225480408866935,1.224291450347085,1.2209898039958071,True,1.2317270140135346
alkane,17,CCCCCCCCCCCCCCCCC,17,CCCCCCCCCCCCCCCCC,embedding_solvai,4.2153622031807085,0.11910004320992902,4.0931349503952665,4.1585648620484355,4.3416803268856805,4.344741132921398,4.138689743652761,True,4.197793379776461
alkane,18,CCCCCCCCCCCCCCCCCC,18,CCCCCCCCCCCCCCCCCC,embedding_solvai,4.143875431966262,0.01885589030684187,4.159018495452933,4.111089443489646,4.148617242432354,4.147852040923424,4.152799937532955,True,4.13957506045831
alkane,19,CCCCCCCCCCCCCCCCCCC,19,CCCCCCCCCCCCCCCCCCC,embedding_solvai,4.3800621029068,0.007958781864830268,4.376968615754845,4.38774057994469,4.381303741434915,4.368029476852523,4.386268100547029,True,4.38200431237815
alkane,20,CCCCCCCCCCCCCCCCCCCC,20,CCCCCCCCCCCCCCCCCCCC,embedding_solvai,4.516262483995379,0.010343668451327524,4.520415546591333,4.497968619458873,4.52344220817725,4.520114343766305,4.519371701983135,True,4.513942124742485
alkane,21,CCCCCCCCCCCCCCCCCCCCC,21,CCCCCCCCCCCCCCCCCCCCC,embedding_solvai,4.709196795095172,0.0077002962053627525,4.707686269024875,4.697227702106416,4.713125601822612,4.717883265068969,4.710061137452988,True,4.706013190984635
alkane,22,CCCCCCCCCCCCCCCCCCCCCC,22,CCCCCCCCCCCCCCCCCCCCCC,embedding_solvai,4.869934597255267,0.009766707878956612,4.880832773964912,4.854139740610791,4.871517436392463,4.869962034759571,4.873221000548598,True,4.868829983656056
alkane,23,CCCCCCCCCCCCCCCCCCCCCCC,23,CCCCCCCCCCCCCCCCCCCCCCC,embedding_solvai,5.066072023579769,0.011851955832131568,5.0524616800557665,5.055773691686446,5.075201883623122,5.0797071218298795,5.067215740703634,True,5.061145751788445
alkane,24,CCCCCCCCCCCCCCCCCCCCCCCC,24,CCCCCCCCCCCCCCCCCCCCCCCC,embedding_solvai,5.239734353600726,0.013818388912292784,5.2561064953357635,5.218391511641468,5.245947302075378,5.238459302289592,5.239767156661427,True,5.240148436350871
alkane,25,CCCCCCCCCCCCCCCCCCCCCCCCC,25,CCCCCCCCCCCCCCCCCCCCCCCCC,embedding_solvai,5.380349612048553,0.01787151352402295,5.374858452853798,5.351740221449361,5.392244075025601,5.395973746444024,5.386931564469982,True,5.372947583109586
alkane,26,CCCCCCCCCCCCCCCCCCCCCCCCCC,26,CCCCCCCCCCCCCCCCCCCCCCCCCC,embedding_solvai,5.586670620526155,0.011486961750271453,5.587900308496839,5.566596610710389,5.592693945359948,5.5915232785096345,5.5946389595539605,True,5.582396954855725
alkane,27,CCCCCCCCCCCCCCCCCCCCCCCCCCC,27,CCCCCCCCCCCCCCCCCCCCCCCCCCC,embedding_solvai,5.738424408221332,0.012989338016262012,5.751144922994633,5.716494403669963,5.741189376988419,5.743014885608127,5.7402784518455165,True,5.736276234551005
alkane,28,CCCCCCCCCCCCCCCCCCCCCCCCCCCC,28,CCCCCCCCCCCCCCCCCCCCCCCCCCCC,embedding_solvai,5.913902979082765,0.01641958401630414,5.9157918988235325,5.885498455182378,5.926988839468936,5.918800268739914,5.922435433199067,True,5.909426397824949
alkane,29,CCCCCCCCCCCCCCCCCCCCCCCCCCCCC,29,CCCCCCCCCCCCCCCCCCCCCCCCCCCCC,embedding_solvai,5.518629877907857,0.12740254822828528,5.329848141626164,5.54921220798322,5.460786619111507,5.655536805218387,5.597765615600008,True,5.446615656240297
alkane,30,CCCCCCCCCCCCCCCCCCCCCCCCCCCCCC,30,CCCCCCCCCCCCCCCCCCCCCCCCCCCCCC,embedding_solvai,5.797365776912169,0.0921373390897237,5.673601658052299,5.815515746981657,5.735477498314592,5.8660922132491455,5.896141767963152,True,5.741531634449516
glycine,0,CC(=O)NC,5,CNC(C)=O,embedding_structure,-9.989630449386052,0.01661391235145022,-9.992182868953128,-9.9956003625448,-9.960837654313643,-10.00347126794621,-9.996060093172478,True,-9.982873628603857
glycine,1,CC(=O)NCC(=O)NC,9,CNC(=O)CNC(C)=O,embedding_structure,-12.715759538990437,0.2421085130374999,-12.726617961804958,-12.601728539435221,-12.461450335484717,-12.679122422409677,-13.109878435817613,True,-12.596598945574966
glycine,2,CC(=O)NCC(=O)NCC(=O)NC,13,CNC(=O)CNC(=O)CNC(C)=O,embedding_structure,-12.82449778299313,0.3357866042860093,-12.75085808227428,-12.411349452625167,-12.78085763975822,-12.832501120081986,-13.346922620226007,True,-12.647688391552556
glycine,3,CC(=O)NCC(=O)NCC(=O)NCC(=O)NC,17,CNC(=O)CNC(=O)CNC(=O)CNC(C)=O,embedding_structure,-14.487288344398005,0.6436203162811786,-14.161739673049965,-13.84823509053578,-14.387940555757321,-14.48693202267544,-15.551594379971515,True,-14.132638439781024
glycine,4,CC(=O)NCC(=O)NCC(=O)NCC(=O)NCC(=O)NC,21,CNC(=O)CNC(=O)CNC(=O)CNC(=O)CNC(C)=O,embedding_structure,-15.522800365454472,0.9264078158160027,-14.877520749226601,-14.786018501538905,-15.457909326385838,-15.402877009419342,-17.089676240701674,True,-15.040482859050448
glycine,5,CC(=O)NCC(=O)NCC(=O)NCC(=O)NCC(=O)NCC(=O)NC,25,CNC(=O)CNC(=O)CNC(=O)CNC(=O)CNC(=O)CNC(C)=O,embedding_structure,-16.227998857193192,1.1738115898933832,-15.261056817726935,-15.432853397455204,-16.255938284909508,-15.990607862730393,-18.19953792314392,True,-15.64994950003055
glycine,6,CC(=O)NCC(=O)NCC(=O)NCC(=O)NCC(=O)NCC(=O)NCC(=O)NC,29,CNC(=O)CNC(=O)CNC(=O)CNC(=O)CNC(=O)CNC(=O)CNC(C)=O,embedding_structure,-17.09230243666921,1.377395553730054,-15.906216196713721,-16.29749086087249,-17.13896131509991,-16.703411055106542,-19.415432755553397,True,-16.447556124228708
glycine,7,CC(=O)NCC(=O)NCC(=O)NCC(=O)NCC(=O)NCC(=O)NCC(=O)NCC(=O)NC,33,CNC(=O)CNC(=O)CNC(=O)CNC(=O)CNC(=O)CNC(=O)CNC(=O)CNC(C)=O,embedding_structure,-18.12128908753535,1.5728347875083444,-16.76293946444503,-17.299570709739857,-18.232958022831127,-17.53942937236755,-20.771547868293176,True,-17.43182273233867
glycine,8,CC(=O)NCC(=O)NCC(=O)NCC(=O)NCC(=O)NCC(=O)NCC(=O)NCC(=O)NCC(=O)NC,37,CNC(=O)CNC(=O)CNC(=O)CNC(=O)CNC(=O)CNC(=O)CNC(=O)CNC(=O)CNC(C)=O,embedding_structure,-18.792348738918555,1.7931703256359177,-17.242055603494986,-17.94308383846839,-18.943916195473395,-18.02062832285536,-21.812059734300657,True,-18.043018545812256
glycine,9,CC(=O)NCC(=O)NCC(=O)NCC(=O)NCC(=O)NCC(=O)NCC(=O)NCC(=O)NCC(=O)NCC(=O)NC,41,CNC(=O)CNC(=O)CNC(=O)CNC(=O)CNC(=O)CNC(=O)CNC(=O)CNC(=O)CNC(=O)CNC(C)=O,embedding_structure,-20.628601641424122,1.9988346190799313,-18.996523037059394,-19.761663573757044,-20.819100111864017,-19.56191732297752,-24.003804161462643,True,-19.859095574226817
glycine,10,CC(=O)NCC(=O)NCC(=O)NCC(=O)NCC(=O)NCC(=O)NCC(=O)NCC(=O)NCC(=O)NCC(=O)NCC(=O)NC,45,CNC(=O)CNC(=O)CNC(=O)CNC(=O)CNC(=O)CNC(=O)CNC(=O)CNC(=O)CNC(=O)CNC(=O)CNC(C)=O,embedding_structure,-21.490023917114804,2.236201908577956,-19.682661853030364,-20.56244481882359,-21.74040882583824,-20.209780210721753,-25.254823877160092,True,-20.66183849923073
glycine,11,CC(=O)NCC(=O)NCC(=O)NCC(=O)NCC(=O)NCC(=O)NCC(=O)NCC(=O)NCC(=O)NCC(=O)NCC(=O)NCC(=O)NC,49,CNC(=O)CNC(=O)CNC(=O)CNC(=O)CNC(=O)CNC(=O)CNC(=O)CNC(=O)CNC(=O)CNC(=O)CNC(=O)CNC(C)=O,embedding_structure,-22.33649653323805,2.457111062268653,-20.41081541448126,-21.38689182593602,-22.610960595738884,-20.80123158961646,-26.472583240417617,True,-21.46955594538539
glycine,12,CC(=O)NCC(=O)NCC(=O)NCC(=O)NCC(=O)NCC(=O)NCC(=O)NCC(=O)NCC(=O)NCC(=O)NCC(=O)NCC(=O)NCC(=O)NC,53,CNC(=O)CNC(=O)CNC(=O)CNC(=O)CNC(=O)CNC(=O)CNC(=O)CNC(=O)CNC(=O)CNC(=O)CNC(=O)CNC(=O)CNC(C)=O,embedding_structure,-22.885323444334954,2.6988183300667035,-20.746384628234598,-21.891379730077272,-23.24360481442903,-21.142613895948394,-27.402634152985488,True,-21.960456390913635
alanine,0,CC(=O)NC,5,CNC(C)=O,embedding_structure,-9.989630449386052,0.01661391235145022,-9.992182868953128,-9.9956003625448,-9.960837654313643,-10.00347126794621,-9.996060093172478,True,-9.982873628603857
alanine,1,CC(=O)N[C@@H](C)C(=O)NC,10,CNC(=O)[C@H](C)NC(C)=O,embedding_structure,-13.068824978544043,0.30357949461944617,-12.793525840356647,-13.088585713032884,-13.577740320324292,-12.968282012215866,-12.915991006790524,True,-13.153283957904607
alanine,2,CC(=O)N[C@@H](C)C(=O)N[C@@H](C)C(=O)NC,15,CNC(=O)[C@H](C)NC(=O)[C@H](C)NC(C)=O,embedding_structure,-17.600029185763,0.5259829329936031,-16.99489490638846,-17.639957949249023,-18.256261609820196,-17.944430105346253,-17.164601358011062,True,-17.630371488485892
alanine,3,CC(=O)N[C@@H](C)C(=O)N[C@@H](C)C(=O)N[C@@H](C)C(=O)NC,20,CNC(=O)[C@H](C)NC(=O)[C@H](C)NC(=O)[C@H](C)NC(C)=O,embedding_structure,-20.288712423104197,0.8681371734877216,-19.469819986307584,-20.21605303392802,-21.44010351206135,-20.858551584719613,-19.459033998504427,True,-20.375325510765652
alanine,4,CC(=O)N[C@@H](C)C(=O)N[C@@H](C)C(=O)N[C@@H](C)C(=O)N[C@@H](C)C(=O)NC,25,CNC(=O)[C@H](C)NC(=O)[C@H](C)NC(=O)[C@H](C)NC(=O)[C@H](C)NC(C)=O,embedding_structure,-22.433648467923142,1.1433603613590893,-21.380084885979297,-22.26285671057473,-23.954458114832622,-23.216313643481076,-21.354528984748004,True,-22.532466570462216
alanine,5,CC(=O)N[C@@H](C)C(=O)N[C@@H](C)C(=O)N[C@@H](C)C(=O)N[C@@H](C)C(=O)N[C@@H](C)C(=O)NC,30,CNC(=O)[C@H](C)NC(=O)[C@H](C)NC(=O)[C@H](C)NC(=O)[C@H](C)NC(=O)[C@H](C)NC(C)=O,embedding_structure,-25.268928217706037,1.4203751981034611,-24.062709434592264,-24.93855603310131,-27.11683779148468,-26.34666338733068,-23.87987444202124,True,-25.372701086392752
alanine,6,CC(=O)N[C@@H](C)C(=O)N[C@@H](C)C(=O)N[C@@H](C)C(=O)N[C@@H](C)C(=O)N[C@@H](C)C(=O)N[C@@H](C)C(=O)NC,35,CNC(=O)[C@H](C)NC(=O)[C@H](C)NC(=O)[C@H](C)NC(=O)[C@H](C)NC(=O)[C@H](C)NC(=O)[C@H](C)NC(C)=O,embedding_structure,-27.661674435844503,1.7403266847815506,-26.195052274657883,-27.311778210954735,-29.892537671365456,-29.000294420284195,-25.90870960196026,True,-27.799789385659356
alanine,7,CC(=O)N[C@@H](C)C(=O)N[C@@H](C)C(=O)N[C@@H](C)C(=O)N[C@@H](C)C(=O)N[C@@H](C)C(=O)N[C@@H](C)C(=O)N[C@@H](C)C(=O)NC,40,CNC(=O)[C@H](C)NC(=O)[C@H](C)NC(=O)[C@H](C)NC(=O)[C@H](C)NC(=O)[C@H](C)NC(=O)[C@H](C)NC(=O)[C@H](C)NC(C)=O,embedding_structure,-30.006896213749833,2.0160235795751866,-28.26110610432445,-29.632856936183742,-32.55296588871861,-31.596053049714566,-27.991499089807782,True,-30.148976309742267
alanine,8,CC(=O)N[C@@H](C)C(=O)N[C@@H](C)C(=O)N[C@@H](C)C(=O)N[C@@H](C)C(=O)N[C@@H](C)C(=O)N[C@@H](C)C(=O)N[C@@H](C)C(=O)N[C@@H](C)C(=O)NC,45,CNC(=O)[C@H](C)NC(=O)[C@H](C)NC(=O)[C@H](C)NC(=O)[C@H](C)NC(=O)[C@H](C)NC(=O)[C@H](C)NC(=O)[C@H](C)NC(=O)[C@H](C)NC(C)=O,embedding_structure,-32.36972969886243,2.3206861420768203,-30.349702587527386,-31.932783174761134,-35.29763334150897,-34.20638892032063,-30.06214047019402,True,-32.5267063679325
alanine,9,CC(=O)N[C@@H](C)C(=O)N[C@@H](C)C(=O)N[C@@H](C)C(=O)N[C@@H](C)C(=O)N[C@@H](C)C(=O)N[C@@H](C)C(=O)N[C@@H](C)C(=O)N[C@@H](C)C(=O)N[C@@H](C)C(=O)NC,50,CNC(=O)[C@H](C)NC(=O)[C@H](C)NC(=O)[C@H](C)NC(=O)[C@H](C)NC(=O)[C@H](C)NC(=O)[C@H](C)NC(=O)[C@H](C)NC(=O)[C@H](C)NC(=O)[C@H](C)NC(C)=O,embedding_structure,-34.345816805526624,2.6024698742629138,-32.05395451043648,-33.83003660016946,-37.619509583529755,-36.43088031373088,-31.794703019766555,True,-34.50116689804523
alanine,10,CC(=O)N[C@@H](C)C(=O)N[C@@H](C)C(=O)N[C@@H](C)C(=O)N[C@@H](C)C(=O)N[C@@H](C)C(=O)N[C@@H](C)C(=O)N[C@@H](C)C(=O)N[C@@H](C)C(=O)N[C@@H](C)C(=O)N[C@@H](C)C(=O)NC,55,CNC(=O)[C@H](C)NC(=O)[C@H](C)NC(=O)[C@H](C)NC(=O)[C@H](C)NC(=O)[C@H](C)NC(=O)[C@H](C)NC(=O)[C@H](C)NC(=O)[C@H](C)NC(=O)[C@H](C)NC(=O)[C@H](C)NC(C)=O,embedding_structure,-36.607505650327774,2.90208296779373,-34.045080783904396,-36.00602092485909,-40.26428988731704,-38.936626856818435,-33.7855097987399,True,-36.77179719869351
alanine,11,CC(=O)N[C@@H](C)C(=O)N[C@@H](C)C(=O)N[C@@H](C)C(=O)N[C@@H](C)C(=O)N[C@@H](C)C(=O)N[C@@H](C)C(=O)N[C@@H](C)C(=O)N[C@@H](C)C(=O)N[C@@H](C)C(=O)N[C@@H](C)C(=O)N[C@@H](C)C(=O)NC,60,CNC(=O)[C@H](C)NC(=O)[C@H](C)NC(=O)[C@H](C)NC(=O)[C@H](C)NC(=O)[C@H](C)NC(=O)[C@H](C)NC(=O)[C@H](C)NC(=O)[C@H](C)NC(=O)[C@H](C)NC(=O)[C@H](C)NC(=O)[C@H](C)NC(C)=O,embedding_structure,-39.100245109152624,3.193537434626168,-36.23411316619649,-38.45128301401373,-43.10630316648958,-41.68229181532084,-36.027234383742496,True,-39.26389978223327
alanine,12,CC(=O)N[C@@H](C)C(=O)N[C@@H](C)C(=O)N[C@@H](C)C(=O)N[C@@H](C)C(=O)N[C@@H](C)C(=O)N[C@@H](C)C(=O)N[C@@H](C)C(=O)N[C@@H](C)C(=O)N[C@@H](C)C(=O)N[C@@H](C)C(=O)N[C@@H](C)C(=O)N[C@@H](C)C(=O)NC,65,CNC(=O)[C@H](C)NC(=O)[C@H](C)NC(=O)[C@H](C)NC(=O)[C@H](C)NC(=O)[C@H](C)NC(=O)[C@H](C)NC(=O)[C@H](C)NC(=O)[C@H](C)NC(=O)[C@H](C)NC(=O)[C@H](C)NC(=O)[C@H](C)NC(=O)[C@H](C)NC(C)=O,embedding_structure,-41.361030589367616,3.4889593126753287,-38.180658982670856,-40.6702308121099,-45.71276120315397,-44.206715372449445,-38.03478657645387,True,-41.52121699931158
alkane,1,C,1,C,embedding_structure,1.956319797128057,0.017850905022173128,1.9318833460723805,1.952944374376317,1.9766564753183617,1.9706537590989113,1.949461030774314,True,1.9538280652556865
alkane,2,CC,2,CC,embedding_structure,1.7940784197320894,0.010512448341791198,1.7806850154087845,1.7880260721159642,1.803367295355943,1.8057964290703454,1.7925172867094101,True,1.790692794293564
alkane,3,CCC,3,CCC,embedding_structure,1.9572926700584539,0.007632865408961182,1.9483159722613506,1.9519584533883183,1.968154507317954,1.9588172197420608,1.9592171975825856,True,1.9561429776558743
alkane,4,CCCC,4,CCCC,embedding_structure,2.1044561023112998,0.008405220712880721,2.0918482642223415,2.1014062712773036,2.1138025357219608,2.109490579489969,2.105732860844924,True,2.1023523570738685
alkane,5,CCCCC,5,CCCCC,embedding_structure,2.335503667723421,0.019060724688667773,2.318968608185049,2.3435782203790003,2.314756036690871,2.338758365456222,2.361457107905963,True,2.32576762175164
alkane,6,CCCCCC,6,CCCCCC,embedding_structure,2.502151630255114,0.011054908952148194,2.4917200130631043,2.509140999129345,2.488553725066395,2.509934247864896,2.5114091661518287,True,2.4964715790862813
alkane,7,CCCCCCC,7,CCCCCCC,embedding_structure,2.663042716605922,0.011570468098420569,2.655204248431822,2.671679555183043,2.649715528126338,2.6608405215382316,2.6777737297501742,True,2.6588664439137344
alkane,8,CCCCCCCC,8,CCCCCCCC,embedding_structure,2.8806648063008184,0.013304031231087162,2.876602958163618,2.8916429785785684,2.8614903807928416,2.894799511018192,2.8787882029508713,True,2.876578772511676
alkane,9,CCCCCCCCC,9,CCCCCCCCC,embedding_structure,3.046493180092827,0.021556823177004924,3.0607360495493916,3.0504719840503336,3.00894867475861,3.051473757818597,3.0608354342872044,True,3.040052236119445
alkane,10,CCCCCCCCCC,10,CCCCCCCCCC,embedding_structure,3.1580509020378256,0.017523630597020296,3.1583550315299798,3.1679130385849428,3.1277000225543263,3.1698854902832583,3.1664009272366194,True,3.1513226975564166
alkane,11,CCCCCCCCCCC,11,CCCCCCCCCCC,embedding_structure,3.496583854033877,0.016464214497829505,3.5038901565689384,3.5116769202904825,3.472019361291448,3.507599707150872,3.4877331248676464,True,3.4958621460502894
alkane,12,CCCCCCCCCCCC,12,CCCCCCCCCCCC,embedding_structure,3.4514333066731333,0.012651958607713051,3.455648317056583,3.460589506720618,3.4296863407615907,3.4595377357222885,3.451704633104587,True,3.448641388179597
alkane,13,CCCCCCCCCCCCC,13,CCCCCCCCCCCCC,embedding_structure,4.108107779410789,0.017769481446251033,4.115183728854157,4.123475952377217,4.077633370185688,4.114936791315418,4.10930905432146,True,4.105431017139021
alkane,14,CCCCCCCCCCCCCC,14,CCCCCCCCCCCCCC,embedding_structure,2.1381143595358636,0.01753985912595238,2.150025528904422,2.159917663789578,2.115721941578622,2.127563968436333,2.137342694970365,True,2.141888378090874
alkane,15,CCCCCCCCCCCCCCC,15,CCCCCCCCCCCCCCC,embedding_structure,4.272795484690522,0.02844227946155469,4.275513870672522,4.289566750654838,4.222937515202415,4.288335721295055,4.28762356562778,True,4.262672712176592
alkane,16,CCCCCCCCCCCCCCCC,16,CCCCCCCCCCCCCCCC,embedding_structure,1.19514160188533,0.02049225976616254,1.2081447839251966,1.214425533521597,1.162922899053262,1.2022042593821691,1.1880105335444258,True,1.1951644055000186
alkane,17,CCCCCCCCCCCCCCCCC,17,CCCCCCCCCCCCCCCCC,embedding_structure,4.30018677204307,0.1349346449581323,4.422636207641143,4.2567642996756385,4.0844860393162525,4.362066392583734,4.374980920998582,True,4.254628848877679
alkane,18,CCCCCCCCCCCCCCCCCC,18,CCCCCCCCCCCCCCCCCC,embedding_structure,4.124493944759136,0.018540380476880912,4.137711139332576,4.148994050824798,4.1081310708033305,4.121037672828046,4.106595790006929,True,4.131612086986902
alkane,19,CCCCCCCCCCCCCCCCCCC,19,CCCCCCCCCCCCCCCCCCC,embedding_structure,4.366180067117953,0.013166743730322547,4.368999545060256,4.384213946058119,4.354256459414111,4.371155523176252,4.352274861881026,True,4.369156650177495
alkane,20,CCCCCCCCCCCCCCCCCCCC,20,CCCCCCCCCCCCCCCCCCCC,embedding_structure,4.498627729284493,0.028141336245181496,4.5157566583604725,4.525039070927757,4.453453402753351,4.507652229311318,4.491237285069565,True,4.49808304401386
alkane,21,CCCCCCCCCCCCCCCCCCCCC,21,CCCCCCCCCCCCCCCCCCCCC,embedding_structure,4.693274384541797,0.017966299408880775,4.69812338419137,4.715016350730333,4.6686628212364285,4.701960366737739,4.682608999813115,True,4.693934185386044
alkane,22,CCCCCCCCCCCCCCCCCCCCCC,22,CCCCCCCCCCCCCCCCCCCCCC,embedding_structure,4.852777986786056,0.02177125695425245,4.8686755206688614,4.873320995008728,4.819553242129499,4.8586583927085405,4.84368178341465,True,4.85384991926903
alkane,23,CCCCCCCCCCCCCCCCCCCCCCC,23,CCCCCCCCCCCCCCCCCCCCCCC,embedding_structure,5.050881157863378,0.020417066873040183,5.062097731567415,5.07157220666483,5.022541386473148,5.061425817573121,5.036768647038374,True,5.052070441568464
alkane,24,CCCCCCCCCCCCCCCCCCCCCCCC,24,CCCCCCCCCCCCCCCCCCCCCCCC,embedding_structure,5.2248594459894555,0.010251094029816008,5.219043304799274,5.237080110406565,5.2297189328628955,5.227890985353915,5.210563896524627,True,5.228614116022912
alkane,25,CCCCCCCCCCCCCCCCCCCCCCCCC,25,CCCCCCCCCCCCCCCCCCCCCCCCC,embedding_structure,5.360523515327235,0.022245470948360085,5.35750209735325,5.388138814659368,5.326901353663888,5.369309979761161,5.360765331198503,True,5.357514088558836
alkane,26,CCCCCCCCCCCCCCCCCCCCCCCCCC,26,CCCCCCCCCCCCCCCCCCCCCCCCCC,embedding_structure,5.572823095020498,0.01854247007697045,5.571457926750782,5.592515296720813,5.543995423831507,5.58512607195052,5.571020755848868,True,5.569322882434367
alkane,27,CCCCCCCCCCCCCCCCCCCCCCCCCCC,27,CCCCCCCCCCCCCCCCCCCCCCCCCCC,embedding_structure,5.71489937008641,0.02757947551323467,5.729923537721096,5.736495124863121,5.668603154490385,5.728688850027404,5.710786183330046,True,5.711673939024867
alkane,28,CCCCCCCCCCCCCCCCCCCCCCCCCCCC,28,CCCCCCCCCCCCCCCCCCCCCCCCCCCC,embedding_structure,5.9020475383340605,0.014255672629576848,5.89363215090279,5.923576833378124,5.898512368335038,5.907750880895436,5.886765458158915,True,5.905240450871983
alkane,29,CCCCCCCCCCCCCCCCCCCCCCCCCCCCC,29,CCCCCCCCCCCCCCCCCCCCCCCCCCCCC,embedding_structure,5.584480497960358,0.08609862473523623,5.4529376637135405,5.65735804578187,5.657322072165116,5.605948089105852,5.548836619035412,True,5.589205927220175
alkane,30,CCCCCCCCCCCCCCCCCCCCCCCCCCCCCC,30,CCCCCCCCCCCCCCCCCCCCCCCCCCCCCC,embedding_structure,5.849542276486217,0.06416100207553348,5.740388811585052,5.908965447752638,5.871172419601655,5.872488200363624,5.854696503128117,True,5.840175559646448
glycine,0,CC(=O)NC,5,CNC(C)=O,graph_solvai,-9.786118736488046,0.26659867592914405,-9.660206748819009,-9.456998799579766,-9.982738879971608,-9.70547009480856,-10.12517915926129,False,-9.699981476123462
glycine,1,CC(=O)NCC(=O)NC,9,CNC(=O)CNC(C)=O,graph_solvai,-14.199464412301348,0.5497635119799391,-13.988226724996888,-13.547834050354982,-13.916343512331363,-14.810625674843585,-14.73429209897991,False,-13.817468095894412
glycine,2,CC(=O)NCC(=O)NCC(=O)NC,13,CNC(=O)CNC(=O)CNC(C)=O,graph_solvai,-19.10968408481147,1.0734277647280726,-19.158910381978263,-18.191702991359268,-17.89841070368254,-19.8914015079985,-20.407994839038782,False,-18.41634135900669
glycine,3,CC(=O)NCC(=O)NCC(=O)NCC(=O)NC,17,CNC(=O)CNC(=O)CNC(=O)CNC(C)=O,graph_solvai,-23.36944759861499,1.2301067719893235,-23.30223815140488,-22.503975059511145,-21.951292264476017,-24.032661099322894,-25.05707141836001,False,-22.58583515846401
glycine,4,CC(=O)NCC(=O)NCC(=O)NCC(=O)NCC(=O)NC,21,CNC(=O)CNC(=O)CNC(=O)CNC(=O)CNC(C)=O,graph_solvai,-27.113285793149686,1.461906910563625,-26.47191986253577,-26.349163248833953,-25.59988037017952,-27.864535392112646,-29.280930092086532,False,-26.140321160516418
glycine,5,CC(=O)NCC(=O)NCC(=O)NCC(=O)NCC(=O)NCC(=O)NC,25,CNC(=O)CNC(=O)CNC(=O)CNC(=O)CNC(=O)CNC(C)=O,graph_solvai,-30.77883881262566,1.7930204895989021,-29.854061754218456,-29.958268176121337,-28.946346189598874,-31.68101175748686,-33.45450618570278,False,-29.58622537331289
glycine,6,CC(=O)NCC(=O)NCC(=O)NCC(=O)NCC(=O)NCC(=O)NCC(=O)NC,29,CNC(=O)CNC(=O)CNC(=O)CNC(=O)CNC(=O)CNC(=O)CNC(C)=O,graph_solvai,-34.54857581622322,1.8838427423215751,-33.39891414364848,-33.94077924531992,-32.757674059720976,-35.09769319903236,-37.547818433394355,False,-33.365789149563135
glycine,7,CC(=O)NCC(=O)NCC(=O)NCC(=O)NCC(=O)NCC(=O)NCC(=O)NCC(=O)NC,33,CNC(=O)CNC(=O)CNC(=O)CNC(=O)CNC(=O)CNC(=O)CNC(=O)CNC(C)=O,graph_solvai,-38.017320227047186,2.05604650974159,-36.60511700217528,-37.51235210560837,-36.2080560732199,-38.39000104328905,-41.37107491094331,False,-36.77517506033451
glycine,8,CC(=O)NCC(=O)NCC(=O)NCC(=O)NCC(=O)NCC(=O)NCC(=O)NCC(=O)NCC(=O)NC,37,CNC(=O)CNC(=O)CNC(=O)CNC(=O)CNC(=O)CNC(=O)CNC(=O)CNC(=O)CNC(C)=O,graph_solvai,-41.292412927492144,2.3414038185919255,-39.60021692202986,-40.84368705598742,-39.37104669163447,-41.46330638652318,-45.183807581285784,False,-39.938316889883914
glycine,9,CC(=O)NCC(=O)NCC(=O)NCC(=O)NCC(=O)NCC(=O)NCC(=O)NCC(=O)NCC(=O)NCC(=O)NC,41,CNC(=O)CNC(=O)CNC(=O)CNC(=O)CNC(=O)CNC(=O)CNC(=O)CNC(=O)CNC(=O)CNC(C)=O,graph_solvai,-44.877143107622416,2.6194563896311487,-42.901424273238206,-44.421457133914714,-42.878496275196945,-44.90953009381421,-49.27480776194798,False,-43.40045922744995
glycine,10,CC(=O)NCC(=O)NCC(=O)NCC(=O)NCC(=O)NCC(=O)NCC(=O)NCC(=O)NCC(=O)NCC(=O)NCC(=O)NC,45,CNC(=O)CNC(=O)CNC(=O)CNC(=O)CNC(=O)CNC(=O)CNC(=O)CNC(=O)CNC(=O)CNC(=O)CNC(C)=O,graph_solvai,-48.56856884004605,2.929243607906884,-46.456212697560275,-47.97348473558146,-46.44955940762765,-48.396432035264404,-53.56715532419644,False,-46.95975228025646
glycine,11,CC(=O)NCC(=O)NCC(=O)NCC(=O)NCC(=O)NCC(=O)NCC(=O)NCC(=O)NCC(=O)NCC(=O)NCC(=O)NCC(=O)NC,49,CNC(=O)CNC(=O)CNC(=O)CNC(=O)CNC(=O)CNC(=O)CNC(=O)CNC(=O)CNC(=O)CNC(=O)CNC(=O)CNC(C)=O,graph_solvai,-51.57338383142468,3.1827066203691583,-49.19756326094141,-51.05399211883429,-49.42048261813398,-51.16252269141552,-57.032358467798204,False,-49.89067933263656
glycine,12,CC(=O)NCC(=O)NCC(=O)NCC(=O)NCC(=O)NCC(=O)NCC(=O)NCC(=O)NCC(=O)NCC(=O)NCC(=O)NCC(=O)NCC(=O)NC,53,CNC(=O)CNC(=O)CNC(=O)CNC(=O)CNC(=O)CNC(=O)CNC(=O)CNC(=O)CNC(=O)CNC(=O)CNC(=O)CNC(=O)CNC(C)=O,graph_solvai,-54.41755894204747,3.354402866251325,-51.72940835812316,-54.03782680914387,-52.31282481631295,-53.855071080474175,-60.15266364618318,False,-52.693353327859995
alanine,0,CC(=O)NC,5,CNC(C)=O,graph_solvai,-9.78611879746028,0.26659858184028046,-9.660206748819009,-9.456999104440925,-9.982738879971608,-9.70547009480856,-10.12517915926129,False,-9.699981577743847
alanine,1,CC(=O)N[C@@H](C)C(=O)NC,10,CNC(=O)[C@H](C)NC(C)=O,graph_solvai,-13.740076570512917,0.47213835161834555,-13.827076506660983,-13.216844460931181,-13.28529127861318,-14.128436640047795,-14.242733966311455,False,-13.443070748735115
alanine,2,CC(=O)N[C@@H](C)C(=O)N[C@@H](C)C(=O)NC,15,CNC(=O)[C@H](C)NC(=O)[C@H](C)NC(C)=O,graph_solvai,-18.962059824430774,0.9579838301941374,-19.381346839095077,-18.25680792101701,-17.651747539987397,-19.701968100503464,-19.818428721550934,False,-18.429967433366496
alanine,3,CC(=O)N[C@@H](C)C(=O)N[C@@H](C)C(=O)N[C@@H](C)C(=O)NC,20,CNC(=O)[C@H](C)NC(=O)[C@H](C)NC(=O)[C@H](C)NC(C)=O,graph_solvai,-23.700475844433743,1.0055808019557675,-23.76113833728347,-23.13140127460494,-22.31733174134269,-24.55917583191959,-24.733332037018023,False,-23.0699571177437
alanine,4,CC(=O)N[C@@H](C)C(=O)N[C@@H](C)C(=O)N[C@@H](C)C(=O)N[C@@H](C)C(=O)NC,25,CNC(=O)[C@H](C)NC(=O)[C@H](C)NC(=O)[C@H](C)NC(=O)[C@H](C)NC(C)=O,graph_solvai,-28.131149401715344,1.2825652022142386,-27.70667828401557,-27.624748676718465,-26.473312468309793,-29.276932752570563,-29.574074826962335,False,-27.26824647634794
alanine,5,CC(=O)N[C@@H](C)C(=O)N[C@@H](C)C(=O)N[C@@H](C)C(=O)N[C@@H](C)C(=O)N[C@@H](C)C(=O)NC,30,CNC(=O)[C@H](C)NC(=O)[C@H](C)NC(=O)[C@H](C)NC(=O)[C@H](C)NC(=O)[C@H](C)NC(C)=O,graph_solvai,-32.06578751340389,1.4601141803967712,-31.27792677203091,-31.497841417641006,-30.393227005466365,-33.26257291670447,-33.89736945517671,False,-31.05633173171276
alanine,6,CC(=O)N[C@@H](C)C(=O)N[C@@H](C)C(=O)N[C@@H](C)C(=O)N[C@@H](C)C(=O)N[C@@H](C)C(=O)N[C@@H](C)C(=O)NC,35,CNC(=O)[C@H](C)NC(=O)[C@H](C)NC(=O)[C@H](C)NC(=O)[C@H](C)NC(=O)[C@H](C)NC(=O)[C@H](C)NC(C)=O,graph_solvai,-35.72868068024039,1.5315765814179736,-34.60647163308337,-35.148812318162754,-34.25123521624475,-36.79414311516197,-37.84274111854907,False,-34.66883972249696
alanine,7,CC(=O)N[C@@H](C)C(=O)N[C@@H](C)C(=O)N[C@@H](C)C(=O)N[C@@H](C)C(=O)N[C@@H](C)C(=O)N[C@@H](C)C(=O)N[C@@H](C)C(=O)NC,40,CNC(=O)[C@H](C)NC(=O)[C@H](C)NC(=O)[C@H](C)NC(=O)[C@H](C)NC(=O)[C@H](C)NC(=O)[C@H](C)NC(=O)[C@H](C)NC(C)=O,graph_solvai,-39.601760738938715,1.744167888434262,-38.12315241253843,-38.89941428431407,-38.18383197761306,-40.693244171275666,-42.109160848952335,False,-38.40213289148852
alanine,8,CC(=O)N[C@@H](C)C(=O)N[C@@H](C)C(=O)N[C@@H](C)C(=O)N[C@@H](C)C(=O)N[C@@H](C)C(=O)N[C@@H](C)C(=O)N[C@@H](C)C(=O)N[C@@H](C)C(=O)NC,45,CNC(=O)[C@H](C)NC(=O)[C@H](C)NC(=O)[C@H](C)NC(=O)[C@H](C)NC(=O)[C@H](C)NC(=O)[C@H](C)NC(=O)[C@H](C)NC(=O)[C@H](C)NC(C)=O,graph_solvai,-43.353885547551144,2.004749727688103,-41.633738407704044,-42.387206420348356,-41.997345092522416,-44.334391225811856,-46.416746591369055,False,-42.0060966401916
alanine,9,CC(=O)N[C@@H](C)C(=O)N[C@@H](C)C(=O)N[C@@H](C)C(=O)N[C@@H](C)C(=O)N[C@@H](C)C(=O)N[C@@H](C)C(=O)N[C@@H](C)C(=O)N[C@@H](C)C(=O)N[C@@H](C)C(=O)NC,50,CNC(=O)[C@H](C)NC(=O)[C@H](C)NC(=O)[C@H](C)NC(=O)[C@H](C)NC(=O)[C@H](C)NC(=O)[C@H](C)NC(=O)[C@H](C)NC(=O)[C@H](C)NC(=O)[C@H](C)NC(C)=O,graph_solvai,-47.27638384400193,2.3300993726929278,-45.3659804154196,-46.01848572889211,-45.91553533496405,-48.061601804960326,-51.02031593577358,False,-45.76666715975858
alanine,10,CC(=O)N[C@@H](C)C(=O)N[C@@H](C)C(=O)N[C@@H](C)C(=O)N[C@@H](C)C(=O)N[C@@H](C)C(=O)N[C@@H](C)C(=O)N[C@@H](C)C(=O)N[C@@H](C)C(=O)N[C@@H](C)C(=O)N[C@@H](C)C(=O)NC,55,CNC(=O)[C@H](C)NC(=O)[C@H](C)NC(=O)[C@H](C)NC(=O)[C@H](C)NC(=O)[C@H](C)NC(=O)[C@H](C)NC(=O)[C@H](C)NC(=O)[C@H](C)NC(=O)[C@H](C)NC(=O)[C@H](C)NC(C)=O,graph_solvai,-50.91391402574851,2.5745175493072106,-48.71798007459596,-49.51550174415116,-49.635919463041624,-51.58489929100894,-55.11526955594486,False,-49.28980042726292
alanine,11,CC(=O)N[C@@H](C)C(=O)N[C@@H](C)C(=O)N[C@@H](C)C(=O)N[C@@H](C)C(=O)N[C@@H](C)C(=O)N[C@@H](C)C(=O)N[C@@H](C)C(=O)N[C@@H](C)C(=O)N[C@@H](C)C(=O)N[C@@H](C)C(=O)N[C@@H](C)C(=O)NC,60,CNC(=O)[C@H](C)NC(=O)[C@H](C)NC(=O)[C@H](C)NC(=O)[C@H](C)NC(=O)[C@H](C)NC(=O)[C@H](C)NC(=O)[C@H](C)NC(=O)[C@H](C)NC(=O)[C@H](C)NC(=O)[C@H](C)NC(=O)[C@H](C)NC(C)=O,graph_solvai,-53.92843384531625,2.7336313735152893,-51.38673953770052,-52.54319741911919,-52.84388319962243,-54.46210086459051,-58.40624820554859,False,-52.25794005214738
alanine,12,CC(=O)N[C@@H](C)C(=O)N[C@@H](C)C(=O)N[C@@H](C)C(=O)N[C@@H](C)C(=O)N[C@@H](C)C(=O)N[C@@H](C)C(=O)N[C@@H](C)C(=O)N[C@@H](C)C(=O)N[C@@H](C)C(=O)N[C@@H](C)C(=O)N[C@@H](C)C(=O)N[C@@H](C)C(=O)NC,65,CNC(=O)[C@H](C)NC(=O)[C@H](C)NC(=O)[C@H](C)NC(=O)[C@H](C)NC(=O)[C@H](C)NC(=O)[C@H](C)NC(=O)[C@H](C)NC(=O)[C@H](C)NC(=O)[C@H](C)NC(=O)[C@H](C)NC(=O)[C@H](C)NC(=O)[C@H](C)NC(C)=O,graph_solvai,-57.142526998414155,2.87426949849739,-54.24355199697245,-55.71247549407565,-56.34010413697898,-57.61220439209453,-61.804298971949194,False,-55.432043876009025
alkane,1,C,1,C,graph_solvai,1.9264504763312131,0.22056589217792816,2.115448176257897,2.153713129482912,1.6065507603137954,1.8894570380278886,1.867083277573574,False,1.9585706886848682
alkane,2,CC,2,CC,graph_solvai,1.9463903472370467,0.1305943610794112,2.006795049490778,2.091490966944068,1.7502336536873004,1.8917386189413659,1.9916934471217225,False,1.9495065567073822
alkane,3,CCC,3,CCC,graph_solvai,2.0619674806459214,0.12772866832479465,2.2158602961766576,2.1482366036237854,1.8964475044022926,1.9802026203191057,2.0690903787077666,False,2.0868481347342454
alkane,4,CCCC,4,CCCC,graph_solvai,2.112461878289424,0.10355162315498981,2.2712017423583157,2.1559270312191057,2.0072773398442143,2.0598335744778327,2.068069703547649,False,2.144802037807212
alkane,5,CCCCC,5,CCCCC,graph_solvai,2.344412076620922,0.06928766592845931,2.464639806037134,2.3292747445240396,2.287596565763577,2.3282132179686243,2.312336048811236,False,2.3605037054415834
alkane,6,CCCCCC,6,CCCCCC,graph_solvai,2.462891488262868,0.0640232518673954,2.549576563805984,2.4781921039964763,2.379601834363518,2.481252300309877,2.4258346388384853,False,2.469123500721993
alkane,7,CCCCCCC,7,CCCCCCC,graph_solvai,2.6769573115665435,0.054446125662353614,2.7315616034658943,2.709793297273226,2.605420421177568,2.7047386992580664,2.633272536657964,False,2.6822584406388956
alkane,8,CCCCCCCC,8,CCCCCCCC,graph_solvai,2.790036412639097,0.05485187175365438,2.8206463021632278,2.8199499992762176,2.7131449408545683,2.8438102627415054,2.7526305581599635,False,2.7845804140980044
alkane,9,CCCCCCCCC,9,CCCCCCCCC,graph_solvai,2.944033002908335,0.060927235097351456,2.9451863536448215,2.985519484972058,2.8639286603420118,3.0175719775002747,2.9079585380825064,False,2.9315448329862974
alkane,10,CCCCCCCCCC,10,CCCCCCCCCC,graph_solvai,3.0426327842094514,0.08227351450758985,3.04169076322834,3.097080987195427,2.9321730502144776,3.14282784298305,2.999391277425965,False,3.0236482668794147
alkane,11,CCCCCCCCCCC,11,CCCCCCCCCCC,graph_solvai,3.165194896491869,0.08367771859839546,3.131614439835065,3.2147549556554633,3.06423219732007,3.280554359033263,3.1348185306154823,False,3.1368671976035327
alkane,12,CCCCCCCCCCCC,12,CCCCCCCCCCCC,graph_solvai,3.279649896946932,0.07752643627102547,3.2396151637220614,3.3257250272304972,3.1914757575591084,3.3884221634549627,3.2530113727680288,False,3.252271982837222
alkane,13,CCCCCCCCCCCCC,13,CCCCCCCCCCCCC,graph_solvai,3.3817630201880915,0.09079229206031997,3.327018248266704,3.434108656733117,3.275975954148362,3.5072454584841886,3.364466783308088,False,3.3457009530493944
alkane,14,CCCCCCCCCCCCCC,14,CCCCCCCCCCCCCC,graph_solvai,3.4958091408567897,0.08993202094148649,3.4471890296184258,3.5524161266814227,3.383976678035358,3.614381596124441,3.481082273824298,False,3.4611939447784024
alkane,15,CCCCCCCCCCCCCCC,15,CCCCCCCCCCCCCCC,graph_solvai,3.6371093613565137,0.080729166228368,3.5769531819195484,3.684156998737085,3.547588345368511,3.7473992267137293,3.629449054043696,False,3.6028995086750477
alkane,16,CCCCCCCCCCCCCCCC,16,CCCCCCCCCCCCCCCC,graph_solvai,3.775945572025253,0.08310396784685051,3.7149296841200874,3.8362869851023893,3.687078788084327,3.8853495108546,3.756082891964863,False,3.746098485768935
alkane,17,CCCCCCCCCCCCCCCCC,17,CCCCCCCCCCCCCCCCC,graph_solvai,3.9324612910230115,0.0779898335478868,3.8734617548230483,3.9944434668575424,3.8486576412096953,4.030828036454239,3.914915555770535,False,3.9055209542967617
alkane,18,CCCCCCCCCCCCCCCCCC,18,CCCCCCCCCCCCCCCCCC,graph_solvai,4.068832760193986,0.07448805589309558,4.010493797153205,4.102566135208112,4.012407715509005,4.184133567448401,4.034562585651206,False,4.041822549290107
alkane,19,CCCCCCCCCCCCCCCCCCC,19,CCCCCCCCCCCCCCCCCCC,graph_solvai,4.244777158906275,0.07053237487779311,4.171212332088056,4.269999542029688,4.217812189398383,4.354154635787025,4.210707095228218,False,4.219674687838709
alkane,20,CCCCCCCCCCCCCCCCCCCC,20,CCCCCCCCCCCCCCCCCCCC,graph_solvai,4.40866320128247,0.0848387063710131,4.325226970137904,4.4473976406922455,4.378453899321181,4.537250589510099,4.354986906750921,False,4.38369283671711
alkane,21,CCCCCCCCCCCCCCCCCCCCC,21,CCCCCCCCCCCCCCCCCCCCC,graph_solvai,4.582449792711808,0.09209174866085744,4.495701671881025,4.612570806881471,4.558157358067613,4.726897399816388,4.518921726912546,False,4.555476612276703
alkane,22,CCCCCCCCCCCCCCCCCCCCCC,22,CCCCCCCCCCCCCCCCCCCCCC,graph_solvai,4.745240773805106,0.10133853982675131,4.6470695053489885,4.770051106586101,4.7430721134648985,4.901259081335945,4.664752062289597,False,4.720064241799996
alkane,23,CCCCCCCCCCCCCCCCCCCCCCC,23,CCCCCCCCCCCCCCCCCCCCCCC,graph_solvai,4.91399886333449,0.1157572446156811,4.801432294842342,4.94380184634315,4.931989695879014,5.083531300207572,4.809239179400374,False,4.892407945688169
alkane,24,CCCCCCCCCCCCCCCCCCCCCCCC,24,CCCCCCCCCCCCCCCCCCCCCCCC,graph_solvai,5.065087565925333,0.1239142462906294,4.945054215984059,5.079199832861408,5.110721866973077,5.241709731966167,4.948752181841953,False,5.044991971939514
alkane,25,CCCCCCCCCCCCCCCCCCCCCCCCC,25,CCCCCCCCCCCCCCCCCCCCCCCCC,graph_solvai,5.229633205905004,0.12805099416181803,5.104347220139725,5.250769595887429,5.280250279678861,5.407147517641348,5.105651416177653,False,5.211789031902005
alkane,26,CCCCCCCCCCCCCCCCCCCCCCCCCC,26,CCCCCCCCCCCCCCCCCCCCCCCCCC,graph_solvai,5.38720581756856,0.13544429954332834,5.260187976531598,5.415684239813875,5.456063100314952,5.562131614176612,5.241962157005767,False,5.377311772220142
alkane,27,CCCCCCCCCCCCCCCCCCCCCCCCCCC,27,CCCCCCCCCCCCCCCCCCCCCCCCCCC,graph_solvai,5.5399839387577625,0.14685182816705464,5.405372006251704,5.574702868926498,5.625660411642655,5.719566184707403,5.374618222260556,False,5.535245095606952
alkane,28,CCCCCCCCCCCCCCCCCCCCCCCCCCCC,28,CCCCCCCCCCCCCCCCCCCCCCCCCCCC,graph_solvai,5.685780983296258,0.1477640800422247,5.554070475412025,5.724596393829848,5.78463575047071,5.854108730813688,5.511493565955019,False,5.687767539904194
alkane,29,CCCCCCCCCCCCCCCCCCCCCCCCCCCCC,29,CCCCCCCCCCCCCCCCCCCCCCCCCCCCC,graph_solvai,5.828293575652839,0.15900712332144887,5.688937393791417,5.8803255710375515,5.940300297112718,5.997825158914677,5.634079457407833,False,5.836521087313895
alkane,30,CCCCCCCCCCCCCCCCCCCCCCCCCCCCCC,30,CCCCCCCCCCCCCCCCCCCCCCCCCCCCCC,graph_solvai,5.960435644993662,0.16530741523860287,5.820475228315229,6.021914068249166,6.08092421361746,6.127232623659842,5.751632091126612,False,5.974437836727286
glycine,0,CC(=O)NC,5,CNC(C)=O,graph_structure,-9.774278416852827,0.30966940955748035,-9.912560450906852,-10.069979778379697,-9.882402365620264,-9.259926181164111,-9.746523308193204,False,-9.954980864968938
glycine,1,CC(=O)NCC(=O)NC,9,CNC(=O)CNC(C)=O,graph_structure,-13.351045196706067,0.6892501657335861,-13.578825016327784,-13.26543201299777,-13.743540281056287,-13.962368401495933,-12.20506027165256,False,-13.529265770127282
glycine,2,CC(=O)NCC(=O)NCC(=O)NC,13,CNC(=O)CNC(=O)CNC(C)=O,graph_structure,-17.497770216943405,0.8876923841070671,-16.94133445909731,-17.711863721640313,-18.2964947466873,-18.283095489029744,-16.256062668262356,False,-17.649897642474972
glycine,3,CC(=O)NCC(=O)NCC(=O)NCC(=O)NC,17,CNC(=O)CNC(=O)CNC(=O)CNC(C)=O,graph_structure,-21.74863349212848,1.0562234254801808,-20.716141181823506,-21.98846215641813,-23.05654810452906,-22.35573083347764,-20.626285184394064,False,-21.920383814256898
glycine,4,CC(=O)NCC(=O)NCC(=O)NCC(=O)NCC(=O)NC,21,CNC(=O)CNC(=O)CNC(=O)CNC(=O)CNC(C)=O,graph_structure,-25.734024889556697,1.243963958468531,-24.477375485753875,-25.71340091021021,-27.63622852851936,-26.052647968984957,-24.790471554315086,False,-25.942334974827816
glycine,5,CC(=O)NCC(=O)NCC(=O)NCC(=O)NCC(=O)NCC(=O)NC,25,CNC(=O)CNC(=O)CNC(=O)CNC(=O)CNC(=O)CNC(C)=O,graph_structure,-29.597652057327668,1.4242509455889958,-28.197819366618603,-29.32648122701012,-31.974190636812462,-29.54825918402363,-28.941509872173512,False,-29.832830410147064
glycine,6,CC(=O)NCC(=O)NCC(=O)NCC(=O)NCC(=O)NCC(=O)NCC(=O)NC,29,CNC(=O)CNC(=O)CNC(=O)CNC(=O)CNC(=O)CNC(=O)CNC(C)=O,graph_structure,-33.735754018712264,1.6453407228062569,-32.254440964109904,-33.21822171530246,-36.53835240836828,-33.02655916301328,-33.641195842767395,False,-34.00367169592688
glycine,7,CC(=O)NCC(=O)NCC(=O)NCC(=O)NCC(=O)NCC(=O)NCC(=O)NCC(=O)NC,33,CNC(=O)CNC(=O)CNC(=O)CNC(=O)CNC(=O)CNC(=O)CNC(=O)CNC(C)=O,graph_structure,-37.5641785026275,1.946460678798506,-35.967484035480304,-36.79292854830477,-40.80854266158527,-36.384139000842815,-37.86779826692434,False,-37.85631841512345
glycine,8,CC(=O)NCC(=O)NCC(=O)NCC(=O)NCC(=O)NCC(=O)NCC(=O)NCC(=O)NCC(=O)NC,37,CNC(=O)CNC(=O)CNC(=O)CNC(=O)CNC(=O)CNC(=O)CNC(=O)CNC(=O)CNC(C)=O,graph_structure,-41.27388956347519,2.2684446887026324,-39.53957637918358,-40.260668136748876,-44.96722201953127,-39.69172648638537,-41.91025479552684,False,-41.58915551182125
glycine,9,CC(=O)NCC(=O)NCC(=O)NCC(=O)NCC(=O)NCC(=O)NCC(=O)NCC(=O)NCC(=O)NCC(=O)NC,41,CNC(=O)CNC(=O)CNC(=O)CNC(=O)CNC(=O)CNC(=O)CNC(=O)CNC(=O)CNC(=O)CNC(C)=O,graph_structure,-44.94836599101769,2.610407353113709,-43.075551211665385,-43.67978115089805,-49.107602391273296,-42.96925710054611,-45.909638100705585,False,-45.28764491794558
glycine,10,CC(=O)NCC(=O)NCC(=O)NCC(=O)NCC(=O)NCC(=O)NCC(=O)NCC(=O)NCC(=O)NCC(=O)NCC(=O)NC,45,CNC(=O)CNC(=O)CNC(=O)CNC(=O)CNC(=O)CNC(=O)CNC(=O)CNC(=O)CNC(=O)CNC(=O)CNC(C)=O,graph_structure,-48.597472604580304,2.9680062732382493,-46.59364410800864,-47.049638357320255,-53.240275872917415,-46.22512793908676,-49.87867674556848,False,-48.96118611274877
glycine,11,CC(=O)NCC(=O)NCC(=O)NCC(=O)NCC(=O)NCC(=O)NCC(=O)NCC(=O)NCC(=O)NCC(=O)NCC(=O)NCC(=O)NC,49,CNC(=O)CNC(=O)CNC(=O)CNC(=O)CNC(=O)CNC(=O)CNC(=O)CNC(=O)CNC(=O)CNC(=O)CNC(=O)CNC(C)=O,graph_structure,-52.22686762727291,3.3384195385164706,-50.10110832490675,-50.3755662901844,-57.36983245407257,-49.4639777694017,-53.823853297799126,False,-52.61550235638791
glycine,12,CC(=O)NCC(=O)NCC(=O)NCC(=O)NCC(=O)NCC(=O)NCC(=O)NCC(=O)NCC(=O)NCC(=O)NCC(=O)NCC(=O)NCC(=O)NC,53,CNC(=O)CNC(=O)CNC(=O)CNC(=O)CNC(=O)CNC(=O)CNC(=O)CNC(=O)CNC(=O)CNC(=O)CNC(=O)CNC(=O)CNC(C)=O,graph_structure,-55.8415063943173,3.719250140168876,-53.600416896081,-53.66689126206468,-61.49836957951225,-52.690164886619065,-57.75168934730949,False,-56.255225912552646
alanine,0,CC(=O)NC,5,CNC(C)=O,graph_structure,-9.774278294908362,0.30966934149013137,-9.912559841184533,-10.069979778379697,-9.882402365620264,-9.259926181164111,-9.746523308193204,False,-9.954980661728165
alanine,1,CC(=O)N[C@@H](C)C(=O)NC,10,CNC(=O)[C@H](C)NC(C)=O,graph_structure,-13.427258779217585,0.8180738959360994,-13.621714713333859,-13.405158418250604,-13.824296172891486,-14.219348066809474,-12.065776524802502,False,-13.617056434825315
alanine,2,CC(=O)N[C@@H](C)C(=O)N[C@@H](C)C(=O)NC,15,CNC(=O)[C@H](C)NC(=O)[C@H](C)NC(C)=O,graph_structure,-17.7429183426231,1.1408620532912428,-17.18990849253666,-18.25548360414259,-18.560903268721795,-18.708093894590018,-16.00020245312443,False,-18.00209845513368
alanine,3,CC(=O)N[C@@H](C)C(=O)N[C@@H](C)C(=O)N[C@@H](C)C(=O)NC,20,CNC(=O)[C@H](C)NC(=O)[C@H](C)NC(=O)[C@H](C)NC(C)=O,graph_structure,-22.517035555448892,1.2876341344147064,-21.72224032021029,-23.04930948117128,-23.910641030181065,-23.203527766475297,-20.699459179206528,False,-22.894063610520877
alanine,4,CC(=O)N[C@@H](C)C(=O)N[C@@H](C)C(=O)N[C@@H](C)C(=O)N[C@@H](C)C(=O)NC,25,CNC(=O)[C@H](C)NC(=O)[C@H](C)NC(=O)[C@H](C)NC(=O)[C@H](C)NC(C)=O,graph_structure,-26.843987054236937,1.3849408942809227,-25.87719671368336,-27.151552941375044,-28.87182836679782,-27.05250233139209,-25.266854917936342,False,-27.30019267395208
alanine,5,CC(=O)N[C@@H](C)C(=O)N[C@@H](C)C(=O)N[C@@H](C)C(=O)N[C@@H](C)C(=O)N[C@@H](C)C(=O)NC,30,CNC(=O)[C@H](C)NC(=O)[C@H](C)NC(=O)[C@H](C)NC(=O)[C@H](C)NC(=O)[C@H](C)NC(C)=O,graph_structure,-31.012975597133515,1.5524358503579372,-29.849940031349643,-31.114516313062655,-33.59515936887878,-30.728732808098645,-29.776529464277846,False,-31.51987190443036
alanine,6,CC(=O)N[C@@H](C)C(=O)N[C@@H](C)C(=O)N[C@@H](C)C(=O)N[C@@H](C)C(=O)N[C@@H](C)C(=O)N[C@@H](C)C(=O)NC,35,CNC(=O)[C@H](C)NC(=O)[C@H](C)NC(=O)[C@H](C)NC(=O)[C@H](C)NC(=O)[C@H](C)NC(=O)[C@H](C)NC(C)=O,graph_structure,-35.20264055549592,1.814283058513893,-33.827746483143535,-35.103346544363674,-38.344496247261624,-34.321455716149444,-34.41615778656133,False,-35.75852975825628
alanine,7,CC(=O)N[C@@H](C)C(=O)N[C@@H](C)C(=O)N[C@@H](C)C(=O)N[C@@H](C)C(=O)N[C@@H](C)C(=O)N[C@@H](C)C(=O)N[C@@H](C)C(=O)NC,40,CNC(=O)[C@H](C)NC(=O)[C@H](C)NC(=O)[C@H](C)NC(=O)[C@H](C)NC(=O)[C@H](C)NC(=O)[C@H](C)NC(=O)[C@H](C)NC(C)=O,graph_structure,-39.14955164577644,2.1384078324363083,-37.5595421741224,-38.85081453780112,-42.85487319371331,-37.85759883199098,-38.62492949125443,False,-39.755076635212276
alanine,8,CC(=O)N[C@@H](C)C(=O)N[C@@H](C)C(=O)N[C@@H](C)C(=O)N[C@@H](C)C(=O)N[C@@H](C)C(=O)N[C@@H](C)C(=O)N[C@@H](C)C(=O)N[C@@H](C)C(=O)NC,45,CNC(=O)[C@H](C)NC(=O)[C@H](C)NC(=O)[C@H](C)NC(=O)[C@H](C)NC(=O)[C@H](C)NC(=O)[C@H](C)NC(=O)[C@H](C)NC(=O)[C@H](C)NC(C)=O,graph_structure,-43.035398802033164,2.487112780588615,-41.25166689221124,-42.49763200989353,-47.320135566421015,-41.35167354678862,-42.75588599485142,False,-43.6898114895086
alanine,9,CC(=O)N[C@@H](C)C(=O)N[C@@H](C)C(=O)N[C@@H](C)C(=O)N[C@@H](C)C(=O)N[C@@H](C)C(=O)N[C@@H](C)C(=O)N[C@@H](C)C(=O)N[C@@H](C)C(=O)N[C@@H](C)C(=O)NC,50,CNC(=O)[C@H](C)NC(=O)[C@H](C)NC(=O)[C@H](C)NC(=O)[C@H](C)NC(=O)[C@H](C)NC(=O)[C@H](C)NC(=O)[C@H](C)NC(=O)[C@H](C)NC(=O)[C@H](C)NC(C)=O,graph_structure,-46.87416563979307,2.8533710629726454,-44.92254888474542,-46.05768843504201,-51.75575811781232,-44.81042095048875,-46.82441181087685,False,-47.57866514586658
alanine,10,CC(=O)N[C@@H](C)C(=O)N[C@@H](C)C(=O)N[C@@H](C)C(=O)N[C@@H](C)C(=O)N[C@@H](C)C(=O)N[C@@H](C)C(=O)N[C@@H](C)C(=O)N[C@@H](C)C(=O)N[C@@H](C)C(=O)N[C@@H](C)C(=O)NC,55,CNC(=O)[C@H](C)NC(=O)[C@H](C)NC(=O)[C@H](C)NC(=O)[C@H](C)NC(=O)[C@H](C)NC(=O)[C@H](C)NC(=O)[C@H](C)NC(=O)[C@H](C)NC(=O)[C@H](C)NC(=O)[C@H](C)NC(C)=O,graph_structure,-50.68866016374527,3.2313656260986634,-48.58586544275944,-49.56980605267012,-56.176435155747946,-48.249845034490875,-50.86134913305798,False,-51.4440355503925
alanine,11,CC(=O)N[C@@H](C)C(=O)N[C@@H](C)C(=O)N[C@@H](C)C(=O)N[C@@H](C)C(=O)N[C@@H](C)C(=O)N[C@@H](C)C(=O)N[C@@H](C)C(=O)N[C@@H](C)C(=O)N[C@@H](C)C(=O)N[C@@H](C)C(=O)N[C@@H](C)C(=O)NC,60,CNC(=O)[C@H](C)NC(=O)[C@H](C)NC(=O)[C@H](C)NC(=O)[C@H](C)NC(=O)[C@H](C)NC(=O)[C@H](C)NC(=O)[C@H](C)NC(=O)[C@H](C)NC(=O)[C@H](C)NC(=O)[C@H](C)NC(=O)[C@H](C)NC(C)=O,graph_structure,-54.4838567324479,3.617378102262327,-52.24289210534229,-53.05003763196279,-60.58350806932721,-51.67170423795975,-54.87114161764743,False,-55.29214593554409
alanine,12,CC(=O)N[C@@H](C)C(=O)N[C@@H](C)C(=O)N[C@@H](C)C(=O)N[C@@H](C)C(=O)N[C@@H](C)C(=O)N[C@@H](C)C(=O)N[C@@H](C)C(=O)N[C@@H](C)C(=O)N[C@@H](C)C(=O)N[C@@H](C)C(=O)N[C@@H](C)C(=O)N[C@@H](C)C(=O)NC,65,CNC(=O)[C@H](C)NC(=O)[C@H](C)NC(=O)[C@H](C)NC(=O)[C@H](C)NC(=O)[C@H](C)NC(=O)[C@H](C)NC(=O)[C@H](C)NC(=O)[C@H](C)NC(=O)[C@H](C)NC(=O)[C@H](C)NC(=O)[C@H](C)NC(=O)[C@H](C)NC(C)=O,graph_structure,-58.27108008434417,4.008240790322128,-55.898650545503976,-56.517289442552595,-64.98293262615108,-55.08511025121364,-58.87141755629954,False,-59.13295753806923
alkane,1,C,1,C,graph_structure,1.9008843317649835,0.13222366585290518,2.001138045825561,1.9853627002952567,1.9824604220621858,1.6948251380506765,1.840635352591237,False,1.9896537227276678
alkane,2,CC,2,CC,graph_structure,1.8049273308784506,0.13517548190012058,1.9839572903525617,1.8818909937854142,1.811338804939803,1.6557638874785212,1.6916856778359532,False,1.8923956963592596
alkane,3,CCC,3,CCC,graph_structure,2.0271487999059827,0.09917289106082969,2.1675971163831766,2.055973422483385,1.993842108569904,1.89423604155537,2.0240953105380797,False,2.072470882478822
alkane,4,CCCC,4,CCCC,graph_structure,2.1053200788357245,0.11309645311776624,2.245779980036958,2.17653320667391,1.972554263563719,2.012842885161751,2.118890058742285,False,2.1316224834248625
alkane,5,CCCCC,5,CCCCC,graph_structure,2.333158919577812,0.1096326536125231,2.4819083615239066,2.3914981265075195,2.2107337509279894,2.246242759276223,2.3354115996534226,False,2.3613800796531383
alkane,6,CCCCCC,6,CCCCCC,graph_structure,2.4547313305938587,0.12030184229775351,2.603919894553285,2.510542750738132,2.2829395066996705,2.4030974838827177,2.473157017095489,False,2.4658007173303624
alkane,7,CCCCCCC,7,CCCCCCC,graph_structure,2.641564028514243,0.12615455371298726,2.788968788860503,2.683677061231812,2.4480626756588286,2.606762419999205,2.680349196820866,False,2.640236175250381
alkane,8,CCCCCCCC,8,CCCCCCCC,graph_structure,2.7617560282026274,0.12890813827111447,2.88735602096161,2.8049014427488173,2.549180244299367,2.7470424531166655,2.820299979886676,False,2.7471459026699314
alkane,9,CCCCCCCCC,9,CCCCCCCCC,graph_structure,2.907777206665172,0.13868796152030152,3.0177603816964966,2.948472756938152,2.6723904914056824,2.904358127795472,2.995904275490055,False,2.879541210013444
alkane,10,CCCCCCCCCC,10,CCCCCCCCCC,graph_structure,3.0295277785425005,0.14620134151031183,3.1174383959445393,3.0740249474674126,2.7786211914038956,3.034851507988769,3.142702849907886,False,2.990028178271949
alkane,11,CCCCCCCCCCC,11,CCCCCCCCCCC,graph_structure,3.157858839507696,0.15658713894740114,3.225546430959481,3.2089753978043545,2.891500913278504,3.164363844972609,3.29890761052353,False,3.1086742473474467
alkane,12,CCCCCCCCCCCC,12,CCCCCCCCCCCC,graph_structure,3.283627847293192,0.16659854085994552,3.3314314184034615,3.339085872382027,3.0041111378886134,3.294305426468232,3.4492053813236287,False,3.224876142891367
alkane,13,CCCCCCCCCCCCC,13,CCCCCCCCCCCCC,graph_structure,3.41624257337483,0.17838246925665446,3.446544553128435,3.4772519982234256,3.123038695434195,3.426933444496398,3.607444175591694,False,3.3489450822620186
alkane,14,CCCCCCCCCCCCCC,14,CCCCCCCCCCCCCC,graph_structure,3.5510543728566866,0.18865253035061808,3.5641831576940346,3.6135157904330635,3.2468574454137453,3.5663147469173166,3.764400723825273,False,3.474852131180281
alkane,15,CCCCCCCCCCCCCCC,15,CCCCCCCCCCCCCCC,graph_structure,3.6944125281236935,0.19965803790290593,3.6924162972549803,3.758276672864567,3.378856230009868,3.712592008753366,3.9299214317356848,False,3.6098497333764716
alkane,16,CCCCCCCCCCCCCCCC,16,CCCCCCCCCCCCCCCC,graph_structure,3.8437315726591437,0.20876516257103495,3.826971037807623,3.9039783568325452,3.519817322956392,3.869532704206681,4.0983584414924765,False,3.7502555725321867
alkane,17,CCCCCCCCCCCCCCCCC,17,CCCCCCCCCCCCCCCCC,graph_structure,4.002166575569101,0.21796846663961492,3.972466025909843,4.058484431070599,3.669801696485105,4.035082069066033,4.274998655313921,False,3.9002507178218493
alkane,18,CCCCCCCCCCCCCCCCCC,18,CCCCCCCCCCCCCCCCCC,graph_structure,4.167733256542278,0.22547703190778953,4.125877038864997,4.215189163986897,3.8297721021359274,4.211632043984431,4.4561959337391395,False,4.056946101662607
alkane,19,CCCCCCCCCCCCCCCCCCC,19,CCCCCCCCCCCCCCCCCCC,graph_structure,4.340587704492053,0.2331084557271576,4.2880723212537335,4.379528839767588,3.9965518866327434,4.395334671413786,4.643450803392418,False,4.221384349218021
alkane,20,CCCCCCCCCCCCCCCCCCCC,20,CCCCCCCCCCCCCCCCCCCC,graph_structure,4.5189280680246515,0.2398254338015444,4.456278855974371,4.545408064400909,4.170881862591769,4.587561216846994,4.834510340309218,False,4.390856260989016
alkane,21,CCCCCCCCCCCCCCCCCCCCC,21,CCCCCCCCCCCCCCCCCCCCC,graph_structure,4.701011760755593,0.2471722230284561,4.628401027420382,4.71662479820488,4.347800109790163,4.783711325395708,5.028521542966836,False,4.564275311805141
alkane,22,CCCCCCCCCCCCCCCCCCCCCC,22,CCCCCCCCCCCCCCCCCCCCCC,graph_structure,4.885637507774208,0.2543734931108066,4.801860929631805,4.887850068121302,4.529028484053593,4.985073950039909,5.2243741070244285,False,4.7395798272689005
alkane,23,CCCCCCCCCCCCCCCCCCCCCCC,23,CCCCCCCCCCCCCCCCCCCCCCC,graph_structure,5.070372638976648,0.26253153304534066,4.973585562126565,5.061982494049338,4.709250816492536,5.187060320615294,5.419984001599508,False,4.914939624222813
alkane,24,CCCCCCCCCCCCCCCCCCCCCCCC,24,CCCCCCCCCCCCCCCCCCCCCCCC,graph_structure,5.2547124262281795,0.27096927082241107,5.1414994301346235,5.234520496116137,4.891324265888538,5.391261202649191,5.61495673635241,False,5.089114730713099
alkane,25,CCCCCCCCCCCCCCCCCCCCCCCCC,25,CCCCCCCCCCCCCCCCCCCCCCCCC,graph_structure,5.436183104140733,0.28045949980959173,5.3033337569111785,5.4078236996918685,5.069790598052008,5.593325617681264,5.806641848367348,False,5.260316018218352
alkane,26,CCCCCCCCCCCCCCCCCCCCCCCCCC,26,CCCCCCCCCCCCCCCCCCCCCCCCCC,graph_structure,5.614857717447989,0.2904904063043684,5.457622770004069,5.578180115305321,5.248225224654948,5.79526564936049,5.9949948279151135,False,5.428009369988113
alkane,27,CCCCCCCCCCCCCCCCCCCCCCCCCCC,27,CCCCCCCCCCCCCCCCCCCCCCCCCCC,graph_structure,5.788579434422706,0.30158991146973285,5.603669556803964,5.747642068278458,5.421152229560552,5.993107127618981,6.177326189851576,False,5.590821284880992
alkane,28,CCCCCCCCCCCCCCCCCCCCCCCCCCCC,28,CCCCCCCCCCCCCCCCCCCCCCCCCCCC,graph_structure,5.95785810486709,0.31348134861582594,5.740373568527105,5.9132554539811855,5.592547612003659,6.189314550065576,6.353799339757923,False,5.748725544837317
alkane,29,CCCCCCCCCCCCCCCCCCCCCCCCCCCCC,29,CCCCCCCCCCCCCCCCCCCCCCCCCCCCC,graph_structure,6.120988213513587,0.3264452678546384,5.8684164747248735,6.076892729651688,5.757175686440706,6.380330796697806,6.522125380052862,False,5.900828296939089
alkane,30,CCCCCCCCCCCCCCCCCCCCCCCCCCCCCC,30,CCCCCCCCCCCCCCCCCCCCCCCCCCCCCC,graph_structure,6.278771545210202,0.3405255374094073,5.986686751611789,6.236292435212982,5.91917097990918,6.568986198515238,6.68272136080182,False,6.047383388911317
glycine,0,CC(=O)NC,5,CNC(C)=O,tabm_solvai,-9.947473272772669,0.043251370359516324,-9.919888093723038,-9.90261527018004,-9.968582956917572,-10.011522041431395,-9.934758001611302,False,-9.930362106940217
glycine,1,CC(=O)NCC(=O)NC,9,CNC(=O)CNC(C)=O,tabm_solvai,-14.17825022175116,0.2273873824357492,-13.818930616494214,-14.399710635381524,-14.168776478320527,-14.157785014096248,-14.346048364463286,False,-14.129139243398754
glycine,2,CC(=O)NCC(=O)NCC(=O)NC,13,CNC(=O)CNC(=O)CNC(C)=O,tabm_solvai,-19.121744148370052,0.34919240313388983,-18.518128809233797,-19.2238958060617,-19.30572054112013,-19.16067857670009,-19.40029700873454,False,-19.015915052138542
glycine,3,CC(=O)NCC(=O)NCC(=O)NCC(=O)NC,17,CNC(=O)CNC(=O)CNC(=O)CNC(C)=O,tabm_solvai,-24.18986434120628,0.5464514252183257,-23.331052408702877,-24.49989253095289,-24.499502308669452,-23.965714808265176,-24.653159649441026,False,-24.11014908277507
glycine,4,CC(=O)NCC(=O)NCC(=O)NCC(=O)NCC(=O)NC,21,CNC(=O)CNC(=O)CNC(=O)CNC(=O)CNC(C)=O,tabm_solvai,-28.870865981091292,0.8256356847451215,-27.830705559027834,-29.46268099837638,-29.282493420109557,-28.139422601902087,-29.63902732604061,False,-28.85862665917126
glycine,5,CC(=O)NCC(=O)NCC(=O)NCC(=O)NCC(=O)NCC(=O)NC,25,CNC(=O)CNC(=O)CNC(=O)CNC(=O)CNC(=O)CNC(C)=O,tabm_solvai,-33.70468354494922,1.1125884420539898,-32.295831353936336,-34.69492526918171,-34.12673967449236,-32.75221582553139,-34.65370560160429,False,-33.70583209920347
glycine,6,CC(=O)NCC(=O)NCC(=O)NCC(=O)NCC(=O)NCC(=O)NCC(=O)NC,29,CNC(=O)CNC(=O)CNC(=O)CNC(=O)CNC(=O)CNC(=O)CNC(C)=O,tabm_solvai,-38.42039692027961,1.408705003292479,-36.62313551611303,-39.92792559566119,-38.84033463060154,-37.294590999225,-39.415997859797265,False,-38.463798580791924
glycine,7,CC(=O)NCC(=O)NCC(=O)NCC(=O)NCC(=O)NCC(=O)NCC(=O)NCC(=O)NC,33,CNC(=O)CNC(=O)CNC(=O)CNC(=O)CNC(=O)CNC(=O)CNC(=O)CNC(C)=O,tabm_solvai,-42.932837167054984,1.6625017484205125,-40.787760886102916,-44.77460342264767,-43.34776052103473,-41.676238492149004,-44.077822513340564,False,-42.970041609928444
glycine,8,CC(=O)NCC(=O)NCC(=O)NCC(=O)NCC(=O)NCC(=O)NCC(=O)NCC(=O)NCC(=O)NC,37,CNC(=O)CNC(=O)CNC(=O)CNC(=O)CNC(=O)CNC(=O)CNC(=O)CNC(=O)CNC(C)=O,tabm_solvai,-47.49004615307563,1.9360187812711525,-44.96224180763889,-49.78899878705585,-47.86239820704371,-46.1595754732477,-48.67701649039204,False,-47.53787960057948
glycine,9,CC(=O)NCC(=O)NCC(=O)NCC(=O)NCC(=O)NCC(=O)NCC(=O)NCC(=O)NCC(=O)NCC(=O)NC,41,CNC(=O)CNC(=O)CNC(=O)CNC(=O)CNC(=O)CNC(=O)CNC(=O)CNC(=O)CNC(=O)CNC(C)=O,tabm_solvai,-52.486572263569485,2.1389885127980364,-49.54085643701755,-55.0838566621281,-52.84261497720126,-51.30991452564864,-53.655618715851865,False,-52.48910935878231
glycine,10,CC(=O)NCC(=O)NCC(=O)NCC(=O)NCC(=O)NCC(=O)NCC(=O)NCC(=O)NCC(=O)NCC(=O)NCC(=O)NC,45,CNC(=O)CNC(=O)CNC(=O)CNC(=O)CNC(=O)CNC(=O)CNC(=O)CNC(=O)CNC(=O)CNC(=O)CNC(C)=O,tabm_solvai,-57.76378136031752,2.341271618354307,-54.40117253281019,-60.66435724867704,-58.011709088099934,-56.84094468221472,-58.90072324978575,False,-57.69241295652906
glycine,11,CC(=O)NCC(=O)NCC(=O)NCC(=O)NCC(=O)NCC(=O)NCC(=O)NCC(=O)NCC(=O)NCC(=O)NCC(=O)NCC(=O)NC,49,CNC(=O)CNC(=O)CNC(=O)CNC(=O)CNC(=O)CNC(=O)CNC(=O)CNC(=O)CNC(=O)CNC(=O)CNC(=O)CNC(C)=O,tabm_solvai,-61.99717609109557,2.5772524121644755,-58.27485548493643,-65.24051347767005,-62.2764094015668,-61.07331020172019,-63.120791889584375,False,-61.930592788057766
glycine,12,CC(=O)NCC(=O)NCC(=O)NCC(=O)NCC(=O)NCC(=O)NCC(=O)NCC(=O)NCC(=O)NCC(=O)NCC(=O)NCC(=O)NCC(=O)NC,53,CNC(=O)CNC(=O)CNC(=O)CNC(=O)CNC(=O)CNC(=O)CNC(=O)CNC(=O)CNC(=O)CNC(=O)CNC(=O)CNC(=O)CNC(C)=O,tabm_solvai,-65.69581800909569,2.7662386775953363,-61.8238100861211,-69.2469451728434,-65.9909499509499,-64.50081787274183,-66.9165669628222,False,-65.68723506997146
alanine,0,CC(=O)NC,5,CNC(C)=O,tabm_solvai,-9.947473272772669,0.043251370359516324,-9.919888093723038,-9.90261527018004,-9.968582956917572,-10.011522041431395,-9.934758001611302,False,-9.930362106940217
alanine,1,CC(=O)N[C@@H](C)C(=O)NC,10,CNC(=O)[C@H](C)NC(C)=O,tabm_solvai,-13.870571414039778,0.5086986659557768,-13.058639811112918,-14.375487587137105,-14.054296845083822,-14.131676704444967,-13.732756122420085,False,-13.82947474777795
alanine,2,CC(=O)N[C@@H](C)C(=O)N[C@@H](C)C(=O)NC,15,CNC(=O)[C@H](C)NC(=O)[C@H](C)NC(C)=O,tabm_solvai,-19.24201675334886,0.8018946594214313,-17.91347450326789,-20.09426222037771,-19.453223344815108,-19.351663117771793,-19.397460580511797,False,-19.15365335615357
alanine,3,CC(=O)N[C@@H](C)C(=O)N[C@@H](C)C(=O)N[C@@H](C)C(=O)NC,20,CNC(=O)[C@H](C)NC(=O)[C@H](C)NC(=O)[C@H](C)NC(C)=O,tabm_solvai,-24.26475068017626,1.086346885577742,-22.504944517996563,-25.46579755470091,-24.487071290052675,-24.23913380671318,-24.62680623141796,False,-24.152604454250053
alanine,4,CC(=O)N[C@@H](C)C(=O)N[C@@H](C)C(=O)N[C@@H](C)C(=O)N[C@@H](C)C(=O)NC,25,CNC(=O)[C@H](C)NC(=O)[C@H](C)NC(=O)[C@H](C)NC(=O)[C@H](C)NC(C)=O,tabm_solvai,-29.3127678404144,1.3190701735243873,-27.185507157812705,-30.802582375239307,-29.482679890402583,-29.350531114116265,-29.742538664501115,False,-29.156923141151534
alanine,5,CC(=O)N[C@@H](C)C(=O)N[C@@H](C)C(=O)N[C@@H](C)C(=O)N[C@@H](C)C(=O)N[C@@H](C)C(=O)NC,30,CNC(=O)[C@H](C)NC(=O)[C@H](C)NC(=O)[C@H](C)NC(=O)[C@H](C)NC(=O)[C@H](C)NC(C)=O,tabm_solvai,-34.2871244474304,1.6274186109296245,-31.770640938214054,-36.284846940821986,-34.27534851447196,-34.29792531245812,-34.80686053118593,False,-34.110278797835996
alanine,6,CC(=O)N[C@@H](C)C(=O)N[C@@H](C)C(=O)N[C@@H](C)C(=O)N[C@@H](C)C(=O)N[C@@H](C)C(=O)N[C@@H](C)C(=O)NC,35,CNC(=O)[C@H](C)NC(=O)[C@H](C)NC(=O)[C@H](C)NC(=O)[C@H](C)NC(=O)[C@H](C)NC(=O)[C@H](C)NC(C)=O,tabm_solvai,-38.85424410389469,1.886772741498227,-36.0366777630017,-41.27892879648794,-38.577727228294044,-38.942609452201395,-39.43527727948838,False,-38.631111262594565
alanine,7,CC(=O)N[C@@H](C)C(=O)N[C@@H](C)C(=O)N[C@@H](C)C(=O)N[C@@H](C)C(=O)N[C@@H](C)C(=O)N[C@@H](C)C(=O)N[C@@H](C)C(=O)NC,40,CNC(=O)[C@H](C)NC(=O)[C@H](C)NC(=O)[C@H](C)NC(=O)[C@H](C)NC(=O)[C@H](C)NC(=O)[C@H](C)NC(=O)[C@H](C)NC(C)=O,tabm_solvai,-43.73017006658056,2.075225236835342,-40.67540125736546,-46.3707735286015,-43.12377780811979,-44.11129870748101,-44.36959903133506,False,-43.38998419802891
alanine,8,CC(=O)N[C@@H](C)C(=O)N[C@@H](C)C(=O)N[C@@H](C)C(=O)N[C@@H](C)C(=O)N[C@@H](C)C(=O)N[C@@H](C)C(=O)N[C@@H](C)C(=O)N[C@@H](C)C(=O)NC,45,CNC(=O)[C@H](C)NC(=O)[C@H](C)NC(=O)[C@H](C)NC(=O)[C@H](C)NC(=O)[C@H](C)NC(=O)[C@H](C)NC(=O)[C@H](C)NC(=O)[C@H](C)NC(C)=O,tabm_solvai,-48.88913839700188,2.3769796011402966,-45.39699333139584,-51.86124007880419,-48.0738450291032,-49.64454825328415,-49.46906529242202,False,-48.44402614643442
alanine,9,CC(=O)N[C@@H](C)C(=O)N[C@@H](C)C(=O)N[C@@H](C)C(=O)N[C@@H](C)C(=O)N[C@@H](C)C(=O)N[C@@H](C)C(=O)N[C@@H](C)C(=O)N[C@@H](C)C(=O)N[C@@H](C)C(=O)NC,50,CNC(=O)[C@H](C)NC(=O)[C@H](C)NC(=O)[C@H](C)NC(=O)[C@H](C)NC(=O)[C@H](C)NC(=O)[C@H](C)NC(=O)[C@H](C)NC(=O)[C@H](C)NC(=O)[C@H](C)NC(C)=O,tabm_solvai,-54.626461514818935,2.7848488696054225,-50.507393133086886,-57.891915724862976,-53.5876712607482,-56.083513474504244,-55.06181398089239,False,-53.99566003956602
alanine,10,CC(=O)N[C@@H](C)C(=O)N[C@@H](C)C(=O)N[C@@H](C)C(=O)N[C@@H](C)C(=O)N[C@@H](C)C(=O)N[C@@H](C)C(=O)N[C@@H](C)C(=O)N[C@@H](C)C(=O)N[C@@H](C)C(=O)N[C@@H](C)C(=O)NC,55,CNC(=O)[C@H](C)NC(=O)[C@H](C)NC(=O)[C@H](C)NC(=O)[C@H](C)NC(=O)[C@H](C)NC(=O)[C@H](C)NC(=O)[C@H](C)NC(=O)[C@H](C)NC(=O)[C@H](C)NC(=O)[C@H](C)NC(C)=O,tabm_solvai,-59.591039151411984,3.039300797185211,-55.17081282021374,-63.07020444831517,-58.29989312219753,-61.46476168535114,-59.94952368098238,False,-58.84697013024214
alanine,11,CC(=O)N[C@@H](C)C(=O)N[C@@H](C)C(=O)N[C@@H](C)C(=O)N[C@@H](C)C(=O)N[C@@H](C)C(=O)N[C@@H](C)C(=O)N[C@@H](C)C(=O)N[C@@H](C)C(=O)N[C@@H](C)C(=O)N[C@@H](C)C(=O)N[C@@H](C)C(=O)NC,60,CNC(=O)[C@H](C)NC(=O)[C@H](C)NC(=O)[C@H](C)NC(=O)[C@H](C)NC(=O)[C@H](C)NC(=O)[C@H](C)NC(=O)[C@H](C)NC(=O)[C@H](C)NC(=O)[C@H](C)NC(=O)[C@H](C)NC(=O)[C@H](C)NC(C)=O,tabm_solvai,-63.581865857470646,3.208711257070281,-59.014116967574324,-67.41545639664075,-62.13996818016266,-65.43666846399731,-63.9031192789782,False,-62.85651384812591
alanine,12,CC(=O)N[C@@H](C)C(=O)N[C@@H](C)C(=O)N[C@@H](C)C(=O)N[C@@H](C)C(=O)N[C@@H](C)C(=O)N[C@@H](C)C(=O)N[C@@H](C)C(=O)N[C@@H](C)C(=O)N[C@@H](C)C(=O)N[C@@H](C)C(=O)N[C@@H](C)C(=O)N[C@@H](C)C(=O)NC,65,CNC(=O)[C@H](C)NC(=O)[C@H](C)NC(=O)[C@H](C)NC(=O)[C@H](C)NC(=O)[C@H](C)NC(=O)[C@H](C)NC(=O)[C@H](C)NC(=O)[C@H](C)NC(=O)[C@H](C)NC(=O)[C@H](C)NC(=O)[C@H](C)NC(=O)[C@H](C)NC(C)=O,tabm_solvai,-67.70590176887087,3.3296745758520405,-63.09826143049437,-71.93076721608865,-66.07213081924066,-69.24552086150884,-68.18282851702182,False,-67.03371982194123
alkane,1,C,1,C,tabm_solvai,1.7827341701746888,0.06913857715534874,1.7256758678903674,1.8010869338871016,1.7186927181837781,1.8895527644317953,1.7786625664804028,False,1.7484851733204156
alkane,2,CC,2,CC,tabm_solvai,1.8212821564996602,0.06810731091578692,1.7272995584228603,1.8159940348367556,1.8451186407945501,1.915036718429576,1.8029618300145582,False,1.7961374113513886
alkane,3,CCC,3,CCC,tabm_solvai,1.8501525082509018,0.06400384355513415,1.7924678992016618,1.89994670078456,1.8125875162468041,1.9366562523766833,1.8091041726448012,False,1.8350007054110087
alkane,4,CCCC,4,CCCC,tabm_solvai,1.956365038524043,0.06794616431242832,1.9256812506549856,1.9797733758073237,1.8740115522715541,2.0567605739957573,1.9455984398905946,False,1.926488726244621
alkane,5,CCCCC,5,CCCCC,tabm_solvai,2.1827361557025498,0.051915204927176176,2.1209838451818577,2.199498397776561,2.16135843762671,2.2607925629476036,2.1710475349800147,False,2.160613560195043
alkane,6,CCCCCC,6,CCCCCC,tabm_solvai,2.343428838411122,0.055004852449364185,2.2923402053966218,2.3936059365604034,2.308524674602218,2.4119067519313333,2.3107666235650335,False,2.3314902721864144
alkane,7,CCCCCCC,7,CCCCCCC,tabm_solvai,2.6087979169851887,0.06575053841667028,2.596403847540876,2.6630745441109145,2.510576895187933,2.675428737715639,2.5985055603705813,False,2.5900184289465744
alkane,8,CCCCCCCC,8,CCCCCCCC,tabm_solvai,2.734949708441846,0.06595118003646465,2.6956001811577996,2.793908759079902,2.646503510955788,2.8023960937446812,2.736339997271058,False,2.71200415039783
alkane,9,CCCCCCCCC,9,CCCCCCCCC,tabm_solvai,2.8885838797653407,0.07637144178819785,2.8400842496569885,2.9660114194117417,2.792777114457931,2.964259687192495,2.8797869281075457,False,2.8662909278422206
alkane,10,CCCCCCCCCC,10,CCCCCCCCCC,tabm_solvai,3.0020064983917822,0.0752565050668028,2.9238003433454587,3.0765900492587006,2.9298152540112667,3.077925341134841,3.0019015042086448,False,2.9767352155384756
alkane,11,CCCCCCCCCCC,11,CCCCCCCCCCC,tabm_solvai,3.1079378247319207,0.07031797998768996,3.024070397964155,3.173159699130232,3.0538602109707487,3.1825232047657925,3.1060756108286762,False,3.083696769355045
alkane,12,CCCCCCCCCCCC,12,CCCCCCCCCCCC,tabm_solvai,3.1712724866119544,0.06323258550943327,3.081130651359894,3.2217667623109927,3.147470268711328,3.2400023373939097,3.1659924132836457,False,3.1501225607940717
alkane,13,CCCCCCCCCCCCC,13,CCCCCCCCCCCCC,tabm_solvai,3.2257066659846174,0.06441426348067908,3.1304730396560085,3.280409854843927,3.2090016158640227,3.2905038078162994,3.2181450117428323,False,3.2066281701213195
alkane,14,CCCCCCCCCCCCCC,14,CCCCCCCCCCCCCC,tabm_solvai,3.2915736265952376,0.06868430037618097,3.189991693437408,3.3516455424078737,3.2819305023047,3.3592292685975664,3.2750711262286396,False,3.2745225793833277
alkane,15,CCCCCCCCCCCCCCC,15,CCCCCCCCCCCCCCC,tabm_solvai,3.406486284622095,0.07003664699390018,3.3278883220143065,3.474066808834862,3.3682952297420066,3.486797201109713,3.3753838614095866,False,3.390083453530392
alkane,16,CCCCCCCCCCCCCCCC,16,CCCCCCCCCCCCCCCC,tabm_solvai,3.5091459629489963,0.07709097008067531,3.449994362002955,3.581217579810745,3.4467299087130687,3.60445653623412,3.463331427984089,False,3.492647283508923
alkane,17,CCCCCCCCCCCCCCCCC,17,CCCCCCCCCCCCCCCCC,tabm_solvai,3.6696064633989223,0.08361373901350169,3.6398064070573897,3.7457163931164024,3.5880995156125666,3.770935117905908,3.603474883302346,False,3.657874105262119
alkane,18,CCCCCCCCCCCCCCCCCC,18,CCCCCCCCCCCCCCCCCC,tabm_solvai,3.8424146943970037,0.08439627403104716,3.8182538378290056,3.9167386255009733,3.7594180730436237,3.9453059452602313,3.7723569903511853,False,3.8314701787912013
alkane,19,CCCCCCCCCCCCCCCCCCC,19,CCCCCCCCCCCCCCCCCCC,tabm_solvai,4.0611578195455404,0.07901770575220925,4.038145313991021,4.1259416694306905,3.9744909137274957,4.160187942858612,4.0070232577198786,False,4.046192632383069
alkane,20,CCCCCCCCCCCCCCCCCCCC,20,CCCCCCCCCCCCCCCCCCCC,tabm_solvai,4.267891975865732,0.07685057678271857,4.244747282512699,4.3204497957773755,4.183475677067418,4.371837192727633,4.2189499312435315,False,4.249557585119164
alkane,21,CCCCCCCCCCCCCCCCCCCCC,21,CCCCCCCCCCCCCCCCCCCCC,tabm_solvai,4.47414774405532,0.07464520768549689,4.439368817210506,4.513323866312162,4.404131745016044,4.5859765485428445,4.427937743195041,False,4.452274809512904
alkane,22,CCCCCCCCCCCCCCCCCCCCCC,22,CCCCCCCCCCCCCCCCCCCCCC,tabm_solvai,4.684212081731264,0.07151374825542581,4.641638098941384,4.713108529597712,4.623712262795945,4.796792308003334,4.645809209317947,False,4.65948629711168
alkane,23,CCCCCCCCCCCCCCCCCCCCCCC,23,CCCCCCCCCCCCCCCCCCCCCCC,tabm_solvai,4.893978874916089,0.07130733650127556,4.842937312464529,4.9265235352992915,4.837445543547454,5.004513726700625,4.858474256568544,False,4.868968797103758
alkane,24,CCCCCCCCCCCCCCCCCCCCCCCC,24,CCCCCCCCCCCCCCCCCCCCCCCC,tabm_solvai,5.099156654047679,0.06994725190581283,5.038268563940339,5.133426706645996,5.0453974372809,5.204798972009146,5.073891590362014,False,5.072364235955745
alkane,25,CCCCCCCCCCCCCCCCCCCCCCCCC,25,CCCCCCCCCCCCCCCCCCCCCCCCC,tabm_solvai,5.3076162025829845,0.07152594934378224,5.233664445981845,5.3456686066079895,5.266420558064886,5.412789887970935,5.2795375142892675,False,5.2819178702182406
alkane,26,CCCCCCCCCCCCCCCCCCCCCCCCCC,26,CCCCCCCCCCCCCCCCCCCCCCCCCC,tabm_solvai,5.51007779073292,0.07258714108979189,5.423534414656477,5.552966878016677,5.480167862429705,5.610679534292539,5.483040264269202,False,5.485556385034286
alkane,27,CCCCCCCCCCCCCCCCCCCCCCCCCCC,27,CCCCCCCCCCCCCCCCCCCCCCCCCCC,tabm_solvai,5.706802379649533,0.07536929545278101,5.608829636780114,5.757723826804473,5.684339477792345,5.803243256167529,5.679875700703204,False,5.683630980458978
alkane,28,CCCCCCCCCCCCCCCCCCCCCCCCCCCC,28,CCCCCCCCCCCCCCCCCCCCCCCCCCCC,tabm_solvai,5.903949871965821,0.07937782864350187,5.798959347162159,5.960478447500376,5.885338707935095,6.002251742942428,5.8727211142890505,False,5.881592167532543
alkane,29,CCCCCCCCCCCCCCCCCCCCCCCCCCCCC,29,CCCCCCCCCCCCCCCCCCCCCCCCCCCCC,tabm_solvai,6.097043808368434,0.08048350509832751,5.987306229486747,6.163117220955885,6.076728104625864,6.1883755776960525,6.06969190907762,False,6.075717185022832
alkane,30,CCCCCCCCCCCCCCCCCCCCCCCCCCCCCC,30,CCCCCCCCCCCCCCCCCCCCCCCCCCCCCC,tabm_solvai,6.281720406228358,0.08472572112753854,6.167096268802317,6.354043228685071,6.258460719246174,6.376365162742366,6.252636651665861,False,6.259866738911188
glycine,0,CC(=O)NC,5,CNC(C)=O,tabm_structure,-9.914795814868635,0.048487467443390685,-9.917808330896776,-9.874514387993953,-9.994054716468995,-9.911249547923425,-9.876352091060019,False,-9.928792478453241
glycine,1,CC(=O)NCC(=O)NC,9,CNC(=O)CNC(C)=O,tabm_structure,-14.286028031158741,0.2660704396867887,-14.220167533604691,-13.874875078048248,-14.544474566424615,-14.493059122247736,-14.297563855468418,False,-14.213172392692519
glycine,2,CC(=O)NCC(=O)NCC(=O)NC,13,CNC(=O)CNC(=O)CNC(C)=O,tabm_structure,-18.846540126864245,0.41533414945488106,-18.394642967639804,-18.715125212359716,-19.395976516390096,-19.151640053059953,-18.575315884871653,False,-18.83524823212987
glycine,3,CC(=O)NCC(=O)NCC(=O)NCC(=O)NC,17,CNC(=O)CNC(=O)CNC(=O)CNC(C)=O,tabm_structure,-23.98612831146753,0.599514662596195,-23.194848979002707,-24.035225591391864,-24.70252764607449,-24.383452640464228,-23.614586700404377,False,-23.977534072156356
glycine,4,CC(=O)NCC(=O)NCC(=O)NCC(=O)NCC(=O)NC,21,CNC(=O)CNC(=O)CNC(=O)CNC(=O)CNC(C)=O,tabm_structure,-29.070041775670212,0.7654375258279319,-28.0284507011601,-29.237622735292717,-29.961394832167382,-29.52823346421544,-28.594507145515436,False,-29.075822756206733
glycine,5,CC(=O)NCC(=O)NCC(=O)NCC(=O)NCC(=O)NCC(=O)NC,25,CNC(=O)CNC(=O)CNC(=O)CNC(=O)CNC(=O)CNC(C)=O,tabm_structure,-34.026454010982334,0.8906597856851566,-32.82600929821881,-34.241460148044624,-35.17269392190917,-34.36973352927855,-33.522373157460486,False,-34.08005445605753
glycine,6,CC(=O)NCC(=O)NCC(=O)NCC(=O)NCC(=O)NCC(=O)NCC(=O)NC,29,CNC(=O)CNC(=O)CNC(=O)CNC(=O)CNC(=O)CNC(=O)CNC(C)=O,tabm_structure,-39.06534265256621,0.994249341003941,-37.7284230617266,-39.32798810154634,-40.44205564853728,-39.19404918053475,-38.634197270486084,False,-39.16615560393674
glycine,7,CC(=O)NCC(=O)NCC(=O)NCC(=O)NCC(=O)NCC(=O)NCC(=O)NCC(=O)NC,33,CNC(=O)CNC(=O)CNC(=O)CNC(=O)CNC(=O)CNC(=O)CNC(=O)CNC(C)=O,tabm_structure,-44.02187878345332,1.1257060185622558,-42.52962535935691,-44.346097894315,-45.626273311808454,-43.987588488074046,-43.61980886371216,False,-44.167332188493454
glycine,8,CC(=O)NCC(=O)NCC(=O)NCC(=O)NCC(=O)NCC(=O)NCC(=O)NCC(=O)NCC(=O)NC,37,CNC(=O)CNC(=O)CNC(=O)CNC(=O)CNC(=O)CNC(=O)CNC(=O)CNC(=O)CNC(C)=O,tabm_structure,-48.93818543580721,1.2791563734966838,-47.27005053634173,-49.325122047618784,-50.79114814426746,-48.74073978927749,-48.56386666153062,False,-49.128773576075986
glycine,9,CC(=O)NCC(=O)NCC(=O)NCC(=O)NCC(=O)NCC(=O)NCC(=O)NCC(=O)NCC(=O)NCC(=O)NC,41,CNC(=O)CNC(=O)CNC(=O)CNC(=O)CNC(=O)CNC(=O)CNC(=O)CNC(=O)CNC(=O)CNC(C)=O,tabm_structure,-53.85490133378088,1.4436401733447461,-52.00902213532074,-54.28468630342537,-55.975309713085394,-53.49174974570057,-53.5137387713723,False,-54.089672717277175
glycine,10,CC(=O)NCC(=O)NCC(=O)NCC(=O)NCC(=O)NCC(=O)NCC(=O)NCC(=O)NCC(=O)NCC(=O)NCC(=O)NC,45,CNC(=O)CNC(=O)CNC(=O)CNC(=O)CNC(=O)CNC(=O)CNC(=O)CNC(=O)CNC(=O)CNC(=O)CNC(C)=O,tabm_structure,-58.76951003142396,1.6163917363094558,-56.75469092423926,-59.234290135447196,-61.175231384375685,-58.23731122349114,-58.44602648956656,False,-59.054737481354046
glycine,11,CC(=O)NCC(=O)NCC(=O)NCC(=O)NCC(=O)NCC(=O)NCC(=O)NCC(=O)NCC(=O)NCC(=O)NCC(=O)NCC(=O)NC,49,CNC(=O)CNC(=O)CNC(=O)CNC(=O)CNC(=O)CNC(=O)CNC(=O)CNC(=O)CNC(=O)CNC(=O)CNC(=O)CNC(C)=O,tabm_structure,-63.68210127986168,1.795245827909053,-61.50064262431328,-64.17640657740556,-66.38242094569502,-62.97112701055023,-63.37990924134437,False,-64.01982338247127
glycine,12,CC(=O)NCC(=O)NCC(=O)NCC(=O)NCC(=O)NCC(=O)NCC(=O)NCC(=O)NCC(=O)NCC(=O)NCC(=O)NCC(=O)NCC(=O)NC,53,CNC(=O)CNC(=O)CNC(=O)CNC(=O)CNC(=O)CNC(=O)CNC(=O)CNC(=O)CNC(=O)CNC(=O)CNC(=O)CNC(=O)CNC(C)=O,tabm_structure,-68.59361258812999,1.973103631038772,-66.24060441233652,-69.11443056316635,-71.579357416517,-67.71299600998377,-68.32067453864633,False,-68.97813079733994
alanine,0,CC(=O)NC,5,CNC(C)=O,tabm_structure,-9.914795814868635,0.048487467443390685,-9.917808330896776,-9.874514387993953,-9.994054716468995,-9.911249547923425,-9.876352091060019,False,-9.928792478453241
alanine,1,CC(=O)N[C@@H](C)C(=O)NC,10,CNC(=O)[C@H](C)NC(C)=O,tabm_structure,-14.295268616775022,0.3207882302881225,-14.49038488016155,-14.356789842537239,-14.450435873894573,-14.4505425753002,-13.728189911981541,False,-14.43253686553112
alanine,2,CC(=O)N[C@@H](C)C(=O)N[C@@H](C)C(=O)NC,15,CNC(=O)[C@H](C)NC(=O)[C@H](C)NC(C)=O,tabm_structure,-19.221804458511397,0.36580692623518735,-18.95657890857096,-19.43492191972186,-19.397141086017232,-19.596744661774373,-18.723635716472575,False,-19.26288063810335
alanine,3,CC(=O)N[C@@H](C)C(=O)N[C@@H](C)C(=O)N[C@@H](C)C(=O)NC,20,CNC(=O)[C@H](C)NC(=O)[C@H](C)NC(=O)[C@H](C)NC(C)=O,tabm_structure,-24.398476442265522,0.5696270073032798,-23.64089865730983,-24.791495887809113,-24.71077475014603,-24.909691778573247,-23.939521137489393,False,-24.38105643175499
alanine,4,CC(=O)N[C@@H](C)C(=O)N[C@@H](C)C(=O)N[C@@H](C)C(=O)N[C@@H](C)C(=O)NC,25,CNC(=O)[C@H](C)NC(=O)[C@H](C)NC(=O)[C@H](C)NC(=O)[C@H](C)NC(C)=O,tabm_structure,-29.360940293526976,0.8067248437150824,-28.18041545277726,-30.009201939667097,-29.846784108632335,-29.909609896265874,-28.858690070292315,False,-29.345467167025564
alanine,5,CC(=O)N[C@@H](C)C(=O)N[C@@H](C)C(=O)N[C@@H](C)C(=O)N[C@@H](C)C(=O)N[C@@H](C)C(=O)NC,30,CNC(=O)[C@H](C)NC(=O)[C@H](C)NC(=O)[C@H](C)NC(=O)[C@H](C)NC(=O)[C@H](C)NC(C)=O,tabm_structure,-34.27470854992712,1.005983524639396,-32.74522109110076,-35.11820669669485,-34.93649481263335,-34.81545761586793,-33.7581625333387,False,-34.26664086680966
alanine,6,CC(=O)N[C@@H](C)C(=O)N[C@@H](C)C(=O)N[C@@H](C)C(=O)N[C@@H](C)C(=O)N[C@@H](C)C(=O)N[C@@H](C)C(=O)NC,35,CNC(=O)[C@H](C)NC(=O)[C@H](C)NC(=O)[C@H](C)NC(=O)[C@H](C)NC(=O)[C@H](C)NC(=O)[C@H](C)NC(C)=O,tabm_structure,-39.141682325653065,1.2200632080419027,-37.23348462852786,-40.17542407893182,-39.9878027661655,-39.669686244038935,-38.6420139106012,False,-39.13223715787506
alanine,7,CC(=O)N[C@@H](C)C(=O)N[C@@H](C)C(=O)N[C@@H](C)C(=O)N[C@@H](C)C(=O)N[C@@H](C)C(=O)N[C@@H](C)C(=O)N[C@@H](C)C(=O)NC,40,CNC(=O)[C@H](C)NC(=O)[C@H](C)NC(=O)[C@H](C)NC(=O)[C@H](C)NC(=O)[C@H](C)NC(=O)[C@H](C)NC(=O)[C@H](C)NC(C)=O,tabm_structure,-44.01118279066427,1.4343773194921592,-41.74556635858033,-45.17686650241913,-45.088003132923184,-44.560376266818686,-43.485101692580045,False,-44.00347866464088
alanine,8,CC(=O)N[C@@H](C)C(=O)N[C@@H](C)C(=O)N[C@@H](C)C(=O)N[C@@H](C)C(=O)N[C@@H](C)C(=O)N[C@@H](C)C(=O)N[C@@H](C)C(=O)N[C@@H](C)C(=O)NC,45,CNC(=O)[C@H](C)NC(=O)[C@H](C)NC(=O)[C@H](C)NC(=O)[C@H](C)NC(=O)[C@H](C)NC(=O)[C@H](C)NC(=O)[C@H](C)NC(=O)[C@H](C)NC(C)=O,tabm_structure,-48.868030298135,1.636699943929009,-46.26486232309785,-50.1582954005446,-50.168016813180756,-49.41478049501724,-48.33419645883457,False,-48.86372484560773
alanine,9,CC(=O)N[C@@H](C)C(=O)N[C@@H](C)C(=O)N[C@@H](C)C(=O)N[C@@H](C)C(=O)N[C@@H](C)C(=O)N[C@@H](C)C(=O)N[C@@H](C)C(=O)N[C@@H](C)C(=O)N[C@@H](C)C(=O)NC,50,CNC(=O)[C@H](C)NC(=O)[C@H](C)NC(=O)[C@H](C)NC(=O)[C@H](C)NC(=O)[C@H](C)NC(=O)[C@H](C)NC(=O)[C@H](C)NC(=O)[C@H](C)NC(=O)[C@H](C)NC(C)=O,tabm_structure,-53.725385582352054,1.845476723145803,-50.78372416532505,-55.127000613340726,-55.275050947677144,-54.269999312232464,-53.171152873184894,False,-53.72859190878097
alanine,10,CC(=O)N[C@@H](C)C(=O)N[C@@H](C)C(=O)N[C@@H](C)C(=O)N[C@@H](C)C(=O)N[C@@H](C)C(=O)N[C@@H](C)C(=O)N[C@@H](C)C(=O)N[C@@H](C)C(=O)N[C@@H](C)C(=O)N[C@@H](C)C(=O)NC,55,CNC(=O)[C@H](C)NC(=O)[C@H](C)NC(=O)[C@H](C)NC(=O)[C@H](C)NC(=O)[C@H](C)NC(=O)[C@H](C)NC(=O)[C@H](C)NC(=O)[C@H](C)NC(=O)[C@H](C)NC(=O)[C@H](C)NC(C)=O,tabm_structure,-58.58034685286022,2.0597787285224207,-55.29104030574102,-60.08507226891315,-60.38953345000866,-59.12192075115264,-58.0141674884856,False,-58.58854867488761
alanine,11,CC(=O)N[C@@H](C)C(=O)N[C@@H](C)C(=O)N[C@@H](C)C(=O)N[C@@H](C)C(=O)N[C@@H](C)C(=O)N[C@@H](C)C(=O)N[C@@H](C)C(=O)N[C@@H](C)C(=O)N[C@@H](C)C(=O)N[C@@H](C)C(=O)N[C@@H](C)C(=O)NC,60,CNC(=O)[C@H](C)NC(=O)[C@H](C)NC(=O)[C@H](C)NC(=O)[C@H](C)NC(=O)[C@H](C)NC(=O)[C@H](C)NC(=O)[C@H](C)NC(=O)[C@H](C)NC(=O)[C@H](C)NC(=O)[C@H](C)NC(=O)[C@H](C)NC(C)=O,tabm_structure,-63.42827241559799,2.2816773888994297,-59.7821378325016,-65.0486167920108,-65.49819676253841,-63.962457454953515,-62.84995323598561,False,-63.4429837956836
alanine,12,CC(=O)N[C@@H](C)C(=O)N[C@@H](C)C(=O)N[C@@H](C)C(=O)N[C@@H](C)C(=O)N[C@@H](C)C(=O)N[C@@H](C)C(=O)N[C@@H](C)C(=O)N[C@@H](C)C(=O)N[C@@H](C)C(=O)N[C@@H](C)C(=O)N[C@@H](C)C(=O)N[C@@H](C)C(=O)NC,65,CNC(=O)[C@H](C)NC(=O)[C@H](C)NC(=O)[C@H](C)NC(=O)[C@H](C)NC(=O)[C@H](C)NC(=O)[C@H](C)NC(=O)[C@H](C)NC(=O)[C@H](C)NC(=O)[C@H](C)NC(=O)[C@H](C)NC(=O)[C@H](C)NC(=O)[C@H](C)NC(C)=O,tabm_structure,-68.27350739569145,2.499621257795882,-64.28233241624483,-70.00178628014754,-70.60650399723451,-68.80000408050753,-67.67691020432284,False,-68.29687423120896
alkane,1,C,1,C,tabm_structure,1.851007338940559,0.04196473153312397,1.8118454841859544,1.8603074334550618,1.8029752439055517,1.896404214117723,1.8835043190385043,False,1.8250427205155226
alkane,2,CC,2,CC,tabm_structure,1.7687393357570351,0.0608358485713396,1.7213901297180447,1.7824007740112764,1.6980036204937434,1.851932897419089,1.7899692571430226,False,1.733931508074355
alkane,3,CCC,3,CCC,tabm_structure,1.9377624106057667,0.08116013215210457,1.8412566596331486,1.9400152126258403,1.8779491390003713,2.042934510715691,1.9866565310537814,False,1.88640700375312
alkane,4,CCCC,4,CCCC,tabm_structure,2.0652870528333436,0.08215910302786203,2.0454124222155228,2.0649259752767,1.9445533758377618,2.1681178192426396,2.1034256715940955,False,2.0182972577766614
alkane,5,CCCCC,5,CCCCC,tabm_structure,2.255832228002787,0.0659346230783136,2.2438770366828793,2.2270389451525245,2.1775581498902525,2.3553903708431365,2.2752966374451447,False,2.216158043908552
alkane,6,CCCCCC,6,CCCCCC,tabm_structure,2.399088803531636,0.07546971860142652,2.394626001998203,2.3994476860879352,2.2834583803921795,2.4923035173213073,2.4256084318585547,False,2.359177356159439
alkane,7,CCCCCCC,7,CCCCCCC,tabm_structure,2.565511412694643,0.0673944139182435,2.5704296767995265,2.570502233755353,2.4580883397315993,2.6444737453595915,2.584063067827146,False,2.533006750095493
alkane,8,CCCCCCCC,8,CCCCCCCC,tabm_structure,2.692353897592986,0.06639238772614466,2.664951879127643,2.6864445908326333,2.6064148782780174,2.7862585731575606,2.717699566569073,False,2.6526037827460978
alkane,9,CCCCCCCCC,9,CCCCCCCCC,tabm_structure,2.820367537119496,0.07493497131672157,2.759979541257275,2.8181147350994227,2.7447188013632555,2.931491380663097,2.8475332272144316,False,2.774271025906651
alkane,10,CCCCCCCCCC,10,CCCCCCCCCC,tabm_structure,2.93719533294679,0.08793762120242592,2.8571217203852877,2.9555778511083144,2.848553292652232,3.0624865623240023,2.9622372382641133,False,2.887084288048611
alkane,11,CCCCCCCCCCC,11,CCCCCCCCCCC,tabm_structure,3.0505406387833256,0.08770633091111128,2.97339881501508,3.079168564940982,2.954281581460519,3.1690452929292308,3.0768089395708165,False,3.00228298713886
alkane,12,CCCCCCCCCCCC,12,CCCCCCCCCCCC,tabm_structure,3.141961427569354,0.08474516707151498,3.0694502009164193,3.173896853412539,3.0471496071402484,3.25599657323633,3.1633139031412334,False,3.0968322204897354
alkane,13,CCCCCCCCCCCCC,13,CCCCCCCCCCCCC,tabm_structure,3.2324545848209723,0.07586107130742634,3.160337238785382,3.261931000556179,3.153001669579063,3.333398992323235,3.2536040228610004,False,3.191756636306875
alkane,14,CCCCCCCCCCCCCC,14,CCCCCCCCCCCCCC,tabm_structure,3.3211808887398595,0.06675131738630088,3.248054940046046,3.34827133910077,3.2587031306053644,3.4066674940949664,3.3442075398521522,False,3.285009803250727
alkane,15,CCCCCCCCCCCCCCC,15,CCCCCCCCCCCCCCC,tabm_structure,3.431472095486174,0.06778560476820823,3.3544618497941245,3.453379540311781,3.3748680363286674,3.5228628859341633,3.451788165062135,False,3.3942364754781913
alkane,16,CCCCCCCCCCCCCCCC,16,CCCCCCCCCCCCCCCC,tabm_structure,3.551339479012524,0.07492854225433962,3.463428983554948,3.573971030062835,3.4955198885891905,3.6552964025429295,3.568481090312715,False,3.510973300735658
alkane,17,CCCCCCCCCCCCCCCCC,17,CCCCCCCCCCCCCCCCC,tabm_structure,3.7167766549653862,0.08337380353589274,3.617509471615125,3.741814780004339,3.6573743362022375,3.8329207081854184,3.7342639788198104,False,3.6722328626072334
alkane,18,CCCCCCCCCCCCCCCCCC,18,CCCCCCCCCCCCCCCCCC,tabm_structure,3.9086291967288105,0.09108206180042684,3.8006017670042906,3.9337120753858956,3.846712627015685,4.038325182074794,3.9237943321633884,False,3.8603421564686236
alkane,19,CCCCCCCCCCCCCCCCCCC,19,CCCCCCCCCCCCCCCCCCC,tabm_structure,4.1148948424199485,0.09572113992103,4.006298297883927,4.139417142377982,4.047039333441821,4.254538203493088,4.127181234902925,False,4.0642515912345765
alkane,20,CCCCCCCCCCCCCCCCCCCC,20,CCCCCCCCCCCCCCCCCCCC,tabm_structure,4.324937595925841,0.10218690097525943,4.2151653848165,4.34596423589105,4.250756095955327,4.478861751183715,4.333940511782614,False,4.27062857222096
alkane,21,CCCCCCCCCCCCCCCCCCCCC,21,CCCCCCCCCCCCCCCCCCCCC,tabm_structure,4.536153821004709,0.10385208009050588,4.432593582814312,4.558425635887477,4.4529570887866035,4.69412909328699,4.542663704248166,False,4.481325435829464
alkane,22,CCCCCCCCCCCCCCCCCCCCCC,22,CCCCCCCCCCCCCCCCCCCCCC,tabm_structure,4.743431239910126,0.10718932984724645,4.639911365337171,4.767161022799388,4.652147272812228,4.90549543200052,4.752441106601322,False,4.686406553649596
alkane,23,CCCCCCCCCCCCCCCCCCCCCCC,23,CCCCCCCCCCCCCCCCCCCCCCC,tabm_structure,4.953919456541455,0.10846055311390854,4.850455188643891,4.990431580047052,4.853233083524116,5.111317565677639,4.96415986481458,False,4.898039950738354
alkane,24,CCCCCCCCCCCCCCCCCCCCCCCC,24,CCCCCCCCCCCCCCCCCCCCCCCC,tabm_structure,5.157506714034645,0.11070886450672676,5.048227768280461,5.208202441987509,5.04974109907342,5.3080030104214435,5.173359250410392,False,5.102057103113797
alkane,25,CCCCCCCCCCCCCCCCCCCCCCCCC,25,CCCCCCCCCCCCCCCCCCCCCCCCC,tabm_structure,5.356883838922929,0.11317649568869374,5.243656575327134,5.420663841983935,5.241467062483655,5.500292357253392,5.378339357566529,False,5.301929159931575
alkane,26,CCCCCCCCCCCCCCCCCCCCCCCCCC,26,CCCCCCCCCCCCCCCCCCCCCCCCCC,tabm_structure,5.550657859598895,0.11697517860276274,5.427514681947547,5.627213984108594,5.432743050823299,5.688914834065657,5.57690274704938,False,5.49582390562648
alkane,27,CCCCCCCCCCCCCCCCCCCCCCCCCCC,27,CCCCCCCCCCCCCCCCCCCCCCCCCCC,tabm_structure,5.738537572683528,0.11885836307821394,5.612618451263372,5.826762684857125,5.617081618630196,5.870333441692263,5.765891666974686,False,5.685487584916898
alkane,28,CCCCCCCCCCCCCCCCCCCCCCCCCCCC,28,CCCCCCCCCCCCCCCCCCCCCCCCCCCC,tabm_structure,5.915117789828893,0.12102361175149254,5.78843797884496,6.01232801396758,5.790535423618439,6.045540808066709,5.938746724646781,False,5.863767138810327
alkane,29,CCCCCCCCCCCCCCCCCCCCCCCCCCCCC,29,CCCCCCCCCCCCCCCCCCCCCCCCCCCCC,tabm_structure,6.085489082666904,0.1228945662744358,5.959351680656948,6.191690028216006,5.957524952592604,6.21380343724059,6.105075314628372,False,6.036188887155187
alkane,30,CCCCCCCCCCCCCCCCCCCCCCCCCCCCCC,30,CCCCCCCCCCCCCCCCCCCCCCCCCCCCCC,tabm_structure,6.246866971316301,0.1255408861395346,6.118712363989899,6.358317382133355,6.1173917054493865,6.378047996339693,6.2618654086691725,False,6.1981404838575465
glycine,0,CC(=O)NC,5,CNC(C)=O,count_adapted_solvai,-9.99157992884335,0.07295478520323306,-9.960705249301553,-10.097924400168006,-10.024629747024985,-9.96930970781283,-9.905330539909382,False,-10.027753132164849
glycine,1,CC(=O)NCC(=O)NC,9,CNC(=O)CNC(C)=O,count_adapted_solvai,-15.164035376002847,0.16842838110328845,-15.134317335887289,-15.061087923032279,-15.30620121546649,-15.361442176552089,-14.95712822907609,False,-15.167202158128687
glycine,2,CC(=O)NCC(=O)NCC(=O)NC,13,CNC(=O)CNC(=O)CNC(C)=O,count_adapted_solvai,-21.476603593551168,0.29020533221794087,-21.619423493577486,-21.220877814562805,-21.760228792944883,-21.67058918977682,-21.111898676893848,False,-21.533510033695055
glycine,3,CC(=O)NCC(=O)NCC(=O)NCC(=O)NC,17,CNC(=O)CNC(=O)CNC(=O)CNC(C)=O,count_adapted_solvai,-27.278378388107193,0.43926741769265254,-27.590335949097767,-26.892057714208544,-27.769324526289452,-27.384302927713954,-26.75587082322625,False,-27.417239396531922
glycine,4,CC(=O)NCC(=O)NCC(=O)NCC(=O)NCC(=O)NC,21,CNC(=O)CNC(=O)CNC(=O)CNC(=O)CNC(C)=O,count_adapted_solvai,-32.08885967838184,0.5579899697343834,-32.45159351331067,-31.59572303751002,-32.771675046617894,-32.167501954464456,-31.457804840006123,False,-32.2729971991462
glycine,5,CC(=O)NCC(=O)NCC(=O)NCC(=O)NCC(=O)NCC(=O)NC,25,CNC(=O)CNC(=O)CNC(=O)CNC(=O)CNC(=O)CNC(C)=O,count_adapted_solvai,-38.028055783193125,0.6361346323676441,-38.35698015928947,-37.45121159046143,-38.885250625408126,-38.08212259724774,-37.36471394355883,False,-38.231147458386346
glycine,6,CC(=O)NCC(=O)NCC(=O)NCC(=O)NCC(=O)NCC(=O)NCC(=O)NC,29,CNC(=O)CNC(=O)CNC(=O)CNC(=O)CNC(=O)CNC(=O)CNC(C)=O,count_adapted_solvai,-44.760621682016804,0.6988296928618877,-45.10162787351542,-44.10092275793662,-45.756488087010126,-44.72281040792545,-44.12125928369635,False,-44.986346239487396
glycine,7,CC(=O)NCC(=O)NCC(=O)NCC(=O)NCC(=O)NCC(=O)NCC(=O)NCC(=O)NC,33,CNC(=O)CNC(=O)CNC(=O)CNC(=O)CNC(=O)CNC(=O)CNC(=O)CNC(C)=O,count_adapted_solvai,-50.71782338799037,0.7437999873448323,-51.032134869398504,-50.000905644604174,-51.81886944602884,-50.63691248187738,-50.10029449804296,False,-50.95063665334384
glycine,8,CC(=O)NCC(=O)NCC(=O)NCC(=O)NCC(=O)NCC(=O)NCC(=O)NCC(=O)NCC(=O)NC,37,CNC(=O)CNC(=O)CNC(=O)CNC(=O)CNC(=O)CNC(=O)CNC(=O)CNC(=O)CNC(C)=O,count_adapted_solvai,-56.54889795815353,0.7861854384979338,-56.825229013256276,-55.789037258516785,-57.75061116771327,-56.43125449867397,-55.94835785260734,False,-56.788292479828776
glycine,9,CC(=O)NCC(=O)NCC(=O)NCC(=O)NCC(=O)NCC(=O)NCC(=O)NCC(=O)NCC(=O)NCC(=O)NC,41,CNC(=O)CNC(=O)CNC(=O)CNC(=O)CNC(=O)CNC(=O)CNC(=O)CNC(=O)CNC(=O)CNC(C)=O,count_adapted_solvai,-63.332362249007,0.8264509795654099,-63.56541718034166,-62.534310357302644,-64.63013742315029,-63.17595064771654,-62.75599563652384,False,-63.5766216535982
glycine,10,CC(=O)NCC(=O)NCC(=O)NCC(=O)NCC(=O)NCC(=O)NCC(=O)NCC(=O)NCC(=O)NCC(=O)NCC(=O)NC,45,CNC(=O)CNC(=O)CNC(=O)CNC(=O)CNC(=O)CNC(=O)CNC(=O)CNC(=O)CNC(=O)CNC(=O)CNC(C)=O,count_adapted_solvai,-70.59706425344464,0.8592710040808111,-70.78202975298183,-69.77620411316225,-71.97748566438982,-70.40177501945806,-70.04782671723123,False,-70.8452398435113
glycine,11,CC(=O)NCC(=O)NCC(=O)NCC(=O)NCC(=O)NCC(=O)NCC(=O)NCC(=O)NCC(=O)NCC(=O)NCC(=O)NCC(=O)NC,49,CNC(=O)CNC(=O)CNC(=O)CNC(=O)CNC(=O)CNC(=O)CNC(=O)CNC(=O)CNC(=O)CNC(=O)CNC(=O)CNC(C)=O,count_adapted_solvai,-75.6124212337849,0.8994715622315794,-75.76509830874299,-74.76206416823285,-77.0797869818243,-75.36972021338494,-75.08543649673949,False,-75.86898315293338
glycine,12,CC(=O)NCC(=O)NCC(=O)NCC(=O)NCC(=O)NCC(=O)NCC(=O)NCC(=O)NCC(=O)NCC(=O)NCC(=O)NCC(=O)NCC(=O)NC,53,CNC(=O)CNC(=O)CNC(=O)CNC(=O)CNC(=O)CNC(=O)CNC(=O)CNC(=O)CNC(=O)CNC(=O)CNC(=O)CNC(=O)CNC(C)=O,count_adapted_solvai,-79.52825194231472,0.9329384974111028,-79.65877779022145,-78.65589737595072,-81.06563902446366,-79.23873604602903,-79.02220947490878,False,-79.79343806354528
alanine,0,CC(=O)NC,5,CNC(C)=O,count_adapted_solvai,-9.99158053856567,0.07295478520323338,-9.960705859023872,-10.097925009890325,-10.024630356747302,-9.969310317535149,-9.9053311496317,False,-10.027753741887166
alanine,1,CC(=O)N[C@@H](C)C(=O)NC,10,CNC(=O)[C@H](C)NC(C)=O,count_adapted_solvai,-14.725523636597421,0.18684228282604787,-14.892629191917912,-14.667074310006338,-14.847046522918198,-14.793519496031593,-14.427348662113058,False,-14.802250008280817
alanine,2,CC(=O)N[C@@H](C)C(=O)N[C@@H](C)C(=O)NC,15,CNC(=O)[C@H](C)NC(=O)[C@H](C)NC(C)=O,count_adapted_solvai,-20.77678524343445,0.4150068794769511,-21.17021705418487,-20.57458836051267,-21.17587539161766,-20.764231867362497,-20.199013543494544,False,-20.97356026877173
alanine,3,CC(=O)N[C@@H](C)C(=O)N[C@@H](C)C(=O)N[C@@H](C)C(=O)NC,20,CNC(=O)[C@H](C)NC(=O)[C@H](C)NC(=O)[C@H](C)NC(C)=O,count_adapted_solvai,-27.077086190439637,0.6120123091598744,-27.629860359985635,-26.617623642424217,-27.745593353662017,-27.045809028432362,-26.346544567693982,False,-27.331025785357287
alanine,4,CC(=O)N[C@@H](C)C(=O)N[C@@H](C)C(=O)N[C@@H](C)C(=O)N[C@@H](C)C(=O)NC,25,CNC(=O)[C@H](C)NC(=O)[C@H](C)NC(=O)[C@H](C)NC(=O)[C@H](C)NC(C)=O,count_adapted_solvai,-33.016329253396314,0.7591047953762392,-33.68993666378164,-32.37483090252726,-33.86407297668945,-32.98503069013568,-32.16777503384757,False,-33.309613514332774
alanine,5,CC(=O)N[C@@H](C)C(=O)N[C@@H](C)C(=O)N[C@@H](C)C(=O)N[C@@H](C)C(=O)N[C@@H](C)C(=O)NC,30,CNC(=O)[C@H](C)NC(=O)[C@H](C)NC(=O)[C@H](C)NC(=O)[C@H](C)NC(=O)[C@H](C)NC(C)=O,count_adapted_solvai,-39.30229079808801,0.8055028395622832,-39.986522120652104,-38.56125104506699,-40.24612000981387,-39.242062526608485,-38.4754982882986,False,-39.59796439184432
alanine,6,CC(=O)N[C@@H](C)C(=O)N[C@@H](C)C(=O)N[C@@H](C)C(=O)N[C@@H](C)C(=O)N[C@@H](C)C(=O)N[C@@H](C)C(=O)NC,35,CNC(=O)[C@H](C)NC(=O)[C@H](C)NC(=O)[C@H](C)NC(=O)[C@H](C)NC(=O)[C@H](C)NC(=O)[C@H](C)NC(C)=O,count_adapted_solvai,-44.84286725980401,0.8496560979803227,-45.543370740122604,-44.0232220322057,-45.875054345974725,-44.73484311114771,-44.037846069569284,False,-45.14721570610101
alanine,7,CC(=O)N[C@@H](C)C(=O)N[C@@H](C)C(=O)N[C@@H](C)C(=O)N[C@@H](C)C(=O)N[C@@H](C)C(=O)N[C@@H](C)C(=O)N[C@@H](C)C(=O)NC,40,CNC(=O)[C@H](C)NC(=O)[C@H](C)NC(=O)[C@H](C)NC(=O)[C@H](C)NC(=O)[C@H](C)NC(=O)[C@H](C)NC(=O)[C@H](C)NC(C)=O,count_adapted_solvai,-50.34275040340232,0.8709508478891694,-51.01797544044114,-49.48862129739958,-51.45010447229363,-50.18797120024121,-49.569079606636016,False,-50.65223373671145
alanine,8,CC(=O)N[C@@H](C)C(=O)N[C@@H](C)C(=O)N[C@@H](C)C(=O)N[C@@H](C)C(=O)N[C@@H](C)C(=O)N[C@@H](C)C(=O)N[C@@H](C)C(=O)N[C@@H](C)C(=O)NC,45,CNC(=O)[C@H](C)NC(=O)[C@H](C)NC(=O)[C@H](C)NC(=O)[C@H](C)NC(=O)[C@H](C)NC(=O)[C@H](C)NC(=O)[C@H](C)NC(=O)[C@H](C)NC(C)=O,count_adapted_solvai,-56.882499180708386,0.9007549477615283,-57.52874765903703,-55.981221047172454,-58.08015377175382,-56.672769519612714,-56.14960390596589,False,-57.19670749265444
alanine,9,CC(=O)N[C@@H](C)C(=O)N[C@@H](C)C(=O)N[C@@H](C)C(=O)N[C@@H](C)C(=O)N[C@@H](C)C(=O)N[C@@H](C)C(=O)N[C@@H](C)C(=O)N[C@@H](C)C(=O)N[C@@H](C)C(=O)NC,50,CNC(=O)[C@H](C)NC(=O)[C@H](C)NC(=O)[C@H](C)NC(=O)[C@H](C)NC(=O)[C@H](C)NC(=O)[C@H](C)NC(=O)[C@H](C)NC(=O)[C@H](C)NC(=O)[C@H](C)NC(C)=O,count_adapted_solvai,-64.69998432332622,0.9234062880729068,-65.29301438000331,-63.7621268615476,-65.98715839271621,-64.42709074546413,-64.03053123689992,False,-65.01409987808904
alanine,10,CC(=O)N[C@@H](C)C(=O)N[C@@H](C)C(=O)N[C@@H](C)C(=O)N[C@@H](C)C(=O)N[C@@H](C)C(=O)N[C@@H](C)C(=O)N[C@@H](C)C(=O)N[C@@H](C)C(=O)N[C@@H](C)C(=O)N[C@@H](C)C(=O)NC,55,CNC(=O)[C@H](C)NC(=O)[C@H](C)NC(=O)[C@H](C)NC(=O)[C@H](C)NC(=O)[C@H](C)NC(=O)[C@H](C)NC(=O)[C@H](C)NC(=O)[C@H](C)NC(=O)[C@H](C)NC(=O)[C@H](C)NC(C)=O,count_adapted_solvai,-70.64013988908229,0.9399928340382947,-71.19191043663926,-69.68334081283048,-71.99189645137272,-70.30648649144548,-70.02706525312358,False,-70.95571590028082
alanine,11,CC(=O)N[C@@H](C)C(=O)N[C@@H](C)C(=O)N[C@@H](C)C(=O)N[C@@H](C)C(=O)N[C@@H](C)C(=O)N[C@@H](C)C(=O)N[C@@H](C)C(=O)N[C@@H](C)C(=O)N[C@@H](C)C(=O)N[C@@H](C)C(=O)N[C@@H](C)C(=O)NC,60,CNC(=O)[C@H](C)NC(=O)[C@H](C)NC(=O)[C@H](C)NC(=O)[C@H](C)NC(=O)[C@H](C)NC(=O)[C@H](C)NC(=O)[C@H](C)NC(=O)[C@H](C)NC(=O)[C@H](C)NC(=O)[C@H](C)NC(=O)[C@H](C)NC(C)=O,count_adapted_solvai,-74.79737361446645,0.9629140340161472,-75.32501453467037,-73.81787905396853,-76.21000056586317,-74.40047836992943,-74.23349554790077,False,-75.11763138483403
alanine,12,CC(=O)N[C@@H](C)C(=O)N[C@@H](C)C(=O)N[C@@H](C)C(=O)N[C@@H](C)C(=O)N[C@@H](C)C(=O)N[C@@H](C)C(=O)N[C@@H](C)C(=O)N[C@@H](C)C(=O)N[C@@H](C)C(=O)N[C@@H](C)C(=O)N[C@@H](C)C(=O)N[C@@H](C)C(=O)NC,65,CNC(=O)[C@H](C)NC(=O)[C@H](C)NC(=O)[C@H](C)NC(=O)[C@H](C)NC(=O)[C@H](C)NC(=O)[C@H](C)NC(=O)[C@H](C)NC(=O)[C@H](C)NC(=O)[C@H](C)NC(=O)[C@H](C)NC(=O)[C@H](C)NC(=O)[C@H](C)NC(C)=O,count_adapted_solvai,-79.0437291287187,0.9841444347041083,-79.54994113703665,-78.04573933526724,-80.50886758399547,-78.58516158447213,-78.52893600282192,False,-79.36818268543313
alkane,1,C,1,C,count_adapted_solvai,1.8385435172630822,0.3604604443287592,2.1559200194124504,2.047570305713762,1.398076563199803,1.497579358496747,2.093571339492648,False,1.8671889627753384
alkane,2,CC,2,CC,count_adapted_solvai,1.7808837925059398,0.11591744666573058,1.8880443685788464,1.7266332843600054,1.6995820772517796,1.6679814270687512,1.9221778052703158,False,1.7714199100635437
alkane,3,CCC,3,CCC,count_adapted_solvai,1.8514992305151203,0.09638025293441649,1.8971366811597123,1.8890472093611672,1.7284168936241837,1.7773231875593511,1.9655721808711863,False,1.8382002613816877
alkane,4,CCCC,4,CCCC,count_adapted_solvai,1.9866803178457075,0.11784997846238233,2.0250782210221345,2.0675573843700565,1.8649998183057601,1.8599574528446032,2.1158087126859844,False,1.9858784745659837
alkane,5,CCCCC,5,CCCCC,count_adapted_solvai,2.304045865952559,0.04966455035857954,2.3008031988032425,2.304043206038947,2.2569251514468087,2.272806264745441,2.3856515087283556,False,2.287257185429666
alkane,6,CCCCCC,6,CCCCCC,count_adapted_solvai,2.4513483215627176,0.050054905597221984,2.431037716146685,2.436084330610245,2.422089267070376,2.4271141506494507,2.54041614333683,False,2.429737104609102
alkane,7,CCCCCCC,7,CCCCCCC,count_adapted_solvai,2.8485720692415493,0.051089413385385425,2.8253297483894766,2.826764767972234,2.827957168088761,2.822907066775696,2.9399015949815768,False,2.8266838948168242
alkane,8,CCCCCCCC,8,CCCCCCCC,count_adapted_solvai,2.887451479421137,0.050445134665341576,2.8550494183213733,2.8620639699181956,2.879718467723542,2.864185886944864,2.9762396541977134,False,2.86561061865437
alkane,9,CCCCCCCCC,9,CCCCCCCCC,count_adapted_solvai,3.1282132441685837,0.05194654422743318,3.0908046437954653,3.0979405539508225,3.126955480152371,3.1074557125317233,3.2179098304125358,False,3.1052335592995526
alkane,10,CCCCCCCCCC,10,CCCCCCCCCC,count_adapted_solvai,3.3111784796191968,0.05365601937423239,3.266067961719485,3.2785534909405154,3.3155323385411384,3.2944598672259664,3.4012787396688795,False,3.2867179304003797
alkane,11,CCCCCCCCCCC,11,CCCCCCCCCCC,count_adapted_solvai,3.3277901336183695,0.055071741094858094,3.280643257023554,3.2925251873488968,3.334401660430289,3.3120778412354355,3.419302722053673,False,3.3025233682675803
alkane,12,CCCCCCCCCCCC,12,CCCCCCCCCCCC,count_adapted_solvai,3.2605605465179472,0.054741918070664385,3.2129500061101606,3.2234221369684644,3.27123391146381,3.2452381991853345,3.349958478861967,False,3.2358686848474782
alkane,13,CCCCCCCCCCCCC,13,CCCCCCCCCCCCC,count_adapted_solvai,3.301830365423225,0.05300157882241774,3.251141964141433,3.2671036512916807,3.307771784543215,3.2953715640486756,3.387762863091119,False,3.2753391333254434
alkane,14,CCCCCCCCCCCCCC,14,CCCCCCCCCCCCCC,count_adapted_solvai,3.3990051127735774,0.04896493195396877,3.3487812193890907,3.3682783480553304,3.4005239320200875,3.4002069478666286,3.4772351165367494,False,3.372527833154836
alkane,15,CCCCCCCCCCCCCCC,15,CCCCCCCCCCCCCCC,count_adapted_solvai,3.5437820628171925,0.042976513303386345,3.4966724257274597,3.5255993530409624,3.5343142117811475,3.5499066811054627,3.6124176424309313,False,3.5188619968498567
alkane,16,CCCCCCCCCCCCCCCC,16,CCCCCCCCCCCCCCCC,count_adapted_solvai,3.6726597036380975,0.03669548297493673,3.631520428424632,3.6829913454237984,3.649207277238742,3.6718169097244173,3.727762557378898,False,3.654573017029057
alkane,17,CCCCCCCCCCCCCCCCC,17,CCCCCCCCCCCCCCCCC,count_adapted_solvai,3.8685842716143206,0.04861587857027192,3.8312368552085916,3.925701781746473,3.8291534816829786,3.839371589362327,3.917457650071234,False,3.8620307062126806
alkane,18,CCCCCCCCCCCCCCCCCC,18,CCCCCCCCCCCCCCCCCC,count_adapted_solvai,4.06613267350305,0.07839633722344008,4.030181159182622,4.170453589824931,4.012279997737234,3.990306462823134,4.127442157947329,False,4.070971582248262
alkane,19,CCCCCCCCCCCCCCCCCCC,19,CCCCCCCCCCCCCCCCCCC,count_adapted_solvai,4.247764447673514,0.10183359620413612,4.200903351025331,4.390311245452128,4.187918914135975,4.143992670135696,4.3156960576184416,False,4.259711170204478
alkane,20,CCCCCCCCCCCCCCCCCCCC,20,CCCCCCCCCCCCCCCCCCCC,count_adapted_solvai,4.466180052857476,0.12445603254710418,4.412418824007047,4.643230160128639,4.402321136485479,4.331879497917625,4.541050645748592,False,4.485990040207056
alkane,21,CCCCCCCCCCCCCCCCCCCCC,21,CCCCCCCCCCCCCCCCCCCCC,count_adapted_solvai,4.645051354962948,0.13765717878386102,4.589217679954072,4.8425967063347075,4.586151805601587,4.48797690929768,4.719313673626696,False,4.672655397296789
alkane,22,CCCCCCCCCCCCCCCCCCCCCC,22,CCCCCCCCCCCCCCCCCCCCCC,count_adapted_solvai,4.849590472831156,0.14475145081475302,4.7873243874208375,5.066652890788949,4.792143022898981,4.6896052966571835,4.912226766389828,False,4.882040100369589
alkane,23,CCCCCCCCCCCCCCCCCCCCCCC,23,CCCCCCCCCCCCCCCCCCCCCCC,count_adapted_solvai,5.034985620821163,0.15030234107836565,4.968244699483164,5.272073979611487,4.977954908471726,4.878264547346746,5.078389969192696,False,5.072757862522125
alkane,24,CCCCCCCCCCCCCCCCCCCCCCCC,24,CCCCCCCCCCCCCCCCCCCCCCCC,count_adapted_solvai,5.258413455940721,0.15345716599378878,5.1924378428130575,5.508472315654672,5.202473872165231,5.10497005148743,5.283713197583215,False,5.301128010210987
alkane,25,CCCCCCCCCCCCCCCCCCCCCCCCC,25,CCCCCCCCCCCCCCCCCCCCCCCCC,count_adapted_solvai,5.4681087134546,0.15681465204103795,5.408168573877915,5.7313669028780785,5.409470483457151,5.319738945595845,5.471798661464015,False,5.516335320071048
alkane,26,CCCCCCCCCCCCCCCCCCCCCCCCCC,26,CCCCCCCCCCCCCCCCCCCCCCCCCC,count_adapted_solvai,5.648613225382254,0.15977419691475583,5.594120314507321,5.923857458074925,5.587477694715264,5.510042426838484,5.627568232775277,False,5.70181848909917
alkane,27,CCCCCCCCCCCCCCCCCCCCCCCCCCC,27,CCCCCCCCCCCCCCCCCCCCCCCCCCC,count_adapted_solvai,5.81649534210061,0.16344561848348446,5.7716729777774605,6.102660966680177,5.751168930810899,5.68848962896423,5.768484206270279,False,5.875167625089513
alkane,28,CCCCCCCCCCCCCCCCCCCCCCCCCCCC,28,CCCCCCCCCCCCCCCCCCCCCCCCCCCC,count_adapted_solvai,5.988757155200472,0.1684456875493946,5.955041858453071,6.28537584395458,5.9182463360141275,5.871380639773208,5.91374109780737,False,6.0528880128072595
alkane,29,CCCCCCCCCCCCCCCCCCCCCCCCCCCCC,29,CCCCCCCCCCCCCCCCCCCCCCCCCCCCC,count_adapted_solvai,6.167851348920771,0.1746465919832952,6.1486126891666055,6.473923324921748,6.090965425609336,6.061273168173602,6.064482136732562,False,6.237833813232563
alkane,30,CCCCCCCCCCCCCCCCCCCCCCCCCCCCCC,30,CCCCCCCCCCCCCCCCCCCCCCCCCCCCCC,count_adapted_solvai,6.31740522800695,0.1834434541453184,6.313620010885368,6.634465192814996,6.2338559848307655,6.221214307153166,6.183870644350455,False,6.393980396177043
glycine,0,CC(=O)NC,5,CNC(C)=O,count_adapted_structure,-9.994751705293613,0.1343019570782501,-9.938121801531356,-10.190058415446131,-10.04470945583904,-9.972922807945606,-9.827946045705932,False,-10.057629890938843
glycine,1,CC(=O)NCC(=O)NC,9,CNC(=O)CNC(C)=O,count_adapted_structure,-17.135804224383286,0.19062294414434125,-17.054881274349135,-17.22959341282471,-16.89443056946932,-17.401111616207224,-17.09900424906604,False,-17.059635085547722
glycine,2,CC(=O)NCC(=O)NCC(=O)NC,13,CNC(=O)CNC(=O)CNC(C)=O,count_adapted_structure,-23.080901724807852,0.36549245059138524,-23.11253920984041,-23.20616664466705,-23.020938491998375,-23.537086725746615,-22.527777551786816,False,-23.113214782168612
glycine,3,CC(=O)NCC(=O)NCC(=O)NCC(=O)NC,17,CNC(=O)CNC(=O)CNC(=O)CNC(C)=O,count_adapted_structure,-30.330634863425036,0.45586350876732795,-30.378460597941558,-30.35904185670081,-30.55399233658911,-30.786391656379955,-29.57528786951374,False,-30.43049826374383
glycine,4,CC(=O)NCC(=O)NCC(=O)NCC(=O)NCC(=O)NC,21,CNC(=O)CNC(=O)CNC(=O)CNC(=O)CNC(C)=O,count_adapted_structure,-37.916932556993366,0.4654670488879072,-37.961058648915625,-37.902175935511764,-38.28067081988793,-38.29261162176114,-37.14814575889038,False,-38.047968468105104
glycine,5,CC(=O)NCC(=O)NCC(=O)NCC(=O)NCC(=O)NCC(=O)NC,25,CNC(=O)CNC(=O)CNC(=O)CNC(=O)CNC(=O)CNC(C)=O,count_adapted_structure,-45.59850856953621,0.45371031175994103,-45.65851298908826,-45.57099131355279,-46.04137836303893,-45.865774982019026,-44.85588519998203,False,-45.756960888559995
glycine,6,CC(=O)NCC(=O)NCC(=O)NCC(=O)NCC(=O)NCC(=O)NCC(=O)NC,29,CNC(=O)CNC(=O)CNC(=O)CNC(=O)CNC(=O)CNC(=O)CNC(C)=O,count_adapted_structure,-54.05089773133325,0.4482118100059055,-54.12075575131997,-54.07645942492656,-54.517760890683256,-54.229103407205834,-53.31040918253065,False,-54.23832535564326
glycine,7,CC(=O)NCC(=O)NCC(=O)NCC(=O)NCC(=O)NCC(=O)NCC(=O)NCC(=O)NC,33,CNC(=O)CNC(=O)CNC(=O)CNC(=O)CNC(=O)CNC(=O)CNC(=O)CNC(C)=O,count_adapted_structure,-62.059110037894754,0.43873108637180147,-62.14182600406522,-62.12173900716408,-62.54858334704171,-62.14050808927514,-61.342893741927625,False,-62.270716119423675
glycine,8,CC(=O)NCC(=O)NCC(=O)NCC(=O)NCC(=O)NCC(=O)NCC(=O)NCC(=O)NCC(=O)NC,37,CNC(=O)CNC(=O)CNC(=O)CNC(=O)CNC(=O)CNC(=O)CNC(=O)CNC(=O)CNC(C)=O,count_adapted_structure,-69.88992113620989,0.4347590360043908,-69.98549297550821,-69.98178464437092,-70.3993669973789,-69.88508786739611,-69.19787319639525,False,-70.12221487241935
glycine,9,CC(=O)NCC(=O)NCC(=O)NCC(=O)NCC(=O)NCC(=O)NCC(=O)NCC(=O)NCC(=O)NCC(=O)NC,41,CNC(=O)CNC(=O)CNC(=O)CNC(=O)CNC(=O)CNC(=O)CNC(=O)CNC(=O)CNC(=O)CNC(C)=O,count_adapted_structure,-77.70302943480343,0.43527003407793674,-77.80866961873679,-77.82406602184653,-78.2272006996714,-77.62373748625345,-77.03147334750902,False,-77.95331211341824
glycine,10,CC(=O)NCC(=O)NCC(=O)NCC(=O)NCC(=O)NCC(=O)NCC(=O)NCC(=O)NCC(=O)NCC(=O)NCC(=O)NC,45,CNC(=O)CNC(=O)CNC(=O)CNC(=O)CNC(=O)CNC(=O)CNC(=O)CNC(=O)CNC(=O)CNC(=O)CNC(C)=O,count_adapted_structure,-85.5048876859377,0.43882586206017055,-85.6187003439309,-85.65379931402036,-86.04037881147035,-85.36055427982326,-84.85100568044368,False,-85.7709594898072
glycine,11,CC(=O)NCC(=O)NCC(=O)NCC(=O)NCC(=O)NCC(=O)NCC(=O)NCC(=O)NCC(=O)NCC(=O)NCC(=O)NCC(=O)NC,49,CNC(=O)CNC(=O)CNC(=O)CNC(=O)CNC(=O)CNC(=O)CNC(=O)CNC(=O)CNC(=O)CNC(=O)CNC(=O)CNC(C)=O,count_adapted_structure,-93.29642089934114,0.444366887172543,-93.41729450760867,-93.47169881058775,-93.84071220805986,-93.09424746595863,-92.65815150449076,False,-93.57656850875209
glycine,12,CC(=O)NCC(=O)NCC(=O)NCC(=O)NCC(=O)NCC(=O)NCC(=O)NCC(=O)NCC(=O)NCC(=O)NCC(=O)NCC(=O)NCC(=O)NC,53,CNC(=O)CNC(=O)CNC(=O)CNC(=O)CNC(=O)CNC(=O)CNC(=O)CNC(=O)CNC(=O)CNC(=O)CNC(=O)CNC(=O)CNC(C)=O,count_adapted_structure,-101.0821830910059,0.4513078872079603,-101.20970212378815,-101.28252004076698,-101.63330517982398,-100.82746750757532,-100.45792060307508,False,-101.3751757814597
alanine,0,CC(=O)NC,5,CNC(C)=O,count_adapted_structure,-9.994751705293613,0.1343019570782501,-9.938121801531356,-10.190058415446131,-10.04470945583904,-9.972922807945606,-9.827946045705932,False,-10.057629890938843
alanine,1,CC(=O)N[C@@H](C)C(=O)NC,10,CNC(=O)[C@H](C)NC(C)=O,count_adapted_structure,-16.931950166217817,0.31672226643460755,-17.21056855220131,-16.937073643324727,-16.507558912614773,-17.26073033107735,-16.743819391870925,False,-16.885067036046934
alanine,2,CC(=O)N[C@@H](C)C(=O)N[C@@H](C)C(=O)NC,15,CNC(=O)[C@H](C)NC(=O)[C@H](C)NC(C)=O,count_adapted_structure,-23.22630767249246,0.6029556566581524,-23.68082678058742,-23.42077407668416,-22.907145558522174,-23.787192467390664,-22.335599479277878,False,-23.336248805264585
alanine,3,CC(=O)N[C@@H](C)C(=O)N[C@@H](C)C(=O)N[C@@H](C)C(=O)NC,20,CNC(=O)[C@H](C)NC(=O)[C@H](C)NC(=O)[C@H](C)NC(C)=O,count_adapted_structure,-30.390511683339014,0.6088566000050173,-30.64728777761367,-30.69147374426754,-30.46352295850789,-30.824156408658446,-29.326117527647508,False,-30.600761493463036
alanine,4,CC(=O)N[C@@H](C)C(=O)N[C@@H](C)C(=O)N[C@@H](C)C(=O)N[C@@H](C)C(=O)NC,25,CNC(=O)[C@H](C)NC(=O)[C@H](C)NC(=O)[C@H](C)NC(=O)[C@H](C)NC(C)=O,count_adapted_structure,-37.722273310970195,0.6095385269892792,-37.875703011914396,-38.050175815326384,-37.9933853640563,-38.05262750876655,-36.639474854787366,False,-37.973088063765694
alanine,5,CC(=O)N[C@@H](C)C(=O)N[C@@H](C)C(=O)N[C@@H](C)C(=O)N[C@@H](C)C(=O)N[C@@H](C)C(=O)NC,30,CNC(=O)[C@H](C)NC(=O)[C@H](C)NC(=O)[C@H](C)NC(=O)[C@H](C)NC(=O)[C@H](C)NC(C)=O,count_adapted_structure,-45.14353789156572,0.606876604007835,-45.23682049793549,-45.508440358254035,-45.520668644200114,-45.37404566980983,-44.07771428762914,False,-45.42197650012988
alanine,6,CC(=O)N[C@@H](C)C(=O)N[C@@H](C)C(=O)N[C@@H](C)C(=O)N[C@@H](C)C(=O)N[C@@H](C)C(=O)N[C@@H](C)C(=O)NC,35,CNC(=O)[C@H](C)NC(=O)[C@H](C)NC(=O)[C@H](C)NC(=O)[C@H](C)NC(=O)[C@H](C)NC(=O)[C@H](C)NC(C)=O,count_adapted_structure,-52.8569644566051,0.6045728387499092,-52.9194863281493,-53.28515677058308,-53.276688642171315,-52.9866205661115,-51.81686997601032,False,-53.160443913634566
alanine,7,CC(=O)N[C@@H](C)C(=O)N[C@@H](C)C(=O)N[C@@H](C)C(=O)N[C@@H](C)C(=O)N[C@@H](C)C(=O)N[C@@H](C)C(=O)N[C@@H](C)C(=O)NC,40,CNC(=O)[C@H](C)NC(=O)[C@H](C)NC(=O)[C@H](C)NC(=O)[C@H](C)NC(=O)[C@H](C)NC(=O)[C@H](C)NC(=O)[C@H](C)NC(C)=O,count_adapted_structure,-60.245816015865856,0.6038133672635599,-60.277762508169104,-60.715331558756944,-60.70764311275916,-60.29315616752842,-59.23518673211562,False,-60.5669123932284
alanine,8,CC(=O)N[C@@H](C)C(=O)N[C@@H](C)C(=O)N[C@@H](C)C(=O)N[C@@H](C)C(=O)N[C@@H](C)C(=O)N[C@@H](C)C(=O)N[C@@H](C)C(=O)N[C@@H](C)C(=O)NC,45,CNC(=O)[C@H](C)NC(=O)[C@H](C)NC(=O)[C@H](C)NC(=O)[C@H](C)NC(=O)[C@H](C)NC(=O)[C@H](C)NC(=O)[C@H](C)NC(=O)[C@H](C)NC(C)=O,count_adapted_structure,-67.6158563916895,0.6045004783930407,-67.62512953647754,-68.12314813439559,-68.10709506034951,-67.58897818566744,-66.6349310415574,False,-67.95179091040755
alanine,9,CC(=O)N[C@@H](C)C(=O)N[C@@H](C)C(=O)N[C@@H](C)C(=O)N[C@@H](C)C(=O)N[C@@H](C)C(=O)N[C@@H](C)C(=O)N[C@@H](C)C(=O)N[C@@H](C)C(=O)N[C@@H](C)C(=O)NC,50,CNC(=O)[C@H](C)NC(=O)[C@H](C)NC(=O)[C@H](C)NC(=O)[C@H](C)NC(=O)[C@H](C)NC(=O)[C@H](C)NC(=O)[C@H](C)NC(=O)[C@H](C)NC(=O)[C@H](C)NC(C)=O,count_adapted_structure,-74.9692230876058,0.6061742619319842,-74.96132126928288,-75.51059114364371,-75.48188755094641,-74.87430932160514,-74.01800615255085,False,-75.317933321291
alanine,10,CC(=O)N[C@@H](C)C(=O)N[C@@H](C)C(=O)N[C@@H](C)C(=O)N[C@@H](C)C(=O)N[C@@H](C)C(=O)N[C@@H](C)C(=O)N[C@@H](C)C(=O)N[C@@H](C)C(=O)N[C@@H](C)C(=O)N[C@@H](C)C(=O)NC,55,CNC(=O)[C@H](C)NC(=O)[C@H](C)NC(=O)[C@H](C)NC(=O)[C@H](C)NC(=O)[C@H](C)NC(=O)[C@H](C)NC(=O)[C@H](C)NC(=O)[C@H](C)NC(=O)[C@H](C)NC(=O)[C@H](C)NC(C)=O,count_adapted_structure,-82.31677876399938,0.6090220088564032,-82.29554512330726,-82.88894273584062,-82.84588384089133,-82.15926486859505,-81.39425725136269,False,-82.67679056667974
alanine,11,CC(=O)N[C@@H](C)C(=O)N[C@@H](C)C(=O)N[C@@H](C)C(=O)N[C@@H](C)C(=O)N[C@@H](C)C(=O)N[C@@H](C)C(=O)N[C@@H](C)C(=O)N[C@@H](C)C(=O)N[C@@H](C)C(=O)N[C@@H](C)C(=O)N[C@@H](C)C(=O)NC,60,CNC(=O)[C@H](C)NC(=O)[C@H](C)NC(=O)[C@H](C)NC(=O)[C@H](C)NC(=O)[C@H](C)NC(=O)[C@H](C)NC(=O)[C@H](C)NC(=O)[C@H](C)NC(=O)[C@H](C)NC(=O)[C@H](C)NC(=O)[C@H](C)NC(C)=O,count_adapted_structure,-89.65777443797501,0.6129960539619028,-89.62627740247837,-90.25844695234404,-90.19954655699297,-89.44188700827445,-88.76271426978516,False,-90.02809030393847
alanine,12,CC(=O)N[C@@H](C)C(=O)N[C@@H](C)C(=O)N[C@@H](C)C(=O)N[C@@H](C)C(=O)N[C@@H](C)C(=O)N[C@@H](C)C(=O)N[C@@H](C)C(=O)N[C@@H](C)C(=O)N[C@@H](C)C(=O)N[C@@H](C)C(=O)N[C@@H](C)C(=O)N[C@@H](C)C(=O)NC,65,CNC(=O)[C@H](C)NC(=O)[C@H](C)NC(=O)[C@H](C)NC(=O)[C@H](C)NC(=O)[C@H](C)NC(=O)[C@H](C)NC(=O)[C@H](C)NC(=O)[C@H](C)NC(=O)[C@H](C)NC(=O)[C@H](C)NC(=O)[C@H](C)NC(=O)[C@H](C)NC(C)=O,count_adapted_structure,-96.99740043173574,0.6182184476336614,-96.95816053252445,-97.62489828920188,-97.54904121132962,-96.72702638654319,-96.12787573907954,False,-97.37736667768532
alkane,1,C,1,C,count_adapted_structure,1.8736859872291618,0.18077943419254636,1.5987087976686611,2.098878133901537,1.841906471193421,1.9201485541273255,1.908787979254864,False,1.8464978009212063
alkane,2,CC,2,CC,count_adapted_structure,1.7868435485482947,0.0649118061866631,1.7149979343142308,1.83028389435386,1.8290709351629264,1.7169775978843376,1.8428873810261202,False,1.7914509212770058
alkane,3,CCC,3,CCC,count_adapted_structure,1.9847799065064575,0.04608798888657827,1.9388935212443634,2.0426433873627294,1.9630167203140498,1.9541683883568535,2.025177515254291,False,1.9815178763070476
alkane,4,CCCC,4,CCCC,count_adapted_structure,2.122440588503917,0.04649017420422701,2.067610854159261,2.1672865009698663,2.113548605430389,2.0908256336636963,2.1729313482963706,False,2.1161486535198386
alkane,5,CCCCC,5,CCCCC,count_adapted_structure,2.322766042974833,0.04231600047283046,2.293114517014402,2.3427126338065802,2.296207336448968,2.293344707434086,2.3884510201701312,False,2.310678162423317
alkane,6,CCCCCC,6,CCCCCC,count_adapted_structure,2.560566566602083,0.03797084221696505,2.5476326809326792,2.555465426291211,2.5405542644956505,2.5324227599648177,2.6267577013260572,False,2.5478841239065138
alkane,7,CCCCCCC,7,CCCCCCC,count_adapted_structure,2.788468988044249,0.036725416454287785,2.7766284068953153,2.7966835172246087,2.7649601818606593,2.755849120318519,2.8482237139221436,False,2.7794240353268607
alkane,8,CCCCCCCC,8,CCCCCCCC,count_adapted_structure,2.8677693988731274,0.03609535018697914,2.8533373740233916,2.885060749876714,2.8439445588454717,2.833998208690309,2.922506102929752,False,2.8607808942485256
alkane,9,CCCCCCCCC,9,CCCCCCCCC,count_adapted_structure,3.0511200640944915,0.03530181026700508,3.0316235999303096,3.0769074359241593,3.0265790289892056,3.0204269498556986,3.1000633057730855,False,3.045036688281225
alkane,10,CCCCCCCCCC,10,CCCCCCCCCC,count_adapted_structure,3.1203913292408956,0.03478782752618812,3.0937049761569195,3.155131801184928,3.095706068132081,3.0957368352918557,3.1616769654386934,False,3.114847615157976
alkane,11,CCCCCCCCCCC,11,CCCCCCCCCCC,count_adapted_structure,3.189252787037041,0.03531795077657616,3.154719802764176,3.2333077578280767,3.1646818919721014,3.17291200062946,3.2206424819913924,False,3.184236484188118
alkane,12,CCCCCCCCCCCC,12,CCCCCCCCCCCC,count_adapted_structure,3.265420426019216,0.038014208604904266,3.2247428514795793,3.321149061234867,3.2408047944845846,3.256632439780309,3.2837729831167417,False,3.2622322357330105
alkane,13,CCCCCCCCCCCCC,13,CCCCCCCCCCCCC,count_adapted_structure,3.3476804033754717,0.04308992539134022,3.3044258047105908,3.417657224421405,3.322124702685663,3.3454423513956897,3.34875193366401,False,3.3480692439392197
alkane,14,CCCCCCCCCCCCCC,14,CCCCCCCCCCCCCC,count_adapted_structure,3.44649405478284,0.05111486264170474,3.408359697409475,3.5344876230008433,3.4183163437739355,3.4462550112427355,3.425051598487209,False,3.4537212213947512
alkane,15,CCCCCCCCCCCCCCC,15,CCCCCCCCCCCCCCC,count_adapted_structure,3.563964158775131,0.06264117212764991,3.541609313050346,3.6719629715637376,3.530206495853549,3.5608957636019385,3.5151462498060857,False,3.581259593489211
alkane,16,CCCCCCCCCCCCCCCC,16,CCCCCCCCCCCCCCCC,count_adapted_structure,3.7056795068095973,0.07879905290261244,3.71139641950331,3.834300967082501,3.663663240834638,3.692939610488117,3.6260972961394193,False,3.7364535424734826
alkane,17,CCCCCCCCCCCCCCCCC,17,CCCCCCCCCCCCCCCCC,count_adapted_structure,3.868485639502493,0.09897299451122094,3.911916255473632,4.0154705793575465,3.8149173610903206,3.8416473016984947,3.7584766998924737,False,3.9141013986404993
alkane,18,CCCCCCCCCCCCCCCCCC,18,CCCCCCCCCCCCCCCCCC,count_adapted_structure,4.0502640633226985,0.12176901861385309,4.137044979592656,4.212848135147428,3.9834384744193345,4.004930690724941,3.9130580367291374,False,4.111110529719806
alkane,19,CCCCCCCCCCCCCCCCCCC,19,CCCCCCCCCCCCCCCCCCC,count_adapted_structure,4.243963835063407,0.14454694471827528,4.374802767758829,4.418462201083572,4.161707675735907,4.179103548864181,4.085742981874545,False,4.3183242148594365
alkane,20,CCCCCCCCCCCCCCCCCCCC,20,CCCCCCCCCCCCCCCCCCCC,count_adapted_structure,4.44601235920757,0.16654922774712805,4.619413415593789,4.630031501113662,4.347903724476557,4.359813811588,4.272899343265842,False,4.532449547061336
alkane,21,CCCCCCCCCCCCCCCCCCCCC,21,CCCCCCCCCCCCCCCCCCCCC,count_adapted_structure,4.6503572576529475,0.18652805947718615,4.862749858107333,4.841288394671133,4.535349932614712,4.543720314917395,4.468677787954168,False,4.746462728464393
alkane,22,CCCCCCCCCCCCCCCCCCCCCC,22,CCCCCCCCCCCCCCCCCCCCCC,count_adapted_structure,4.855848556000388,0.20489139693464684,5.103655413954809,5.052341945835594,4.724727321871792,4.728161659042496,4.670356439297252,False,4.960241560554064
alkane,23,CCCCCCCCCCCCCCCCCCCCCCC,23,CCCCCCCCCCCCCCCCCCCCCCC,count_adapted_structure,5.058428041582013,0.22098822466205156,5.337324328042041,5.258634937572688,4.911424600465376,4.911379633444434,4.873376708385524,False,5.169127955360035
alkane,24,CCCCCCCCCCCCCCCCCCCCCCCC,24,CCCCCCCCCCCCCCCCCCCCCCCC,count_adapted_structure,5.259067139237713,0.2352440520079355,5.565017125045942,5.462036778509014,5.098126375761056,5.092507860817155,5.077647556055397,False,5.375060093105337
alkane,25,CCCCCCCCCCCCCCCCCCCCCCCCC,25,CCCCCCCCCCCCCCCCCCCCCCCCC,count_adapted_structure,5.454873349156088,0.24725563903332304,5.783676657264697,5.659029294655158,5.281248852404956,5.270518806624463,5.279893134831167,False,5.574651601441604
alkane,26,CCCCCCCCCCCCCCCCCCCCCCCCCC,26,CCCCCCCCCCCCCCCCCCCCCCCCCC,count_adapted_structure,5.64791420923093,0.25740233227271603,5.995576198145204,5.852476504168744,5.4642544147944045,5.4454875429267515,5.4817763861195425,False,5.770769039036118
alkane,27,CCCCCCCCCCCCCCCCCCCCCCCCCCC,27,CCCCCCCCCCCCCCCCCCCCCCCCCCC,count_adapted_structure,5.835826100410889,0.26560596425184585,6.1987187546658555,6.03944861509711,5.643890651655291,5.616608931403266,5.680463549232921,False,5.960686007139419
alkane,28,CCCCCCCCCCCCCCCCCCCCCCCCCCCC,28,CCCCCCCCCCCCCCCCCCCCCCCCCCCC,count_adapted_structure,6.021078870618145,0.2722403759682514,6.395627205347423,6.223228982121994,5.823768795845795,5.784431874570671,5.87833749520484,False,6.147541661105071
alkane,29,CCCCCCCCCCCCCCCCCCCCCCCCCCCCC,29,CCCCCCCCCCCCCCCCCCCCCCCCCCCCC,count_adapted_structure,6.2015394825389105,0.27746872730738886,6.584939735392939,6.401178574621068,6.00073513489201,5.9482533625964615,6.072590605192073,False,6.328951148302006
alkane,30,CCCCCCCCCCCCCCCCCCCCCCCCCCCCCC,30,CCCCCCCCCCCCCCCCCCCCCCCCCCCCCC,count_adapted_structure,6.379718223928099,0.2816014206156871,6.768981673292191,6.576617025753985,6.178303193650675,6.108861995083516,6.2658272318601265,False,6.507967297565617
glycine,0,CC(=O)NC,5,CNC(C)=O,embedding_refined_solvai,-9.936441201042019,0.13219183680771027,-10.010369666250616,-9.988187358604112,-9.70076547740386,-10.000454971639698,-9.982428531311811,True,-9.899774167419528
glycine,1,CC(=O)NCC(=O)NC,9,CNC(=O)CNC(C)=O,embedding_refined_solvai,-13.578890988282577,0.3133376914892888,-13.765950624849673,-13.894723368661936,-13.192078759823854,-13.295440716316481,-13.746261471760949,True,-13.617584251111822
glycine,2,CC(=O)NCC(=O)NCC(=O)NC,13,CNC(=O)CNC(=O)CNC(C)=O,embedding_refined_solvai,-17.432392619465112,0.572470111993226,-17.127883880028808,-18.10386517480198,-17.586046301902776,-16.620651006012498,-17.723516734579484,True,-17.605931785577855
glycine,3,CC(=O)NCC(=O)NCC(=O)NCC(=O)NC,17,CNC(=O)CNC(=O)CNC(=O)CNC(C)=O,embedding_refined_solvai,-21.758618304805953,0.6851367497474696,-21.276973525359317,-22.486623581789143,-21.957605329355264,-20.8370478980129,-22.234841189513144,True,-21.907067478834573
glycine,4,CC(=O)NCC(=O)NCC(=O)NCC(=O)NCC(=O)NC,21,CNC(=O)CNC(=O)CNC(=O)CNC(=O)CNC(C)=O,embedding_refined_solvai,-24.73413638269976,0.8090835571744637,-24.01050744862533,-25.50938294487168,-25.020729529325564,-23.7420820759607,-25.387979914715533,True,-24.846873307607524
glycine,5,CC(=O)NCC(=O)NCC(=O)NCC(=O)NCC(=O)NCC(=O)NC,25,CNC(=O)CNC(=O)CNC(=O)CNC(=O)CNC(=O)CNC(C)=O,embedding_refined_solvai,-27.846922709349666,0.8897146097772262,-26.894269634347207,-28.609857514590185,-28.37183899391783,-26.859252062187178,-28.499395341705938,True,-27.95865538095174
glycine,6,CC(=O)NCC(=O)NCC(=O)NCC(=O)NCC(=O)NCC(=O)NCC(=O)NC,29,CNC(=O)CNC(=O)CNC(=O)CNC(=O)CNC(=O)CNC(=O)CNC(C)=O,embedding_refined_solvai,-31.03931462570988,0.8913066061286746,-30.108325716328192,-31.746478862201418,-31.5407487965943,-30.028466726022582,-31.7725530274029,True,-31.131851125041305
glycine,7,CC(=O)NCC(=O)NCC(=O)NCC(=O)NCC(=O)NCC(=O)NCC(=O)NCC(=O)NC,33,CNC(=O)CNC(=O)CNC(=O)CNC(=O)CNC(=O)CNC(=O)CNC(=O)CNC(C)=O,embedding_refined_solvai,-34.07341823834982,0.9099218580254106,-33.10874729257317,-34.680567528040456,-34.6692730318242,-33.051708989180874,-34.856794350130386,True,-34.15286261747928
glycine,8,CC(=O)NCC(=O)NCC(=O)NCC(=O)NCC(=O)NCC(=O)NCC(=O)NCC(=O)NCC(=O)NC,37,CNC(=O)CNC(=O)CNC(=O)CNC(=O)CNC(=O)CNC(=O)CNC(=O)CNC(=O)CNC(C)=O,embedding_refined_solvai,-36.80366014887717,0.9252611705027929,-35.848793050194054,-37.351048846970684,-37.47919296707322,-35.74206725567373,-37.59719862447418,True,-36.89301162141265
glycine,9,CC(=O)NCC(=O)NCC(=O)NCC(=O)NCC(=O)NCC(=O)NCC(=O)NCC(=O)NCC(=O)NCC(=O)NC,41,CNC(=O)CNC(=O)CNC(=O)CNC(=O)CNC(=O)CNC(=O)CNC(=O)CNC(=O)CNC(=O)CNC(C)=O,embedding_refined_solvai,-40.984269999152396,0.9071827713349835,-40.03943892982145,-41.36287536521256,-41.60681794792536,-39.99000264428838,-41.92221510851422,True,-41.003044080986456
glycine,10,CC(=O)NCC(=O)NCC(=O)NCC(=O)NCC(=O)NCC(=O)NCC(=O)NCC(=O)NCC(=O)NCC(=O)NCC(=O)NC,45,CNC(=O)CNC(=O)CNC(=O)CNC(=O)CNC(=O)CNC(=O)CNC(=O)CNC(=O)CNC(=O)CNC(=O)CNC(C)=O,embedding_refined_solvai,-44.23992523988145,0.9494859247870888,-43.323315533866605,-44.41864753347396,-45.03626209702856,-43.186464579064854,-45.23493645597326,True,-44.25940838812304
glycine,11,CC(=O)NCC(=O)NCC(=O)NCC(=O)NCC(=O)NCC(=O)NCC(=O)NCC(=O)NCC(=O)NCC(=O)NCC(=O)NCC(=O)NC,49,CNC(=O)CNC(=O)CNC(=O)CNC(=O)CNC(=O)CNC(=O)CNC(=O)CNC(=O)CNC(=O)CNC(=O)CNC(=O)CNC(C)=O,embedding_refined_solvai,-46.76222306112103,1.0278332788221005,-45.72905298348751,-46.88472554256076,-47.62074818024611,-45.6917330998552,-47.884855499455576,True,-46.74484223543146
glycine,12,CC(=O)NCC(=O)NCC(=O)NCC(=O)NCC(=O)NCC(=O)NCC(=O)NCC(=O)NCC(=O)NCC(=O)NCC(=O)NCC(=O)NCC(=O)NC,53,CNC(=O)CNC(=O)CNC(=O)CNC(=O)CNC(=O)CNC(=O)CNC(=O)CNC(=O)CNC(=O)CNC(=O)CNC(=O)CNC(=O)CNC(C)=O,embedding_refined_solvai,-48.679386115208224,1.110581127892106,-47.549742357996,-48.67843104616951,-49.61195005928143,-47.60192971062731,-49.954877401966854,True,-48.613374487815655
alanine,0,CC(=O)NC,5,CNC(C)=O,embedding_refined_solvai,-9.936441201042019,0.13219183680771027,-10.010369666250616,-9.988187358604112,-9.70076547740386,-10.000454971639698,-9.982428531311811,True,-9.899774167419528
alanine,1,CC(=O)N[C@@H](C)C(=O)NC,10,CNC(=O)[C@H](C)NC(C)=O,embedding_refined_solvai,-13.429144040624447,0.2957834584501684,-13.324914083440095,-13.952062265156943,-13.248601847857547,-13.261636491569018,-13.358505515098624,True,-13.508526065484864
alanine,2,CC(=O)N[C@@H](C)C(=O)N[C@@H](C)C(=O)NC,15,CNC(=O)[C@H](C)NC(=O)[C@H](C)NC(C)=O,embedding_refined_solvai,-19.7514346282635,0.5107670258751565,-19.633008506352134,-20.444050158583828,-19.678268194007778,-19.04325215550111,-19.958594126872637,True,-19.91844228631458
alanine,3,CC(=O)N[C@@H](C)C(=O)N[C@@H](C)C(=O)N[C@@H](C)C(=O)NC,20,CNC(=O)[C@H](C)NC(=O)[C@H](C)NC(=O)[C@H](C)NC(C)=O,embedding_refined_solvai,-24.073633707417113,0.5533742017337692,-23.70831931233085,-24.667453979461218,-24.134261568039186,-23.340279946261553,-24.517853730992766,True,-24.17001161994375
alanine,4,CC(=O)N[C@@H](C)C(=O)N[C@@H](C)C(=O)N[C@@H](C)C(=O)N[C@@H](C)C(=O)NC,25,CNC(=O)[C@H](C)NC(=O)[C@H](C)NC(=O)[C@H](C)NC(=O)[C@H](C)NC(C)=O,embedding_refined_solvai,-27.834765334109154,0.6378974970676705,-27.40839237055547,-28.486827745289958,-27.97574630400324,-26.968211879280187,-28.334648371416908,True,-27.956988806616224
alanine,5,CC(=O)N[C@@H](C)C(=O)N[C@@H](C)C(=O)N[C@@H](C)C(=O)N[C@@H](C)C(=O)N[C@@H](C)C(=O)NC,30,CNC(=O)[C@H](C)NC(=O)[C@H](C)NC(=O)[C@H](C)NC(=O)[C@H](C)NC(=O)[C@H](C)NC(C)=O,embedding_refined_solvai,-31.277541427526018,0.6298420436462995,-30.855494077984247,-31.99679914035916,-31.37734565429386,-30.44556069145396,-31.712507573538858,True,-31.409879624212422
alanine,6,CC(=O)N[C@@H](C)C(=O)N[C@@H](C)C(=O)N[C@@H](C)C(=O)N[C@@H](C)C(=O)N[C@@H](C)C(=O)N[C@@H](C)C(=O)NC,35,CNC(=O)[C@H](C)NC(=O)[C@H](C)NC(=O)[C@H](C)NC(=O)[C@H](C)NC(=O)[C@H](C)NC(=O)[C@H](C)NC(C)=O,embedding_refined_solvai,-34.69057282738781,0.5822787080576919,-34.29127446141477,-35.40042032985584,-34.789149317296385,-33.93853302830089,-35.03348700007116,True,-34.826948036189
alanine,7,CC(=O)N[C@@H](C)C(=O)N[C@@H](C)C(=O)N[C@@H](C)C(=O)N[C@@H](C)C(=O)N[C@@H](C)C(=O)N[C@@H](C)C(=O)N[C@@H](C)C(=O)NC,40,CNC(=O)[C@H](C)NC(=O)[C@H](C)NC(=O)[C@H](C)NC(=O)[C@H](C)NC(=O)[C@H](C)NC(=O)[C@H](C)NC(=O)[C@H](C)NC(C)=O,embedding_refined_solvai,-38.252834008437716,0.5608528687042296,-37.887397181110025,-38.87404008033351,-38.476279190157214,-37.477488183472445,-38.54896540711538,True,-38.412572150533585
alanine,8,CC(=O)N[C@@H](C)C(=O)N[C@@H](C)C(=O)N[C@@H](C)C(=O)N[C@@H](C)C(=O)N[C@@H](C)C(=O)N[C@@H](C)C(=O)N[C@@H](C)C(=O)N[C@@H](C)C(=O)NC,45,CNC(=O)[C@H](C)NC(=O)[C@H](C)NC(=O)[C@H](C)NC(=O)[C@H](C)NC(=O)[C@H](C)NC(=O)[C@H](C)NC(=O)[C@H](C)NC(=O)[C@H](C)NC(C)=O,embedding_refined_solvai,-41.984142897118,0.512042655460532,-41.698190934481666,-42.43726462264565,-42.32989008357911,-41.222422170956825,-42.232946673926726,True,-42.15511521356881
alanine,9,CC(=O)N[C@@H](C)C(=O)N[C@@H](C)C(=O)N[C@@H](C)C(=O)N[C@@H](C)C(=O)N[C@@H](C)C(=O)N[C@@H](C)C(=O)N[C@@H](C)C(=O)N[C@@H](C)C(=O)N[C@@H](C)C(=O)NC,50,CNC(=O)[C@H](C)NC(=O)[C@H](C)NC(=O)[C@H](C)NC(=O)[C@H](C)NC(=O)[C@H](C)NC(=O)[C@H](C)NC(=O)[C@H](C)NC(=O)[C@H](C)NC(=O)[C@H](C)NC(C)=O,embedding_refined_solvai,-45.85884579273757,0.48866073003506594,-45.62130285547316,-46.22137204960867,-46.39094314287671,-45.16404038374037,-45.89657053198895,True,-46.077872682652846
alanine,10,CC(=O)N[C@@H](C)C(=O)N[C@@H](C)C(=O)N[C@@H](C)C(=O)N[C@@H](C)C(=O)N[C@@H](C)C(=O)N[C@@H](C)C(=O)N[C@@H](C)C(=O)N[C@@H](C)C(=O)N[C@@H](C)C(=O)N[C@@H](C)C(=O)NC,55,CNC(=O)[C@H](C)NC(=O)[C@H](C)NC(=O)[C@H](C)NC(=O)[C@H](C)NC(=O)[C@H](C)NC(=O)[C@H](C)NC(=O)[C@H](C)NC(=O)[C@H](C)NC(=O)[C@H](C)NC(=O)[C@H](C)NC(C)=O,embedding_refined_solvai,-49.27917630041107,0.4856182238554155,-49.06953132974536,-49.51739432222583,-49.93543945447309,-48.63891616219286,-49.23460023341823,True,-49.50745503548143
alanine,11,CC(=O)N[C@@H](C)C(=O)N[C@@H](C)C(=O)N[C@@H](C)C(=O)N[C@@H](C)C(=O)N[C@@H](C)C(=O)N[C@@H](C)C(=O)N[C@@H](C)C(=O)N[C@@H](C)C(=O)N[C@@H](C)C(=O)N[C@@H](C)C(=O)N[C@@H](C)C(=O)NC,60,CNC(=O)[C@H](C)NC(=O)[C@H](C)NC(=O)[C@H](C)NC(=O)[C@H](C)NC(=O)[C@H](C)NC(=O)[C@H](C)NC(=O)[C@H](C)NC(=O)[C@H](C)NC(=O)[C@H](C)NC(=O)[C@H](C)NC(=O)[C@H](C)NC(C)=O,embedding_refined_solvai,-52.183052493732774,0.48292905916725615,-52.040810618085324,-52.41997497756651,-52.82835235274159,-51.52468799267444,-52.10143652759598,True,-52.42971264946448
alanine,12,CC(=O)N[C@@H](C)C(=O)N[C@@H](C)C(=O)N[C@@H](C)C(=O)N[C@@H](C)C(=O)N[C@@H](C)C(=O)N[C@@H](C)C(=O)N[C@@H](C)C(=O)N[C@@H](C)C(=O)N[C@@H](C)C(=O)N[C@@H](C)C(=O)N[C@@H](C)C(=O)N[C@@H](C)C(=O)NC,65,CNC(=O)[C@H](C)NC(=O)[C@H](C)NC(=O)[C@H](C)NC(=O)[C@H](C)NC(=O)[C@H](C)NC(=O)[C@H](C)NC(=O)[C@H](C)NC(=O)[C@H](C)NC(=O)[C@H](C)NC(=O)[C@H](C)NC(=O)[C@H](C)NC(=O)[C@H](C)NC(C)=O,embedding_refined_solvai,-55.02219373689921,0.4984392004744954,-54.89806695520466,-55.3006397739136,-55.7078952600238,-54.40492354450974,-54.79944315084422,True,-55.30220066304736
alkane,1,C,1,C,embedding_refined_solvai,1.965668547483526,0.05559415117463553,1.9562576054516345,1.9408328502541066,2.060921319092917,1.9541851592931874,1.9161458033257848,True,1.986003924932886
alkane,2,CC,2,CC,embedding_refined_solvai,1.8034435106456772,0.054397502791792895,1.7901661974516951,1.7852384216786534,1.8969700364287085,1.7905417863995048,1.7543011112698244,True,1.8241248851863523
alkane,3,CCC,3,CCC,embedding_refined_solvai,1.9833103749732999,0.09262432924124123,1.9614231729286464,1.9652083290779965,2.141370520602228,1.9521761242557982,1.89637372800183,True,2.022667340869624
alkane,4,CCCC,4,CCCC,embedding_refined_solvai,2.1127650322258695,0.044768464626846374,2.1040055175183925,2.139664517556822,2.170879251620282,2.0962242412977092,2.0530516331361417,True,2.1381830955651657
alkane,5,CCCCC,5,CCCCC,embedding_refined_solvai,2.3324861519722724,0.021830383558629637,2.342858138321594,2.3581633879448187,2.3011836178950382,2.3387223918394673,2.321503223860443,True,2.33406838138715
alkane,6,CCCCCC,6,CCCCCC,embedding_refined_solvai,2.4927404443342946,0.0200137115274462,2.511429286988318,2.5070764793610296,2.464387990719853,2.5011890006596573,2.4796194639426155,True,2.494297919023067
alkane,7,CCCCCCC,7,CCCCCCC,embedding_refined_solvai,2.7115840517208163,0.03861109796957622,2.700905984767923,2.6982628385199474,2.7788992247808455,2.6999840846233,2.6798681259120647,True,2.7260226826895724
alkane,8,CCCCCCCC,8,CCCCCCCC,embedding_refined_solvai,2.8907127862104227,0.03620676000680348,2.894680005443889,2.8882523127688815,2.9427706338214126,2.887139569538765,2.8407214094791655,True,2.908567650678061
alkane,9,CCCCCCCCC,9,CCCCCCCCC,embedding_refined_solvai,3.069828838475818,0.017622078412214796,3.0678563867775015,3.0659949045410384,3.0991339222397025,3.0647382668439036,3.0514207119769425,True,3.0776617378527473
alkane,10,CCCCCCCCCC,10,CCCCCCCCCC,embedding_refined_solvai,3.1868329659974397,0.042747176922141666,3.1855169413465445,3.1844541953464933,3.255934991282225,3.168053274718053,3.140205427293882,True,3.2086353759917543
alkane,11,CCCCCCCCCCC,11,CCCCCCCCCCC,embedding_refined_solvai,3.517315998119554,0.04317919463899662,3.513309756657744,3.5017847854053263,3.590750588250674,3.5036980940388087,3.4770367662452175,True,3.5352817101045813
alkane,12,CCCCCCCCCCCC,12,CCCCCCCCCCCC,embedding_refined_solvai,3.4941280144819524,0.07939033508992112,3.4762441272319835,3.494412023137617,3.624342629631518,3.466056277022659,3.409585015385985,True,3.5316662600003728
alkane,13,CCCCCCCCCCCCC,13,CCCCCCCCCCCCC,embedding_refined_solvai,4.115368108883081,0.05294781971283975,4.1279263155753645,4.1342741346267315,4.17829730542173,4.1019619003911005,4.03438088840048,True,4.146832585207942
alkane,14,CCCCCCCCCCCCCC,14,CCCCCCCCCCCCCC,embedding_refined_solvai,2.1632055304164717,0.017954437554215302,2.165228954900562,2.1607633486444664,2.164408878383024,2.1375384158344017,2.188088054319903,True,2.163467060642684
alkane,15,CCCCCCCCCCCCCCC,15,CCCCCCCCCCCCCCC,embedding_refined_solvai,4.309349557091588,0.03651967976617721,4.297246203248437,4.315795785325059,4.369692189613359,4.279746563003191,4.284267044267893,True,4.327578059395619
alkane,16,CCCCCCCCCCCCCCCC,16,CCCCCCCCCCCCCCCC,embedding_refined_solvai,1.2444738687909678,0.04797879642602006,1.216048614331772,1.2800121438104588,1.3103885096868453,1.2000342576528622,1.2158858184729002,True,1.268816422609692
alkane,17,CCCCCCCCCCCCCCCCC,17,CCCCCCCCCCCCCCCCC,embedding_refined_solvai,4.257802047060657,0.1179347470733627,4.22281861935043,4.385653500450615,4.3733864971373455,4.192167268708682,4.114984349656212,True,4.327286205646129
alkane,18,CCCCCCCCCCCCCCCCCC,18,CCCCCCCCCCCCCCCCCC,embedding_refined_solvai,4.131887437585653,0.027238170489785052,4.153198695928844,4.140513423105516,4.148341038222358,4.132062062057492,4.085321968614054,True,4.147351052418906
alkane,19,CCCCCCCCCCCCCCCCCCC,19,CCCCCCCCCCCCCCCCCCC,embedding_refined_solvai,4.3602207631275345,0.025623947574121304,4.385656549062204,4.381254353927168,4.3366982858263485,4.367725835138221,4.329768791683732,True,4.36786972960524
alkane,20,CCCCCCCCCCCCCCCCCCCC,20,CCCCCCCCCCCCCCCCCCCC,embedding_refined_solvai,4.526261076397236,0.06777598006665861,4.520966125844372,4.512089178618472,4.6378742830731605,4.50704372643808,4.453332068012094,True,4.556976529178669
alkane,21,CCCCCCCCCCCCCCCCCCCCC,21,CCCCCCCCCCCCCCCCCCCCC,embedding_refined_solvai,4.714250539499086,0.04878368400887938,4.7108793848035715,4.7042486545967135,4.7938388130955625,4.702136576487605,4.66014926851198,True,4.736322284165283
alkane,22,CCCCCCCCCCCCCCCCCCCCCC,22,CCCCCCCCCCCCCCCCCCCCCC,embedding_refined_solvai,4.8892979147373214,0.07652220856344387,4.873327701954225,4.872937479670788,5.020170786101262,4.86143811675572,4.818615489204611,True,4.922145322575425
alkane,23,CCCCCCCCCCCCCCCCCCCCCCC,23,CCCCCCCCCCCCCCCCCCCCCCC,embedding_refined_solvai,5.080464153059749,0.06916365559768041,5.073958050094663,5.054406694249777,5.197721315343288,5.061327042557626,5.01490766305339,True,5.108695353229243
alkane,24,CCCCCCCCCCCCCCCCCCCCCCCC,24,CCCCCCCCCCCCCCCCCCCCCCCC,embedding_refined_solvai,5.231336770061137,0.010038717961921096,5.236266131112205,5.223128444329016,5.246544220224576,5.227495885291934,5.223249169347956,True,5.2353129318886
alkane,25,CCCCCCCCCCCCCCCCCCCCCCCCC,25,CCCCCCCCCCCCCCCCCCCCCCCCC,embedding_refined_solvai,5.383040438581785,0.09869777835969643,5.385951740705161,5.390297841386954,5.5251489069860815,5.366546108494247,5.247257595336486,True,5.4337994963593985
alkane,26,CCCCCCCCCCCCCCCCCCCCCCCCCC,26,CCCCCCCCCCCCCCCCCCCCCCCCCC,embedding_refined_solvai,5.6055638421011285,0.07732186064455344,5.593682914959538,5.587022308359102,5.734348902304212,5.588057007132531,5.524708077750261,True,5.638351375207617
alkane,27,CCCCCCCCCCCCCCCCCCCCCCCCCCC,27,CCCCCCCCCCCCCCCCCCCCCCCCCCC,embedding_refined_solvai,5.752549235437156,0.050571372928467605,5.742178346588006,5.723152571381127,5.841756976098236,5.734072088371897,5.721586194746513,True,5.769029298022456
alkane,28,CCCCCCCCCCCCCCCCCCCCCCCCCCCC,28,CCCCCCCCCCCCCCCCCCCCCCCCCCCC,embedding_refined_solvai,5.916040909418152,0.033731742194142246,5.9289265369951325,5.919297802151298,5.955834802327463,5.912838403915761,5.863307001701107,True,5.934686380491297
alkane,29,CCCCCCCCCCCCCCCCCCCCCCCCCCCCC,29,CCCCCCCCCCCCCCCCCCCCCCCCCCCCC,embedding_refined_solvai,5.568446752111739,0.08541065564861268,5.4672978437440625,5.63375630457936,5.486127288364588,5.649046311144638,5.606006012726049,True,5.529060478896003
alkane,30,CCCCCCCCCCCCCCCCCCCCCCCCCCCCCC,30,CCCCCCCCCCCCCCCCCCCCCCCCCCCCCC,embedding_refined_solvai,5.834734438329912,0.06568672484265096,5.73522019549645,5.900876871483747,5.80505657034088,5.858753595431238,5.873764958897248,True,5.813717879107025
glycine,0,CC(=O)NC,5,CNC(C)=O,embedding_refined_structure,-9.972990517609006,0.06556246969132319,-9.859720695395422,-9.995028443010636,-10.009775796713008,-10.023046402961494,-9.977381249964466,True,-9.954841645039687
glycine,1,CC(=O)NCC(=O)NC,9,CNC(=O)CNC(C)=O,embedding_refined_structure,-14.163764438923156,0.18608857420931327,-14.093528817904982,-14.303576327244954,-13.94936119528877,-14.405852978011769,-14.066502876165302,True,-14.115488780146237
glycine,2,CC(=O)NCC(=O)NCC(=O)NC,13,CNC(=O)CNC(=O)CNC(C)=O,embedding_refined_structure,-17.064105706134757,0.23056370305623847,-17.046364006129313,-17.18848174231284,-16.963919793195924,-17.36649261190486,-16.755270377130834,True,-17.066255180546026
glycine,3,CC(=O)NCC(=O)NCC(=O)NCC(=O)NC,17,CNC(=O)CNC(=O)CNC(=O)CNC(C)=O,embedding_refined_structure,-21.83718639102017,0.32930890615595954,-21.774633758985036,-22.160605058422952,-21.87971818102565,-22.057932697871838,-21.313042258795356,True,-21.938318999477882
glycine,4,CC(=O)NCC(=O)NCC(=O)NCC(=O)NCC(=O)NC,21,CNC(=O)CNC(=O)CNC(=O)CNC(=O)CNC(C)=O,embedding_refined_structure,-25.207007989659,0.3607862929147091,-25.227613189558095,-25.58106921722853,-25.344538419011787,-25.272413146586064,-24.609405975910526,True,-25.384406941932806
glycine,5,CC(=O)NCC(=O)NCC(=O)NCC(=O)NCC(=O)NCC(=O)NC,25,CNC(=O)CNC(=O)CNC(=O)CNC(=O)CNC(=O)CNC(C)=O,embedding_refined_structure,-28.637137954425338,0.4531010314928421,-28.796464249419564,-29.030124474963767,-28.838718006048097,-28.658040211037704,-27.862342830657578,True,-28.888435576810476
glycine,6,CC(=O)NCC(=O)NCC(=O)NCC(=O)NCC(=O)NCC(=O)NCC(=O)NC,29,CNC(=O)CNC(=O)CNC(=O)CNC(=O)CNC(=O)CNC(=O)CNC(C)=O,embedding_refined_structure,-32.02643066945203,0.492711022968009,-32.27671777871568,-32.42766551350663,-32.26918892753459,-31.95917439556791,-31.199406731935348,True,-32.3245240732523
glycine,7,CC(=O)NCC(=O)NCC(=O)NCC(=O)NCC(=O)NCC(=O)NCC(=O)NCC(=O)NC,33,CNC(=O)CNC(=O)CNC(=O)CNC(=O)CNC(=O)CNC(=O)CNC(=O)CNC(C)=O,embedding_refined_structure,-35.63453906658309,0.5486037162438927,-35.99909204043879,-36.105295912655016,-35.86120211880739,-35.445666603620495,-34.76143865739373,True,-35.988530023967066
glycine,8,CC(=O)NCC(=O)NCC(=O)NCC(=O)NCC(=O)NCC(=O)NCC(=O)NCC(=O)NCC(=O)NC,37,CNC(=O)CNC(=O)CNC(=O)CNC(=O)CNC(=O)CNC(=O)CNC(=O)CNC(=O)CNC(C)=O,embedding_refined_structure,-38.67486135908746,0.5864706326889639,-39.16870180433617,-39.14971992913618,-38.85463627728954,-38.428196488169824,-37.77305229650557,True,-39.0576860035873
glycine,9,CC(=O)NCC(=O)NCC(=O)NCC(=O)NCC(=O)NCC(=O)NCC(=O)NCC(=O)NCC(=O)NCC(=O)NC,41,CNC(=O)CNC(=O)CNC(=O)CNC(=O)CNC(=O)CNC(=O)CNC(=O)CNC(=O)CNC(=O)CNC(C)=O,embedding_refined_structure,-43.281647598441076,0.5731233121582844,-43.917753332674245,-43.66689893776605,-43.389626494269095,-42.9530653146727,-42.480893912823305,True,-43.658092921569796
glycine,10,CC(=O)NCC(=O)NCC(=O)NCC(=O)NCC(=O)NCC(=O)NCC(=O)NCC(=O)NCC(=O)NCC(=O)NCC(=O)NC,45,CNC(=O)CNC(=O)CNC(=O)CNC(=O)CNC(=O)CNC(=O)CNC(=O)CNC(=O)CNC(=O)CNC(=O)CNC(C)=O,embedding_refined_structure,-46.44140473745951,0.62420151507277,-47.21740467252739,-46.80815905277166,-46.524696708303665,-46.00627664919904,-45.65048660449579,True,-46.8500868112009
glycine,11,CC(=O)NCC(=O)NCC(=O)NCC(=O)NCC(=O)NCC(=O)NCC(=O)NCC(=O)NCC(=O)NCC(=O)NCC(=O)NCC(=O)NC,49,CNC(=O)CNC(=O)CNC(=O)CNC(=O)CNC(=O)CNC(=O)CNC(=O)CNC(=O)CNC(=O)CNC(=O)CNC(=O)CNC(C)=O,embedding_refined_structure,-49.655485208333204,0.7080420638534762,-50.6237086402227,-50.02406869059897,-49.674556346880536,-49.05634181656515,-48.89875054739867,True,-50.10744455923407
glycine,12,CC(=O)NCC(=O)NCC(=O)NCC(=O)NCC(=O)NCC(=O)NCC(=O)NCC(=O)NCC(=O)NCC(=O)NCC(=O)NCC(=O)NCC(=O)NC,53,CNC(=O)CNC(=O)CNC(=O)CNC(=O)CNC(=O)CNC(=O)CNC(=O)CNC(=O)CNC(=O)CNC(=O)CNC(=O)CNC(=O)CNC(C)=O,embedding_refined_structure,-52.58207526521812,0.7731777464327311,-53.680617330884616,-52.9467555490938,-52.568517967535776,-51.872746758387066,-51.84173872018937,True,-53.0652969491714
alanine,0,CC(=O)NC,5,CNC(C)=O,embedding_refined_structure,-9.972990517609006,0.06556246969132319,-9.859720695395422,-9.995028443010636,-10.009775796713008,-10.023046402961494,-9.977381249964466,True,-9.954841645039687
alanine,1,CC(=O)N[C@@H](C)C(=O)NC,10,CNC(=O)[C@H](C)NC(C)=O,embedding_refined_structure,-14.055115702156723,0.14478101672877494,-14.203625157398506,-13.846154108264884,-13.970583190284625,-14.142940104823015,-14.112275950012595,True,-14.006787485316005
alanine,2,CC(=O)N[C@@H](C)C(=O)N[C@@H](C)C(=O)NC,15,CNC(=O)[C@H](C)NC(=O)[C@H](C)NC(C)=O,embedding_refined_structure,-20.369253814627974,0.19965916039652287,-20.617229588529028,-20.26930862006024,-20.532056258500845,-20.294957199083846,-20.132717406965902,True,-20.472864822363373
alanine,3,CC(=O)N[C@@H](C)C(=O)N[C@@H](C)C(=O)N[C@@H](C)C(=O)NC,20,CNC(=O)[C@H](C)NC(=O)[C@H](C)NC(=O)[C@H](C)NC(C)=O,embedding_refined_structure,-24.782221767465348,0.27499129405066913,-25.087008784167526,-24.763620602880636,-25.033565403561404,-24.541715823625005,-24.485198223092173,True,-24.961398263536523
alanine,4,CC(=O)N[C@@H](C)C(=O)N[C@@H](C)C(=O)N[C@@H](C)C(=O)N[C@@H](C)C(=O)NC,25,CNC(=O)[C@H](C)NC(=O)[C@H](C)NC(=O)[C@H](C)NC(=O)[C@H](C)NC(C)=O,embedding_refined_structure,-28.306586999237016,0.37087774129216444,-28.79110113191156,-28.21661100845542,-28.587507533306265,-27.95634737873782,-27.98136794377402,True,-28.531739891224415
alanine,5,CC(=O)N[C@@H](C)C(=O)N[C@@H](C)C(=O)N[C@@H](C)C(=O)N[C@@H](C)C(=O)N[C@@H](C)C(=O)NC,30,CNC(=O)[C@H](C)NC(=O)[C@H](C)NC(=O)[C@H](C)NC(=O)[C@H](C)NC(=O)[C@H](C)NC(C)=O,embedding_refined_structure,-32.18593841780806,0.4215964178316534,-32.73845561226165,-31.95054072754684,-32.53934469213735,-31.833522820300836,-31.86782823679359,True,-32.40944701064861
alanine,6,CC(=O)N[C@@H](C)C(=O)N[C@@H](C)C(=O)N[C@@H](C)C(=O)N[C@@H](C)C(=O)N[C@@H](C)C(=O)N[C@@H](C)C(=O)NC,35,CNC(=O)[C@H](C)NC(=O)[C@H](C)NC(=O)[C@H](C)NC(=O)[C@H](C)NC(=O)[C@H](C)NC(=O)[C@H](C)NC(C)=O,embedding_refined_structure,-36.00396835564821,0.4910307150213376,-36.63565433474358,-35.70437666087215,-36.43139735825644,-35.576620324163784,-35.671793100205065,True,-36.25714278462406
alanine,7,CC(=O)N[C@@H](C)C(=O)N[C@@H](C)C(=O)N[C@@H](C)C(=O)N[C@@H](C)C(=O)N[C@@H](C)C(=O)N[C@@H](C)C(=O)N[C@@H](C)C(=O)NC,40,CNC(=O)[C@H](C)NC(=O)[C@H](C)NC(=O)[C@H](C)NC(=O)[C@H](C)NC(=O)[C@H](C)NC(=O)[C@H](C)NC(=O)[C@H](C)NC(C)=O,embedding_refined_structure,-39.70736561994987,0.6007630473760124,-40.54783759290953,-39.366817657637704,-40.1325703555425,-39.16552880939397,-39.324073684265606,True,-40.01574186869658
alanine,8,CC(=O)N[C@@H](C)C(=O)N[C@@H](C)C(=O)N[C@@H](C)C(=O)N[C@@H](C)C(=O)N[C@@H](C)C(=O)N[C@@H](C)C(=O)N[C@@H](C)C(=O)N[C@@H](C)C(=O)NC,45,CNC(=O)[C@H](C)NC(=O)[C@H](C)NC(=O)[C@H](C)NC(=O)[C@H](C)NC(=O)[C@H](C)NC(=O)[C@H](C)NC(=O)[C@H](C)NC(=O)[C@H](C)NC(C)=O,embedding_refined_structure,-43.369282743299905,0.7069164829556667,-44.42764215710721,-42.98688295331116,-43.74207769955968,-42.69717217452961,-42.99263873199187,True,-43.71886760332601
alanine,9,CC(=O)N[C@@H](C)C(=O)N[C@@H](C)C(=O)N[C@@H](C)C(=O)N[C@@H](C)C(=O)N[C@@H](C)C(=O)N[C@@H](C)C(=O)N[C@@H](C)C(=O)N[C@@H](C)C(=O)N[C@@H](C)C(=O)NC,50,CNC(=O)[C@H](C)NC(=O)[C@H](C)NC(=O)[C@H](C)NC(=O)[C@H](C)NC(=O)[C@H](C)NC(=O)[C@H](C)NC(=O)[C@H](C)NC(=O)[C@H](C)NC(=O)[C@H](C)NC(C)=O,embedding_refined_structure,-46.7532420952677,0.769561008402809,-47.9518908099717,-46.33175617803623,-47.054701491447865,-46.01157391669671,-46.416288080186014,True,-47.112782826485265
alanine,10,CC(=O)N[C@@H](C)C(=O)N[C@@H](C)C(=O)N[C@@H](C)C(=O)N[C@@H](C)C(=O)N[C@@H](C)C(=O)N[C@@H](C)C(=O)N[C@@H](C)C(=O)N[C@@H](C)C(=O)N[C@@H](C)C(=O)N[C@@H](C)C(=O)NC,55,CNC(=O)[C@H](C)NC(=O)[C@H](C)NC(=O)[C@H](C)NC(=O)[C@H](C)NC(=O)[C@H](C)NC(=O)[C@H](C)NC(=O)[C@H](C)NC(=O)[C@H](C)NC(=O)[C@H](C)NC(=O)[C@H](C)NC(C)=O,embedding_refined_structure,-50.359412063205774,0.8755102599232828,-51.76471371921723,-49.92216214127911,-50.596656480423356,-49.51452618844257,-49.99900178666662,True,-50.76117744697323
alanine,11,CC(=O)N[C@@H](C)C(=O)N[C@@H](C)C(=O)N[C@@H](C)C(=O)N[C@@H](C)C(=O)N[C@@H](C)C(=O)N[C@@H](C)C(=O)N[C@@H](C)C(=O)N[C@@H](C)C(=O)N[C@@H](C)C(=O)N[C@@H](C)C(=O)N[C@@H](C)C(=O)NC,60,CNC(=O)[C@H](C)NC(=O)[C@H](C)NC(=O)[C@H](C)NC(=O)[C@H](C)NC(=O)[C@H](C)NC(=O)[C@H](C)NC(=O)[C@H](C)NC(=O)[C@H](C)NC(=O)[C@H](C)NC(=O)[C@H](C)NC(=O)[C@H](C)NC(C)=O,embedding_refined_structure,-54.13727105585524,0.9659183242770264,-55.719338528485615,-53.768534411343225,-54.25743903248431,-53.162675294077204,-53.77836801288586,True,-54.581770657437715
alanine,12,CC(=O)N[C@@H](C)C(=O)N[C@@H](C)C(=O)N[C@@H](C)C(=O)N[C@@H](C)C(=O)N[C@@H](C)C(=O)N[C@@H](C)C(=O)N[C@@H](C)C(=O)N[C@@H](C)C(=O)N[C@@H](C)C(=O)N[C@@H](C)C(=O)N[C@@H](C)C(=O)N[C@@H](C)C(=O)NC,65,CNC(=O)[C@H](C)NC(=O)[C@H](C)NC(=O)[C@H](C)NC(=O)[C@H](C)NC(=O)[C@H](C)NC(=O)[C@H](C)NC(=O)[C@H](C)NC(=O)[C@H](C)NC(=O)[C@H](C)NC(=O)[C@H](C)NC(=O)[C@H](C)NC(=O)[C@H](C)NC(C)=O,embedding_refined_structure,-57.64773413100157,1.0635264558092423,-59.39139362675938,-57.3401901938669,-57.71570597499795,-56.53955650160129,-57.25182435778234,True,-58.14909659854141
alkane,1,C,1,C,embedding_refined_structure,1.9490370298744661,0.06217845046621024,2.0298352364385277,1.9379598386922936,1.9339271352818876,1.981288535767236,1.8621744031923857,True,1.9672407368042364
alkane,2,CC,2,CC,embedding_refined_structure,1.801061081660824,0.014157517366976378,1.8131508996685186,1.7776059177035304,1.804765998353142,1.8104754381376953,1.799307154441233,True,1.7985076052417304
alkane,3,CCC,3,CCC,embedding_refined_structure,1.9673867449752893,0.01974203343241755,1.9891765133935468,1.9370068427094598,1.9619463146773803,1.970325728491896,1.978478325604164,True,1.962709890260129
alkane,4,CCCC,4,CCCC,embedding_refined_structure,2.0969384700208638,0.009847217693249869,2.098253397171587,2.089141097130989,2.089540465249195,2.113213543962896,2.0945438465896533,True,2.092311653183924
alkane,5,CCCCC,5,CCCCC,embedding_refined_structure,2.331003917017525,0.02528943278448346,2.288175801965556,2.3300484821454193,2.3527289329256247,2.3400589031602435,2.3440074648907823,True,2.3236510723455335
alkane,6,CCCCCC,6,CCCCCC,embedding_refined_structure,2.487247455972586,0.023643999301988326,2.4487010549256407,2.495606383117221,2.481806537896822,2.5079044822687004,2.5022188216545436,True,2.475371325313228
alkane,7,CCCCCCC,7,CCCCCCC,embedding_refined_structure,2.647605766962037,0.020488955968479022,2.6241657241182272,2.659060132370045,2.6471278666092886,2.6752927696387534,2.6323823420738712,True,2.6434512410325204
alkane,8,CCCCCCCC,8,CCCCCCCC,embedding_refined_structure,2.8689071650119002,0.02178970901387633,2.833005373546494,2.877606561098836,2.874492099499145,2.8913283618625467,2.868103429052481,True,2.861701344714825
alkane,9,CCCCCCCCC,9,CCCCCCCCC,embedding_refined_structure,3.0339839950749004,0.02090561992604871,3.000679010961311,3.0551125806116577,3.0380379168219678,3.0465045209279396,3.0295859460516255,True,3.031276502798312
alkane,10,CCCCCCCCCC,10,CCCCCCCCCC,embedding_refined_structure,3.13313277035103,0.026703632925077717,3.1147104982943796,3.1636138865216266,3.1130691258146683,3.1611067083505366,3.1131636327739383,True,3.1304645035435583
alkane,11,CCCCCCCCCCC,11,CCCCCCCCCCC,embedding_refined_structure,3.469688758703614,0.02767896320200357,3.4506796898882435,3.500051954577934,3.472926628100441,3.4912396379177286,3.4335458830337204,True,3.4745527575222064
alkane,12,CCCCCCCCCCCC,12,CCCCCCCCCCCC,embedding_refined_structure,3.444388209179049,0.03313273219439084,3.4770050606846876,3.4597273593631472,3.4214197255758814,3.465452042205648,3.398336858065881,True,3.4527173818745722
alkane,13,CCCCCCCCCCCCC,13,CCCCCCCCCCCCC,embedding_refined_structure,4.099796776440337,0.019489456633263118,4.096481716198068,4.12312292315517,4.097087170459713,4.111236386568254,4.071055685820483,True,4.105563936604317
alkane,14,CCCCCCCCCCCCCC,14,CCCCCCCCCCCCCC,embedding_refined_structure,2.112179698800712,0.04257547396939575,2.0730291848812197,2.149497509377145,2.156100802079699,2.118617512866196,2.0636534847993016,True,2.126209165446021
alkane,15,CCCCCCCCCCCCCCC,15,CCCCCCCCCCCCCCC,embedding_refined_structure,4.242250225732085,0.04870571053123241,4.215755596020199,4.296159678077989,4.25905319725693,4.268208177859779,4.172074479445528,True,4.256989490451706
alkane,16,CCCCCCCCCCCCCCCC,16,CCCCCCCCCCCCCCCC,embedding_refined_structure,1.1896180054632635,0.029014328499135884,1.1790494446386601,1.2142176182112028,1.1655928730832237,1.1628082712575019,1.2264218201257293,True,1.1862866453110288
alkane,17,CCCCCCCCCCCCCCCCC,17,CCCCCCCCCCCCCCCCC,embedding_refined_structure,4.287330289192883,0.10779973764507424,4.257545963687151,4.3993807887151855,4.307800496570802,4.3528900716997585,4.1190341252915195,True,4.321575749657712
alkane,18,CCCCCCCCCCCCCCCCCC,18,CCCCCCCCCCCCCCCCCC,embedding_refined_structure,4.094846075108142,0.05733369846529718,4.1072786790029445,4.1465295532159585,4.117694565359154,4.106224469115344,3.996503108847313,True,4.123834265859352
alkane,19,CCCCCCCCCCCCCCCCCCC,19,CCCCCCCCCCCCCCCCCCC,embedding_refined_structure,4.333671868129359,0.044788353162376615,4.320720512486511,4.374211451433427,4.348131189008767,4.363243156657226,4.262053031060861,True,4.347687717642902
alkane,20,CCCCCCCCCCCCCCCCCCCC,20,CCCCCCCCCCCCCCCCCCCC,embedding_refined_structure,4.477281350935792,0.03344780487550661,4.459277470333665,4.516855377977278,4.474658325524307,4.5024372743265575,4.433178306517152,True,4.483597057945083
alkane,21,CCCCCCCCCCCCCCCCCCCCC,21,CCCCCCCCCCCCCCCCCCCCC,embedding_refined_structure,4.659056036396036,0.04815511114058444,4.642007590666016,4.708780720585456,4.659616980928479,4.6970258840192,4.58784900578103,True,4.670135097393317
alkane,22,CCCCCCCCCCCCCCCCCCCCCC,22,CCCCCCCCCCCCCCCCCCCCCC,embedding_refined_structure,4.836495596176209,0.031944230333693965,4.8290252783376415,4.876352534373189,4.83248972054779,4.8540745003227785,4.79053594729965,True,4.84595584441954
alkane,23,CCCCCCCCCCCCCCCCCCCCCCC,23,CCCCCCCCCCCCCCCCCCCCCCC,embedding_refined_structure,5.037308129345228,0.03251274656174954,5.033073729792069,5.066034708573915,5.051626970202599,5.052737884265762,4.983067353891793,True,5.0502451361895275
alkane,24,CCCCCCCCCCCCCCCCCCCCCCCC,24,CCCCCCCCCCCCCCCCCCCCCCCC,embedding_refined_structure,5.219773996025012,0.011134462589120899,5.208635954555516,5.235836276878106,5.211068746603826,5.225596600271763,5.217732401815849,True,5.218513659345816
alkane,25,CCCCCCCCCCCCCCCCCCCCCCCCC,25,CCCCCCCCCCCCCCCCCCCCCCCCC,embedding_refined_structure,5.350290545666388,0.044005695150352964,5.3376922192455885,5.396963935488249,5.358503261399197,5.3763022753025185,5.281991036896385,True,5.364386472044345
alkane,26,CCCCCCCCCCCCCCCCCCCCCCCCCC,26,CCCCCCCCCCCCCCCCCCCCCCCCCC,embedding_refined_structure,5.55747748177983,0.02431284412304064,5.525548884826606,5.5906964950466,5.553817440650108,5.569276340297436,5.548048248078403,True,5.556687606841105
alkane,27,CCCCCCCCCCCCCCCCCCCCCCCCCCC,27,CCCCCCCCCCCCCCCCCCCCCCCCCCC,embedding_refined_structure,5.70944113589682,0.017396689004533908,5.693410316715327,5.737727983389859,5.701173301266475,5.713657365724905,5.701236712387533,True,5.710770533790554
alkane,28,CCCCCCCCCCCCCCCCCCCCCCCCCCCC,28,CCCCCCCCCCCCCCCCCCCCCCCCCCCC,embedding_refined_structure,5.8744378484472515,0.042175075316959965,5.880632871085758,5.914972432028313,5.877975701224472,5.894897934434693,5.80371030346302,True,5.891193668112848
alkane,29,CCCCCCCCCCCCCCCCCCCCCCCCCCCCC,29,CCCCCCCCCCCCCCCCCCCCCCCCCCCCC,embedding_refined_structure,5.399737440367785,0.098678281521629,5.248265466327928,5.470826306797588,5.352068861778693,5.44825011853374,5.479276448400976,True,5.35705354496807
alkane,30,CCCCCCCCCCCCCCCCCCCCCCCCCCCCCC,30,CCCCCCCCCCCCCCCCCCCCCCCCCCCCCC,embedding_refined_structure,5.7361056342464645,0.06829334103716779,5.642765561548239,5.788898928917271,5.689620282787435,5.755042877772788,5.804200520206588,True,5.707094924417649
glycine,0,CC(=O)NC,5,CNC(C)=O,molformer_deterministic_solvai,-10.021853054440957,0.06070760719308134,-10.060743704708571,-9.952382634931713,-9.958748745652613,-10.064662390045534,-10.072727796866346,False,-9.990625028430966
glycine,1,CC(=O)NCC(=O)NC,9,CNC(=O)CNC(C)=O,molformer_deterministic_solvai,-13.902532692109242,0.2052560298770267,-13.828960548623208,-13.736941866132277,-13.730176997015484,-14.211507037801638,-14.0050770109736,False,-13.765359803923657
glycine,2,CC(=O)NCC(=O)NCC(=O)NC,13,CNC(=O)CNC(=O)CNC(C)=O,molformer_deterministic_solvai,-18.949843671958817,0.2670232795052903,-18.90142464714089,-18.972945075027283,-18.524656496368934,-19.169341511392417,-19.18085062986457,False,-18.799675406179034
glycine,3,CC(=O)NCC(=O)NCC(=O)NCC(=O)NC,17,CNC(=O)CNC(=O)CNC(=O)CNC(C)=O,molformer_deterministic_solvai,-23.366423132029418,0.27664572270369175,-23.391310045933537,-23.433694283138095,-22.89217306485393,-23.518249354735957,-23.59668891148556,False,-23.239059131308522
glycine,4,CC(=O)NCC(=O)NCC(=O)NCC(=O)NCC(=O)NC,21,CNC(=O)CNC(=O)CNC(=O)CNC(=O)CNC(C)=O,molformer_deterministic_solvai,-27.220037439896288,0.26885939352251137,-27.278809305782758,-27.32953576374044,-26.747514350213944,-27.41763088311587,-27.32669689662843,False,-27.118619806579048
glycine,5,CC(=O)NCC(=O)NCC(=O)NCC(=O)NCC(=O)NCC(=O)NC,25,CNC(=O)CNC(=O)CNC(=O)CNC(=O)CNC(=O)CNC(C)=O,molformer_deterministic_solvai,-30.921829427279455,0.32346785189783184,-31.024426182263152,-31.096361221325697,-30.355124238377904,-30.98159928665582,-31.151636207774708,False,-30.825303880655582
glycine,6,CC(=O)NCC(=O)NCC(=O)NCC(=O)NCC(=O)NCC(=O)NCC(=O)NC,29,CNC(=O)CNC(=O)CNC(=O)CNC(=O)CNC(=O)CNC(=O)CNC(C)=O,molformer_deterministic_solvai,-34.86985362662349,0.3750260349616902,-35.02232908165411,-35.10110032734463,-34.20540117016567,-34.96045689972572,-35.05998065422734,False,-34.77627685972147
glycine,7,CC(=O)NCC(=O)NCC(=O)NCC(=O)NCC(=O)NCC(=O)NCC(=O)NCC(=O)NC,33,CNC(=O)CNC(=O)CNC(=O)CNC(=O)CNC(=O)CNC(=O)CNC(=O)CNC(C)=O,molformer_deterministic_solvai,-38.565402545249505,0.410725419056061,-38.7384085701675,-38.66352491397573,-37.852503992302836,-38.66500775865279,-38.907567491148654,False,-38.41814582548202
glycine,8,CC(=O)NCC(=O)NCC(=O)NCC(=O)NCC(=O)NCC(=O)NCC(=O)NCC(=O)NCC(=O)NC,37,CNC(=O)CNC(=O)CNC(=O)CNC(=O)CNC(=O)CNC(=O)CNC(=O)CNC(=O)CNC(C)=O,molformer_deterministic_solvai,-41.954068465733414,0.4093147561200816,-42.09755173602005,-41.96480543186222,-41.26686605015116,-42.08795226784748,-42.353166842786194,False,-41.77640773934448
glycine,9,CC(=O)NCC(=O)NCC(=O)NCC(=O)NCC(=O)NCC(=O)NCC(=O)NCC(=O)NCC(=O)NCC(=O)NC,41,CNC(=O)CNC(=O)CNC(=O)CNC(=O)CNC(=O)CNC(=O)CNC(=O)CNC(=O)CNC(=O)CNC(C)=O,molformer_deterministic_solvai,-46.45063349446282,0.4782061936771878,-46.5838446509158,-46.30880135221298,-45.69705963402413,-46.73550454137402,-46.92795729378716,False,-46.19656854571764
glycine,10,CC(=O)NCC(=O)NCC(=O)NCC(=O)NCC(=O)NCC(=O)NCC(=O)NCC(=O)NCC(=O)NCC(=O)NCC(=O)NC,45,CNC(=O)CNC(=O)CNC(=O)CNC(=O)CNC(=O)CNC(=O)CNC(=O)CNC(=O)CNC(=O)CNC(=O)CNC(C)=O,molformer_deterministic_solvai,-50.62074977975853,0.6531110783719875,-50.726361489659645,-50.41632012991097,-49.63081242890713,-50.964377571442725,-51.365877278872205,False,-50.257831349492584
glycine,11,CC(=O)NCC(=O)NCC(=O)NCC(=O)NCC(=O)NCC(=O)NCC(=O)NCC(=O)NCC(=O)NCC(=O)NCC(=O)NCC(=O)NC,49,CNC(=O)CNC(=O)CNC(=O)CNC(=O)CNC(=O)CNC(=O)CNC(=O)CNC(=O)CNC(=O)CNC(=O)CNC(=O)CNC(C)=O,molformer_deterministic_solvai,-53.78192586455511,0.6371975550926628,-53.84937383513598,-53.417563611840436,-52.905743187104456,-54.24397636370569,-54.49297232498901,False,-53.390893544693625
glycine,12,CC(=O)NCC(=O)NCC(=O)NCC(=O)NCC(=O)NCC(=O)NCC(=O)NCC(=O)NCC(=O)NCC(=O)NCC(=O)NCC(=O)NCC(=O)NC,53,CNC(=O)CNC(=O)CNC(=O)CNC(=O)CNC(=O)CNC(=O)CNC(=O)CNC(=O)CNC(=O)CNC(=O)CNC(=O)CNC(=O)CNC(C)=O,molformer_deterministic_solvai,-56.69784919532225,0.6212128025108533,-56.80653195459402,-56.1663625430567,-55.94820877550062,-57.28944666368432,-57.2786960397756,False,-56.30703442438378
alanine,0,CC(=O)NC,5,CNC(C)=O,molformer_deterministic_solvai,-10.021853054440957,0.06070760719308134,-10.060743704708571,-9.952382634931713,-9.958748745652613,-10.064662390045534,-10.072727796866346,False,-9.990625028430966
alanine,1,CC(=O)N[C@@H](C)C(=O)NC,10,CNC(=O)[C@H](C)NC(C)=O,molformer_deterministic_solvai,-12.868302185420479,0.19435718057065124,-12.805500176957338,-12.723518133540896,-12.736559484197862,-13.198066842707675,-12.87786628969862,False,-12.755192598232034
alanine,2,CC(=O)N[C@@H](C)C(=O)N[C@@H](C)C(=O)NC,15,CNC(=O)[C@H](C)NC(=O)[C@H](C)NC(C)=O,molformer_deterministic_solvai,-18.1638798986612,0.22241975558655436,-18.22875093883781,-18.08521254965364,-17.87676556139808,-18.487218326606953,-18.14145211680952,False,-18.063576349963178
alanine,3,CC(=O)N[C@@H](C)C(=O)N[C@@H](C)C(=O)N[C@@H](C)C(=O)NC,20,CNC(=O)[C@H](C)NC(=O)[C@H](C)NC(=O)[C@H](C)NC(C)=O,molformer_deterministic_solvai,-22.6320160145975,0.1931945270916289,-22.644559953787542,-22.67924827589592,-22.313436835176127,-22.838638225900127,-22.68419678222777,False,-22.5457483549532
alanine,4,CC(=O)N[C@@H](C)C(=O)N[C@@H](C)C(=O)N[C@@H](C)C(=O)N[C@@H](C)C(=O)NC,25,CNC(=O)[C@H](C)NC(=O)[C@H](C)NC(=O)[C@H](C)NC(=O)[C@H](C)NC(C)=O,molformer_deterministic_solvai,-26.94131288172709,0.2281931064598366,-27.00361723483438,-27.03976645161638,-26.5384332507478,-27.0230673767745,-27.10168009466238,False,-26.860605645732857
alanine,5,CC(=O)N[C@@H](C)C(=O)N[C@@H](C)C(=O)N[C@@H](C)C(=O)N[C@@H](C)C(=O)N[C@@H](C)C(=O)NC,30,CNC(=O)[C@H](C)NC(=O)[C@H](C)NC(=O)[C@H](C)NC(=O)[C@H](C)NC(=O)[C@H](C)NC(C)=O,molformer_deterministic_solvai,-30.69917981124031,0.343763857358347,-30.72834746359375,-30.8600572398112,-30.152052562076705,-30.674177293984723,-31.081264496735184,False,-30.58015242182722
alanine,6,CC(=O)N[C@@H](C)C(=O)N[C@@H](C)C(=O)N[C@@H](C)C(=O)N[C@@H](C)C(=O)N[C@@H](C)C(=O)N[C@@H](C)C(=O)NC,35,CNC(=O)[C@H](C)NC(=O)[C@H](C)NC(=O)[C@H](C)NC(=O)[C@H](C)NC(=O)[C@H](C)NC(=O)[C@H](C)NC(C)=O,molformer_deterministic_solvai,-34.296545388908314,0.34620832147725195,-34.307315036153355,-34.36477282850034,-33.74860940406228,-34.35145405418875,-34.71057562163685,False,-34.14023242290532
alanine,7,CC(=O)N[C@@H](C)C(=O)N[C@@H](C)C(=O)N[C@@H](C)C(=O)N[C@@H](C)C(=O)N[C@@H](C)C(=O)N[C@@H](C)C(=O)N[C@@H](C)C(=O)NC,40,CNC(=O)[C@H](C)NC(=O)[C@H](C)NC(=O)[C@H](C)NC(=O)[C@H](C)NC(=O)[C@H](C)NC(=O)[C@H](C)NC(=O)[C@H](C)NC(C)=O,molformer_deterministic_solvai,-38.419523310142566,0.46133256312265414,-38.38492815360435,-38.217547182902116,-37.780934786631015,-38.76073904033725,-38.953467387238064,False,-38.12780337437916
alanine,8,CC(=O)N[C@@H](C)C(=O)N[C@@H](C)C(=O)N[C@@H](C)C(=O)N[C@@H](C)C(=O)N[C@@H](C)C(=O)N[C@@H](C)C(=O)N[C@@H](C)C(=O)N[C@@H](C)C(=O)NC,45,CNC(=O)[C@H](C)NC(=O)[C@H](C)NC(=O)[C@H](C)NC(=O)[C@H](C)NC(=O)[C@H](C)NC(=O)[C@H](C)NC(=O)[C@H](C)NC(=O)[C@H](C)NC(C)=O,molformer_deterministic_solvai,-42.490152424275735,0.590220085794431,-42.37364375710961,-42.216084193503654,-41.73620102377781,-42.86075335574687,-43.2640797912407,False,-42.10864299146369
alanine,9,CC(=O)N[C@@H](C)C(=O)N[C@@H](C)C(=O)N[C@@H](C)C(=O)N[C@@H](C)C(=O)N[C@@H](C)C(=O)N[C@@H](C)C(=O)N[C@@H](C)C(=O)N[C@@H](C)C(=O)N[C@@H](C)C(=O)NC,50,CNC(=O)[C@H](C)NC(=O)[C@H](C)NC(=O)[C@H](C)NC(=O)[C@H](C)NC(=O)[C@H](C)NC(=O)[C@H](C)NC(=O)[C@H](C)NC(=O)[C@H](C)NC(=O)[C@H](C)NC(C)=O,molformer_deterministic_solvai,-46.988185176568706,0.7508426785375866,-46.7469770765071,-46.58163501723583,-46.146537171202326,-47.40573570207171,-48.060040915826576,False,-46.49171642164842
alanine,10,CC(=O)N[C@@H](C)C(=O)N[C@@H](C)C(=O)N[C@@H](C)C(=O)N[C@@H](C)C(=O)N[C@@H](C)C(=O)N[C@@H](C)C(=O)N[C@@H](C)C(=O)N[C@@H](C)C(=O)N[C@@H](C)C(=O)N[C@@H](C)C(=O)NC,55,CNC(=O)[C@H](C)NC(=O)[C@H](C)NC(=O)[C@H](C)NC(=O)[C@H](C)NC(=O)[C@H](C)NC(=O)[C@H](C)NC(=O)[C@H](C)NC(=O)[C@H](C)NC(=O)[C@H](C)NC(=O)[C@H](C)NC(C)=O,molformer_deterministic_solvai,-51.16528448962655,0.8475151841872199,-50.88480637007115,-50.6106215603919,-50.258914216329124,-51.76321136342599,-52.308868937914596,False,-50.58478071559739
alanine,11,CC(=O)N[C@@H](C)C(=O)N[C@@H](C)C(=O)N[C@@H](C)C(=O)N[C@@H](C)C(=O)N[C@@H](C)C(=O)N[C@@H](C)C(=O)N[C@@H](C)C(=O)N[C@@H](C)C(=O)N[C@@H](C)C(=O)N[C@@H](C)C(=O)N[C@@H](C)C(=O)NC,60,CNC(=O)[C@H](C)NC(=O)[C@H](C)NC(=O)[C@H](C)NC(=O)[C@H](C)NC(=O)[C@H](C)NC(=O)[C@H](C)NC(=O)[C@H](C)NC(=O)[C@H](C)NC(=O)[C@H](C)NC(=O)[C@H](C)NC(=O)[C@H](C)NC(C)=O,molformer_deterministic_solvai,-54.437045667326664,0.831565779979564,-54.13790906928866,-53.79956683843364,-53.62374243307351,-55.11505981146752,-55.50895018436996,False,-53.85373944693194
alanine,12,CC(=O)N[C@@H](C)C(=O)N[C@@H](C)C(=O)N[C@@H](C)C(=O)N[C@@H](C)C(=O)N[C@@H](C)C(=O)N[C@@H](C)C(=O)N[C@@H](C)C(=O)N[C@@H](C)C(=O)N[C@@H](C)C(=O)N[C@@H](C)C(=O)N[C@@H](C)C(=O)N[C@@H](C)C(=O)NC,65,CNC(=O)[C@H](C)NC(=O)[C@H](C)NC(=O)[C@H](C)NC(=O)[C@H](C)NC(=O)[C@H](C)NC(=O)[C@H](C)NC(=O)[C@H](C)NC(=O)[C@H](C)NC(=O)[C@H](C)NC(=O)[C@H](C)NC(=O)[C@H](C)NC(=O)[C@H](C)NC(C)=O,molformer_deterministic_solvai,-57.71060089197488,0.836271551215677,-57.49914236324688,-56.995765373168794,-56.89462463508018,-58.41125768411223,-58.75221440426628,False,-57.12984412383196
alkane,1,C,1,C,molformer_deterministic_solvai,2.0670508575544844,0.15618358419633788,2.077139932748313,1.974543177764617,1.8646157313531457,2.148802425934771,2.270153019971575,False,1.9720996139553586
alkane,2,CC,2,CC,molformer_deterministic_solvai,1.8585902115190067,0.09134410690540129,1.920967487415517,1.7578917659997737,1.8123625287115095,1.818303662976855,1.9834256124913772,False,1.8304072607089334
alkane,3,CCC,3,CCC,molformer_deterministic_solvai,2.0102950994842907,0.07632333016261035,2.0739779128078286,1.9171841604331208,1.9559417692909769,2.0068432175538895,2.0975284373356375,False,1.9823679475106422
alkane,4,CCCC,4,CCCC,molformer_deterministic_solvai,2.1286014719324244,0.07400336803110097,2.2185570979886062,2.057531263005548,2.0640894362565803,2.1092229113924237,2.193606651018963,False,2.113392599083578
alkane,5,CCCCC,5,CCCCC,molformer_deterministic_solvai,2.369885787283763,0.09129852182024506,2.5080325239554533,2.2948547002355264,2.2996867496046622,2.3305643072263393,2.4162906553968337,False,2.3675246579318805
alkane,6,CCCCCC,6,CCCCCC,molformer_deterministic_solvai,2.5255975264331747,0.09941155867908247,2.6720277066265483,2.4555427490544828,2.4501162204254214,2.4639813059338325,2.5863196501255903,False,2.525895558702151
alkane,7,CCCCCCC,7,CCCCCCC,molformer_deterministic_solvai,2.7506700570190774,0.10458897562254761,2.8872157848284994,2.6728703428698477,2.677467039424285,2.6754525168860352,2.84034460108672,False,2.745851055707544
alkane,8,CCCCCCCC,8,CCCCCCCC,molformer_deterministic_solvai,2.9175462995865815,0.10460482697840566,3.0613835746509714,2.859189288765192,2.835179643332026,2.835724735084203,2.9962542561005137,False,2.918584168916063
alkane,9,CCCCCCCCC,9,CCCCCCCCC,molformer_deterministic_solvai,3.0792161232817756,0.09825299602826795,3.2008581645865233,3.0372501555872775,2.998937034299151,2.991166733080189,3.167868528855738,False,3.0790151181576504
alkane,10,CCCCCCCCCC,10,CCCCCCCCCC,molformer_deterministic_solvai,3.278463499260816,0.0971720748881923,3.3640796096362386,3.2322795945157425,3.2357111117207262,3.1650729520282948,3.3951742284030786,False,3.277356771957569
alkane,11,CCCCCCCCCCC,11,CCCCCCCCCCC,molformer_deterministic_solvai,3.491507184070811,0.09314027198617562,3.4921810491765237,3.4434063123583476,3.5053547095764674,3.3825377333651794,3.634056115877537,False,3.4803140237037797
alkane,12,CCCCCCCCCCCC,12,CCCCCCCCCCCC,molformer_deterministic_solvai,3.6236112067389987,0.15132364432919326,3.5877367308334334,3.5447897199294784,3.6161168658411063,3.4890354917386217,3.880377225352354,False,3.5828811055346725
alkane,13,CCCCCCCCCCCCC,13,CCCCCCCCCCCCC,molformer_deterministic_solvai,4.120022972946645,0.12407429582267582,4.037100249938189,4.052711580164986,4.179796002879059,4.019468909672283,4.311038122078702,False,4.089869277660745
alkane,14,CCCCCCCCCCCCCC,14,CCCCCCCCCCCCCC,molformer_deterministic_solvai,2.302975835676192,0.20944473546183773,2.5805449700530243,2.1492981301792007,2.225254287928113,2.0959065759700977,2.463875214250523,False,2.318365796053446
alkane,15,CCCCCCCCCCCCCCC,15,CCCCCCCCCCCCCCC,molformer_deterministic_solvai,4.077810921324652,0.5502465991275065,3.120407743632576,4.240840791622092,4.1715446307512964,4.345511821931189,4.5107496186861065,False,3.844264388668655
alkane,16,CCCCCCCCCCCCCCCC,16,CCCCCCCCCCCCCCCC,molformer_deterministic_solvai,1.4961515107727537,0.49915916674900457,2.157195253640279,1.026479848482169,1.2176131617994317,1.1807871532445953,1.8986821366972935,False,1.46709608797396
alkane,17,CCCCCCCCCCCCCCCCC,17,CCCCCCCCCCCCCCCCC,molformer_deterministic_solvai,2.528213966843628,0.43985512020839984,2.9057586599596243,2.1429192152896226,2.3501284672399,2.15534413668322,3.0869193550457714,False,2.4662687808297155
alkane,18,CCCCCCCCCCCCCCCCCC,18,CCCCCCCCCCCCCCCCCC,molformer_deterministic_solvai,4.1660132298835615,0.1412822944765701,4.131349296667898,4.11754396394664,4.085273800550943,4.080101526128433,4.415797562123891,False,4.1113890203884935
alkane,19,CCCCCCCCCCCCCCCCCCC,19,CCCCCCCCCCCCCCCCCCC,molformer_deterministic_solvai,4.4485924525463485,0.1406383797291676,4.538680388345509,4.364455284625156,4.3398785974363685,4.346966009659314,4.652981982665394,False,4.414338090135678
alkane,20,CCCCCCCCCCCCCCCCCCCC,20,CCCCCCCCCCCCCCCCCCCC,molformer_deterministic_solvai,4.611165031105385,0.1348479556491781,4.706474750779264,4.5309698399136975,4.495120606512093,4.5225959136000435,4.800664044721823,False,4.577521732401685
alkane,21,CCCCCCCCCCCCCCCCCCCCC,21,CCCCCCCCCCCCCCCCCCCCC,molformer_deterministic_solvai,4.768471681893886,0.12005203491607835,4.9005902159532395,4.6852527557834085,4.671852278681217,4.685571640555657,4.899091518495909,False,4.752565083472621
alkane,22,CCCCCCCCCCCCCCCCCCCCCC,22,CCCCCCCCCCCCCCCCCCCCCC,molformer_deterministic_solvai,4.91783621171425,0.10704294647479547,5.002443719431448,4.836148054455022,4.8395972536072245,4.848156535505512,5.062835495572041,False,4.892729675831231
alkane,23,CCCCCCCCCCCCCCCCCCCCCCC,23,CCCCCCCCCCCCCCCCCCCCCCC,molformer_deterministic_solvai,5.1170096893483645,0.09929520474058634,5.1716172737482315,5.058924736625209,5.046637612475451,5.041233033849834,5.266635790043096,False,5.092393207616297
alkane,24,CCCCCCCCCCCCCCCCCCCCCCCC,24,CCCCCCCCCCCCCCCCCCCCCCCC,molformer_deterministic_solvai,5.2536405343933605,0.09182046653504404,5.236570992271141,5.1992633030851865,5.221416344060432,5.19578666642868,5.415165366121365,False,5.219083546472253
alkane,25,CCCCCCCCCCCCCCCCCCCCCCCCC,25,CCCCCCCCCCCCCCCCCCCCCCCCC,molformer_deterministic_solvai,5.474867424375981,0.09639040228644281,5.562766335109516,5.391822147181634,5.3972584313677805,5.427962827851181,5.594527380369789,False,5.450615637886311
alkane,26,CCCCCCCCCCCCCCCCCCCCCCCCCC,26,CCCCCCCCCCCCCCCCCCCCCCCCCC,molformer_deterministic_solvai,5.671410316041867,0.12638322824902218,5.8515869193069685,5.571017097514962,5.570578097446094,5.607908346357811,5.755961119583504,False,5.664394038089341
alkane,27,CCCCCCCCCCCCCCCCCCCCCCCCCCC,27,CCCCCCCCCCCCCCCCCCCCCCCCCCC,molformer_deterministic_solvai,5.852709174205244,0.10170128048280853,5.988936626964738,5.770413977406343,5.7726851930404175,5.797571619166683,5.9339384544480405,False,5.8440119324705
alkane,28,CCCCCCCCCCCCCCCCCCCCCCCCCCCC,28,CCCCCCCCCCCCCCCCCCCCCCCCCCCC,molformer_deterministic_solvai,5.950114387541187,0.09127949410164558,6.029194152724558,5.883679043785848,5.872847936531168,5.896978306983272,6.06787249768109,False,5.928573711013858
alkane,29,CCCCCCCCCCCCCCCCCCCCCCCCCCCCC,29,CCCCCCCCCCCCCCCCCCCCCCCCCCCCC,molformer_deterministic_solvai,6.029102694376878,0.1025708849481153,6.129266657312264,5.949676606916955,5.947014559277126,5.967253681896572,6.1523019664814695,False,6.008652607835448
alkane,30,CCCCCCCCCCCCCCCCCCCCCCCCCCCCCC,30,CCCCCCCCCCCCCCCCCCCCCCCCCCCCCC,molformer_deterministic_solvai,6.068355153867918,0.11471490084230276,6.144285337446088,5.976464147230346,5.999028750770155,5.988553721349114,6.233443812543885,False,6.039926078482196
glycine,0,CC(=O)NC,5,CNC(C)=O,molformer_deterministic_structure,-9.989016824845345,0.09824488591652292,-9.924478693054297,-10.150858224400789,-9.993324269132184,-9.899035590451813,-9.977387347187644,False,-10.022887062195757
glycine,1,CC(=O)NCC(=O)NC,9,CNC(=O)CNC(C)=O,molformer_deterministic_structure,-13.421771766134592,0.1723770514052342,-13.406783937950049,-13.629398433983685,-13.5034395586684,-13.159657995015642,-13.409578905055177,False,-13.513207310200713
glycine,2,CC(=O)NCC(=O)NCC(=O)NC,13,CNC(=O)CNC(=O)CNC(C)=O,molformer_deterministic_structure,-18.10079339376454,0.29003868451267645,-17.911303891816264,-18.509691471799083,-18.293837576826014,-17.82019918307982,-17.96893484530153,False,-18.23827764681379
glycine,3,CC(=O)NCC(=O)NCC(=O)NCC(=O)NC,17,CNC(=O)CNC(=O)CNC(=O)CNC(C)=O,molformer_deterministic_structure,-22.27834195022619,0.34970019016299564,-22.02202980890626,-22.712811050605506,-22.574149220519676,-21.909301907888803,-22.173417763210715,False,-22.436330026677144
glycine,4,CC(=O)NCC(=O)NCC(=O)NCC(=O)NCC(=O)NC,21,CNC(=O)CNC(=O)CNC(=O)CNC(=O)CNC(C)=O,molformer_deterministic_structure,-26.27532733947321,0.42454385034561465,-25.99022215919194,-26.747797261369435,-26.68185945102548,-25.784972554771304,-26.171785271007884,False,-26.47329295719562
glycine,5,CC(=O)NCC(=O)NCC(=O)NCC(=O)NCC(=O)NCC(=O)NC,25,CNC(=O)CNC(=O)CNC(=O)CNC(=O)CNC(=O)CNC(C)=O,molformer_deterministic_structure,-29.888274980696746,0.48618680958637434,-29.62997904684339,-30.426342243994632,-30.35784116102634,-29.30380687345309,-29.72340557816629,False,-30.138054150621453
glycine,6,CC(=O)NCC(=O)NCC(=O)NCC(=O)NCC(=O)NCC(=O)NCC(=O)NC,29,CNC(=O)CNC(=O)CNC(=O)CNC(=O)CNC(=O)CNC(=O)CNC(C)=O,molformer_deterministic_structure,-33.975861691934576,0.5638487595300903,-33.7182842548606,-34.65859313570435,-34.44766091928114,-33.28824466517616,-33.766525484650636,False,-34.27484610328202
glycine,7,CC(=O)NCC(=O)NCC(=O)NCC(=O)NCC(=O)NCC(=O)NCC(=O)NCC(=O)NC,33,CNC(=O)CNC(=O)CNC(=O)CNC(=O)CNC(=O)CNC(=O)CNC(=O)CNC(C)=O,molformer_deterministic_structure,-37.94940984306045,0.6238739017826129,-37.659763450955666,-38.74481065450516,-38.428425743761345,-37.20605200200217,-37.70799736407789,False,-38.277666616407394
glycine,8,CC(=O)NCC(=O)NCC(=O)NCC(=O)NCC(=O)NCC(=O)NCC(=O)NCC(=O)NCC(=O)NC,37,CNC(=O)CNC(=O)CNC(=O)CNC(=O)CNC(=O)CNC(=O)CNC(=O)CNC(=O)CNC(C)=O,molformer_deterministic_structure,-41.61700323730095,0.6747910168043962,-41.322943431170486,-42.504734055452104,-42.095949385768684,-40.8140569902281,-41.34733232388537,False,-41.974542290797096
glycine,9,CC(=O)NCC(=O)NCC(=O)NCC(=O)NCC(=O)NCC(=O)NCC(=O)NCC(=O)NCC(=O)NCC(=O)NC,41,CNC(=O)CNC(=O)CNC(=O)CNC(=O)CNC(=O)CNC(=O)CNC(=O)CNC(=O)CNC(=O)CNC(C)=O,molformer_deterministic_structure,-45.89544913070192,0.7229656790818821,-45.57534930381978,-46.861741450066255,-46.397001343827085,-45.052951416313356,-45.59020213948314,False,-46.278030699237696
glycine,10,CC(=O)NCC(=O)NCC(=O)NCC(=O)NCC(=O)NCC(=O)NCC(=O)NCC(=O)NCC(=O)NCC(=O)NCC(=O)NC,45,CNC(=O)CNC(=O)CNC(=O)CNC(=O)CNC(=O)CNC(=O)CNC(=O)CNC(=O)CNC(=O)CNC(=O)CNC(C)=O,molformer_deterministic_structure,-49.537937574337434,0.7778527398391928,-49.20872361824774,-50.613889672015695,-50.032092636302174,-48.65285197549014,-49.18212996963143,False,-49.95156864218853
glycine,11,CC(=O)NCC(=O)NCC(=O)NCC(=O)NCC(=O)NCC(=O)NCC(=O)NCC(=O)NCC(=O)NCC(=O)NCC(=O)NCC(=O)NC,49,CNC(=O)CNC(=O)CNC(=O)CNC(=O)CNC(=O)CNC(=O)CNC(=O)CNC(=O)CNC(=O)CNC(=O)CNC(=O)CNC(C)=O,molformer_deterministic_structure,-53.11228589061684,0.8129973532688227,-52.75426377445232,-54.25548304328857,-53.612962542493534,-52.21304497843782,-52.725675114411935,False,-53.540903120078134
glycine,12,CC(=O)NCC(=O)NCC(=O)NCC(=O)NCC(=O)NCC(=O)NCC(=O)NCC(=O)NCC(=O)NCC(=O)NCC(=O)NCC(=O)NCC(=O)NC,53,CNC(=O)CNC(=O)CNC(=O)CNC(=O)CNC(=O)CNC(=O)CNC(=O)CNC(=O)CNC(=O)CNC(=O)CNC(=O)CNC(=O)CNC(C)=O,molformer_deterministic_structure,-56.874329174118564,0.8462001190628501,-56.505963240775806,-58.08739269997276,-57.358833063458164,-55.94622351963363,-56.47323334675244,False,-57.31739633473558
alanine,0,CC(=O)NC,5,CNC(C)=O,molformer_deterministic_structure,-9.989016824845345,0.09824488591652292,-9.924478693054297,-10.150858224400789,-9.993324269132184,-9.899035590451813,-9.977387347187644,False,-10.022887062195757
alanine,1,CC(=O)N[C@@H](C)C(=O)NC,10,CNC(=O)[C@H](C)NC(C)=O,molformer_deterministic_structure,-12.38974174729103,0.1800448281269001,-12.303211541216651,-12.627258222606844,-12.500486587441838,-12.16077674942783,-12.356975635761973,False,-12.476985450421779
alanine,2,CC(=O)N[C@@H](C)C(=O)N[C@@H](C)C(=O)NC,15,CNC(=O)[C@H](C)NC(=O)[C@H](C)NC(C)=O,molformer_deterministic_structure,-17.619907840548116,0.25327747755153474,-17.400213914417094,-17.98285114748464,-17.772005511630574,-17.542434083950024,-17.40203454525826,False,-17.718356857844103
alanine,3,CC(=O)N[C@@H](C)C(=O)N[C@@H](C)C(=O)N[C@@H](C)C(=O)NC,20,CNC(=O)[C@H](C)NC(=O)[C@H](C)NC(=O)[C@H](C)NC(C)=O,molformer_deterministic_structure,-21.882191946413723,0.3042259872234599,-21.621720279441266,-22.24103474881809,-22.162864689332984,-21.799875043500304,-21.585464970975956,False,-22.008539905864115
alanine,4,CC(=O)N[C@@H](C)C(=O)N[C@@H](C)C(=O)N[C@@H](C)C(=O)N[C@@H](C)C(=O)NC,25,CNC(=O)[C@H](C)NC(=O)[C@H](C)NC(=O)[C@H](C)NC(=O)[C@H](C)NC(C)=O,molformer_deterministic_structure,-25.820681308150874,0.3616903231925213,-25.56515058695353,-26.28865196711906,-26.124378141348696,-25.64494372724881,-25.48028211808428,False,-25.992726898473762
alanine,5,CC(=O)N[C@@H](C)C(=O)N[C@@H](C)C(=O)N[C@@H](C)C(=O)N[C@@H](C)C(=O)N[C@@H](C)C(=O)NC,30,CNC(=O)[C@H](C)NC(=O)[C@H](C)NC(=O)[C@H](C)NC(=O)[C@H](C)NC(=O)[C@H](C)NC(C)=O,molformer_deterministic_structure,-29.343109086285274,0.4378432658531118,-29.088406611884523,-29.929035649313278,-29.67958605462546,-29.11535877722374,-28.90315833837936,False,-29.56567610527442
alanine,6,CC(=O)N[C@@H](C)C(=O)N[C@@H](C)C(=O)N[C@@H](C)C(=O)N[C@@H](C)C(=O)N[C@@H](C)C(=O)N[C@@H](C)C(=O)NC,35,CNC(=O)[C@H](C)NC(=O)[C@H](C)NC(=O)[C@H](C)NC(=O)[C@H](C)NC(=O)[C@H](C)NC(=O)[C@H](C)NC(C)=O,molformer_deterministic_structure,-33.18608544692777,0.5055627436707895,-32.95040240662179,-33.88474820319676,-33.53728940424491,-32.8883253579946,-32.66966186258078,False,-33.457480004687824
alanine,7,CC(=O)N[C@@H](C)C(=O)N[C@@H](C)C(=O)N[C@@H](C)C(=O)N[C@@H](C)C(=O)N[C@@H](C)C(=O)N[C@@H](C)C(=O)N[C@@H](C)C(=O)NC,40,CNC(=O)[C@H](C)NC(=O)[C@H](C)NC(=O)[C@H](C)NC(=O)[C@H](C)NC(=O)[C@H](C)NC(=O)[C@H](C)NC(=O)[C@H](C)NC(C)=O,molformer_deterministic_structure,-37.15498946510287,0.5799293758597517,-36.91908253476177,-37.99004759165769,-37.496657853146345,-36.81301280145548,-36.55614654449306,False,-37.4685959931886
alanine,8,CC(=O)N[C@@H](C)C(=O)N[C@@H](C)C(=O)N[C@@H](C)C(=O)N[C@@H](C)C(=O)N[C@@H](C)C(=O)N[C@@H](C)C(=O)N[C@@H](C)C(=O)N[C@@H](C)C(=O)NC,45,CNC(=O)[C@H](C)NC(=O)[C@H](C)NC(=O)[C@H](C)NC(=O)[C@H](C)NC(=O)[C@H](C)NC(=O)[C@H](C)NC(=O)[C@H](C)NC(=O)[C@H](C)NC(C)=O,molformer_deterministic_structure,-40.88445309016034,0.6345356383664678,-40.61444365891388,-41.8141454860053,-41.23637505647901,-40.5161052045982,-40.241196044805314,False,-41.2216547337994
alanine,9,CC(=O)N[C@@H](C)C(=O)N[C@@H](C)C(=O)N[C@@H](C)C(=O)N[C@@H](C)C(=O)N[C@@H](C)C(=O)N[C@@H](C)C(=O)N[C@@H](C)C(=O)N[C@@H](C)C(=O)N[C@@H](C)C(=O)NC,50,CNC(=O)[C@H](C)NC(=O)[C@H](C)NC(=O)[C@H](C)NC(=O)[C@H](C)NC(=O)[C@H](C)NC(=O)[C@H](C)NC(=O)[C@H](C)NC(=O)[C@H](C)NC(=O)[C@H](C)NC(C)=O,molformer_deterministic_structure,-44.67207641989714,0.6878469133805499,-44.320409073618414,-45.693337888995835,-45.03615722478988,-44.327128213561366,-43.98334969852019,False,-45.016634729134715
alanine,10,CC(=O)N[C@@H](C)C(=O)N[C@@H](C)C(=O)N[C@@H](C)C(=O)N[C@@H](C)C(=O)N[C@@H](C)C(=O)N[C@@H](C)C(=O)N[C@@H](C)C(=O)N[C@@H](C)C(=O)N[C@@H](C)C(=O)N[C@@H](C)C(=O)NC,55,CNC(=O)[C@H](C)NC(=O)[C@H](C)NC(=O)[C@H](C)NC(=O)[C@H](C)NC(=O)[C@H](C)NC(=O)[C@H](C)NC(=O)[C@H](C)NC(=O)[C@H](C)NC(=O)[C@H](C)NC(=O)[C@H](C)NC(C)=O,molformer_deterministic_structure,-48.67058367604957,0.741974450850136,-48.31181721087939,-49.79166205414032,-49.02492404496984,-48.29605223062849,-47.92846283962979,False,-49.04280110332985
alanine,11,CC(=O)N[C@@H](C)C(=O)N[C@@H](C)C(=O)N[C@@H](C)C(=O)N[C@@H](C)C(=O)N[C@@H](C)C(=O)N[C@@H](C)C(=O)N[C@@H](C)C(=O)N[C@@H](C)C(=O)N[C@@H](C)C(=O)N[C@@H](C)C(=O)N[C@@H](C)C(=O)NC,60,CNC(=O)[C@H](C)NC(=O)[C@H](C)NC(=O)[C@H](C)NC(=O)[C@H](C)NC(=O)[C@H](C)NC(=O)[C@H](C)NC(=O)[C@H](C)NC(=O)[C@H](C)NC(=O)[C@H](C)NC(=O)[C@H](C)NC(=O)[C@H](C)NC(C)=O,molformer_deterministic_structure,-52.585525805759424,0.7783402699690964,-52.21534241213156,-53.75875446536456,-52.951857705449754,-52.215118034318586,-51.78655641153267,False,-52.97531819431529
alanine,12,CC(=O)N[C@@H](C)C(=O)N[C@@H](C)C(=O)N[C@@H](C)C(=O)N[C@@H](C)C(=O)N[C@@H](C)C(=O)N[C@@H](C)C(=O)N[C@@H](C)C(=O)N[C@@H](C)C(=O)N[C@@H](C)C(=O)N[C@@H](C)C(=O)N[C@@H](C)C(=O)N[C@@H](C)C(=O)NC,65,CNC(=O)[C@H](C)NC(=O)[C@H](C)NC(=O)[C@H](C)NC(=O)[C@H](C)NC(=O)[C@H](C)NC(=O)[C@H](C)NC(=O)[C@H](C)NC(=O)[C@H](C)NC(=O)[C@H](C)NC(=O)[C@H](C)NC(=O)[C@H](C)NC(=O)[C@H](C)NC(C)=O,molformer_deterministic_structure,-56.35188592327169,0.8453242986128865,-55.967324789610544,-57.656279999008866,-56.69126516984494,-55.94697469752924,-55.49758496036482,False,-56.77162331948812
alkane,1,C,1,C,molformer_deterministic_structure,2.0163389109879657,0.12569709169554405,1.9038172180584114,1.8937415567555762,2.0325381354736543,2.050690788321341,2.200906856330845,False,1.9433656367625474
alkane,2,CC,2,CC,molformer_deterministic_structure,1.85765453165,0.24101363340212764,1.54834605812741,1.7865535927183034,1.8421724625545925,1.8927836829941986,2.218416861855495,False,1.7256907044667686
alkane,3,CCC,3,CCC,molformer_deterministic_structure,2.0292675849605883,0.11101125884739094,1.9092077730707189,1.9856791461782324,2.036084280474398,2.0061078924385365,2.2092588326410567,False,1.9769903999077831
alkane,4,CCCC,4,CCCC,molformer_deterministic_structure,2.106659638768089,0.030714853469140893,2.0660942032377436,2.106830361017093,2.088141152529679,2.1311308439958845,2.141101633060046,False,2.0870219055948387
alkane,5,CCCCC,5,CCCCC,molformer_deterministic_structure,2.34495887559559,0.04781265765769015,2.293821830629051,2.3181302399979744,2.3367011623557215,2.356258615423786,2.419882529571418,False,2.316217744327582
alkane,6,CCCCCC,6,CCCCCC,molformer_deterministic_structure,2.506520778440521,0.04259532865789982,2.4802700376557842,2.448694957702462,2.5379540369827067,2.5122170482230093,2.553467811638644,False,2.4889730107803176
alkane,7,CCCCCCC,7,CCCCCCC,molformer_deterministic_structure,2.66653544993162,0.04445745227521185,2.6309988821346195,2.614583937892868,2.689538931595834,2.6729343637132237,2.7246211343215565,False,2.6450405838744406
alkane,8,CCCCCCCC,8,CCCCCCCC,molformer_deterministic_structure,2.8768709920945548,0.05261089400675687,2.848006981455418,2.8161002125611736,2.894498917915481,2.8702002641036435,2.9555485844370573,False,2.8528687039773573
alkane,9,CCCCCCCCC,9,CCCCCCCCC,molformer_deterministic_structure,3.0028712065829883,0.04200814075927987,3.0025484195879066,2.9475081762312785,3.0142782575391296,2.9870425713221023,3.062978608234525,False,2.988111617786105
alkane,10,CCCCCCCCCC,10,CCCCCCCCCC,molformer_deterministic_structure,3.1691701640599304,0.0709810061815081,3.1457465837187035,3.098324820723886,3.158281255129517,3.154899125432281,3.2885990352952668,False,3.134117553190702
alkane,11,CCCCCCCCCCC,11,CCCCCCCCCCC,molformer_deterministic_structure,3.383678401877455,0.08086665997543915,3.367913543571018,3.2864601294041718,3.34376122311547,3.4202844226200035,3.4999726906766107,False,3.33271163203022
alkane,12,CCCCCCCCCCCC,12,CCCCCCCCCCCC,molformer_deterministic_structure,3.610137075180807,0.081678968902824,3.575463020574669,3.530807567736036,3.57323875355907,3.628828966446421,3.7423470675878407,False,3.559836447289925
alkane,13,CCCCCCCCCCCCC,13,CCCCCCCCCCCCC,molformer_deterministic_structure,3.9376927085103537,0.10731571146681934,3.8810265796208876,3.792681474095134,3.933829142070926,4.0219041406098635,4.059022206154961,False,3.8691790652623155
alkane,14,CCCCCCCCCCCCCC,14,CCCCCCCCCCCCCC,molformer_deterministic_structure,2.203702433158289,0.13733001421543023,2.087685689958229,2.055913669696233,2.1931444815020162,2.3063327228694677,2.3754356017654983,False,2.1122479470521593
alkane,15,CCCCCCCCCCCCCCC,15,CCCCCCCCCCCCCCC,molformer_deterministic_structure,4.266877154039865,0.16450904870970395,4.251301797429822,4.041531711744484,4.188613197317808,4.417385279039629,4.435553784667582,False,4.160482235497372
alkane,16,CCCCCCCCCCCCCCCC,16,CCCCCCCCCCCCCCCC,molformer_deterministic_structure,1.2777101981715646,0.1124151010674842,1.3049144227169895,1.114879219294215,1.2247054518009195,1.335323103876223,1.4087287931694759,False,1.214833031270708
alkane,17,CCCCCCCCCCCCCCCCC,17,CCCCCCCCCCCCCCCCC,molformer_deterministic_structure,2.267243790904081,0.12258767484972058,2.2352519047742607,2.1235501664177816,2.212726933185113,2.3153712465096037,2.4493187036336455,False,2.1905096681257183
alkane,18,CCCCCCCCCCCCCCCCCC,18,CCCCCCCCCCCCCCCCCC,molformer_deterministic_structure,4.146670399071388,0.1381639905382188,4.18701938317889,3.947026581641267,4.075270696203934,4.222246090093948,4.301789244238901,False,4.069772220341363
alkane,19,CCCCCCCCCCCCCCCCCCC,19,CCCCCCCCCCCCCCCCCCC,molformer_deterministic_structure,4.337825052669775,0.10628821348043882,4.356573404222023,4.184314654976808,4.2938140763211345,4.386254686656035,4.4681684411728755,False,4.278234045173321
alkane,20,CCCCCCCCCCCCCCCCCCCC,20,CCCCCCCCCCCCCCCCCCCC,molformer_deterministic_structure,4.539123412581675,0.12381885397254051,4.569893902964332,4.3482141112439985,4.506240722145443,4.589692196347957,4.681576130206641,False,4.474782912117925
alkane,21,CCCCCCCCCCCCCCCCCCCCC,21,CCCCCCCCCCCCCCCCCCCCC,molformer_deterministic_structure,4.663544690155747,0.13687334804403142,4.681121887079827,4.442586931604235,4.643652621479634,4.759609611892542,4.790752398722494,False,4.589120480054565
alkane,22,CCCCCCCCCCCCCCCCCCCCCC,22,CCCCCCCCCCCCCCCCCCCCCC,molformer_deterministic_structure,4.843537035336388,0.13635396295612415,4.873938643716733,4.632140454395892,4.797467270609219,4.9363906715694155,4.9777481363906775,False,4.767848789573947
alkane,23,CCCCCCCCCCCCCCCCCCCCCCC,23,CCCCCCCCCCCCCCCCCCCCCCC,molformer_deterministic_structure,5.0562212278677645,0.12690369342151978,5.075476868388482,4.855518322771501,5.025489393880059,5.149834334219935,5.174787220078849,False,4.985494861680014
alkane,24,CCCCCCCCCCCCCCCCCCCCCCCC,24,CCCCCCCCCCCCCCCCCCCCCCCC,molformer_deterministic_structure,5.202500074981841,0.11814739028683761,5.248343510784616,5.010992026328014,5.170866705574931,5.278104666842268,5.304193465379378,False,5.14340074756252
alkane,25,CCCCCCCCCCCCCCCCCCCCCCCCC,25,CCCCCCCCCCCCCCCCCCCCCCCCC,molformer_deterministic_structure,5.393977637519774,0.12005245526697739,5.447643444827457,5.193355093825006,5.384467066861142,5.439124404602148,5.5052981774831204,False,5.341821868504535
alkane,26,CCCCCCCCCCCCCCCCCCCCCCCCCC,26,CCCCCCCCCCCCCCCCCCCCCCCCCC,molformer_deterministic_structure,5.552349960975453,0.11948699497926252,5.579916604466622,5.356564954150682,5.551363308320673,5.5939365594437716,5.679968378495519,False,5.495948288979325
alkane,27,CCCCCCCCCCCCCCCCCCCCCCCCCCC,27,CCCCCCCCCCCCCCCCCCCCCCCCCCC,molformer_deterministic_structure,5.763741298304016,0.12127833101866373,5.794797382620366,5.560407929183987,5.756995818356933,5.8381742477584195,5.868331113600372,False,5.704067043387095
alkane,28,CCCCCCCCCCCCCCCCCCCCCCCCCCCC,28,CCCCCCCCCCCCCCCCCCCCCCCCCCCC,molformer_deterministic_structure,5.8494865478663645,0.12893304098545308,5.89314559249313,5.631039381930923,5.841610642741947,5.9329275348450095,5.948709587320811,False,5.788598539055333
alkane,29,CCCCCCCCCCCCCCCCCCCCCCCCCCCCC,29,CCCCCCCCCCCCCCCCCCCCCCCCCCCCC,molformer_deterministic_structure,5.943906438789541,0.14156497818879937,5.990762135584446,5.707476610588636,5.925088944726446,6.04856015298481,6.047644350063366,False,5.874442563633177
alkane,30,CCCCCCCCCCCCCCCCCCCCCCCCCCCCCC,30,CCCCCCCCCCCCCCCCCCCCCCCCCCCCCC,molformer_deterministic_structure,6.009271354043625,0.1462357740496913,6.052431889703297,5.769225628608811,5.98141143411756,6.118218488912421,6.125069328876033,False,5.934356317476556
glycine,0,CC(=O)NC,5,CNC(C)=O,molformer_fixed_tree_solvai,-10.014715509259267,0.015153263132017251,-10.00742509920635,-10.032136011904774,-10.004585416666673,,,False,-10.014715509259267
glycine,1,CC(=O)NCC(=O)NC,9,CNC(=O)CNC(C)=O,molformer_fixed_tree_solvai,-13.705929629629631,0.05281626605268597,-13.658284722222232,-13.696781944444433,-13.762722222222232,,,False,-13.705929629629631
glycine,2,CC(=O)NCC(=O)NCC(=O)NC,13,CNC(=O)CNC(=O)CNC(C)=O,molformer_fixed_tree_solvai,-17.57840694444444,0.25895361377503173,-17.85915277777777,-17.527159259259264,-17.348908796296286,,,False,-17.57840694444444
glycine,3,CC(=O)NCC(=O)NCC(=O)NCC(=O)NC,17,CNC(=O)CNC(=O)CNC(=O)CNC(C)=O,molformer_fixed_tree_solvai,-20.49016574074074,0.39707673122040094,-20.65190277777777,-20.780849074074077,-20.037745370370374,,,False,-20.49016574074074
glycine,4,CC(=O)NCC(=O)NCC(=O)NCC(=O)NCC(=O)NC,21,CNC(=O)CNC(=O)CNC(=O)CNC(=O)CNC(C)=O,molformer_fixed_tree_solvai,-21.508857098765436,0.40527604219454644,-21.660784722222225,-21.816217129629646,-21.049569444444447,,,False,-21.508857098765436
glycine,5,CC(=O)NCC(=O)NCC(=O)NCC(=O)NCC(=O)NCC(=O)NC,25,CNC(=O)CNC(=O)CNC(=O)CNC(=O)CNC(=O)CNC(C)=O,molformer_fixed_tree_solvai,-21.903204320987665,0.48192138464826095,-21.99809490740742,-22.33062222222223,-21.38089583333334,,,False,-21.903204320987665
glycine,6,CC(=O)NCC(=O)NCC(=O)NCC(=O)NCC(=O)NCC(=O)NCC(=O)NC,29,CNC(=O)CNC(=O)CNC(=O)CNC(=O)CNC(=O)CNC(=O)CNC(C)=O,molformer_fixed_tree_solvai,-22.01864567901235,0.5129816073816105,-22.1649351851852,-22.442592129629634,-21.448409722222223,,,False,-22.01864567901235
glycine,7,CC(=O)NCC(=O)NCC(=O)NCC(=O)NCC(=O)NCC(=O)NCC(=O)NCC(=O)NC,33,CNC(=O)CNC(=O)CNC(=O)CNC(=O)CNC(=O)CNC(=O)CNC(=O)CNC(C)=O,molformer_fixed_tree_solvai,-22.127658024691367,0.4876614576441206,-22.253321759259272,-22.54018935185185,-21.58946296296297,,,False,-22.127658024691367
glycine,8,CC(=O)NCC(=O)NCC(=O)NCC(=O)NCC(=O)NCC(=O)NCC(=O)NCC(=O)NCC(=O)NC,37,CNC(=O)CNC(=O)CNC(=O)CNC(=O)CNC(=O)CNC(=O)CNC(=O)CNC(=O)CNC(C)=O,molformer_fixed_tree_solvai,-22.1510175925926,0.32922405983311875,-22.216317129629637,-22.442698611111112,-21.794037037037043,,,False,-22.1510175925926
glycine,9,CC(=O)NCC(=O)NCC(=O)NCC(=O)NCC(=O)NCC(=O)NCC(=O)NCC(=O)NCC(=O)NCC(=O)NC,41,CNC(=O)CNC(=O)CNC(=O)CNC(=O)CNC(=O)CNC(=O)CNC(=O)CNC(=O)CNC(=O)CNC(C)=O,molformer_fixed_tree_solvai,-22.189124074074076,0.3665464486643099,-22.261590277777785,-22.514024999999997,-21.79175694444445,,,False,-22.189124074074076
glycine,10,CC(=O)NCC(=O)NCC(=O)NCC(=O)NCC(=O)NCC(=O)NCC(=O)NCC(=O)NCC(=O)NCC(=O)NCC(=O)NC,45,CNC(=O)CNC(=O)CNC(=O)CNC(=O)CNC(=O)CNC(=O)CNC(=O)CNC(=O)CNC(=O)CNC(=O)CNC(C)=O,molformer_fixed_tree_solvai,-22.249120987654322,0.39859800826028763,-22.307231481481484,-22.61547407407407,-21.82465740740741,,,False,-22.249120987654322
glycine,11,CC(=O)NCC(=O)NCC(=O)NCC(=O)NCC(=O)NCC(=O)NCC(=O)NCC(=O)NCC(=O)NCC(=O)NCC(=O)NCC(=O)NC,49,CNC(=O)CNC(=O)CNC(=O)CNC(=O)CNC(=O)CNC(=O)CNC(=O)CNC(=O)CNC(=O)CNC(=O)CNC(=O)CNC(C)=O,molformer_fixed_tree_solvai,-22.228884104938274,0.32141749052453605,-22.33791203703704,-22.481606018518516,-21.867134259259263,,,False,-22.228884104938274
glycine,12,CC(=O)NCC(=O)NCC(=O)NCC(=O)NCC(=O)NCC(=O)NCC(=O)NCC(=O)NCC(=O)NCC(=O)NCC(=O)NCC(=O)NCC(=O)NC,53,CNC(=O)CNC(=O)CNC(=O)CNC(=O)CNC(=O)CNC(=O)CNC(=O)CNC(=O)CNC(=O)CNC(=O)CNC(=O)CNC(=O)CNC(C)=O,molformer_fixed_tree_solvai,-22.306789197530865,0.34178773175994126,-22.439006944444447,-22.562717129629632,-21.918643518518518,,,False,-22.306789197530865
alanine,0,CC(=O)NC,5,CNC(C)=O,molformer_fixed_tree_solvai,-10.014715509259267,0.015153263132017251,-10.00742509920635,-10.032136011904774,-10.004585416666673,,,False,-10.014715509259267
alanine,1,CC(=O)N[C@@H](C)C(=O)NC,10,CNC(=O)[C@H](C)NC(C)=O,molformer_fixed_tree_solvai,-12.801170370370379,0.10513618575385807,-12.683350000000008,-12.885425925925933,-12.834735185185197,,,False,-12.801170370370379
alanine,2,CC(=O)N[C@@H](C)C(=O)N[C@@H](C)C(=O)NC,15,CNC(=O)[C@H](C)NC(=O)[C@H](C)NC(C)=O,molformer_fixed_tree_solvai,-17.928248302469136,0.17510223471229547,-18.119965277777787,-17.888015740740734,-17.776763888888887,,,False,-17.928248302469136
alanine,3,CC(=O)N[C@@H](C)C(=O)N[C@@H](C)C(=O)N[C@@H](C)C(=O)NC,20,CNC(=O)[C@H](C)NC(=O)[C@H](C)NC(=O)[C@H](C)NC(C)=O,molformer_fixed_tree_solvai,-21.325004475308646,0.23359681493076898,-21.542726851851857,-21.354038888888883,-21.078247685185197,,,False,-21.325004475308646
alanine,4,CC(=O)N[C@@H](C)C(=O)N[C@@H](C)C(=O)N[C@@H](C)C(=O)N[C@@H](C)C(=O)NC,25,CNC(=O)[C@H](C)NC(=O)[C@H](C)NC(=O)[C@H](C)NC(=O)[C@H](C)NC(C)=O,molformer_fixed_tree_solvai,-23.112664197530872,0.38818437869862554,-23.51243981481482,-23.088337500000005,-22.73721527777779,,,False,-23.112664197530872
alanine,5,CC(=O)N[C@@H](C)C(=O)N[C@@H](C)C(=O)N[C@@H](C)C(=O)N[C@@H](C)C(=O)N[C@@H](C)C(=O)NC,30,CNC(=O)[C@H](C)NC(=O)[C@H](C)NC(=O)[C@H](C)NC(=O)[C@H](C)NC(=O)[C@H](C)NC(C)=O,molformer_fixed_tree_solvai,-23.50747438271605,0.2840193249030228,-23.826506944444453,-23.413765740740725,-23.282150462962974,,,False,-23.50747438271605
alanine,6,CC(=O)N[C@@H](C)C(=O)N[C@@H](C)C(=O)N[C@@H](C)C(=O)N[C@@H](C)C(=O)N[C@@H](C)C(=O)N[C@@H](C)C(=O)NC,35,CNC(=O)[C@H](C)NC(=O)[C@H](C)NC(=O)[C@H](C)NC(=O)[C@H](C)NC(=O)[C@H](C)NC(=O)[C@H](C)NC(C)=O,molformer_fixed_tree_solvai,-23.823391820987656,0.3782879219662055,-24.260023148148157,-23.59427962962962,-23.6158726851852,,,False,-23.823391820987656
alanine,7,CC(=O)N[C@@H](C)C(=O)N[C@@H](C)C(=O)N[C@@H](C)C(=O)N[C@@H](C)C(=O)N[C@@H](C)C(=O)N[C@@H](C)C(=O)N[C@@H](C)C(=O)NC,40,CNC(=O)[C@H](C)NC(=O)[C@H](C)NC(=O)[C@H](C)NC(=O)[C@H](C)NC(=O)[C@H](C)NC(=O)[C@H](C)NC(=O)[C@H](C)NC(C)=O,molformer_fixed_tree_solvai,-23.99316574074074,0.26773262963478756,-24.263219907407418,-23.727816666666648,-23.988460648148163,,,False,-23.99316574074074
alanine,8,CC(=O)N[C@@H](C)C(=O)N[C@@H](C)C(=O)N[C@@H](C)C(=O)N[C@@H](C)C(=O)N[C@@H](C)C(=O)N[C@@H](C)C(=O)N[C@@H](C)C(=O)N[C@@H](C)C(=O)NC,45,CNC(=O)[C@H](C)NC(=O)[C@H](C)NC(=O)[C@H](C)NC(=O)[C@H](C)NC(=O)[C@H](C)NC(=O)[C@H](C)NC(=O)[C@H](C)NC(=O)[C@H](C)NC(C)=O,molformer_fixed_tree_solvai,-24.157780709876548,0.24809143132085604,-24.393006944444455,-23.898566666666653,-24.181768518518542,,,False,-24.157780709876548
alanine,9,CC(=O)N[C@@H](C)C(=O)N[C@@H](C)C(=O)N[C@@H](C)C(=O)N[C@@H](C)C(=O)N[C@@H](C)C(=O)N[C@@H](C)C(=O)N[C@@H](C)C(=O)N[C@@H](C)C(=O)N[C@@H](C)C(=O)NC,50,CNC(=O)[C@H](C)NC(=O)[C@H](C)NC(=O)[C@H](C)NC(=O)[C@H](C)NC(=O)[C@H](C)NC(=O)[C@H](C)NC(=O)[C@H](C)NC(=O)[C@H](C)NC(=O)[C@H](C)NC(C)=O,molformer_fixed_tree_solvai,-24.159627932098772,0.28977926406406523,-24.460083333333355,-23.88185833333332,-24.136942129629652,,,False,-24.159627932098772
alanine,10,CC(=O)N[C@@H](C)C(=O)N[C@@H](C)C(=O)N[C@@H](C)C(=O)N[C@@H](C)C(=O)N[C@@H](C)C(=O)N[C@@H](C)C(=O)N[C@@H](C)C(=O)N[C@@H](C)C(=O)N[C@@H](C)C(=O)N[C@@H](C)C(=O)NC,55,CNC(=O)[C@H](C)NC(=O)[C@H](C)NC(=O)[C@H](C)NC(=O)[C@H](C)NC(=O)[C@H](C)NC(=O)[C@H](C)NC(=O)[C@H](C)NC(=O)[C@H](C)NC(=O)[C@H](C)NC(=O)[C@H](C)NC(C)=O,molformer_fixed_tree_solvai,-24.052555401234574,0.32149647130817693,-24.391037037037055,-23.751281944444433,-24.015347222222236,,,False,-24.052555401234574
alanine,11,CC(=O)N[C@@H](C)C(=O)N[C@@H](C)C(=O)N[C@@H](C)C(=O)N[C@@H](C)C(=O)N[C@@H](C)C(=O)N[C@@H](C)C(=O)N[C@@H](C)C(=O)N[C@@H](C)C(=O)N[C@@H](C)C(=O)N[C@@H](C)C(=O)N[C@@H](C)C(=O)NC,60,CNC(=O)[C@H](C)NC(=O)[C@H](C)NC(=O)[C@H](C)NC(=O)[C@H](C)NC(=O)[C@H](C)NC(=O)[C@H](C)NC(=O)[C@H](C)NC(=O)[C@H](C)NC(=O)[C@H](C)NC(=O)[C@H](C)NC(=O)[C@H](C)NC(C)=O,molformer_fixed_tree_solvai,-24.094840895061736,0.3471242768725003,-24.466303240740753,-23.778698611111103,-24.039520833333352,,,False,-24.094840895061736
alanine,12,CC(=O)N[C@@H](C)C(=O)N[C@@H](C)C(=O)N[C@@H](C)C(=O)N[C@@H](C)C(=O)N[C@@H](C)C(=O)N[C@@H](C)C(=O)N[C@@H](C)C(=O)N[C@@H](C)C(=O)N[C@@H](C)C(=O)N[C@@H](C)C(=O)N[C@@H](C)C(=O)N[C@@H](C)C(=O)NC,65,CNC(=O)[C@H](C)NC(=O)[C@H](C)NC(=O)[C@H](C)NC(=O)[C@H](C)NC(=O)[C@H](C)NC(=O)[C@H](C)NC(=O)[C@H](C)NC(=O)[C@H](C)NC(=O)[C@H](C)NC(=O)[C@H](C)NC(=O)[C@H](C)NC(=O)[C@H](C)NC(C)=O,molformer_fixed_tree_solvai,-23.904516820987663,0.1354530196380065,-23.93813425925927,-23.75542083333332,-24.019995370370392,,,False,-23.904516820987663
alkane,1,C,1,C,molformer_fixed_tree_solvai,1.9412744550264576,0.0056624220282764,1.9460337619047654,1.942777425925928,1.9350121772486792,,,False,1.9412744550264576
alkane,2,CC,2,CC,molformer_fixed_tree_solvai,1.8154353681657867,0.002222375758393516,1.815234041005292,1.8177515575396843,1.8133205059523834,,,False,1.8154353681657867
alkane,3,CCC,3,CCC,molformer_fixed_tree_solvai,1.9656335304232826,0.011683300166767593,1.96169312698413,1.9564299047619065,1.9787775595238117,,,False,1.9656335304232826
alkane,4,CCCC,4,CCCC,molformer_fixed_tree_solvai,2.1030053884479742,0.008613283469007386,2.096459665343918,2.112763138888892,2.099793361111113,,,False,2.1030053884479742
alkane,5,CCCCC,5,CCCCC,molformer_fixed_tree_solvai,2.335200273368604,0.0002816925255369064,2.3349887275132244,2.3350920674603146,2.3355200251322734,,,False,2.335200273368604
alkane,6,CCCCCC,6,CCCCCC,molformer_fixed_tree_solvai,2.507952806437389,0.0007759104834039921,2.508629755291004,2.507106058201057,2.508122605820105,,,False,2.507952806437389
alkane,7,CCCCCCC,7,CCCCCCC,molformer_fixed_tree_solvai,2.708349467592591,0.011086651033306692,2.7174750555555525,2.711562055555557,2.696011291666665,,,False,2.708349467592591
alkane,8,CCCCCCCC,8,CCCCCCCC,molformer_fixed_tree_solvai,2.8846556250000024,0.001467411226991761,2.8859680416666675,2.884927569444447,2.8830712638888922,,,False,2.8846556250000024
alkane,9,CCCCCCCCC,9,CCCCCCCCC,molformer_fixed_tree_solvai,3.1308936095679,0.014848740295332173,3.1355095231481465,3.142886180555554,3.1142851249999985,,,False,3.1308936095679
alkane,10,CCCCCCCCCC,10,CCCCCCCCCC,molformer_fixed_tree_solvai,3.187796121913576,0.011050870447867674,3.200435249999995,3.1829967777777743,3.179956337962959,,,False,3.187796121913576
alkane,11,CCCCCCCCCCC,11,CCCCCCCCCCC,molformer_fixed_tree_solvai,3.4947422839506217,0.007591112637115574,3.493622685185189,3.502831018518522,3.487773148148153,,,False,3.4947422839506217
alkane,12,CCCCCCCCCCCC,12,CCCCCCCCCCCC,molformer_fixed_tree_solvai,3.4169807098765497,0.007224437402646326,3.4168379629629695,3.40982870370371,3.42427546296297,,,False,3.4169807098765497
alkane,13,CCCCCCCCCCCCC,13,CCCCCCCCCCCCC,molformer_fixed_tree_solvai,4.059268339506178,0.014269589857876134,4.043180555555563,4.064228629629634,4.070395833333338,,,False,4.059268339506178
alkane,14,CCCCCCCCCCCCCC,14,CCCCCCCCCCCCCC,molformer_fixed_tree_solvai,2.3959113611111156,0.027840826387089884,2.3672312268518554,2.397673708333337,2.422829148148153,,,False,2.3959113611111156
alkane,15,CCCCCCCCCCCCCCC,15,CCCCCCCCCCCCCCC,molformer_fixed_tree_solvai,4.122294195987656,0.03216636790561592,4.085939143518522,4.133883259259259,4.147060185185186,,,False,4.122294195987656
alkane,16,CCCCCCCCCCCCCCCC,16,CCCCCCCCCCCCCCCC,molformer_fixed_tree_solvai,1.8340753593474448,0.01360699362392471,1.845423282407409,1.8189903002645533,1.837812495370372,,,False,1.8340753593474448
alkane,17,CCCCCCCCCCCCCCCCC,17,CCCCCCCCCCCCCCCCC,molformer_fixed_tree_solvai,3.1702026457231067,0.036440235465521296,3.1477191455026508,3.2122463425925933,3.150642449074076,,,False,3.1702026457231067
alkane,18,CCCCCCCCCCCCCCCCCC,18,CCCCCCCCCCCCCCCCCC,molformer_fixed_tree_solvai,4.09943932716049,0.002625244686509409,4.09843981481481,4.102417518518517,4.097460648148144,,,False,4.09943932716049
alkane,19,CCCCCCCCCCCCCCCCCCC,19,CCCCCCCCCCCCCCCCCCC,molformer_fixed_tree_solvai,4.3589938271605115,0.006244881877864965,4.36419907407409,4.360712962962983,4.352069444444463,,,False,4.3589938271605115
alkane,20,CCCCCCCCCCCCCCCCCCCC,20,CCCCCCCCCCCCCCCCCCCC,molformer_fixed_tree_solvai,4.473637345679024,0.005367117336383099,4.471805555555568,4.46942592592594,4.479680555555567,,,False,4.473637345679024
alkane,21,CCCCCCCCCCCCCCCCCCCCC,21,CCCCCCCCCCCCCCCCCCCCC,molformer_fixed_tree_solvai,4.75583024691356,0.0028959446618807695,4.75874074074072,4.7558009259259055,4.752949074074055,,,False,4.75583024691356
alkane,22,CCCCCCCCCCCCCCCCCCCCCC,22,CCCCCCCCCCCCCCCCCCCCCC,molformer_fixed_tree_solvai,4.837015432098744,0.0012883464340246232,4.837898148148128,4.8355370370370165,4.837611111111089,,,False,4.837015432098744
alkane,23,CCCCCCCCCCCCCCCCCCCCCCC,23,CCCCCCCCCCCCCCCCCCCCCCC,molformer_fixed_tree_solvai,5.1746450617284045,0.0046023672612974485,5.172962962962973,5.179851851851861,5.17112037037038,,,False,5.1746450617284045
alkane,24,CCCCCCCCCCCCCCCCCCCCCCCC,24,CCCCCCCCCCCCCCCCCCCCCCCC,molformer_fixed_tree_solvai,5.234149691358037,0.0015271065678569822,5.234231481481492,5.232583333333346,5.235634259259271,,,False,5.234149691358037
alkane,25,CCCCCCCCCCCCCCCCCCCCCCCCC,25,CCCCCCCCCCCCCCCCCCCCCCCCC,molformer_fixed_tree_solvai,5.284785493827177,0.001130713783530379,5.284212962962979,5.284055555555573,5.28608796296298,,,False,5.284785493827177
alkane,26,CCCCCCCCCCCCCCCCCCCCCCCCCC,26,CCCCCCCCCCCCCCCCCCCCCCCCCC,molformer_fixed_tree_solvai,5.713950617283952,0.0009213001736995464,5.714611111111112,5.714342592592594,5.71289814814815,,,False,5.713950617283952
alkane,27,CCCCCCCCCCCCCCCCCCCCCCCCCCC,27,CCCCCCCCCCCCCCCCCCCCCCCCCCC,molformer_fixed_tree_solvai,5.7608580246913546,0.00022382395999128753,5.760888888888886,5.760620370370367,5.7610648148148105,,,False,5.7608580246913546
alkane,28,CCCCCCCCCCCCCCCCCCCCCCCCCCCC,28,CCCCCCCCCCCCCCCCCCCCCCCCCCCC,molformer_fixed_tree_solvai,5.759736111111107,0.0021672452931066617,5.760888888888886,5.757236111111108,5.761083333333329,,,False,5.759736111111107
alkane,29,CCCCCCCCCCCCCCCCCCCCCCCCCCCCC,29,CCCCCCCCCCCCCCCCCCCCCCCCCCCCC,molformer_fixed_tree_solvai,5.565711419753087,0.014850825254690147,5.575421296296297,5.54861574074074,5.573097222222223,,,False,5.565711419753087
alkane,30,CCCCCCCCCCCCCCCCCCCCCCCCCCCCCC,30,CCCCCCCCCCCCCCCCCCCCCCCCCCCCCC,molformer_fixed_tree_solvai,5.492791666666669,0.00645032026458899,5.485398148148151,5.497268518518519,5.4957083333333365,,,False,5.492791666666669
glycine,0,CC(=O)NC,5,CNC(C)=O,molformer_fixed_tree_structure,-9.982356117724896,0.00754723504639247,-9.987622420634953,-9.97370962301589,-9.985736309523842,,,False,-9.982356117724896
glycine,1,CC(=O)NCC(=O)NC,9,CNC(=O)CNC(C)=O,molformer_fixed_tree_structure,-12.208132649911818,0.20497825478975096,-12.263082242063492,-11.981280092592593,-12.38003561507937,,,False,-12.208132649911818
glycine,2,CC(=O)NCC(=O)NCC(=O)NC,13,CNC(=O)CNC(=O)CNC(C)=O,molformer_fixed_tree_structure,-15.260542394179888,0.22571550923403919,-15.08546203703703,-15.180877182539671,-15.515287962962962,,,False,-15.260542394179888
glycine,3,CC(=O)NCC(=O)NCC(=O)NCC(=O)NC,17,CNC(=O)CNC(=O)CNC(=O)CNC(C)=O,molformer_fixed_tree_structure,-17.521410030864192,0.36261567657739435,-17.648654629629632,-17.11232175925925,-17.803253703703703,,,False,-17.521410030864192
glycine,4,CC(=O)NCC(=O)NCC(=O)NCC(=O)NCC(=O)NC,21,CNC(=O)CNC(=O)CNC(=O)CNC(=O)CNC(C)=O,molformer_fixed_tree_structure,-18.83050393518518,0.694115315248358,-19.177299305555554,-18.031330092592587,-19.28288240740741,,,False,-18.83050393518518
glycine,5,CC(=O)NCC(=O)NCC(=O)NCC(=O)NCC(=O)NCC(=O)NC,25,CNC(=O)CNC(=O)CNC(=O)CNC(=O)CNC(=O)CNC(C)=O,molformer_fixed_tree_structure,-19.294152854938275,0.604833936627102,-19.389820138888897,-18.64718657407407,-19.84545185185186,,,False,-19.294152854938275
glycine,6,CC(=O)NCC(=O)NCC(=O)NCC(=O)NCC(=O)NCC(=O)NCC(=O)NC,29,CNC(=O)CNC(=O)CNC(=O)CNC(=O)CNC(=O)CNC(=O)CNC(C)=O,molformer_fixed_tree_structure,-19.48789351851852,0.7664408850201092,-19.385359259259257,-18.77788101851852,-20.300440277777778,,,False,-19.48789351851852
glycine,7,CC(=O)NCC(=O)NCC(=O)NCC(=O)NCC(=O)NCC(=O)NCC(=O)NCC(=O)NC,33,CNC(=O)CNC(=O)CNC(=O)CNC(=O)CNC(=O)CNC(=O)CNC(=O)CNC(C)=O,molformer_fixed_tree_structure,-19.574092746913575,0.7351667717508745,-19.353852314814812,-18.974219444444433,-20.394206481481483,,,False,-19.574092746913575
glycine,8,CC(=O)NCC(=O)NCC(=O)NCC(=O)NCC(=O)NCC(=O)NCC(=O)NCC(=O)NCC(=O)NC,37,CNC(=O)CNC(=O)CNC(=O)CNC(=O)CNC(=O)CNC(=O)CNC(=O)CNC(=O)CNC(C)=O,molformer_fixed_tree_structure,-19.700504938271603,0.5801126825151707,-19.498477314814814,-19.248418981481475,-20.354618518518528,,,False,-19.700504938271603
glycine,9,CC(=O)NCC(=O)NCC(=O)NCC(=O)NCC(=O)NCC(=O)NCC(=O)NCC(=O)NCC(=O)NCC(=O)NC,41,CNC(=O)CNC(=O)CNC(=O)CNC(=O)CNC(=O)CNC(=O)CNC(=O)CNC(=O)CNC(=O)CNC(C)=O,molformer_fixed_tree_structure,-19.74589089506173,0.49962721949327066,-19.556713888888893,-19.368476851851856,-20.31248194444445,,,False,-19.74589089506173
glycine,10,CC(=O)NCC(=O)NCC(=O)NCC(=O)NCC(=O)NCC(=O)NCC(=O)NCC(=O)NCC(=O)NCC(=O)NCC(=O)NC,45,CNC(=O)CNC(=O)CNC(=O)CNC(=O)CNC(=O)CNC(=O)CNC(=O)CNC(=O)CNC(=O)CNC(=O)CNC(C)=O,molformer_fixed_tree_structure,-19.76660925925926,0.5655414184491161,-19.336306481481486,-19.556358796296294,-20.407162500000002,,,False,-19.76660925925926
glycine,11,CC(=O)NCC(=O)NCC(=O)NCC(=O)NCC(=O)NCC(=O)NCC(=O)NCC(=O)NCC(=O)NCC(=O)NCC(=O)NCC(=O)NC,49,CNC(=O)CNC(=O)CNC(=O)CNC(=O)CNC(=O)CNC(=O)CNC(=O)CNC(=O)CNC(=O)CNC(=O)CNC(=O)CNC(C)=O,molformer_fixed_tree_structure,-19.702821450617282,0.6074548804111514,-19.22765833333333,-19.493562499999996,-20.387243518518517,,,False,-19.702821450617282
glycine,12,CC(=O)NCC(=O)NCC(=O)NCC(=O)NCC(=O)NCC(=O)NCC(=O)NCC(=O)NCC(=O)NCC(=O)NCC(=O)NCC(=O)NCC(=O)NC,53,CNC(=O)CNC(=O)CNC(=O)CNC(=O)CNC(=O)CNC(=O)CNC(=O)CNC(=O)CNC(=O)CNC(=O)CNC(=O)CNC(=O)CNC(C)=O,molformer_fixed_tree_structure,-19.547475771604937,0.5781631702937506,-19.333264814814818,-19.106988425925927,-20.20217407407407,,,False,-19.547475771604937
alanine,0,CC(=O)NC,5,CNC(C)=O,molformer_fixed_tree_structure,-9.982356117724896,0.00754723504639247,-9.987622420634953,-9.97370962301589,-9.985736309523842,,,False,-9.982356117724896
alanine,1,CC(=O)N[C@@H](C)C(=O)NC,10,CNC(=O)[C@H](C)NC(C)=O,molformer_fixed_tree_structure,-12.231382098765435,0.1275548037717269,-12.26343664021164,-12.090857407407407,-12.339852248677252,,,False,-12.231382098765435
alanine,2,CC(=O)N[C@@H](C)C(=O)N[C@@H](C)C(=O)NC,15,CNC(=O)[C@H](C)NC(=O)[C@H](C)NC(C)=O,molformer_fixed_tree_structure,-16.298457407407398,0.18696111030690016,-16.18709999999999,-16.193967129629627,-16.514305092592583,,,False,-16.298457407407398
alanine,3,CC(=O)N[C@@H](C)C(=O)N[C@@H](C)C(=O)N[C@@H](C)C(=O)NC,20,CNC(=O)[C@H](C)NC(=O)[C@H](C)NC(=O)[C@H](C)NC(C)=O,molformer_fixed_tree_structure,-18.900961882716043,0.2856612204653017,-19.007799074074057,-18.57728101851852,-19.11780555555555,,,False,-18.900961882716043
alanine,4,CC(=O)N[C@@H](C)C(=O)N[C@@H](C)C(=O)N[C@@H](C)C(=O)N[C@@H](C)C(=O)NC,25,CNC(=O)[C@H](C)NC(=O)[C@H](C)NC(=O)[C@H](C)NC(=O)[C@H](C)NC(C)=O,molformer_fixed_tree_structure,-20.952936111111114,0.5644554685240544,-21.165043518518523,-20.313152314814825,-21.380612499999998,,,False,-20.952936111111114
alanine,5,CC(=O)N[C@@H](C)C(=O)N[C@@H](C)C(=O)N[C@@H](C)C(=O)N[C@@H](C)C(=O)N[C@@H](C)C(=O)NC,30,CNC(=O)[C@H](C)NC(=O)[C@H](C)NC(=O)[C@H](C)NC(=O)[C@H](C)NC(=O)[C@H](C)NC(C)=O,molformer_fixed_tree_structure,-21.530376851851866,0.4590414064698918,-21.537022685185192,-21.068048611111134,-21.98605925925926,,,False,-21.530376851851866
alanine,6,CC(=O)N[C@@H](C)C(=O)N[C@@H](C)C(=O)N[C@@H](C)C(=O)N[C@@H](C)C(=O)N[C@@H](C)C(=O)N[C@@H](C)C(=O)NC,35,CNC(=O)[C@H](C)NC(=O)[C@H](C)NC(=O)[C@H](C)NC(=O)[C@H](C)NC(=O)[C@H](C)NC(=O)[C@H](C)NC(C)=O,molformer_fixed_tree_structure,-21.270992592592602,0.4953751880868479,-21.21269629629631,-20.80734490740743,-21.79293657407407,,,False,-21.270992592592602
alanine,7,CC(=O)N[C@@H](C)C(=O)N[C@@H](C)C(=O)N[C@@H](C)C(=O)N[C@@H](C)C(=O)N[C@@H](C)C(=O)N[C@@H](C)C(=O)N[C@@H](C)C(=O)NC,40,CNC(=O)[C@H](C)NC(=O)[C@H](C)NC(=O)[C@H](C)NC(=O)[C@H](C)NC(=O)[C@H](C)NC(=O)[C@H](C)NC(=O)[C@H](C)NC(C)=O,molformer_fixed_tree_structure,-21.136327623456793,0.4955936542842458,-20.908659259259267,-20.795476851851866,-21.70484675925925,,,False,-21.136327623456793
alanine,8,CC(=O)N[C@@H](C)C(=O)N[C@@H](C)C(=O)N[C@@H](C)C(=O)N[C@@H](C)C(=O)N[C@@H](C)C(=O)N[C@@H](C)C(=O)N[C@@H](C)C(=O)N[C@@H](C)C(=O)NC,45,CNC(=O)[C@H](C)NC(=O)[C@H](C)NC(=O)[C@H](C)NC(=O)[C@H](C)NC(=O)[C@H](C)NC(=O)[C@H](C)NC(=O)[C@H](C)NC(=O)[C@H](C)NC(C)=O,molformer_fixed_tree_structure,-21.19618518518519,0.5139295065938112,-20.935381481481496,-20.864949074074083,-21.78822499999999,,,False,-21.19618518518519
alanine,9,CC(=O)N[C@@H](C)C(=O)N[C@@H](C)C(=O)N[C@@H](C)C(=O)N[C@@H](C)C(=O)N[C@@H](C)C(=O)N[C@@H](C)C(=O)N[C@@H](C)C(=O)N[C@@H](C)C(=O)N[C@@H](C)C(=O)NC,50,CNC(=O)[C@H](C)NC(=O)[C@H](C)NC(=O)[C@H](C)NC(=O)[C@H](C)NC(=O)[C@H](C)NC(=O)[C@H](C)NC(=O)[C@H](C)NC(=O)[C@H](C)NC(=O)[C@H](C)NC(C)=O,molformer_fixed_tree_structure,-21.12818827160494,0.5726834210473655,-20.88225648148149,-20.719548611111122,-21.782759722222213,,,False,-21.12818827160494
alanine,10,CC(=O)N[C@@H](C)C(=O)N[C@@H](C)C(=O)N[C@@H](C)C(=O)N[C@@H](C)C(=O)N[C@@H](C)C(=O)N[C@@H](C)C(=O)N[C@@H](C)C(=O)N[C@@H](C)C(=O)N[C@@H](C)C(=O)N[C@@H](C)C(=O)NC,55,CNC(=O)[C@H](C)NC(=O)[C@H](C)NC(=O)[C@H](C)NC(=O)[C@H](C)NC(=O)[C@H](C)NC(=O)[C@H](C)NC(=O)[C@H](C)NC(=O)[C@H](C)NC(=O)[C@H](C)NC(=O)[C@H](C)NC(C)=O,molformer_fixed_tree_structure,-21.106055864197533,0.731895051516672,-20.823626851851866,-20.55745462962964,-21.937086111111096,,,False,-21.106055864197533
alanine,11,CC(=O)N[C@@H](C)C(=O)N[C@@H](C)C(=O)N[C@@H](C)C(=O)N[C@@H](C)C(=O)N[C@@H](C)C(=O)N[C@@H](C)C(=O)N[C@@H](C)C(=O)N[C@@H](C)C(=O)N[C@@H](C)C(=O)N[C@@H](C)C(=O)N[C@@H](C)C(=O)NC,60,CNC(=O)[C@H](C)NC(=O)[C@H](C)NC(=O)[C@H](C)NC(=O)[C@H](C)NC(=O)[C@H](C)NC(=O)[C@H](C)NC(=O)[C@H](C)NC(=O)[C@H](C)NC(=O)[C@H](C)NC(=O)[C@H](C)NC(=O)[C@H](C)NC(C)=O,molformer_fixed_tree_structure,-21.101168209876548,0.5507559172799416,-20.726053240740747,-20.843980092592606,-21.733471296296287,,,False,-21.101168209876548
alanine,12,CC(=O)N[C@@H](C)C(=O)N[C@@H](C)C(=O)N[C@@H](C)C(=O)N[C@@H](C)C(=O)N[C@@H](C)C(=O)N[C@@H](C)C(=O)N[C@@H](C)C(=O)N[C@@H](C)C(=O)N[C@@H](C)C(=O)N[C@@H](C)C(=O)N[C@@H](C)C(=O)N[C@@H](C)C(=O)NC,65,CNC(=O)[C@H](C)NC(=O)[C@H](C)NC(=O)[C@H](C)NC(=O)[C@H](C)NC(=O)[C@H](C)NC(=O)[C@H](C)NC(=O)[C@H](C)NC(=O)[C@H](C)NC(=O)[C@H](C)NC(=O)[C@H](C)NC(=O)[C@H](C)NC(=O)[C@H](C)NC(C)=O,molformer_fixed_tree_structure,-20.951514991181664,0.5365366618955074,-20.729550925925935,-20.561577314814823,-21.563416732804228,,,False,-20.951514991181664
alkane,1,C,1,C,molformer_fixed_tree_structure,1.9462753791887124,0.0053019328851385316,1.9523811626984127,1.9436098478835977,1.9428351269841273,,,False,1.9462753791887124
alkane,2,CC,2,CC,molformer_fixed_tree_structure,1.8026974029982374,0.005186998850853672,1.8080980588624347,1.797754388227514,1.8022397619047632,,,False,1.8026974029982374
alkane,3,CCC,3,CCC,molformer_fixed_tree_structure,1.9568030952380953,0.002528226121321824,1.9590446058201052,1.9573021084656095,1.9540625714285706,,,False,1.9568030952380953
alkane,4,CCCC,4,CCCC,molformer_fixed_tree_structure,2.099600757936509,0.00745431121982406,2.0933643849206383,2.097581095238094,2.1078567936507935,,,False,2.099600757936509
alkane,5,CCCCC,5,CCCCC,molformer_fixed_tree_structure,2.334885947971778,0.0014860695216799159,2.3331927698412653,2.3359739153439127,2.3354911587301554,,,False,2.334885947971778
alkane,6,CCCCCC,6,CCCCCC,molformer_fixed_tree_structure,2.50542368276014,0.003140466618081711,2.5090208035714263,2.504022705026455,2.5032275396825376,,,False,2.50542368276014
alkane,7,CCCCCCC,7,CCCCCCC,molformer_fixed_tree_structure,2.658723938051144,0.005097420394619091,2.6642998703703675,2.6543033578042303,2.6575685859788334,,,False,2.658723938051144
alkane,8,CCCCCCCC,8,CCCCCCCC,molformer_fixed_tree_structure,2.8874436481481514,0.0025239001755100244,2.8864399166666708,2.8903150000000037,2.8855760277777796,,,False,2.8874436481481514
alkane,9,CCCCCCCCC,9,CCCCCCCCC,molformer_fixed_tree_structure,3.0808197993827133,0.02386736526921637,3.0977131342592568,3.0535154398148117,3.0912308240740725,,,False,3.0808197993827133
alkane,10,CCCCCCCCCC,10,CCCCCCCCCC,molformer_fixed_tree_structure,3.147706851851847,0.014997064280623288,3.1356957361111073,3.1429090879629586,3.164515731481475,,,False,3.147706851851847
alkane,11,CCCCCCCCCCC,11,CCCCCCCCCCC,molformer_fixed_tree_structure,3.518465646604944,0.008124109898408451,3.5276250000000084,3.5121307361111165,3.5156412037037064,,,False,3.518465646604944
alkane,12,CCCCCCCCCCCC,12,CCCCCCCCCCCC,molformer_fixed_tree_structure,3.464445763888897,0.01769636128902151,3.480608796296306,3.467191458333341,3.445537037037045,,,False,3.464445763888897
alkane,13,CCCCCCCCCCCCC,13,CCCCCCCCCCCCC,molformer_fixed_tree_structure,4.065669753086424,0.00453375810590849,4.063356481481486,4.070893518518525,4.06275925925926,,,False,4.065669753086424
alkane,14,CCCCCCCCCCCCCC,14,CCCCCCCCCCCCCC,molformer_fixed_tree_structure,2.3249175200617316,0.01716981159466781,2.3069079027777804,2.3267430046296327,2.341101652777782,,,False,2.3249175200617316
alkane,15,CCCCCCCCCCCCCCC,15,CCCCCCCCCCCCCCC,molformer_fixed_tree_structure,4.078316925925925,0.02329114665885832,4.053472222222221,4.08182114814815,4.0996574074074035,,,False,4.078316925925925
alkane,16,CCCCCCCCCCCCCCCC,16,CCCCCCCCCCCCCCCC,molformer_fixed_tree_structure,1.734901896384481,0.03544386281080339,1.7698531177248693,1.6989851223544974,1.735867449074075,,,False,1.734901896384481
alkane,17,CCCCCCCCCCCCCCCCC,17,CCCCCCCCCCCCCCCCC,molformer_fixed_tree_structure,3.228128940476194,0.04771953900930465,3.2797294212963006,3.1855896084656115,3.2190677916666703,,,False,3.228128940476194
alkane,18,CCCCCCCCCCCCCCCCCC,18,CCCCCCCCCCCCCCCCCC,molformer_fixed_tree_structure,4.127765432098761,0.008387734702270666,4.1305277777777745,4.1183449074074,4.1344236111111075,,,False,4.127765432098761
alkane,19,CCCCCCCCCCCCCCCCCCC,19,CCCCCCCCCCCCCCCCCCC,molformer_fixed_tree_structure,4.36168055555557,0.0018829108379310071,4.363087962962979,4.362412037037052,4.35954166666668,,,False,4.36168055555557
alkane,20,CCCCCCCCCCCCCCCCCCCC,20,CCCCCCCCCCCCCCCCCCCC,molformer_fixed_tree_structure,4.464691358024701,0.008476701827936488,4.469828703703713,4.454907407407417,4.469337962962972,,,False,4.464691358024701
alkane,21,CCCCCCCCCCCCCCCCCCCCC,21,CCCCCCCCCCCCCCCCCCCCC,molformer_fixed_tree_structure,4.753169753086401,0.00309582171365821,4.753791666666649,4.7559074074073875,4.749810185185167,,,False,4.753169753086401
alkane,22,CCCCCCCCCCCCCCCCCCCCCC,22,CCCCCCCCCCCCCCCCCCCCCC,molformer_fixed_tree_structure,4.8329938271604735,0.0036963159342854306,4.829231481481461,4.833129629629609,4.836620370370349,,,False,4.8329938271604735
alkane,23,CCCCCCCCCCCCCCCCCCCCCCC,23,CCCCCCCCCCCCCCCCCCCCCCC,molformer_fixed_tree_structure,5.176058641975317,0.0031419510537769755,5.178546296296305,5.177101851851861,5.172527777777785,,,False,5.176058641975317
alkane,24,CCCCCCCCCCCCCCCCCCCCCCCC,24,CCCCCCCCCCCCCCCCCCCCCCCC,molformer_fixed_tree_structure,5.234038580246925,0.002813102295414387,5.230972222222233,5.236500000000012,5.23464351851853,,,False,5.234038580246925
alkane,25,CCCCCCCCCCCCCCCCCCCCCCCCC,25,CCCCCCCCCCCCCCCCCCCCCCCCC,molformer_fixed_tree_structure,5.285291666666683,0.006116837594746126,5.282388888888904,5.2811666666666826,5.292319444444461,,,False,5.285291666666683
alkane,26,CCCCCCCCCCCCCCCCCCCCCCCCCC,26,CCCCCCCCCCCCCCCCCCCCCCCCCC,molformer_fixed_tree_structure,5.711077160493829,0.0056012804524416225,5.713166666666669,5.7153333333333345,5.704731481481483,,,False,5.711077160493829
alkane,27,CCCCCCCCCCCCCCCCCCCCCCCCCCC,27,CCCCCCCCCCCCCCCCCCCCCCCCCCC,molformer_fixed_tree_structure,5.761762345679007,0.0013618457746884967,5.761333333333329,5.760666666666662,5.763287037037032,,,False,5.761762345679007
alkane,28,CCCCCCCCCCCCCCCCCCCCCCCCCCCC,28,CCCCCCCCCCCCCCCCCCCCCCCCCCCC,molformer_fixed_tree_structure,5.761768518518514,0.0013722147248256752,5.761333333333329,5.760666666666662,5.763305555555551,,,False,5.761768518518514
alkane,29,CCCCCCCCCCCCCCCCCCCCCCCCCCCCC,29,CCCCCCCCCCCCCCCCCCCCCCCCCCCCC,molformer_fixed_tree_structure,5.549295987654321,0.012138379886753902,5.559695833333333,5.552233796296296,5.535958333333332,,,False,5.549295987654321
alkane,30,CCCCCCCCCCCCCCCCCCCCCCCCCCCCCC,30,CCCCCCCCCCCCCCCCCCCCCCCCCCCCCC,molformer_fixed_tree_structure,5.465021296296297,0.009925366241044443,5.4604597222222235,5.458196759259261,5.476407407407409,,,False,5.465021296296297
glycine,0,CC(=O)NC,5,CNC(C)=O,tabpfn_solvai,-9.995346733154792,0.003508556022636421,-9.993814438888398,-9.9967452144565,-9.998013662153515,-9.989919926522564,-9.99824042375298,False,-9.996191105166137
glycine,1,CC(=O)NCC(=O)NC,9,CNC(=O)CNC(C)=O,tabpfn_solvai,-13.333469043607806,0.2261660802436955,-12.98126623425679,-13.613543121843591,-13.365419871077602,-13.365559825502272,-13.34155616535877,False,-13.320076409059327
glycine,2,CC(=O)NCC(=O)NCC(=O)NC,13,CNC(=O)CNC(=O)CNC(C)=O,tabpfn_solvai,-19.485134718388544,0.34322471605864463,-19.640657980332485,-19.79219023812582,-19.1422052774057,-19.08768328533403,-19.762936810744677,False,-19.525017831954667
glycine,3,CC(=O)NCC(=O)NCC(=O)NCC(=O)NC,17,CNC(=O)CNC(=O)CNC(=O)CNC(C)=O,tabpfn_solvai,-25.120371400654808,0.41391519381475983,-25.428199799510267,-25.3927942826936,-24.463780354880235,-24.95568059242244,-25.361401973767485,False,-25.09492481236137
glycine,4,CC(=O)NCC(=O)NCC(=O)NCC(=O)NCC(=O)NC,21,CNC(=O)CNC(=O)CNC(=O)CNC(=O)CNC(C)=O,tabpfn_solvai,-30.38782368095673,0.5351934212444718,-30.82266692071323,-30.821870893015102,-29.546726642516433,-30.547725567660365,-30.20012838087851,False,-30.39708815208159
glycine,5,CC(=O)NCC(=O)NCC(=O)NCC(=O)NCC(=O)NCC(=O)NC,25,CNC(=O)CNC(=O)CNC(=O)CNC(=O)CNC(=O)CNC(C)=O,tabpfn_solvai,-35.689668137177705,0.7653609664886452,-36.249166479940804,-36.44243822568589,-34.553249546932506,-35.88147490850624,-35.32201152482306,False,-35.74828475085307
glycine,6,CC(=O)NCC(=O)NCC(=O)NCC(=O)NCC(=O)NCC(=O)NCC(=O)NC,29,CNC(=O)CNC(=O)CNC(=O)CNC(=O)CNC(=O)CNC(=O)CNC(C)=O,tabpfn_solvai,-40.80220728596424,0.8090211919855513,-41.22474115022972,-41.697420980117165,-39.53011628591838,-40.8764896617494,-40.68226835180654,False,-40.81742613875509
glycine,7,CC(=O)NCC(=O)NCC(=O)NCC(=O)NCC(=O)NCC(=O)NCC(=O)NCC(=O)NC,33,CNC(=O)CNC(=O)CNC(=O)CNC(=O)CNC(=O)CNC(=O)CNC(=O)CNC(C)=O,tabpfn_solvai,-46.091495291034775,0.7214495317193663,-46.1502416627365,-47.04537362822961,-45.01733598760303,-46.20260941961324,-46.041915756991465,False,-46.07098375952305
glycine,8,CC(=O)NCC(=O)NCC(=O)NCC(=O)NCC(=O)NCC(=O)NCC(=O)NCC(=O)NCC(=O)NC,37,CNC(=O)CNC(=O)CNC(=O)CNC(=O)CNC(=O)CNC(=O)CNC(=O)CNC(=O)CNC(C)=O,tabpfn_solvai,-51.16030488262424,1.00581826547183,-50.73905080413575,-52.721183393470376,-49.971363581742665,-51.089865171110034,-51.28006146266237,False,-51.1438659264496
glycine,9,CC(=O)NCC(=O)NCC(=O)NCC(=O)NCC(=O)NCC(=O)NCC(=O)NCC(=O)NCC(=O)NCC(=O)NC,41,CNC(=O)CNC(=O)CNC(=O)CNC(=O)CNC(=O)CNC(=O)CNC(=O)CNC(=O)CNC(=O)CNC(C)=O,tabpfn_solvai,-56.463456524982135,1.177262325956559,-55.5658698651748,-58.31729118069874,-55.33737448431261,-56.45106211389131,-56.645684980833224,False,-56.406845176728716
glycine,10,CC(=O)NCC(=O)NCC(=O)NCC(=O)NCC(=O)NCC(=O)NCC(=O)NCC(=O)NCC(=O)NCC(=O)NCC(=O)NC,45,CNC(=O)CNC(=O)CNC(=O)CNC(=O)CNC(=O)CNC(=O)CNC(=O)CNC(=O)CNC(=O)CNC(=O)CNC(C)=O,tabpfn_solvai,-62.334793369042686,1.3219646073794817,-61.6764666521922,-64.43691118969491,-61.33516209979553,-61.39154542666282,-62.83388147686797,False,-62.48284664722755
glycine,11,CC(=O)NCC(=O)NCC(=O)NCC(=O)NCC(=O)NCC(=O)NCC(=O)NCC(=O)NCC(=O)NCC(=O)NCC(=O)NCC(=O)NC,49,CNC(=O)CNC(=O)CNC(=O)CNC(=O)CNC(=O)CNC(=O)CNC(=O)CNC(=O)CNC(=O)CNC(=O)CNC(=O)CNC(C)=O,tabpfn_solvai,-65.3555441604527,1.4825542525379043,-64.48387446178437,-67.6948281586267,-64.21205816702414,-64.41897340233713,-65.96798661249119,False,-65.46358692914507
glycine,12,CC(=O)NCC(=O)NCC(=O)NCC(=O)NCC(=O)NCC(=O)NCC(=O)NCC(=O)NCC(=O)NCC(=O)NCC(=O)NCC(=O)NCC(=O)NC,53,CNC(=O)CNC(=O)CNC(=O)CNC(=O)CNC(=O)CNC(=O)CNC(=O)CNC(=O)CNC(=O)CNC(=O)CNC(=O)CNC(=O)CNC(C)=O,tabpfn_solvai,-67.193785176846,1.3401476124242806,-66.28049244175564,-69.19565925309416,-66.38913959309991,-66.14225290168102,-67.96138169459931,False,-67.28843042931658
alanine,0,CC(=O)NC,5,CNC(C)=O,tabpfn_solvai,-9.995346733154792,0.003508556022636421,-9.993814438888398,-9.9967452144565,-9.998013662153515,-9.989919926522564,-9.99824042375298,False,-9.996191105166137
alanine,1,CC(=O)N[C@@H](C)C(=O)NC,10,CNC(=O)[C@H](C)NC(C)=O,tabpfn_solvai,-12.502615488003396,0.23342775174873506,-12.123438323450872,-12.692145194937298,-12.443084780998515,-12.670032395839346,-12.584376744790955,False,-12.419556099795562
alanine,2,CC(=O)N[C@@H](C)C(=O)N[C@@H](C)C(=O)NC,15,CNC(=O)[C@H](C)NC(=O)[C@H](C)NC(C)=O,tabpfn_solvai,-18.2935894384731,0.336678243780715,-18.319732688791564,-18.465786055647797,-17.99177400136349,-17.94120616468251,-18.749448281880138,False,-18.25909758193428
alanine,3,CC(=O)N[C@@H](C)C(=O)N[C@@H](C)C(=O)N[C@@H](C)C(=O)NC,20,CNC(=O)[C@H](C)NC(=O)[C@H](C)NC(=O)[C@H](C)NC(C)=O,tabpfn_solvai,-23.618310833140225,0.3642769815634713,-23.67672273148274,-23.750938732258057,-23.149982700072535,-23.401980975879404,-24.11192902600839,False,-23.525881387937776
alanine,4,CC(=O)N[C@@H](C)C(=O)N[C@@H](C)C(=O)N[C@@H](C)C(=O)N[C@@H](C)C(=O)NC,25,CNC(=O)[C@H](C)NC(=O)[C@H](C)NC(=O)[C@H](C)NC(=O)[C@H](C)NC(C)=O,tabpfn_solvai,-29.311584784689888,0.46067139724961975,-29.24712260342161,-29.614731501356367,-28.535013231797713,-29.530057302855667,-29.630999284018074,False,-29.1322891121919
alanine,5,CC(=O)N[C@@H](C)C(=O)N[C@@H](C)C(=O)N[C@@H](C)C(=O)N[C@@H](C)C(=O)N[C@@H](C)C(=O)NC,30,CNC(=O)[C@H](C)NC(=O)[C@H](C)NC(=O)[C@H](C)NC(=O)[C@H](C)NC(=O)[C@H](C)NC(C)=O,tabpfn_solvai,-34.74168843608897,0.5647301995806688,-34.55705016582356,-35.30973569115195,-33.87266476183441,-35.1358213548613,-34.83317020677365,False,-34.57981687293664
alanine,6,CC(=O)N[C@@H](C)C(=O)N[C@@H](C)C(=O)N[C@@H](C)C(=O)N[C@@H](C)C(=O)N[C@@H](C)C(=O)N[C@@H](C)C(=O)NC,35,CNC(=O)[C@H](C)NC(=O)[C@H](C)NC(=O)[C@H](C)NC(=O)[C@H](C)NC(=O)[C@H](C)NC(=O)[C@H](C)NC(C)=O,tabpfn_solvai,-39.41744978522357,0.6058472560355831,-38.9327530078244,-40.12807245111096,-38.740879625276015,-39.933461394669024,-39.35208244723742,False,-39.267235028070466
alanine,7,CC(=O)N[C@@H](C)C(=O)N[C@@H](C)C(=O)N[C@@H](C)C(=O)N[C@@H](C)C(=O)N[C@@H](C)C(=O)N[C@@H](C)C(=O)N[C@@H](C)C(=O)NC,40,CNC(=O)[C@H](C)NC(=O)[C@H](C)NC(=O)[C@H](C)NC(=O)[C@H](C)NC(=O)[C@H](C)NC(=O)[C@H](C)NC(=O)[C@H](C)NC(C)=O,tabpfn_solvai,-45.1504592190897,0.7533729762787886,-44.352867810767,-46.249171134703644,-44.53767851433201,-45.268228800612505,-45.344349835033334,False,-45.04657248660089
alanine,8,CC(=O)N[C@@H](C)C(=O)N[C@@H](C)C(=O)N[C@@H](C)C(=O)N[C@@H](C)C(=O)N[C@@H](C)C(=O)N[C@@H](C)C(=O)N[C@@H](C)C(=O)N[C@@H](C)C(=O)NC,45,CNC(=O)[C@H](C)NC(=O)[C@H](C)NC(=O)[C@H](C)NC(=O)[C@H](C)NC(=O)[C@H](C)NC(=O)[C@H](C)NC(=O)[C@H](C)NC(=O)[C@H](C)NC(C)=O,tabpfn_solvai,-51.21828971328775,1.0457521108034444,-50.23395823812459,-52.866797409727646,-50.512997834667814,-50.930933635084116,-51.54676144883463,False,-51.20458449417335
alanine,9,CC(=O)N[C@@H](C)C(=O)N[C@@H](C)C(=O)N[C@@H](C)C(=O)N[C@@H](C)C(=O)N[C@@H](C)C(=O)N[C@@H](C)C(=O)N[C@@H](C)C(=O)N[C@@H](C)C(=O)N[C@@H](C)C(=O)NC,50,CNC(=O)[C@H](C)NC(=O)[C@H](C)NC(=O)[C@H](C)NC(=O)[C@H](C)NC(=O)[C@H](C)NC(=O)[C@H](C)NC(=O)[C@H](C)NC(=O)[C@H](C)NC(=O)[C@H](C)NC(C)=O,tabpfn_solvai,-57.10366499003527,1.3516450978473091,-55.836500385737814,-59.33572949010163,-56.426345099549486,-56.62832827007408,-57.29142170471334,False,-57.1995249917963
alanine,10,CC(=O)N[C@@H](C)C(=O)N[C@@H](C)C(=O)N[C@@H](C)C(=O)N[C@@H](C)C(=O)N[C@@H](C)C(=O)N[C@@H](C)C(=O)N[C@@H](C)C(=O)N[C@@H](C)C(=O)N[C@@H](C)C(=O)N[C@@H](C)C(=O)NC,55,CNC(=O)[C@H](C)NC(=O)[C@H](C)NC(=O)[C@H](C)NC(=O)[C@H](C)NC(=O)[C@H](C)NC(=O)[C@H](C)NC(=O)[C@H](C)NC(=O)[C@H](C)NC(=O)[C@H](C)NC(=O)[C@H](C)NC(C)=O,tabpfn_solvai,-62.668198114217944,1.7556195304428526,-61.51955707376152,-65.61397868632443,-61.9094169536439,-61.36896847491596,-62.92906938244393,False,-63.01431757124328
alanine,11,CC(=O)N[C@@H](C)C(=O)N[C@@H](C)C(=O)N[C@@H](C)C(=O)N[C@@H](C)C(=O)N[C@@H](C)C(=O)N[C@@H](C)C(=O)N[C@@H](C)C(=O)N[C@@H](C)C(=O)N[C@@H](C)C(=O)N[C@@H](C)C(=O)N[C@@H](C)C(=O)NC,60,CNC(=O)[C@H](C)NC(=O)[C@H](C)NC(=O)[C@H](C)NC(=O)[C@H](C)NC(=O)[C@H](C)NC(=O)[C@H](C)NC(=O)[C@H](C)NC(=O)[C@H](C)NC(=O)[C@H](C)NC(=O)[C@H](C)NC(=O)[C@H](C)NC(C)=O,tabpfn_solvai,-66.28568433754342,1.5596404662884673,-65.1754453739566,-68.96782053603043,-65.77507863014525,-65.26537524494493,-66.24470190263989,False,-66.6394481800441
alanine,12,CC(=O)N[C@@H](C)C(=O)N[C@@H](C)C(=O)N[C@@H](C)C(=O)N[C@@H](C)C(=O)N[C@@H](C)C(=O)N[C@@H](C)C(=O)N[C@@H](C)C(=O)N[C@@H](C)C(=O)N[C@@H](C)C(=O)N[C@@H](C)C(=O)N[C@@H](C)C(=O)N[C@@H](C)C(=O)NC,65,CNC(=O)[C@H](C)NC(=O)[C@H](C)NC(=O)[C@H](C)NC(=O)[C@H](C)NC(=O)[C@H](C)NC(=O)[C@H](C)NC(=O)[C@H](C)NC(=O)[C@H](C)NC(=O)[C@H](C)NC(=O)[C@H](C)NC(=O)[C@H](C)NC(=O)[C@H](C)NC(C)=O,tabpfn_solvai,-71.3858399408991,1.8595657303714994,-70.68108945559788,-74.5589584648705,-70.47663080427913,-69.82381722881567,-71.38870375093236,False,-71.90555957491584
alkane,1,C,1,C,tabpfn_solvai,1.9697989808426748,0.0033276784906173403,1.96770226278261,1.9660446591115113,1.9689382316047004,1.9742813017921241,1.9720284489224271,False,1.9675617178329405
alkane,2,CC,2,CC,tabpfn_solvai,1.8037722869584543,0.0019190575455272799,1.8053214702398073,1.8054661488644674,1.803621348768809,1.8037524453185005,1.8007000216006857,False,1.804802989291028
alkane,3,CCC,3,CCC,tabpfn_solvai,1.970311910856467,0.005472700904953965,1.9782330950828229,1.9690126377545258,1.9635609109673569,1.9725882666211092,1.9681646438565217,False,1.9702688812682352
alkane,4,CCCC,4,CCCC,tabpfn_solvai,2.0976256755118072,0.0036552093960000704,2.093951192760456,2.095191885782536,2.096213494030131,2.1027541489147366,2.100017656071177,False,2.0951188575243744
alkane,5,CCCCC,5,CCCCC,tabpfn_solvai,2.341982085416662,0.0037716332064705637,2.3371134430131217,2.3452432006689863,2.340312316930592,2.3463043740914884,2.3409370923791215,False,2.3408896535375665
alkane,6,CCCCCC,6,CCCCCC,tabpfn_solvai,2.499415813836108,0.004302324364115103,2.495242455565931,2.494748186142094,2.500134364654417,2.5042934322196277,2.502660630598471,False,2.4967083354541475
alkane,7,CCCCCCC,7,CCCCCCC,tabpfn_solvai,2.782851278468982,0.007308111189519083,2.779930423720857,2.7912437016442286,2.786901571329449,2.7841290564609746,2.7720516391894012,False,2.7860252322315113
alkane,8,CCCCCCCC,8,CCCCCCCC,tabpfn_solvai,2.8952564127994123,0.0019068701881280758,2.8943759400264844,2.897892516393208,2.8963004609969545,2.8929049422549467,2.894808204325467,False,2.896189639138882
alkane,9,CCCCCCCCC,9,CCCCCCCCC,tabpfn_solvai,3.1917935012614485,0.015032270863758176,3.2007958186552594,3.1785903071325254,3.18363575272065,3.213872404224481,3.182073223574328,False,3.1876739595028116
alkane,10,CCCCCCCCCC,10,CCCCCCCCCC,tabpfn_solvai,3.347516478759921,0.016350091062287807,3.359608068631461,3.339520179753742,3.3354508719883205,3.369965286582083,3.3330379868439994,False,3.3448597067911745
alkane,11,CCCCCCCCCCC,11,CCCCCCCCCCC,tabpfn_solvai,3.419093541421449,0.014962371193015146,3.413478711629665,3.4079992301675626,3.4126165451316943,3.4453517079046447,3.41602151227368,False,3.411364828976307
alkane,12,CCCCCCCCCCCC,12,CCCCCCCCCCCC,tabpfn_solvai,3.4236096404008194,0.014129248047773164,3.4313090234376977,3.3999917111864093,3.4362694334260224,3.422421622208616,3.428056411745353,False,3.4225233893500433
alkane,13,CCCCCCCCCCCCC,13,CCCCCCCCCCCCC,tabpfn_solvai,3.584161340812927,0.02049964903777433,3.603116957058311,3.5566444112426936,3.585194523350495,3.5715693400575645,3.60428147235557,False,3.5816519638838336
alkane,14,CCCCCCCCCCCCCC,14,CCCCCCCCCCCCCC,tabpfn_solvai,3.0458014309000725,0.06016108869179356,3.0884549334446785,2.9917541028222843,3.103459583134361,3.074352605952871,2.970985929146167,False,3.0612228731337745
alkane,15,CCCCCCCCCCCCCCC,15,CCCCCCCCCCCCCCC,tabpfn_solvai,3.2675298676981868,0.04268440400972565,3.275243305230032,3.300921694269592,3.2526167493832885,3.3071021289050453,3.201765460702978,False,3.276260582960971
alkane,16,CCCCCCCCCCCCCCCC,16,CCCCCCCCCCCCCCCC,tabpfn_solvai,3.4206669362277458,0.05285945309438506,3.4905357281732945,3.4434821057590455,3.357824683135659,3.4320129292360404,3.3794792348346903,False,3.4306141723559995
alkane,17,CCCCCCCCCCCCCCCCC,17,CCCCCCCCCCCCCCCCC,tabpfn_solvai,3.687303027595161,0.04453255831739083,3.7427040751797627,3.6819136602478455,3.6719656761212605,3.7146753966457347,3.625256329781201,False,3.698861137182956
alkane,18,CCCCCCCCCCCCCCCCCC,18,CCCCCCCCCCCCCCCCCC,tabpfn_solvai,3.892747855661603,0.04758726928011988,3.940219333564869,3.875712744816699,3.87717783733825,3.9408193069634567,3.8298100556247405,False,3.8977033052399395
alkane,19,CCCCCCCCCCCCCCCCCCC,19,CCCCCCCCCCCCCCCCCCC,tabpfn_solvai,4.15054591368982,0.0383258810256145,4.1680952537035125,4.115484200527344,4.173349745141145,4.191513113048394,4.1042872560287,False,4.152309733124
alkane,20,CCCCCCCCCCCCCCCCCCCC,20,CCCCCCCCCCCCCCCCCCCC,tabpfn_solvai,4.31730355941732,0.033697763701033015,4.319437362447298,4.289515460767724,4.334222336837497,4.36315038494441,4.28019225208967,False,4.314391720017507
alkane,21,CCCCCCCCCCCCCCCCCCCCC,21,CCCCCCCCCCCCCCCCCCCCC,tabpfn_solvai,4.52345878905709,0.02715861688697742,4.527697813707112,4.500742119095557,4.502562707666273,4.567686985562988,4.518604319253516,False,4.510334213489648
alkane,22,CCCCCCCCCCCCCCCCCCCCCC,22,CCCCCCCCCCCCCCCCCCCCCC,tabpfn_solvai,4.782456439567483,0.03250970634859152,4.786203674998662,4.755635148445613,4.7439256282481725,4.820738757967376,4.805778988177588,False,4.761921483897482
alkane,23,CCCCCCCCCCCCCCCCCCCCCCC,23,CCCCCCCCCCCCCCCCCCCCCCC,tabpfn_solvai,5.0189775275807795,0.041920255617231277,5.012959369214945,4.980196451767059,4.979150041469522,5.073978907846323,5.04860286760605,False,4.9907686208171755
alkane,24,CCCCCCCCCCCCCCCCCCCCCCCC,24,CCCCCCCCCCCCCCCCCCCCCCCC,tabpfn_solvai,5.158515041602348,0.047878924035091856,5.142927425634037,5.130808671612561,5.105984181720991,5.226530411787259,5.186324517256892,False,5.12657342632253
alkane,25,CCCCCCCCCCCCCCCCCCCCCCCCC,25,CCCCCCCCCCCCCCCCCCCCCCCCC,tabpfn_solvai,5.3042189357644025,0.04923225198899435,5.27199493143025,5.277608462067036,5.258408132262229,5.3702311270490295,5.342852026013471,False,5.269337175253171
alkane,26,CCCCCCCCCCCCCCCCCCCCCCCCCC,26,CCCCCCCCCCCCCCCCCCCCCCCCCC,tabpfn_solvai,5.443688539411132,0.04419973067454708,5.394837713216113,5.4277116493637365,5.415268106593025,5.4932681915594355,5.487357036323347,False,5.412605823057625
alkane,27,CCCCCCCCCCCCCCCCCCCCCCCCCCC,27,CCCCCCCCCCCCCCCCCCCCCCCCCCC,tabpfn_solvai,5.617727240266494,0.035925202847130966,5.594142852872004,5.598207436437438,5.583217549872719,5.659877733617284,5.653190628533023,False,5.591855946394053
alkane,28,CCCCCCCCCCCCCCCCCCCCCCCCCCCC,28,CCCCCCCCCCCCCCCCCCCCCCCCCCCC,tabpfn_solvai,5.703656186284242,0.03194450024574778,5.689399259347798,5.67789347027488,5.674848723382047,5.740930832826507,5.735208645589976,False,5.6807138176682415
alkane,29,CCCCCCCCCCCCCCCCCCCCCCCCCCCCC,29,CCCCCCCCCCCCCCCCCCCCCCCCCCCCC,tabpfn_solvai,5.769096040740214,0.04444049087218136,5.75696831073876,5.7374703563346525,5.725676391062413,5.835788044403241,5.789577101162008,False,5.740038352711942
alkane,30,CCCCCCCCCCCCCCCCCCCCCCCCCCCCCC,30,CCCCCCCCCCCCCCCCCCCCCCCCCCCCCC,tabpfn_solvai,5.80563205861422,0.058537526267795646,5.791230571158117,5.775320646645564,5.742390610623072,5.896716051659833,5.822502412984512,False,5.769647276142251
glycine,0,CC(=O)NC,5,CNC(C)=O,tabpfn_structure,-9.994400830212019,0.0023377279303828037,-9.993939039663104,-9.996249173457667,-9.995519875084383,-9.995778525033774,-9.990517537821159,False,-9.995236029401719
glycine,1,CC(=O)NCC(=O)NC,9,CNC(=O)CNC(C)=O,tabpfn_structure,-13.378107891197738,0.3326808583605328,-13.408510480226179,-13.111823044099497,-13.710538624440291,-13.687397130794759,-12.972270176427964,False,-13.410290716255323
glycine,2,CC(=O)NCC(=O)NCC(=O)NC,13,CNC(=O)CNC(=O)CNC(C)=O,tabpfn_structure,-18.282968964478094,0.1690337572897618,-18.315608462201272,-18.040090756749763,-18.503481628409073,-18.330538115216132,-18.22512585981424,False,-18.286393615786704
glycine,3,CC(=O)NCC(=O)NCC(=O)NCC(=O)NC,17,CNC(=O)CNC(=O)CNC(=O)CNC(C)=O,tabpfn_structure,-23.746513810338474,0.26324714133638893,-24.02267353456847,-23.3534209241937,-23.674201189738675,-23.73326195694966,-23.949011446241855,False,-23.683431882833617
glycine,4,CC(=O)NCC(=O)NCC(=O)NCC(=O)NCC(=O)NC,21,CNC(=O)CNC(=O)CNC(=O)CNC(=O)CNC(C)=O,tabpfn_structure,-29.406657419786107,0.2496676670991659,-29.44588623165378,-29.007168675486398,-29.647219824679894,-29.358868829958595,-29.574143537151897,False,-29.366758243940023
glycine,5,CC(=O)NCC(=O)NCC(=O)NCC(=O)NCC(=O)NCC(=O)NC,25,CNC(=O)CNC(=O)CNC(=O)CNC(=O)CNC(=O)CNC(C)=O,tabpfn_structure,-34.75117746418663,0.6423224666597767,-34.654004922195355,-33.80053095220419,-35.48023206875065,-35.188781998836646,-34.63233737894635,False,-34.64492264771673
glycine,6,CC(=O)NCC(=O)NCC(=O)NCC(=O)NCC(=O)NCC(=O)NCC(=O)NC,29,CNC(=O)CNC(=O)CNC(=O)CNC(=O)CNC(=O)CNC(=O)CNC(C)=O,tabpfn_structure,-40.631422259746216,1.108968173094026,-39.81378559845071,-39.16737567607217,-41.870244026210386,-41.272894920716375,-41.032811077281465,False,-40.28380176691109
glycine,7,CC(=O)NCC(=O)NCC(=O)NCC(=O)NCC(=O)NCC(=O)NCC(=O)NCC(=O)NC,33,CNC(=O)CNC(=O)CNC(=O)CNC(=O)CNC(=O)CNC(=O)CNC(=O)CNC(C)=O,tabpfn_structure,-47.015619671859646,1.927504848946342,-45.522787592813344,-44.49762674682628,-49.13351254111473,-48.04925667746676,-47.87491480107711,False,-46.38464229358478
glycine,8,CC(=O)NCC(=O)NCC(=O)NCC(=O)NCC(=O)NCC(=O)NCC(=O)NCC(=O)NCC(=O)NC,37,CNC(=O)CNC(=O)CNC(=O)CNC(=O)CNC(=O)CNC(=O)CNC(=O)CNC(=O)CNC(C)=O,tabpfn_structure,-52.543345609088966,2.4860192580206686,-51.203345179042934,-49.00109321542641,-55.44400440226163,-53.55457478930881,-53.513710459405,False,-51.882814265577
glycine,9,CC(=O)NCC(=O)NCC(=O)NCC(=O)NCC(=O)NCC(=O)NCC(=O)NCC(=O)NCC(=O)NCC(=O)NC,41,CNC(=O)CNC(=O)CNC(=O)CNC(=O)CNC(=O)CNC(=O)CNC(=O)CNC(=O)CNC(=O)CNC(C)=O,tabpfn_structure,-58.513577910876734,3.4327638720719547,-56.49291852579279,-53.85010656801322,-62.80685905293158,-59.62504422162066,-59.79296118602544,False,-57.716628048912526
glycine,10,CC(=O)NCC(=O)NCC(=O)NCC(=O)NCC(=O)NCC(=O)NCC(=O)NCC(=O)NCC(=O)NCC(=O)NCC(=O)NC,45,CNC(=O)CNC(=O)CNC(=O)CNC(=O)CNC(=O)CNC(=O)CNC(=O)CNC(=O)CNC(=O)CNC(=O)CNC(C)=O,tabpfn_structure,-64.31109251623104,3.864025576795721,-62.07004447746583,-59.15486349352733,-69.33538691616529,-65.33217070858773,-65.66299698540905,False,-63.520098295719485
glycine,11,CC(=O)NCC(=O)NCC(=O)NCC(=O)NCC(=O)NCC(=O)NCC(=O)NCC(=O)NCC(=O)NCC(=O)NCC(=O)NCC(=O)NC,49,CNC(=O)CNC(=O)CNC(=O)CNC(=O)CNC(=O)CNC(=O)CNC(=O)CNC(=O)CNC(=O)CNC(=O)CNC(=O)CNC(C)=O,tabpfn_structure,-68.34774944584991,4.4157303070285945,-65.44602865251973,-62.5750472836772,-73.92944464375219,-69.49862692258107,-70.28959972671935,False,-67.31684019331637
glycine,12,CC(=O)NCC(=O)NCC(=O)NCC(=O)NCC(=O)NCC(=O)NCC(=O)NCC(=O)NCC(=O)NCC(=O)NCC(=O)NCC(=O)NCC(=O)NC,53,CNC(=O)CNC(=O)CNC(=O)CNC(=O)CNC(=O)CNC(=O)CNC(=O)CNC(=O)CNC(=O)CNC(=O)CNC(=O)CNC(=O)CNC(C)=O,tabpfn_structure,-71.80996538814084,4.8612197719416015,-68.418665356723,-65.61161658632999,-77.98263343881214,-72.94153411467745,-74.09537744416163,False,-70.67097179395505
alanine,0,CC(=O)NC,5,CNC(C)=O,tabpfn_structure,-9.994400830212019,0.0023377279303828037,-9.993939039663104,-9.996249173457667,-9.995519875084383,-9.995778525033774,-9.990517537821159,False,-9.995236029401719
alanine,1,CC(=O)N[C@@H](C)C(=O)NC,10,CNC(=O)[C@H](C)NC(C)=O,tabpfn_structure,-13.273156127189765,0.3524489600405471,-12.962037559252048,-13.054212015760097,-13.634334325994654,-13.679653576487986,-13.035543158454038,False,-13.2168613003356
alanine,2,CC(=O)N[C@@H](C)C(=O)N[C@@H](C)C(=O)NC,15,CNC(=O)[C@H](C)NC(=O)[C@H](C)NC(C)=O,tabpfn_structure,-19.49088525082501,0.21333473402680275,-19.302679264727992,-19.249155259903972,-19.72784899637726,-19.669288994365097,-19.505453738750717,False,-19.426561173669743
alanine,3,CC(=O)N[C@@H](C)C(=O)N[C@@H](C)C(=O)N[C@@H](C)C(=O)NC,20,CNC(=O)[C@H](C)NC(=O)[C@H](C)NC(=O)[C@H](C)NC(C)=O,tabpfn_structure,-25.41472968808197,0.2049326388772063,-25.31443161537804,-25.119860714636005,-25.63958176591273,-25.44548092306959,-25.554293421413476,False,-25.357958031975596
alanine,4,CC(=O)N[C@@H](C)C(=O)N[C@@H](C)C(=O)N[C@@H](C)C(=O)N[C@@H](C)C(=O)NC,25,CNC(=O)[C@H](C)NC(=O)[C@H](C)NC(=O)[C@H](C)NC(=O)[C@H](C)NC(C)=O,tabpfn_structure,-31.19665396105297,0.3799721863765423,-30.88283196967162,-30.99218302681424,-31.82744993004826,-31.268836902363077,-31.01196797636767,False,-31.234154975511373
alanine,5,CC(=O)N[C@@H](C)C(=O)N[C@@H](C)C(=O)N[C@@H](C)C(=O)N[C@@H](C)C(=O)N[C@@H](C)C(=O)NC,30,CNC(=O)[C@H](C)NC(=O)[C@H](C)NC(=O)[C@H](C)NC(=O)[C@H](C)NC(=O)[C@H](C)NC(C)=O,tabpfn_structure,-36.80644492112912,0.764623402700276,-36.31680757538159,-36.12980248092175,-38.028557664652624,-37.04860977465914,-36.508447110030524,False,-36.82505590698532
alanine,6,CC(=O)N[C@@H](C)C(=O)N[C@@H](C)C(=O)N[C@@H](C)C(=O)N[C@@H](C)C(=O)N[C@@H](C)C(=O)N[C@@H](C)C(=O)NC,35,CNC(=O)[C@H](C)NC(=O)[C@H](C)NC(=O)[C@H](C)NC(=O)[C@H](C)NC(=O)[C@H](C)NC(=O)[C@H](C)NC(C)=O,tabpfn_structure,-42.959059687687635,1.1760417705867303,-42.141902060270986,-41.49145530900195,-44.52156899236993,-43.25527080635043,-43.38510127044485,False,-42.71830878721429
alanine,7,CC(=O)N[C@@H](C)C(=O)N[C@@H](C)C(=O)N[C@@H](C)C(=O)N[C@@H](C)C(=O)N[C@@H](C)C(=O)N[C@@H](C)C(=O)N[C@@H](C)C(=O)NC,40,CNC(=O)[C@H](C)NC(=O)[C@H](C)NC(=O)[C@H](C)NC(=O)[C@H](C)NC(=O)[C@H](C)NC(=O)[C@H](C)NC(=O)[C@H](C)NC(C)=O,tabpfn_structure,-49.46213356138125,1.7764349184431971,-48.80924345387797,-46.82326536575239,-51.54728111083341,-49.78508365198112,-50.345794224461365,False,-49.05992997682125
alanine,8,CC(=O)N[C@@H](C)C(=O)N[C@@H](C)C(=O)N[C@@H](C)C(=O)N[C@@H](C)C(=O)N[C@@H](C)C(=O)N[C@@H](C)C(=O)N[C@@H](C)C(=O)N[C@@H](C)C(=O)NC,45,CNC(=O)[C@H](C)NC(=O)[C@H](C)NC(=O)[C@H](C)NC(=O)[C@H](C)NC(=O)[C@H](C)NC(=O)[C@H](C)NC(=O)[C@H](C)NC(=O)[C@H](C)NC(C)=O,tabpfn_structure,-55.94758900363634,2.376942265593576,-55.016076918868855,-52.40713747500955,-58.692482419615644,-56.518651243132226,-57.103596961555425,False,-55.37189893783134
alanine,9,CC(=O)N[C@@H](C)C(=O)N[C@@H](C)C(=O)N[C@@H](C)C(=O)N[C@@H](C)C(=O)N[C@@H](C)C(=O)N[C@@H](C)C(=O)N[C@@H](C)C(=O)N[C@@H](C)C(=O)N[C@@H](C)C(=O)NC,50,CNC(=O)[C@H](C)NC(=O)[C@H](C)NC(=O)[C@H](C)NC(=O)[C@H](C)NC(=O)[C@H](C)NC(=O)[C@H](C)NC(=O)[C@H](C)NC(=O)[C@H](C)NC(=O)[C@H](C)NC(C)=O,tabpfn_structure,-61.3638975186479,3.175813693646092,-59.76563641328975,-57.157556773828425,-65.51617829815461,-61.32723961641418,-63.052876491552524,False,-60.81312382842426
alanine,10,CC(=O)N[C@@H](C)C(=O)N[C@@H](C)C(=O)N[C@@H](C)C(=O)N[C@@H](C)C(=O)N[C@@H](C)C(=O)N[C@@H](C)C(=O)N[C@@H](C)C(=O)N[C@@H](C)C(=O)N[C@@H](C)C(=O)N[C@@H](C)C(=O)NC,55,CNC(=O)[C@H](C)NC(=O)[C@H](C)NC(=O)[C@H](C)NC(=O)[C@H](C)NC(=O)[C@H](C)NC(=O)[C@H](C)NC(=O)[C@H](C)NC(=O)[C@H](C)NC(=O)[C@H](C)NC(=O)[C@H](C)NC(C)=O,tabpfn_structure,-67.52145474323477,3.346286086315851,-66.20099360434276,-62.957102785177945,-71.75013339528167,-67.1328703973494,-69.56617353402208,False,-66.96940992826745
alanine,11,CC(=O)N[C@@H](C)C(=O)N[C@@H](C)C(=O)N[C@@H](C)C(=O)N[C@@H](C)C(=O)N[C@@H](C)C(=O)N[C@@H](C)C(=O)N[C@@H](C)C(=O)N[C@@H](C)C(=O)N[C@@H](C)C(=O)N[C@@H](C)C(=O)N[C@@H](C)C(=O)NC,60,CNC(=O)[C@H](C)NC(=O)[C@H](C)NC(=O)[C@H](C)NC(=O)[C@H](C)NC(=O)[C@H](C)NC(=O)[C@H](C)NC(=O)[C@H](C)NC(=O)[C@H](C)NC(=O)[C@H](C)NC(=O)[C@H](C)NC(=O)[C@H](C)NC(C)=O,tabpfn_structure,-71.6003573588342,4.123344147916103,-69.43368806953391,-66.20400291973567,-76.80797055997697,-71.31185046551326,-74.24427477941117,False,-70.81522051641552
alanine,12,CC(=O)N[C@@H](C)C(=O)N[C@@H](C)C(=O)N[C@@H](C)C(=O)N[C@@H](C)C(=O)N[C@@H](C)C(=O)N[C@@H](C)C(=O)N[C@@H](C)C(=O)N[C@@H](C)C(=O)N[C@@H](C)C(=O)N[C@@H](C)C(=O)N[C@@H](C)C(=O)N[C@@H](C)C(=O)NC,65,CNC(=O)[C@H](C)NC(=O)[C@H](C)NC(=O)[C@H](C)NC(=O)[C@H](C)NC(=O)[C@H](C)NC(=O)[C@H](C)NC(=O)[C@H](C)NC(=O)[C@H](C)NC(=O)[C@H](C)NC(=O)[C@H](C)NC(=O)[C@H](C)NC(=O)[C@H](C)NC(C)=O,tabpfn_structure,-75.18068302504714,4.343969903130988,-73.31618679479563,-69.28569778068224,-80.5757468127087,-74.72717305387457,-77.99861068317453,False,-74.39254379606218
alkane,1,C,1,C,tabpfn_structure,1.9653357929031798,0.0015919171009440999,1.9678445793072745,1.9649439205141022,1.9634215470676857,1.9652811102883083,1.9651878073385278,False,1.9654033489630207
alkane,2,CC,2,CC,tabpfn_structure,1.7997212854679892,0.0033423847580523335,1.7979109720322501,1.797719051407702,1.802192278272173,1.796493712035586,1.8042904135922342,False,1.7992741005707085
alkane,3,CCC,3,CCC,tabpfn_structure,1.9721829302620635,0.0021711262770316227,1.968684305855298,1.9746568756912408,1.9722918230718074,1.972818571370567,1.9724630753214045,False,1.9718776682061154
alkane,4,CCCC,4,CCCC,tabpfn_structure,2.1068988076699804,0.003093115224536382,2.104016100836766,2.1068210945801633,2.110726236395972,2.1037332393624313,2.1091973671745707,False,2.1071878106043003
alkane,5,CCCCC,5,CCCCC,tabpfn_structure,2.345873408947503,0.0023734087669025194,2.3445209885956864,2.3430104256492417,2.3474328673638327,2.3453920129686363,2.3490107501601187,False,2.344988093869587
alkane,6,CCCCCC,6,CCCCCC,tabpfn_structure,2.5068546572435992,0.002156532670922962,2.5036905061960466,2.507869061086211,2.5095065869073574,2.5070523650131333,2.5061547670152464,False,2.507022051396538
alkane,7,CCCCCCC,7,CCCCCCC,tabpfn_structure,2.636730355552909,0.011827969120123204,2.6158146687321384,2.6417788718710256,2.6393624435767133,2.6423138875197667,2.6443819060648988,False,2.6323186613932923
alkane,8,CCCCCCCC,8,CCCCCCCC,tabpfn_structure,2.896657728621114,0.006321794773171142,2.887452034417781,2.8934192895287367,2.9029113883563946,2.901536055634632,2.897969875168026,False,2.8945942374343043
alkane,9,CCCCCCCCC,9,CCCCCCCCC,tabpfn_structure,3.0643317510414576,0.007023800137974054,3.0580547065162316,3.071499189159587,3.069558724014154,3.0557717368716046,3.066774398645708,False,3.066370873229991
alkane,10,CCCCCCCCCC,10,CCCCCCCCCC,tabpfn_structure,3.1817524503950825,0.00527210303443473,3.180201259328734,3.1860710778149173,3.1794312147305464,3.175024126665919,3.1880345734352957,False,3.181901183958066
alkane,11,CCCCCCCCCCC,11,CCCCCCCCCCC,tabpfn_structure,3.39339330295694,0.01244904627122402,3.405706221597959,3.385054381346568,3.3889164148374773,3.3798861065587325,3.4074033904439647,False,3.3932256725940015
alkane,12,CCCCCCCCCCCC,12,CCCCCCCCCCCC,tabpfn_structure,3.453389934185725,0.014817380937873135,3.4704490203455736,3.4375603210729837,3.4430031899851725,3.4483037423726968,3.4676333971522,False,3.4503375104679095
alkane,13,CCCCCCCCCCCCC,13,CCCCCCCCCCCCC,tabpfn_structure,3.615444520719295,0.03020132974093337,3.65859146595274,3.575903793547363,3.6135580295587353,3.6250325208067276,3.604136793730911,False,3.616017763019613
alkane,14,CCCCCCCCCCCCCC,14,CCCCCCCCCCCCCC,tabpfn_structure,3.131192881064085,0.0585940043483973,3.0602372869110948,3.17213468784772,3.095920941002105,3.1211339963427607,3.2065374932167456,False,3.109430971920306
alkane,15,CCCCCCCCCCCCCCC,15,CCCCCCCCCCCCCCC,tabpfn_structure,3.5571327754165445,0.03544295873417223,3.567130363643013,3.512266457597147,3.5808854624356377,3.5964983528738887,3.5288832405330357,False,3.5534274278919327
alkane,16,CCCCCCCCCCCCCCCC,16,CCCCCCCCCCCCCCCC,tabpfn_structure,3.0913620880128354,0.05906911821783014,2.9947279867152847,3.0907284546893266,3.0966177605004654,3.124000995211013,3.1507352429480884,False,3.060691400635026
alkane,17,CCCCCCCCCCCCCCCCC,17,CCCCCCCCCCCCCCCCC,tabpfn_structure,3.468675791879747,0.033782586753386135,3.4959969033604406,3.4802600026724813,3.4843541124878445,3.4101676379624584,3.4726003029155095,False,3.486870339506922
alkane,18,CCCCCCCCCCCCCCCCCC,18,CCCCCCCCCCCCCCCCCC,tabpfn_structure,3.8348126290979656,0.03953753243223633,3.8609720598013944,3.827605625804928,3.8773939694877413,3.8341309270395705,3.7739605633561943,False,3.8553238850313547
alkane,19,CCCCCCCCCCCCCCCCCCC,19,CCCCCCCCCCCCCCCCCCC,tabpfn_structure,4.128471734926776,0.05285723008418607,4.1609634832952995,4.1044596893282925,4.172682451892717,4.15780653665273,4.04644651346484,False,4.146035208172103
alkane,20,CCCCCCCCCCCCCCCCCCCC,20,CCCCCCCCCCCCCCCCCCCC,tabpfn_structure,4.343048323466723,0.05943866777119575,4.370673673426701,4.3158351599557765,4.413979233674773,4.357636062507389,4.25711748776898,False,4.36682935568575
alkane,21,CCCCCCCCCCCCCCCCCCCCC,21,CCCCCCCCCCCCCCCCCCCCC,tabpfn_structure,4.502124301907305,0.06388743186505685,4.52661951505965,4.461063563388949,4.587025498217471,4.515376509611112,4.420536423259339,False,4.52490285888869
alkane,22,CCCCCCCCCCCCCCCCCCCCCC,22,CCCCCCCCCCCCCCCCCCCCCC,tabpfn_structure,4.715226113315724,0.05201714212289495,4.728566663559324,4.675261743509788,4.794990096452983,4.713892707868862,4.663419355187662,False,4.732939501174031
alkane,23,CCCCCCCCCCCCCCCCCCCCCCC,23,CCCCCCCCCCCCCCCCCCCCCCC,tabpfn_structure,4.930383660349304,0.03627070383537438,4.931205907357368,4.881428783649531,4.98275342501104,4.935796058171565,4.920734127557017,False,4.931796038672647
alkane,24,CCCCCCCCCCCCCCCCCCCCCCCC,24,CCCCCCCCCCCCCCCCCCCCCCCC,tabpfn_structure,5.115019214199725,0.02470039639884605,5.121843911608661,5.081515187878583,5.148410450246132,5.1034827178268785,5.1198438034383695,False,5.117256516577792
alkane,25,CCCCCCCCCCCCCCCCCCCCCCCCC,25,CCCCCCCCCCCCCCCCCCCCCCCCC,tabpfn_structure,5.278368231530248,0.017624349903362407,5.286028758022217,5.269481657036165,5.299858262964667,5.253442998073915,5.283029481554276,False,5.28512289267435
alkane,26,CCCCCCCCCCCCCCCCCCCCCCCCCC,26,CCCCCCCCCCCCCCCCCCCCCCCCCC,tabpfn_structure,5.468970804281623,0.016129274551936915,5.488753037420063,5.462928788705845,5.479051302217897,5.446396450844757,5.4677244422195574,False,5.476911042781268
alkane,27,CCCCCCCCCCCCCCCCCCCCCCCCCCC,27,CCCCCCCCCCCCCCCCCCCCCCCCCCC,tabpfn_structure,5.598165272952537,0.02071742332936096,5.6243718275508545,5.584990305918547,5.60845009253833,5.571033247576398,5.601980891178556,False,5.605937408669244
alkane,28,CCCCCCCCCCCCCCCCCCCCCCCCCCCC,28,CCCCCCCCCCCCCCCCCCCCCCCCCCCC,tabpfn_structure,5.6427064477077,0.027249026936747203,5.654554741279812,5.623940744301869,5.673465713835302,5.605813988944535,5.655757050176982,False,5.650653733138995
alkane,29,CCCCCCCCCCCCCCCCCCCCCCCCCCCCC,29,CCCCCCCCCCCCCCCCCCCCCCCCCCCCC,tabpfn_structure,5.596477552506511,0.03570092150282706,5.603477281525034,5.559851066202718,5.648787674143387,5.566239956162681,5.604031784498728,False,5.604038673957047
alkane,30,CCCCCCCCCCCCCCCCCCCCCCCCCCCCCC,30,CCCCCCCCCCCCCCCCCCCCCCCCCCCCCC,tabpfn_structure,5.594656609620795,0.04961211276046917,5.617356390567366,5.526954690105146,5.661675291713053,5.586173127490763,5.581123548227648,False,5.601995457461855
glycine,0,CC(=O)NC,5,CNC(C)=O,capacity_adapted_solvai,-9.96275962100404,0.039320763844345116,-9.954676410291546,-9.980240237912968,-9.955157481200347,-9.908223496059827,-10.01550047955551,False,-9.963358043134953
glycine,1,CC(=O)NCC(=O)NC,9,CNC(=O)CNC(C)=O,capacity_adapted_solvai,-13.69904884352116,0.13839062140987424,-13.56132232747095,-13.900982168254892,-13.638583900702425,-13.615940033261293,-13.778415787916252,False,-13.700296132142755
glycine,2,CC(=O)NCC(=O)NCC(=O)NC,13,CNC(=O)CNC(=O)CNC(C)=O,capacity_adapted_solvai,-18.711889781852157,0.26378759918902367,-18.819887701016494,-19.02408614416112,-18.30759900954039,-18.650890966171897,-18.756985088370904,False,-18.717190951572668
glycine,3,CC(=O)NCC(=O)NCC(=O)NCC(=O)NC,17,CNC(=O)CNC(=O)CNC(=O)CNC(C)=O,capacity_adapted_solvai,-23.083440273192195,0.3712583044882631,-23.413881966141158,-23.414546563467642,-22.51839743121809,-22.969698038126726,-23.100677367007368,False,-23.115608653608962
glycine,4,CC(=O)NCC(=O)NCC(=O)NCC(=O)NCC(=O)NC,21,CNC(=O)CNC(=O)CNC(=O)CNC(=O)CNC(C)=O,capacity_adapted_solvai,-26.838006409965384,0.35025832621374575,-27.237162832582825,-27.06723322259188,-26.31756256054328,-26.75113122300356,-26.8169422111054,False,-26.87398620523933
glycine,5,CC(=O)NCC(=O)NCC(=O)NCC(=O)NCC(=O)NCC(=O)NC,25,CNC(=O)CNC(=O)CNC(=O)CNC(=O)CNC(=O)CNC(C)=O,capacity_adapted_solvai,-30.515027086795904,0.47449762206241086,-31.036801106426683,-30.951227798557973,-29.905927173465926,-30.284852521798513,-30.396326833730424,False,-30.631318692816862
glycine,6,CC(=O)NCC(=O)NCC(=O)NCC(=O)NCC(=O)NCC(=O)NCC(=O)NC,29,CNC(=O)CNC(=O)CNC(=O)CNC(=O)CNC(=O)CNC(=O)CNC(C)=O,capacity_adapted_solvai,-34.47491745800144,0.5026678266852408,-34.94731860322021,-35.052120114105335,-33.88673833684229,-34.21287636578278,-34.27553387005659,False,-34.62872568472261
glycine,7,CC(=O)NCC(=O)NCC(=O)NCC(=O)NCC(=O)NCC(=O)NCC(=O)NCC(=O)NC,33,CNC(=O)CNC(=O)CNC(=O)CNC(=O)CNC(=O)CNC(=O)CNC(=O)CNC(C)=O,capacity_adapted_solvai,-38.136445822401605,0.6118691309305165,-38.574585938912364,-38.96430581116056,-37.49734561992091,-37.73562997952385,-37.91036176249035,False,-38.34541245666461
glycine,8,CC(=O)NCC(=O)NCC(=O)NCC(=O)NCC(=O)NCC(=O)NCC(=O)NCC(=O)NCC(=O)NC,37,CNC(=O)CNC(=O)CNC(=O)CNC(=O)CNC(=O)CNC(=O)CNC(=O)CNC(=O)CNC(C)=O,capacity_adapted_solvai,-41.60856272931018,0.7155394790553596,-41.98722857982428,-42.678402482696235,-40.963038980266234,-41.1047213747148,-41.30942222904935,False,-41.876223347595584
glycine,9,CC(=O)NCC(=O)NCC(=O)NCC(=O)NCC(=O)NCC(=O)NCC(=O)NCC(=O)NCC(=O)NCC(=O)NC,41,CNC(=O)CNC(=O)CNC(=O)CNC(=O)CNC(=O)CNC(=O)CNC(=O)CNC(=O)CNC(=O)CNC(C)=O,capacity_adapted_solvai,-46.15639321052627,0.8593623644981953,-46.632768769701855,-47.44343117465183,-45.436791126527986,-45.57117880316553,-45.69779617858412,False,-46.50433035696056
glycine,10,CC(=O)NCC(=O)NCC(=O)NCC(=O)NCC(=O)NCC(=O)NCC(=O)NCC(=O)NCC(=O)NCC(=O)NCC(=O)NC,45,CNC(=O)CNC(=O)CNC(=O)CNC(=O)CNC(=O)CNC(=O)CNC(=O)CNC(=O)CNC(=O)CNC(=O)CNC(C)=O,capacity_adapted_solvai,-50.512645525021966,1.0351221471370369,-51.10783303839167,-52.04596643000525,-49.58679047755676,-49.921196341127605,-49.90144133802855,False,-50.91352998198456
glycine,11,CC(=O)NCC(=O)NCC(=O)NCC(=O)NCC(=O)NCC(=O)NCC(=O)NCC(=O)NCC(=O)NCC(=O)NCC(=O)NCC(=O)NC,49,CNC(=O)CNC(=O)CNC(=O)CNC(=O)CNC(=O)CNC(=O)CNC(=O)CNC(=O)CNC(=O)CNC(=O)CNC(=O)CNC(C)=O,capacity_adapted_solvai,-53.655353364699124,1.1339481088168524,-54.22915767249213,-55.38797639872559,-52.72877250378673,-52.993528567542405,-52.93733168094877,False,-54.11530219166815
glycine,12,CC(=O)NCC(=O)NCC(=O)NCC(=O)NCC(=O)NCC(=O)NCC(=O)NCC(=O)NCC(=O)NCC(=O)NCC(=O)NCC(=O)NCC(=O)NC,53,CNC(=O)CNC(=O)CNC(=O)CNC(=O)CNC(=O)CNC(=O)CNC(=O)CNC(=O)CNC(=O)CNC(=O)CNC(=O)CNC(=O)CNC(C)=O,capacity_adapted_solvai,-56.42062162738789,1.174898225618997,-56.87270877608658,-58.28183070825289,-55.45093876415834,-55.819976855384304,-55.67765303305734,False,-56.86849274949927
alanine,0,CC(=O)NC,5,CNC(C)=O,capacity_adapted_solvai,-9.96275962100404,0.039320763844345116,-9.954676410291546,-9.980240237912968,-9.955157481200347,-9.908223496059827,-10.01550047955551,False,-9.963358043134953
alanine,1,CC(=O)N[C@@H](C)C(=O)NC,10,CNC(=O)[C@H](C)NC(C)=O,capacity_adapted_solvai,-12.872264526875403,0.20763861034456232,-12.574581872676607,-13.075496804035126,-12.764300630216404,-12.9013784017204,-13.04556492572847,False,-12.80479310230938
alanine,2,CC(=O)N[C@@H](C)C(=O)N[C@@H](C)C(=O)NC,15,CNC(=O)[C@H](C)NC(=O)[C@H](C)NC(C)=O,capacity_adapted_solvai,-18.197573397835736,0.24576674646274888,-18.06798057750594,-18.47938583371157,-17.866552712573725,-18.18739225457191,-18.38655561081555,False,-18.137973041263745
alanine,3,CC(=O)N[C@@H](C)C(=O)N[C@@H](C)C(=O)N[C@@H](C)C(=O)NC,20,CNC(=O)[C@H](C)NC(=O)[C@H](C)NC(=O)[C@H](C)NC(C)=O,capacity_adapted_solvai,-22.643001259654135,0.27440057302204485,-22.655827622221818,-22.948790659846892,-22.266708936179047,-22.492602518838197,-22.851076561184716,False,-22.62377573941592
alanine,4,CC(=O)N[C@@H](C)C(=O)N[C@@H](C)C(=O)N[C@@H](C)C(=O)N[C@@H](C)C(=O)NC,25,CNC(=O)[C@H](C)NC(=O)[C@H](C)NC(=O)[C@H](C)NC(=O)[C@H](C)NC(C)=O,capacity_adapted_solvai,-26.955469658392367,0.33949611890969494,-27.2198345243089,-27.34729575541542,-26.599222565839643,-26.62422605865094,-26.98676938774694,False,-27.055450948521322
alanine,5,CC(=O)N[C@@H](C)C(=O)N[C@@H](C)C(=O)N[C@@H](C)C(=O)N[C@@H](C)C(=O)N[C@@H](C)C(=O)NC,30,CNC(=O)[C@H](C)NC(=O)[C@H](C)NC(=O)[C@H](C)NC(=O)[C@H](C)NC(=O)[C@H](C)NC(C)=O,capacity_adapted_solvai,-30.76347332243743,0.5490618968143841,-31.132315326965976,-31.486607893656533,-30.35467792164122,-30.151303823070357,-30.692461646853072,False,-30.991200380754577
alanine,6,CC(=O)N[C@@H](C)C(=O)N[C@@H](C)C(=O)N[C@@H](C)C(=O)N[C@@H](C)C(=O)N[C@@H](C)C(=O)N[C@@H](C)C(=O)NC,35,CNC(=O)[C@H](C)NC(=O)[C@H](C)NC(=O)[C@H](C)NC(=O)[C@H](C)NC(=O)[C@H](C)NC(=O)[C@H](C)NC(C)=O,capacity_adapted_solvai,-34.28224764444314,0.6214475415190511,-34.65285686813781,-35.14580028991247,-33.937028233620374,-33.56627316434728,-34.10927966619778,False,-34.57856179722355
alanine,7,CC(=O)N[C@@H](C)C(=O)N[C@@H](C)C(=O)N[C@@H](C)C(=O)N[C@@H](C)C(=O)N[C@@H](C)C(=O)N[C@@H](C)C(=O)N[C@@H](C)C(=O)NC,40,CNC(=O)[C@H](C)NC(=O)[C@H](C)NC(=O)[C@H](C)NC(=O)[C@H](C)NC(=O)[C@H](C)NC(=O)[C@H](C)NC(=O)[C@H](C)NC(C)=O,capacity_adapted_solvai,-38.31857768319566,0.7101914327517826,-38.71338800513131,-39.373207547529006,-37.86085962694696,-37.667626429966944,-37.97780680640409,False,-38.649151726535756
alanine,8,CC(=O)N[C@@H](C)C(=O)N[C@@H](C)C(=O)N[C@@H](C)C(=O)N[C@@H](C)C(=O)N[C@@H](C)C(=O)N[C@@H](C)C(=O)N[C@@H](C)C(=O)N[C@@H](C)C(=O)NC,45,CNC(=O)[C@H](C)NC(=O)[C@H](C)NC(=O)[C@H](C)NC(=O)[C@H](C)NC(=O)[C@H](C)NC(=O)[C@H](C)NC(=O)[C@H](C)NC(=O)[C@H](C)NC(C)=O,capacity_adapted_solvai,-42.52503439419226,0.8796100929224058,-43.0797241512089,-43.80149391999167,-41.94002875575317,-41.762038616719956,-42.0418865272876,False,-42.94041560898458
alanine,9,CC(=O)N[C@@H](C)C(=O)N[C@@H](C)C(=O)N[C@@H](C)C(=O)N[C@@H](C)C(=O)N[C@@H](C)C(=O)N[C@@H](C)C(=O)N[C@@H](C)C(=O)N[C@@H](C)C(=O)N[C@@H](C)C(=O)NC,50,CNC(=O)[C@H](C)NC(=O)[C@H](C)NC(=O)[C@H](C)NC(=O)[C@H](C)NC(=O)[C@H](C)NC(=O)[C@H](C)NC(=O)[C@H](C)NC(=O)[C@H](C)NC(=O)[C@H](C)NC(C)=O,capacity_adapted_solvai,-47.314499781092465,1.128510789397866,-48.087166242304065,-48.91909576170142,-46.57673284980014,-46.36411536089034,-46.62538869076633,False,-47.860998284601884
alanine,10,CC(=O)N[C@@H](C)C(=O)N[C@@H](C)C(=O)N[C@@H](C)C(=O)N[C@@H](C)C(=O)N[C@@H](C)C(=O)N[C@@H](C)C(=O)N[C@@H](C)C(=O)N[C@@H](C)C(=O)N[C@@H](C)C(=O)N[C@@H](C)C(=O)NC,55,CNC(=O)[C@H](C)NC(=O)[C@H](C)NC(=O)[C@H](C)NC(=O)[C@H](C)NC(=O)[C@H](C)NC(=O)[C@H](C)NC(=O)[C@H](C)NC(=O)[C@H](C)NC(=O)[C@H](C)NC(=O)[C@H](C)NC(C)=O,capacity_adapted_solvai,-51.518077627192994,1.246542837054678,-52.37948453788127,-53.29319977010871,-50.634634864158976,-50.59020805718954,-50.692860906626485,False,-52.10243972404965
alanine,11,CC(=O)N[C@@H](C)C(=O)N[C@@H](C)C(=O)N[C@@H](C)C(=O)N[C@@H](C)C(=O)N[C@@H](C)C(=O)N[C@@H](C)C(=O)N[C@@H](C)C(=O)N[C@@H](C)C(=O)N[C@@H](C)C(=O)N[C@@H](C)C(=O)N[C@@H](C)C(=O)NC,60,CNC(=O)[C@H](C)NC(=O)[C@H](C)NC(=O)[C@H](C)NC(=O)[C@H](C)NC(=O)[C@H](C)NC(=O)[C@H](C)NC(=O)[C@H](C)NC(=O)[C@H](C)NC(=O)[C@H](C)NC(=O)[C@H](C)NC(=O)[C@H](C)NC(C)=O,capacity_adapted_solvai,-54.68961996694911,1.2806048595425372,-55.49384370422236,-56.56466242776199,-53.786128558547745,-53.755632687097055,-53.8478324571164,False,-55.281544896844025
alanine,12,CC(=O)N[C@@H](C)C(=O)N[C@@H](C)C(=O)N[C@@H](C)C(=O)N[C@@H](C)C(=O)N[C@@H](C)C(=O)N[C@@H](C)C(=O)N[C@@H](C)C(=O)N[C@@H](C)C(=O)N[C@@H](C)C(=O)N[C@@H](C)C(=O)N[C@@H](C)C(=O)N[C@@H](C)C(=O)NC,65,CNC(=O)[C@H](C)NC(=O)[C@H](C)NC(=O)[C@H](C)NC(=O)[C@H](C)NC(=O)[C@H](C)NC(=O)[C@H](C)NC(=O)[C@H](C)NC(=O)[C@H](C)NC(=O)[C@H](C)NC(=O)[C@H](C)NC(=O)[C@H](C)NC(=O)[C@H](C)NC(C)=O,capacity_adapted_solvai,-57.80212850411099,1.3002311546217797,-58.61278798239385,-59.70767366526452,-56.82816002465358,-56.86846023097565,-56.99356061726737,False,-58.38287389077065
alkane,1,C,1,C,capacity_adapted_solvai,2.0034025545141376,0.05487220902753541,1.9554436261572752,1.9601958019027697,1.984772489091557,2.0857077507590516,2.030893104660035,False,1.9668039723838673
alkane,2,CC,2,CC,capacity_adapted_solvai,1.7925489922699391,0.06707598314046419,1.7343753859217657,1.7349271846194396,1.854713840910903,1.7646389531693458,1.8740895967282416,False,1.7746721371507028
alkane,3,CCC,3,CCC,capacity_adapted_solvai,1.9619660696804797,0.06482046693124695,1.8950701416862188,1.9039385527996684,2.021397899003814,1.954166867623651,2.035256887289046,False,1.9401355311632338
alkane,4,CCCC,4,CCCC,capacity_adapted_solvai,2.07675873435518,0.06574989205705348,2.0498518104119494,1.9882033965742227,2.150119426141374,2.062751705491168,2.1328673331571846,False,2.062724877709182
alkane,5,CCCCC,5,CCCCC,capacity_adapted_solvai,2.3259716348392,0.06818259378458943,2.2846558750244803,2.2351092297518784,2.3872508008412225,2.3270407219513567,2.3958015466270606,False,2.3023386352058606
alkane,6,CCCCCC,6,CCCCCC,capacity_adapted_solvai,2.50320023069739,0.0722315607911247,2.4477962270059184,2.417564975041186,2.568306623688696,2.5002713685712594,2.5820619591798897,False,2.477889275245267
alkane,7,CCCCCCC,7,CCCCCCC,capacity_adapted_solvai,2.7349067839906676,0.07593108716170065,2.6728752206483906,2.6438000021983434,2.816090457004088,2.741437275848468,2.800330964254048,False,2.7109218932836074
alkane,8,CCCCCCCC,8,CCCCCCCC,capacity_adapted_solvai,2.8967522077134094,0.0729708274174207,2.8506190318651825,2.795897063558483,2.9530743312711323,2.912788758284689,2.971381853587559,False,2.8665301422315994
alkane,9,CCCCCCCCC,9,CCCCCCCCC,capacity_adapted_solvai,3.0844687591057802,0.0605308281582015,3.02083399190089,3.0180945095266907,3.129204817234835,3.1103131809378866,3.143897295928598,False,3.056044439554139
alkane,10,CCCCCCCCCC,10,CCCCCCCCCC,capacity_adapted_solvai,3.28623526381334,0.05928408711542131,3.245007547901322,3.247361076048308,3.2727169883593357,3.2769990681977506,3.3890916385599867,False,3.255028537436322
alkane,11,CCCCCCCCCCC,11,CCCCCCCCCCC,capacity_adapted_solvai,3.4989478694047316,0.06695308007211272,3.456320231050878,3.5037432134903312,3.4355847944646847,3.4905726017019765,3.608518506315785,False,3.465216079668631
alkane,12,CCCCCCCCCCCC,12,CCCCCCCCCCCC,capacity_adapted_solvai,3.665248777993091,0.0707692985119798,3.6939064585998596,3.65904680452016,3.5767379499413385,3.630609355614607,3.76594332128949,False,3.6432304043537855
alkane,13,CCCCCCCCCCCCC,13,CCCCCCCCCCCCC,capacity_adapted_solvai,4.211454980623321,0.08259836095979617,4.163781646200149,4.252484049004177,4.1027240532884415,4.219869392498883,4.318415762124954,False,4.172996582830923
alkane,14,CCCCCCCCCCCCCC,14,CCCCCCCCCCCCCC,capacity_adapted_solvai,2.2247454136816165,0.07340936135322908,2.2928657860346275,2.1182699711450095,2.244804424328362,2.283936402689392,2.1838504842106925,False,2.218646727169333
alkane,15,CCCCCCCCCCCCCCC,15,CCCCCCCCCCCCCCC,capacity_adapted_solvai,4.452728320972938,0.15253860667265612,4.29605602528395,4.705058365834847,4.440209624286852,4.386232126930275,4.436085462528767,False,4.480441338468549
alkane,16,CCCCCCCCCCCCCCCC,16,CCCCCCCCCCCCCCCC,capacity_adapted_solvai,1.1957505925364207,0.18423454001363704,1.226309631219241,0.8957712363106642,1.2817577788065266,1.185892967934456,1.389021348411215,False,1.134612882112144
alkane,17,CCCCCCCCCCCCCCCCC,17,CCCCCCCCCCCCCCCCC,capacity_adapted_solvai,2.18111636739289,0.17486337951024591,2.3042627156002924,1.8903106492729096,2.14324663617432,2.2870898865174256,2.2806719493995047,False,2.1126066670158408
alkane,18,CCCCCCCCCCCCCCCCCC,18,CCCCCCCCCCCCCCCCCC,capacity_adapted_solvai,4.239383677226841,0.0757712495540864,4.195749997048499,4.327420751037606,4.19119415188936,4.167177799510697,4.315375686648044,False,4.238121633325155
alkane,19,CCCCCCCCCCCCCCCCCCC,19,CCCCCCCCCCCCCCCCCCC,capacity_adapted_solvai,4.48590477562192,0.06543844325398648,4.477338664833671,4.563768632558991,4.410504562682443,4.437532333589076,4.540379684445418,False,4.4838706200250344
alkane,20,CCCCCCCCCCCCCCCCCCCC,20,CCCCCCCCCCCCCCCCCCCC,capacity_adapted_solvai,4.6510258715251975,0.07681382092976072,4.631136851460675,4.751030818880083,4.598675844979483,4.566153866266506,4.7081319760392395,False,4.660281171773414
alkane,21,CCCCCCCCCCCCCCCCCCCCC,21,CCCCCCCCCCCCCCCCCCCCC,capacity_adapted_solvai,4.816212207716487,0.11080519148270028,4.760110193915517,4.9835862275843015,4.770474863597022,4.700648854031997,4.866240899453598,False,4.83805709503228
alkane,22,CCCCCCCCCCCCCCCCCCCCCC,22,CCCCCCCCCCCCCCCCCCCCCC,capacity_adapted_solvai,4.991770774146025,0.09657513549154971,4.960396658668674,5.14256339557931,4.939736827649896,4.892479689680905,5.023677299151344,False,5.01423229396596
alkane,23,CCCCCCCCCCCCCCCCCCCCCCC,23,CCCCCCCCCCCCCCCCCCCCCCC,capacity_adapted_solvai,5.188192574959583,0.08101904769172359,5.180719818231743,5.314036212756787,5.14936850636908,5.09506785618403,5.201770481256276,False,5.214708179119203
alkane,24,CCCCCCCCCCCCCCCCCCCCCCCC,24,CCCCCCCCCCCCCCCCCCCCCCCC,capacity_adapted_solvai,5.351285612489155,0.0772392638753546,5.320650480461064,5.48188301130988,5.31978894282591,5.2814605784798365,5.352645049369083,False,5.374107478198951
alkane,25,CCCCCCCCCCCCCCCCCCCCCCCCC,25,CCCCCCCCCCCCCCCCCCCCCCCCC,capacity_adapted_solvai,5.530895173998635,0.08492082375374423,5.506159715118273,5.665512472061091,5.4981162583009064,5.437272677922771,5.5474147465901344,False,5.556596148493424
alkane,26,CCCCCCCCCCCCCCCCCCCCCCCCCC,26,CCCCCCCCCCCCCCCCCCCCCCCCCC,capacity_adapted_solvai,5.708360586005087,0.10433475699158337,5.685649161331134,5.878685418002475,5.650707804460839,5.605733466849961,5.721027079381025,False,5.738347461264816
alkane,27,CCCCCCCCCCCCCCCCCCCCCCCCCCC,27,CCCCCCCCCCCCCCCCCCCCCCCCCCC,capacity_adapted_solvai,5.916247483339447,0.10550783534852831,5.890440864291048,6.090866345732681,5.859996209515061,5.81555233032073,5.924381666837715,False,5.947101139846263
alkane,28,CCCCCCCCCCCCCCCCCCCCCCCCCCCC,28,CCCCCCCCCCCCCCCCCCCCCCCCCCCC,capacity_adapted_solvai,6.024259548061556,0.10571627458967821,5.9920303580056204,6.208195211360802,5.975059347009968,5.940156402645701,6.005856421285686,False,6.058428305458797
alkane,29,CCCCCCCCCCCCCCCCCCCCCCCCCCCCC,29,CCCCCCCCCCCCCCCCCCCCCCCCCCCCC,capacity_adapted_solvai,6.090907075183514,0.11491018009957862,6.1031863948876035,6.281581389539883,6.05703285431396,5.9855282792078315,6.027206457968295,False,6.147266879580482
alkane,30,CCCCCCCCCCCCCCCCCCCCCCCCCCCCCC,30,CCCCCCCCCCCCCCCCCCCCCCCCCCCCCC,capacity_adapted_solvai,6.14575135378718,0.1372424848077472,6.215005809651433,6.339700120879448,6.122775553516198,5.983523512226669,6.0677517726621515,False,6.225827161349026
glycine,0,CC(=O)NC,5,CNC(C)=O,capacity_adapted_structure,-10.042210097356676,0.1095496236806326,-10.208396500093741,-9.906065688776877,-10.058487732132443,-10.035074395126156,-10.003026170654165,False,-10.057649973667687
glycine,1,CC(=O)NCC(=O)NC,9,CNC(=O)CNC(C)=O,capacity_adapted_structure,-12.900640637715776,0.2611219907353054,-13.03916345111313,-12.436034670386537,-13.044030864376701,-12.977114449712563,-13.00685975298995,False,-12.839742995292122
glycine,2,CC(=O)NCC(=O)NCC(=O)NC,13,CNC(=O)CNC(=O)CNC(C)=O,capacity_adapted_structure,-17.314195509256336,0.2559488726596935,-17.416510572529177,-16.909060637367702,-17.476142634661702,-17.224495600740273,-17.544768100982836,False,-17.267237948186192
glycine,3,CC(=O)NCC(=O)NCC(=O)NCC(=O)NC,17,CNC(=O)CNC(=O)CNC(=O)CNC(C)=O,capacity_adapted_structure,-21.304647114145038,0.25120903998412375,-21.375180279654334,-20.9549047831683,-21.466978852388515,-21.148670877454133,-21.57750077805991,False,-21.265687971737048
glycine,4,CC(=O)NCC(=O)NCC(=O)NCC(=O)NCC(=O)NC,21,CNC(=O)CNC(=O)CNC(=O)CNC(=O)CNC(C)=O,capacity_adapted_structure,-25.107653737961748,0.2449489450085032,-25.159492573316157,-24.764032775167518,-25.273269196720356,-24.965981342959196,-25.375492801645514,False,-25.065598181734675
glycine,5,CC(=O)NCC(=O)NCC(=O)NCC(=O)NCC(=O)NCC(=O)NC,25,CNC(=O)CNC(=O)CNC(=O)CNC(=O)CNC(=O)CNC(C)=O,capacity_adapted_structure,-28.557564314164495,0.22983922468822646,-28.60688694745751,-28.215245230463385,-28.71036901924676,-28.456614784994763,-28.798705588660063,False,-28.510833732389216
glycine,6,CC(=O)NCC(=O)NCC(=O)NCC(=O)NCC(=O)NCC(=O)NCC(=O)NC,29,CNC(=O)CNC(=O)CNC(=O)CNC(=O)CNC(=O)CNC(=O)CNC(C)=O,capacity_adapted_structure,-32.53175096650164,0.25076330032404354,-32.56561152959128,-32.14309103553084,-32.728763466296755,-32.4556225012257,-32.765666299863646,False,-32.47915534380629
glycine,7,CC(=O)NCC(=O)NCC(=O)NCC(=O)NCC(=O)NCC(=O)NCC(=O)NCC(=O)NC,33,CNC(=O)CNC(=O)CNC(=O)CNC(=O)CNC(=O)CNC(=O)CNC(=O)CNC(C)=O,capacity_adapted_structure,-36.33450028750021,0.27900248984426795,-36.3349466042369,-35.896380657659336,-36.51916566646948,-36.2977364706218,-36.624272038513546,False,-36.25016430945524
glycine,8,CC(=O)NCC(=O)NCC(=O)NCC(=O)NCC(=O)NCC(=O)NCC(=O)NCC(=O)NCC(=O)NC,37,CNC(=O)CNC(=O)CNC(=O)CNC(=O)CNC(=O)CNC(=O)CNC(=O)CNC(=O)CNC(C)=O,capacity_adapted_structure,-39.86657777492618,0.2989720237396837,-39.8622560631371,-39.39730621242058,-40.0203424268257,-39.84969578338894,-40.203288388858574,False,-39.7599682341278
glycine,9,CC(=O)NCC(=O)NCC(=O)NCC(=O)NCC(=O)NCC(=O)NCC(=O)NCC(=O)NCC(=O)NCC(=O)NC,41,CNC(=O)CNC(=O)CNC(=O)CNC(=O)CNC(=O)CNC(=O)CNC(=O)CNC(=O)CNC(=O)CNC(C)=O,capacity_adapted_structure,-43.90120693230076,0.3288915613989031,-43.85942241796806,-43.39236292803171,-44.016650292633095,-43.93992771393062,-44.29767130894033,False,-43.75614521287762
glycine,10,CC(=O)NCC(=O)NCC(=O)NCC(=O)NCC(=O)NCC(=O)NCC(=O)NCC(=O)NCC(=O)NCC(=O)NCC(=O)NC,45,CNC(=O)CNC(=O)CNC(=O)CNC(=O)CNC(=O)CNC(=O)CNC(=O)CNC(=O)CNC(=O)CNC(=O)CNC(C)=O,capacity_adapted_structure,-47.384902709914655,0.33466457318476606,-47.31180432066961,-46.895602988711595,-47.42486634951726,-47.46559580035112,-47.82664409032369,False,-47.21075788629949
glycine,11,CC(=O)NCC(=O)NCC(=O)NCC(=O)NCC(=O)NCC(=O)NCC(=O)NCC(=O)NCC(=O)NCC(=O)NCC(=O)NCC(=O)NC,49,CNC(=O)CNC(=O)CNC(=O)CNC(=O)CNC(=O)CNC(=O)CNC(=O)CNC(=O)CNC(=O)CNC(=O)CNC(=O)CNC(C)=O,capacity_adapted_structure,-50.7422357321499,0.37092775866755223,-50.667969602721676,-50.2207309658947,-50.73546342442084,-50.82985819478452,-51.257156472927804,False,-50.54138799767907
glycine,12,CC(=O)NCC(=O)NCC(=O)NCC(=O)NCC(=O)NCC(=O)NCC(=O)NCC(=O)NCC(=O)NCC(=O)NCC(=O)NCC(=O)NCC(=O)NC,53,CNC(=O)CNC(=O)CNC(=O)CNC(=O)CNC(=O)CNC(=O)CNC(=O)CNC(=O)CNC(=O)CNC(=O)CNC(=O)CNC(=O)CNC(C)=O,capacity_adapted_structure,-54.311156056466686,0.40316646222754504,-54.238566907301525,-53.77661201261039,-54.244112941504895,-54.39584112086272,-54.9006473000539,False,-54.08643062047227
alanine,0,CC(=O)NC,5,CNC(C)=O,capacity_adapted_structure,-10.042210097356676,0.1095496236806326,-10.208396500093741,-9.906065688776877,-10.058487732132443,-10.035074395126156,-10.003026170654165,False,-10.057649973667687
alanine,1,CC(=O)N[C@@H](C)C(=O)NC,10,CNC(=O)[C@H](C)NC(C)=O,capacity_adapted_structure,-12.13546242017888,0.2865188383231674,-12.206170575993404,-11.651811044584125,-12.299894042085109,-12.134145298027814,-12.385291140203952,False,-12.052625220887547
alanine,2,CC(=O)N[C@@H](C)C(=O)N[C@@H](C)C(=O)NC,15,CNC(=O)[C@H](C)NC(=O)[C@H](C)NC(C)=O,capacity_adapted_structure,-17.284057422861775,0.35976804059502066,-17.2184410581238,-16.846615316460518,-17.597801748191348,-17.057999946843584,-17.69942904468963,False,-17.220952707591888
alanine,3,CC(=O)N[C@@H](C)C(=O)N[C@@H](C)C(=O)N[C@@H](C)C(=O)NC,20,CNC(=O)[C@H](C)NC(=O)[C@H](C)NC(=O)[C@H](C)NC(C)=O,capacity_adapted_structure,-21.39976452739986,0.3627354678229887,-21.38439928110056,-20.964745701378753,-21.73278729686484,-21.127507415800793,-21.78938294185436,False,-21.36064409311472
alanine,4,CC(=O)N[C@@H](C)C(=O)N[C@@H](C)C(=O)N[C@@H](C)C(=O)N[C@@H](C)C(=O)NC,25,CNC(=O)[C@H](C)NC(=O)[C@H](C)NC(=O)[C@H](C)NC(=O)[C@H](C)NC(C)=O,capacity_adapted_structure,-25.182217167992178,0.3137136671303197,-25.180379221037185,-24.790320343180255,-25.453298247184534,-24.961523053370914,-25.525564975188,False,-25.14133260380066
alanine,5,CC(=O)N[C@@H](C)C(=O)N[C@@H](C)C(=O)N[C@@H](C)C(=O)N[C@@H](C)C(=O)N[C@@H](C)C(=O)NC,30,CNC(=O)[C@H](C)NC(=O)[C@H](C)NC(=O)[C@H](C)NC(=O)[C@H](C)NC(=O)[C@H](C)NC(C)=O,capacity_adapted_structure,-28.47199490851862,0.29325521918151704,-28.479218410762915,-28.072875069240258,-28.702432873557335,-28.30930099521833,-28.79614719381427,False,-28.418175451186837
alanine,6,CC(=O)N[C@@H](C)C(=O)N[C@@H](C)C(=O)N[C@@H](C)C(=O)N[C@@H](C)C(=O)N[C@@H](C)C(=O)N[C@@H](C)C(=O)NC,35,CNC(=O)[C@H](C)NC(=O)[C@H](C)NC(=O)[C@H](C)NC(=O)[C@H](C)NC(=O)[C@H](C)NC(=O)[C@H](C)NC(C)=O,capacity_adapted_structure,-32.12872305105465,0.3166391798014856,-32.136327995581006,-31.667761272074863,-32.35964489172483,-32.00495722497229,-32.47492387092026,False,-32.054578053126896
alanine,7,CC(=O)N[C@@H](C)C(=O)N[C@@H](C)C(=O)N[C@@H](C)C(=O)N[C@@H](C)C(=O)N[C@@H](C)C(=O)N[C@@H](C)C(=O)N[C@@H](C)C(=O)NC,40,CNC(=O)[C@H](C)NC(=O)[C@H](C)NC(=O)[C@H](C)NC(=O)[C@H](C)NC(=O)[C@H](C)NC(=O)[C@H](C)NC(=O)[C@H](C)NC(C)=O,capacity_adapted_structure,-35.89052732340777,0.34527445016710745,-35.90339490320414,-35.37983854329375,-36.096459816824414,-35.78065780061649,-36.29228555310002,False,-35.7932310877741
alanine,8,CC(=O)N[C@@H](C)C(=O)N[C@@H](C)C(=O)N[C@@H](C)C(=O)N[C@@H](C)C(=O)N[C@@H](C)C(=O)N[C@@H](C)C(=O)N[C@@H](C)C(=O)N[C@@H](C)C(=O)NC,45,CNC(=O)[C@H](C)NC(=O)[C@H](C)NC(=O)[C@H](C)NC(=O)[C@H](C)NC(=O)[C@H](C)NC(=O)[C@H](C)NC(=O)[C@H](C)NC(=O)[C@H](C)NC(C)=O,capacity_adapted_structure,-39.408864108678166,0.37323275003826095,-39.41585152644098,-38.863982100977886,-39.600046199780856,-39.29620449656031,-39.86823621963079,False,-39.29329327573324
alanine,9,CC(=O)N[C@@H](C)C(=O)N[C@@H](C)C(=O)N[C@@H](C)C(=O)N[C@@H](C)C(=O)N[C@@H](C)C(=O)N[C@@H](C)C(=O)N[C@@H](C)C(=O)N[C@@H](C)C(=O)N[C@@H](C)C(=O)NC,50,CNC(=O)[C@H](C)NC(=O)[C@H](C)NC(=O)[C@H](C)NC(=O)[C@H](C)NC(=O)[C@H](C)NC(=O)[C@H](C)NC(=O)[C@H](C)NC(=O)[C@H](C)NC(=O)[C@H](C)NC(C)=O,capacity_adapted_structure,-42.963185241815815,0.4264900104965654,-42.96740842247832,-42.33700188469477,-43.151315306884165,-42.859199783280935,-43.50100081174088,False,-42.81857520468575
alanine,10,CC(=O)N[C@@H](C)C(=O)N[C@@H](C)C(=O)N[C@@H](C)C(=O)N[C@@H](C)C(=O)N[C@@H](C)C(=O)N[C@@H](C)C(=O)N[C@@H](C)C(=O)N[C@@H](C)C(=O)N[C@@H](C)C(=O)N[C@@H](C)C(=O)NC,55,CNC(=O)[C@H](C)NC(=O)[C@H](C)NC(=O)[C@H](C)NC(=O)[C@H](C)NC(=O)[C@H](C)NC(=O)[C@H](C)NC(=O)[C@H](C)NC(=O)[C@H](C)NC(=O)[C@H](C)NC(=O)[C@H](C)NC(C)=O,capacity_adapted_structure,-46.78247754874289,0.4599211696600509,-46.787077293908915,-46.114465777282255,-46.97395962322597,-46.663601207872006,-47.373283841425284,False,-46.625167564805714
alanine,11,CC(=O)N[C@@H](C)C(=O)N[C@@H](C)C(=O)N[C@@H](C)C(=O)N[C@@H](C)C(=O)N[C@@H](C)C(=O)N[C@@H](C)C(=O)N[C@@H](C)C(=O)N[C@@H](C)C(=O)N[C@@H](C)C(=O)N[C@@H](C)C(=O)N[C@@H](C)C(=O)NC,60,CNC(=O)[C@H](C)NC(=O)[C@H](C)NC(=O)[C@H](C)NC(=O)[C@H](C)NC(=O)[C@H](C)NC(=O)[C@H](C)NC(=O)[C@H](C)NC(=O)[C@H](C)NC(=O)[C@H](C)NC(=O)[C@H](C)NC(=O)[C@H](C)NC(C)=O,capacity_adapted_structure,-50.51529318321509,0.4851150375322734,-50.502847043484834,-49.82367491471787,-50.649219422002474,-50.42460259787695,-51.17612193799334,False,-50.325247126735064
alanine,12,CC(=O)N[C@@H](C)C(=O)N[C@@H](C)C(=O)N[C@@H](C)C(=O)N[C@@H](C)C(=O)N[C@@H](C)C(=O)N[C@@H](C)C(=O)N[C@@H](C)C(=O)N[C@@H](C)C(=O)N[C@@H](C)C(=O)N[C@@H](C)C(=O)N[C@@H](C)C(=O)N[C@@H](C)C(=O)NC,65,CNC(=O)[C@H](C)NC(=O)[C@H](C)NC(=O)[C@H](C)NC(=O)[C@H](C)NC(=O)[C@H](C)NC(=O)[C@H](C)NC(=O)[C@H](C)NC(=O)[C@H](C)NC(=O)[C@H](C)NC(=O)[C@H](C)NC(=O)[C@H](C)NC(=O)[C@H](C)NC(C)=O,capacity_adapted_structure,-54.0846486053779,0.5183540671985856,-54.07360043697806,-53.336787599168744,-54.20502242426148,-54.018564461677656,-54.789268104803575,False,-53.871803486802754
alkane,1,C,1,C,capacity_adapted_structure,1.95089546349934,0.012109374314926681,1.955819215105084,1.9480952527822808,1.968488635148148,1.9360087272751034,1.9460654871860852,False,1.9574677010118375
alkane,2,CC,2,CC,capacity_adapted_structure,1.743839739628703,0.0358644729419438,1.777186428748835,1.713047299242601,1.7194853571970121,1.7883114221607288,1.721168190794339,False,1.7365730283961494
alkane,3,CCC,3,CCC,capacity_adapted_structure,1.9629771112279752,0.035815304997236314,1.9351160938017387,2.020240036322175,1.9686374073937083,1.930801088958158,1.960090929664096,False,1.974664512505874
alkane,4,CCCC,4,CCCC,capacity_adapted_structure,2.1589086952979635,0.07432137716749873,2.2402430916683613,2.188565466894797,2.1587476066615814,2.0384621975140993,2.1685251137509782,False,2.1958520550749134
alkane,5,CCCCC,5,CCCCC,capacity_adapted_structure,2.390122349069473,0.066188144903552,2.4351146125164975,2.4197209531571815,2.3850442157728438,2.2773233544297513,2.4334086094710914,False,2.4132932604821744
alkane,6,CCCCCC,6,CCCCCC,capacity_adapted_structure,2.5413400689027776,0.06639294263167132,2.575120270590916,2.5908011091619496,2.472115001654246,2.466677498023463,2.6019864650833133,False,2.546012127135704
alkane,7,CCCCCCC,7,CCCCCCC,capacity_adapted_structure,2.7250365991089547,0.07440257827221902,2.7611928886698403,2.8077890876462597,2.6305671987335657,2.664008028979577,2.76162579151553,False,2.7331830583498884
alkane,8,CCCCCCCC,8,CCCCCCCC,capacity_adapted_structure,2.9234132916180733,0.06931204419321879,2.9679161919327735,2.955004102407197,2.810584664473703,2.9041435055395812,2.979417993737113,False,2.911168319604558
alkane,9,CCCCCCCCC,9,CCCCCCCCC,capacity_adapted_structure,3.057055399805325,0.09519097220621404,3.121997899437587,3.062916416558102,2.8980651837527143,3.0635517472133245,3.1387457520648967,False,3.027659833249468
alkane,10,CCCCCCCCCC,10,CCCCCCCCCC,capacity_adapted_structure,3.236416926275895,0.09448977467923983,3.300255096846027,3.2536601173142445,3.0742987127881376,3.247145844070099,3.3067248603609674,False,3.209404642316136
alkane,11,CCCCCCCCCCC,11,CCCCCCCCCCC,capacity_adapted_structure,3.4259932526822396,0.08273944480989259,3.4908384406325688,3.482088315648787,3.292923795695933,3.3985118483711103,3.465603863062798,False,3.4219501839924296
alkane,12,CCCCCCCCCCCC,12,CCCCCCCCCCCC,capacity_adapted_structure,3.67851572590767,0.10069690417316098,3.7988268653369657,3.7299184878603375,3.531330709484771,3.693437582137416,3.639064984718856,False,3.686692020894025
alkane,13,CCCCCCCCCCCCC,13,CCCCCCCCCCCCC,capacity_adapted_structure,3.9679456665896033,0.10625062314073229,4.076953529801261,3.945835793954463,3.803152845182269,4.042912123072145,3.97087404093788,False,3.9419807229793307
alkane,14,CCCCCCCCCCCCCC,14,CCCCCCCCCCCCCC,capacity_adapted_structure,2.3684209903873072,0.12824654868384414,2.3943406519534394,2.2301814539788367,2.254453889731006,2.5424550071332384,2.4206739491400153,False,2.2929919985544274
alkane,15,CCCCCCCCCCCCCCC,15,CCCCCCCCCCCCCCC,capacity_adapted_structure,4.228697196105961,0.2694921264193369,4.352316932720959,4.2027581453701215,3.9865256128376556,3.9804247313250274,4.621460558276044,False,4.1805335636429115
alkane,16,CCCCCCCCCCCCCCCC,16,CCCCCCCCCCCCCCCC,capacity_adapted_structure,1.2829540539941915,0.12156274802803725,1.0888690749361105,1.362600251210865,1.3114890584706043,1.3986848374271696,1.253127047926208,False,1.2543194615391933
alkane,17,CCCCCCCCCCCCCCCCC,17,CCCCCCCCCCCCCCCCC,capacity_adapted_structure,2.275106526026432,0.22636563286918499,1.9859138892706136,2.503366319056778,2.2378883440767394,2.5017048257405774,2.14665925198745,False,2.2423895174680437
alkane,18,CCCCCCCCCCCCCCCCCC,18,CCCCCCCCCCCCCCCCCC,capacity_adapted_structure,4.145007320477161,0.13776657378472865,4.107126248423477,4.203989784452223,3.968862567011219,4.104295307701597,4.3407626947972835,False,4.0933261999623065
alkane,19,CCCCCCCCCCCCCCCCCCC,19,CCCCCCCCCCCCCCCCCCC,capacity_adapted_structure,4.331918672576549,0.10798358945923321,4.239337216386219,4.387000986773111,4.239896331751708,4.30133683027904,4.4920219976926665,False,4.288744844970346
alkane,20,CCCCCCCCCCCCCCCCCCCC,20,CCCCCCCCCCCCCCCCCCCC,capacity_adapted_structure,4.525722935479482,0.10290157965043717,4.4807525000914366,4.590312893667551,4.4195363793770825,4.466200257530786,4.671812646730555,False,4.496867257712023
alkane,21,CCCCCCCCCCCCCCCCCCCCC,21,CCCCCCCCCCCCCCCCCCCCC,capacity_adapted_structure,4.667112419326544,0.11285577966759291,4.643471533951225,4.760252868937898,4.524654945867497,4.6067510073573805,4.800431740518714,False,4.642793116252207
alkane,22,CCCCCCCCCCCCCCCCCCCCCC,22,CCCCCCCCCCCCCCCCCCCCCC,capacity_adapted_structure,4.842193207347798,0.10248167826184716,4.825411454159613,4.877450644267676,4.724612770291322,4.78746416626221,4.996027001758164,False,4.809158289572871
alkane,23,CCCCCCCCCCCCCCCCCCCCCCC,23,CCCCCCCCCCCCCCCCCCCCCCC,capacity_adapted_structure,5.028771163283774,0.10619006034275853,4.983983766535554,5.048628965565622,4.9415842862730495,4.964790927413577,5.204867870631067,False,4.991399006124742
alkane,24,CCCCCCCCCCCCCCCCCCCCCCCC,24,CCCCCCCCCCCCCCCCCCCCCCCC,capacity_adapted_structure,5.186853136971681,0.11051753229386854,5.148198449241083,5.197129884694951,5.12807883219594,5.088999899676566,5.371858619049866,False,5.157802388710658
alkane,25,CCCCCCCCCCCCCCCCCCCCCCCCC,25,CCCCCCCCCCCCCCCCCCCCCCCCC,capacity_adapted_structure,5.407594200211421,0.0844344321841484,5.393036714038835,5.41976572100971,5.352978567476959,5.327584242659905,5.5446057558716975,False,5.388593667508501
alkane,26,CCCCCCCCCCCCCCCCCCCCCCCCCC,26,CCCCCCCCCCCCCCCCCCCCCCCCCC,capacity_adapted_structure,5.560668158669255,0.08248039897955929,5.572911504756589,5.579142257122924,5.487013214892456,5.481206219537042,5.683067597037264,False,5.546355658923989
alkane,27,CCCCCCCCCCCCCCCCCCCCCCCCCCC,27,CCCCCCCCCCCCCCCCCCCCCCCCCCC,capacity_adapted_structure,5.75711715309819,0.09884490976886949,5.754701433274781,5.751568680005554,5.694359654364255,5.664796048337592,5.920159949508769,False,5.733543255881529
alkane,28,CCCCCCCCCCCCCCCCCCCCCCCCCCCC,28,CCCCCCCCCCCCCCCCCCCCCCCCCCCC,capacity_adapted_structure,5.817829033455665,0.12218336071798741,5.799104461073813,5.805588248202064,5.763139380431812,5.6985527147442605,6.022760362826372,False,5.789277363235897
alkane,29,CCCCCCCCCCCCCCCCCCCCCCCCCCCCC,29,CCCCCCCCCCCCCCCCCCCCCCCCCCCCC,capacity_adapted_structure,5.883374426515838,0.14132813248452722,5.863822826782026,5.873446683847319,5.834081791560862,5.730560697543273,6.114960132845714,False,5.857117100730068
alkane,30,CCCCCCCCCCCCCCCCCCCCCCCCCCCCCC,30,CCCCCCCCCCCCCCCCCCCCCCCCCCCCCC,capacity_adapted_structure,5.920494809005744,0.14082836958844897,5.901670729941617,5.918547843700314,5.898886737838212,5.744697719205454,6.138671014343122,False,5.906368437160047
glycine,0,CC(=O)NC,5,,tree_structure,-9.909592416225763,0.012434324811029605,-9.923585052910063,-9.899809160052932,-9.905383035714296,,,False,-9.909592416225763
glycine,1,CC(=O)NCC(=O)NC,9,,tree_structure,-12.494190972222206,0.11791077347413521,-12.36434834656084,-12.594589318783045,-12.523635251322732,,,False,-12.494190972222206
glycine,2,CC(=O)NCC(=O)NCC(=O)NC,13,,tree_structure,-15.611873346560829,0.3933462830252351,-15.39627281746029,-16.065879629629617,-15.373467592592583,,,False,-15.611873346560829
glycine,3,CC(=O)NCC(=O)NCC(=O)NCC(=O)NC,17,,tree_structure,-18.022584435626104,0.6504528592849149,-17.491850529100525,-18.748201388888887,-17.827701388888897,,,False,-18.022584435626104
glycine,4,CC(=O)NCC(=O)NCC(=O)NCC(=O)NCC(=O)NC,21,,tree_structure,-20.071813602292774,0.7335172735289905,-19.6600472883598,-20.91869907407407,-19.636694444444455,,,False,-20.071813602292774
glycine,5,CC(=O)NCC(=O)NCC(=O)NCC(=O)NCC(=O)NCC(=O)NC,25,,tree_structure,-20.518161155202822,0.7143628427044342,-20.185755621693133,-21.33815608465608,-20.030571759259264,,,False,-20.518161155202822
glycine,6,CC(=O)NCC(=O)NCC(=O)NCC(=O)NCC(=O)NCC(=O)NCC(=O)NC,29,,tree_structure,-20.73531735008819,0.7977264218141614,-20.433568121693128,-21.639901455026457,-20.13248247354498,,,False,-20.73531735008819
glycine,7,CC(=O)NCC(=O)NCC(=O)NCC(=O)NCC(=O)NCC(=O)NCC(=O)NCC(=O)NC,33,,tree_structure,-20.831305004409174,0.8291288860259042,-20.526084325396834,-21.769781084656085,-20.198049603174606,,,False,-20.831305004409174
glycine,8,CC(=O)NCC(=O)NCC(=O)NCC(=O)NCC(=O)NCC(=O)NCC(=O)NCC(=O)NCC(=O)NC,37,,tree_structure,-20.929715498236337,0.7990025886316983,-20.66166071428572,-21.82827876984127,-20.299207010582016,,,False,-20.929715498236337
glycine,9,CC(=O)NCC(=O)NCC(=O)NCC(=O)NCC(=O)NCC(=O)NCC(=O)NCC(=O)NCC(=O)NCC(=O)NC,41,,tree_structure,-20.97817735890653,0.7853281499453854,-20.747907407407414,-21.85289914021164,-20.333725529100537,,,False,-20.97817735890653
glycine,10,CC(=O)NCC(=O)NCC(=O)NCC(=O)NCC(=O)NCC(=O)NCC(=O)NCC(=O)NCC(=O)NCC(=O)NCC(=O)NC,45,,tree_structure,-21.02384711199295,0.7900939407807668,-20.859101851851857,-21.883325066137566,-20.329114417989427,,,False,-21.02384711199295
glycine,11,CC(=O)NCC(=O)NCC(=O)NCC(=O)NCC(=O)NCC(=O)NCC(=O)NCC(=O)NCC(=O)NCC(=O)NCC(=O)NCC(=O)NC,49,,tree_structure,-21.05352535273369,0.8105295431894615,-20.902525462962974,-21.928936177248676,-20.329114417989427,,,False,-21.05352535273369
glycine,12,CC(=O)NCC(=O)NCC(=O)NCC(=O)NCC(=O)NCC(=O)NCC(=O)NCC(=O)NCC(=O)NCC(=O)NCC(=O)NCC(=O)NCC(=O)NC,53,,tree_structure,-21.058673500881838,0.8057086061606522,-20.87307175925927,-21.940987103174603,-20.36196164021165,,,False,-21.058673500881838
alanine,0,CC(=O)NC,5,,tree_structure,-9.909592416225763,0.012434324811029605,-9.923585052910063,-9.899809160052932,-9.905383035714296,,,False,-9.909592416225763
alanine,1,CC(=O)N[C@@H](C)C(=O)NC,10,,tree_structure,-12.731223324514973,0.036828612747735766,-12.755690079365058,-12.749112698412679,-12.688867195767184,,,False,-12.731223324514973
alanine,2,CC(=O)N[C@@H](C)C(=O)N[C@@H](C)C(=O)NC,15,,tree_structure,-16.40464279100528,0.3261129863342087,-16.09580337301585,-16.74564583333333,-16.372479166666658,,,False,-16.40464279100528
alanine,3,CC(=O)N[C@@H](C)C(=O)N[C@@H](C)C(=O)N[C@@H](C)C(=O)NC,20,,tree_structure,-19.688931216931213,0.585141694241091,-19.141591269841264,-20.30568287037037,-19.61951951058201,,,False,-19.688931216931213
alanine,4,CC(=O)N[C@@H](C)C(=O)N[C@@H](C)C(=O)N[C@@H](C)C(=O)N[C@@H](C)C(=O)NC,25,,tree_structure,-22.15803417107584,0.43772502269857005,-21.9040009920635,-22.66347321428571,-21.906628306878314,,,False,-22.15803417107584
alanine,5,CC(=O)N[C@@H](C)C(=O)N[C@@H](C)C(=O)N[C@@H](C)C(=O)N[C@@H](C)C(=O)N[C@@H](C)C(=O)NC,30,,tree_structure,-22.834595127865967,0.4390019999746227,-22.859572751322766,-23.260575066137562,-22.383637566137576,,,False,-22.834595127865967
alanine,6,CC(=O)N[C@@H](C)C(=O)N[C@@H](C)C(=O)N[C@@H](C)C(=O)N[C@@H](C)C(=O)N[C@@H](C)C(=O)N[C@@H](C)C(=O)NC,35,,tree_structure,-22.96656117724868,0.4897767772055286,-23.03434126984127,-23.418917658730155,-22.446424603174613,,,False,-22.96656117724868
alanine,7,CC(=O)N[C@@H](C)C(=O)N[C@@H](C)C(=O)N[C@@H](C)C(=O)N[C@@H](C)C(=O)N[C@@H](C)C(=O)N[C@@H](C)C(=O)N[C@@H](C)C(=O)NC,40,,tree_structure,-23.037526455026455,0.47622980583915675,-23.080315806878307,-23.490917658730158,-22.54134589947091,,,False,-23.037526455026455
alanine,8,CC(=O)N[C@@H](C)C(=O)N[C@@H](C)C(=O)N[C@@H](C)C(=O)N[C@@H](C)C(=O)N[C@@H](C)C(=O)N[C@@H](C)C(=O)N[C@@H](C)C(=O)N[C@@H](C)C(=O)NC,45,,tree_structure,-23.120705136684307,0.47963614508665037,-23.135537037037036,-23.592753306878304,-22.633825066137575,,,False,-23.120705136684307
alanine,9,CC(=O)N[C@@H](C)C(=O)N[C@@H](C)C(=O)N[C@@H](C)C(=O)N[C@@H](C)C(=O)N[C@@H](C)C(=O)N[C@@H](C)C(=O)N[C@@H](C)C(=O)N[C@@H](C)C(=O)N[C@@H](C)C(=O)NC,50,,tree_structure,-23.131939704585545,0.471499149465933,-23.15262962962963,-23.592753306878304,-22.650436177248686,,,False,-23.131939704585545
alanine,10,CC(=O)N[C@@H](C)C(=O)N[C@@H](C)C(=O)N[C@@H](C)C(=O)N[C@@H](C)C(=O)N[C@@H](C)C(=O)N[C@@H](C)C(=O)N[C@@H](C)C(=O)N[C@@H](C)C(=O)N[C@@H](C)C(=O)N[C@@H](C)C(=O)NC,55,,tree_structure,-23.142925815696646,0.4877101394968473,-23.15262962962963,-23.625711640211637,-22.650436177248686,,,False,-23.142925815696646
alanine,11,CC(=O)N[C@@H](C)C(=O)N[C@@H](C)C(=O)N[C@@H](C)C(=O)N[C@@H](C)C(=O)N[C@@H](C)C(=O)N[C@@H](C)C(=O)N[C@@H](C)C(=O)N[C@@H](C)C(=O)N[C@@H](C)C(=O)N[C@@H](C)C(=O)N[C@@H](C)C(=O)NC,60,,tree_structure,-23.18870436507937,0.48265916925992774,-23.22087962962963,-23.6544708994709,-22.690762566137575,,,False,-23.18870436507937
alanine,12,CC(=O)N[C@@H](C)C(=O)N[C@@H](C)C(=O)N[C@@H](C)C(=O)N[C@@H](C)C(=O)N[C@@H](C)C(=O)N[C@@H](C)C(=O)N[C@@H](C)C(=O)N[C@@H](C)C(=O)N[C@@H](C)C(=O)N[C@@H](C)C(=O)N[C@@H](C)C(=O)N[C@@H](C)C(=O)NC,65,,tree_structure,-23.220506834215172,0.4832413838270466,-23.25774074074074,-23.684054232804232,-22.719725529100536,,,False,-23.220506834215172
alkane,1,C,1,,tree_structure,1.877552195767202,0.009350072165449839,1.8727678849206402,1.8883262738095317,1.8715624285714338,,,False,1.877552195767202
alkane,2,CC,2,,tree_structure,1.8574385978836048,0.0018556083996905015,1.8554176818783137,1.8590656646825472,1.8578324470899534,,,False,1.8574385978836048
alkane,3,CCC,3,,tree_structure,1.9680649166666748,0.005765573652858816,1.9616303677248763,1.9698025714285807,1.972761810846567,,,False,1.9680649166666748
alkane,4,CCCC,4,,tree_structure,2.09406884038801,0.0003172257690705406,2.093775579365083,2.094025390211643,2.0944055515873043,,,False,2.09406884038801
alkane,5,CCCCC,5,,tree_structure,2.338651936067018,0.0032244047636142774,2.338393948412697,2.335564275132274,2.3419975846560828,,,False,2.338651936067018
alkane,6,CCCCCC,6,,tree_structure,2.4976557804232797,0.002505146605005438,2.500548439153439,2.496221845238095,2.4961970568783056,,,False,2.4976557804232797
alkane,7,CCCCCCC,7,,tree_structure,2.6874768547178127,0.007454905751996423,2.6959393908730145,2.6846111382275124,2.6818800350529117,,,False,2.6874768547178127
alkane,8,CCCCCCCC,8,,tree_structure,2.8931296699735456,0.004356237527628212,2.889329442460316,2.892175750000002,2.8978838174603196,,,False,2.8931296699735456
alkane,9,CCCCCCCCC,9,,tree_structure,3.0775734089506113,0.006148281909558108,3.08425630092592,3.0721569722222153,3.0763069537036976,,,False,3.0775734089506113
alkane,10,CCCCCCCCCC,10,,tree_structure,3.210623691358016,0.0134988964611376,3.209505111111103,3.2246470740740656,3.197718888888879,,,False,3.210623691358016
alkane,11,CCCCCCCCCCC,11,,tree_structure,3.5078317901234635,0.003764932498859359,3.509571759259263,3.5035115740740808,3.510412037037047,,,False,3.5078317901234635
alkane,12,CCCCCCCCCCCC,12,,tree_structure,3.6032700617284044,0.005100146614037897,3.598125000000009,3.608324074074083,3.6033611111111212,,,False,3.6032700617284044
alkane,13,CCCCCCCCCCCCC,13,,tree_structure,3.7888541666666726,0.015050559937220882,3.7811550925925985,3.7792106481481538,3.8061967592592656,,,False,3.7888541666666726
alkane,14,CCCCCCCCCCCCCC,14,,tree_structure,2.777807098765422,0.011064142949279437,2.7863379629629534,2.7817777777777666,2.7653055555555466,,,False,2.777807098765422
alkane,15,CCCCCCCCCCCCCCC,15,,tree_structure,2.9191234567901123,0.03199061690404914,2.9551666666666545,2.90810648148147,2.894097222222212,,,False,2.9191234567901123
alkane,16,CCCCCCCCCCCCCCCC,16,,tree_structure,2.434496913580236,0.015431289349914473,2.417034722222212,2.440157407407397,2.4462986111110996,,,False,2.434496913580236
alkane,17,CCCCCCCCCCCCCCCCC,17,,tree_structure,3.3411512345678958,0.08287863553902065,3.3141550925925873,3.2751365740740663,3.434162037037034,,,False,3.3411512345678958
alkane,18,CCCCCCCCCCCCCCCCCC,18,,tree_structure,4.1177662037037,0.030414626865899786,4.084648148148145,4.124203703703703,4.144446759259253,,,False,4.1177662037037
alkane,19,CCCCCCCCCCCCCCCCCCC,19,,tree_structure,4.3348796296296355,0.013928917625847446,4.343731481481488,4.318824074074082,4.342083333333335,,,False,4.3348796296296355
alkane,20,CCCCCCCCCCCCCCCCCCCC,20,,tree_structure,4.4862253086419726,0.004432715845225354,4.485995370370368,4.481912037037035,4.490768518518515,,,False,4.4862253086419726
alkane,21,CCCCCCCCCCCCCCCCCCCCC,21,,tree_structure,4.735361111111096,0.0027327719801465353,4.735837962962947,4.732421296296281,4.73782407407406,,,False,4.735361111111096
alkane,22,CCCCCCCCCCCCCCCCCCCCCC,22,,tree_structure,4.845845679012331,0.0014893406507087781,4.846324074074059,4.844175925925908,4.847037037037025,,,False,4.845845679012331
alkane,23,CCCCCCCCCCCCCCCCCCCCCCC,23,,tree_structure,5.157206790123468,0.003077872810925113,5.158976851851865,5.158990740740751,5.153652777777791,,,False,5.157206790123468
alkane,24,CCCCCCCCCCCCCCCCCCCCCCCC,24,,tree_structure,5.247001543209893,0.0006091849085934049,5.247212962962979,5.246314814814831,5.247476851851868,,,False,5.247001543209893
alkane,25,CCCCCCCCCCCCCCCCCCCCCCCCC,25,,tree_structure,5.2755385802469315,0.0022920843864221814,5.274199074074092,5.2742314814814995,5.278185185185205,,,False,5.2755385802469315
alkane,26,CCCCCCCCCCCCCCCCCCCCCCCCCC,26,,tree_structure,5.727851851851852,0.0015034254440591229,5.729055555555556,5.728333333333334,5.726166666666667,,,False,5.727851851851852
alkane,27,CCCCCCCCCCCCCCCCCCCCCCCCCCC,27,,tree_structure,5.756814814814812,0.00046259244432613557,5.756444444444442,5.756666666666664,5.757333333333332,,,False,5.756814814814812
alkane,28,CCCCCCCCCCCCCCCCCCCCCCCCCCCC,28,,tree_structure,5.756814814814812,0.00046259244432613557,5.756444444444442,5.756666666666664,5.757333333333332,,,False,5.756814814814812
alkane,29,CCCCCCCCCCCCCCCCCCCCCCCCCCCCC,29,,tree_structure,5.756814814814812,0.00046259244432613557,5.756444444444442,5.756666666666664,5.757333333333332,,,False,5.756814814814812
alkane,30,CCCCCCCCCCCCCCCCCCCCCCCCCCCCCC,30,,tree_structure,5.756814814814812,0.00046259244432613557,5.756444444444442,5.756666666666664,5.757333333333332,,,False,5.756814814814812
glycine,0,CC(=O)NC,5,,tree_solvai,-9.973007638888907,0.010541180891668476,-9.982278869047633,-9.975202083333354,-9.96154196428573,,,False,-9.973007638888907
glycine,1,CC(=O)NCC(=O)NC,9,,tree_solvai,-13.783633641975316,0.09059170529816296,-13.693090277777788,-13.874273611111112,-13.783537037037048,,,False,-13.783633641975316
glycine,2,CC(=O)NCC(=O)NCC(=O)NC,13,,tree_solvai,-17.827020061728373,0.13385408979303562,-17.737488425925907,-17.762675925925908,-17.980895833333303,,,False,-17.827020061728373
glycine,3,CC(=O)NCC(=O)NCC(=O)NCC(=O)NC,17,,tree_solvai,-20.88391049382715,0.08438925558881187,-20.97939814814814,-20.85299305555554,-20.819340277777766,,,False,-20.88391049382715
glycine,4,CC(=O)NCC(=O)NCC(=O)NCC(=O)NCC(=O)NC,21,,tree_solvai,-22.068715277777773,0.1483681248609361,-22.09792592592593,-22.200305555555545,-21.90791435185185,,,False,-22.068715277777773
glycine,5,CC(=O)NCC(=O)NCC(=O)NCC(=O)NCC(=O)NCC(=O)NC,25,,tree_solvai,-22.789243827160494,0.09231675917880254,-22.888636574074077,-22.772912037037035,-22.706182870370377,,,False,-22.789243827160494
glycine,6,CC(=O)NCC(=O)NCC(=O)NCC(=O)NCC(=O)NCC(=O)NCC(=O)NC,29,,tree_solvai,-23.005106481481487,0.10140749942822971,-23.122196759259264,-22.94562268518519,-22.947500000000005,,,False,-23.005106481481487
glycine,7,CC(=O)NCC(=O)NCC(=O)NCC(=O)NCC(=O)NCC(=O)NCC(=O)NCC(=O)NC,33,,tree_solvai,-23.18124614197532,0.11775468770096087,-23.316203703703707,-23.099414351851856,-23.128120370370386,,,False,-23.18124614197532
glycine,8,CC(=O)NCC(=O)NCC(=O)NCC(=O)NCC(=O)NCC(=O)NCC(=O)NCC(=O)NCC(=O)NC,37,,tree_solvai,-23.24517978395063,0.08262086321501806,-23.31985185185186,-23.1564212962963,-23.259266203703717,,,False,-23.24517978395063
glycine,9,CC(=O)NCC(=O)NCC(=O)NCC(=O)NCC(=O)NCC(=O)NCC(=O)NCC(=O)NCC(=O)NCC(=O)NC,41,,tree_solvai,-23.2653587962963,0.1260702646492434,-23.35172453703704,-23.120689814814817,-23.323662037037053,,,False,-23.2653587962963
glycine,10,CC(=O)NCC(=O)NCC(=O)NCC(=O)NCC(=O)NCC(=O)NCC(=O)NCC(=O)NCC(=O)NCC(=O)NCC(=O)NC,45,,tree_solvai,-23.28261959876544,0.18124487814610543,-23.339900462962966,-23.079655092592596,-23.428303240740753,,,False,-23.28261959876544
glycine,11,CC(=O)NCC(=O)NCC(=O)NCC(=O)NCC(=O)NCC(=O)NCC(=O)NCC(=O)NCC(=O)NCC(=O)NCC(=O)NCC(=O)NC,49,,tree_solvai,-23.42090200617285,0.10197526554279022,-23.429562500000007,-23.31487268518519,-23.518270833333347,,,False,-23.42090200617285
glycine,12,CC(=O)NCC(=O)NCC(=O)NCC(=O)NCC(=O)NCC(=O)NCC(=O)NCC(=O)NCC(=O)NCC(=O)NCC(=O)NCC(=O)NCC(=O)NC,53,,tree_solvai,-23.43989969135804,0.1183781739745387,-23.489587962962975,-23.304775462962972,-23.525335648148165,,,False,-23.43989969135804
alanine,0,CC(=O)NC,5,,tree_solvai,-9.973007638888907,0.010541180891668476,-9.982278869047633,-9.975202083333354,-9.96154196428573,,,False,-9.973007638888907
alanine,1,CC(=O)N[C@@H](C)C(=O)NC,10,,tree_solvai,-12.941050815696657,0.07437663701646402,-13.0255212962963,-12.912248280423293,-12.885382870370378,,,False,-12.941050815696657
alanine,2,CC(=O)N[C@@H](C)C(=O)N[C@@H](C)C(=O)NC,15,,tree_solvai,-17.79728163580246,0.298237197622292,-17.488648148148133,-17.81929398148147,-18.08390277777777,,,False,-17.79728163580246
alanine,3,CC(=O)N[C@@H](C)C(=O)N[C@@H](C)C(=O)N[C@@H](C)C(=O)NC,20,,tree_solvai,-22.10353549382715,0.24871911416765446,-22.389046296296286,-21.987685185185175,-21.933874999999993,,,False,-22.10353549382715
alanine,4,CC(=O)N[C@@H](C)C(=O)N[C@@H](C)C(=O)N[C@@H](C)C(=O)N[C@@H](C)C(=O)NC,25,,tree_solvai,-24.095363425925928,0.1969749944880692,-24.237782407407405,-23.870574074074078,-24.17773379629631,,,False,-24.095363425925928
alanine,5,CC(=O)N[C@@H](C)C(=O)N[C@@H](C)C(=O)N[C@@H](C)C(=O)N[C@@H](C)C(=O)N[C@@H](C)C(=O)NC,30,,tree_solvai,-24.584322530864213,0.23503024706855652,-24.738951388888896,-24.313858796296316,-24.700157407407428,,,False,-24.584322530864213
alanine,6,CC(=O)N[C@@H](C)C(=O)N[C@@H](C)C(=O)N[C@@H](C)C(=O)N[C@@H](C)C(=O)N[C@@H](C)C(=O)N[C@@H](C)C(=O)NC,35,,tree_solvai,-24.898622685185202,0.208189407126144,-25.09133101851852,-24.677807870370398,-24.926729166666686,,,False,-24.898622685185202
alanine,7,CC(=O)N[C@@H](C)C(=O)N[C@@H](C)C(=O)N[C@@H](C)C(=O)N[C@@H](C)C(=O)N[C@@H](C)C(=O)N[C@@H](C)C(=O)N[C@@H](C)C(=O)NC,40,,tree_solvai,-25.001237654321002,0.15280565813108976,-25.149298611111114,-24.844092592592617,-25.010321759259277,,,False,-25.001237654321002
alanine,8,CC(=O)N[C@@H](C)C(=O)N[C@@H](C)C(=O)N[C@@H](C)C(=O)N[C@@H](C)C(=O)N[C@@H](C)C(=O)N[C@@H](C)C(=O)N[C@@H](C)C(=O)N[C@@H](C)C(=O)NC,45,,tree_solvai,-25.218685185185198,0.18358619978709442,-25.295395833333334,-25.009185185185217,-25.35147453703705,,,False,-25.218685185185198
alanine,9,CC(=O)N[C@@H](C)C(=O)N[C@@H](C)C(=O)N[C@@H](C)C(=O)N[C@@H](C)C(=O)N[C@@H](C)C(=O)N[C@@H](C)C(=O)N[C@@H](C)C(=O)N[C@@H](C)C(=O)N[C@@H](C)C(=O)NC,50,,tree_solvai,-25.408661265432116,0.19861736210988296,-25.430326388888894,-25.200099537037072,-25.595557870370385,,,False,-25.408661265432116
alanine,10,CC(=O)N[C@@H](C)C(=O)N[C@@H](C)C(=O)N[C@@H](C)C(=O)N[C@@H](C)C(=O)N[C@@H](C)C(=O)N[C@@H](C)C(=O)N[C@@H](C)C(=O)N[C@@H](C)C(=O)N[C@@H](C)C(=O)N[C@@H](C)C(=O)NC,55,,tree_solvai,-25.419733796296313,0.19436948472451435,-25.43773842592593,-25.216988425925962,-25.60447453703705,,,False,-25.419733796296313
alanine,11,CC(=O)N[C@@H](C)C(=O)N[C@@H](C)C(=O)N[C@@H](C)C(=O)N[C@@H](C)C(=O)N[C@@H](C)C(=O)N[C@@H](C)C(=O)N[C@@H](C)C(=O)N[C@@H](C)C(=O)N[C@@H](C)C(=O)N[C@@H](C)C(=O)N[C@@H](C)C(=O)NC,60,,tree_solvai,-25.42725385802471,0.13580328667506808,-25.446937500000004,-25.2826828703704,-25.552141203703716,,,False,-25.42725385802471
alanine,12,CC(=O)N[C@@H](C)C(=O)N[C@@H](C)C(=O)N[C@@H](C)C(=O)N[C@@H](C)C(=O)N[C@@H](C)C(=O)N[C@@H](C)C(=O)N[C@@H](C)C(=O)N[C@@H](C)C(=O)N[C@@H](C)C(=O)N[C@@H](C)C(=O)N[C@@H](C)C(=O)N[C@@H](C)C(=O)NC,65,,tree_solvai,-25.436113425925942,0.1449126433055847,-25.48251620370371,-25.2736828703704,-25.552141203703716,,,False,-25.436113425925942
alkane,1,C,1,,tree_solvai,1.9152365414462131,0.012581730562784527,1.9283024193121738,1.914204699735456,1.9032025052910093,,,False,1.9152365414462131
alkane,2,CC,2,,tree_solvai,1.8483375187389823,0.003764921095215187,1.8479922585978878,1.8522631779100593,1.8447571197089994,,,False,1.8483375187389823
alkane,3,CCC,3,,tree_solvai,1.964786585537924,0.005773712351582646,1.970263876984133,1.9653396283068827,1.958756251322756,,,False,1.964786585537924
alkane,4,CCCC,4,,tree_solvai,2.1068618712522054,0.0013503539307620884,2.1083772592592607,2.1064222261904773,2.1057861283068786,,,False,2.1068618712522054
alkane,5,CCCCC,5,,tree_solvai,2.331691387125215,0.003964612364850888,2.330065349206344,2.3287983095238043,2.3362105026454985,,,False,2.331691387125215
alkane,6,CCCCCC,6,,tree_solvai,2.5069207451499107,0.0001801783358604276,2.507050958994706,2.506996164021164,2.5067151124338625,,,False,2.5069207451499107
alkane,7,CCCCCCC,7,,tree_solvai,2.733628455687835,0.007502956539331317,2.733826079365084,2.7410306481481514,2.7260286395502686,,,False,2.733628455687835
alkane,8,CCCCCCCC,8,,tree_solvai,2.892577200617288,0.0026847857042178527,2.890448875000004,2.8955934768518565,2.8916892500000038,,,False,2.892577200617288
alkane,9,CCCCCCCCC,9,,tree_solvai,3.197120152777776,0.03435557880718967,3.1604632129629624,3.202314416666665,3.2285828287037006,,,False,3.197120152777776
alkane,10,CCCCCCCCCC,10,,tree_solvai,3.4044402145061716,0.011899055530992067,3.412464518518518,3.390769106481478,3.4100870185185195,,,False,3.4044402145061716
alkane,11,CCCCCCCCCCC,11,,tree_solvai,3.4372615740740815,0.02428881400938355,3.4196597222222302,3.4649722222222277,3.427152777777787,,,False,3.4372615740740815
alkane,12,CCCCCCCCCCCC,12,,tree_solvai,3.561696759259265,0.008414813846912728,3.5590810185185258,3.554900462962968,3.5711087962963024,,,False,3.561696759259265
alkane,13,CCCCCCCCCCCCC,13,,tree_solvai,3.739798611111119,0.023359893462011165,3.715175925925935,3.761648148148154,3.742571759259268,,,False,3.739798611111119
alkane,14,CCCCCCCCCCCCCC,14,,tree_solvai,2.8580605092592584,0.013752737858093967,2.8737933101851847,2.8483240740740716,2.8520641435185174,,,False,2.8580605092592584
alkane,15,CCCCCCCCCCCCCCC,15,,tree_solvai,3.4668562577160382,0.07039616416162182,3.5348511805555463,3.3942824074073923,3.4714351851851752,,,False,3.4668562577160382
alkane,16,CCCCCCCCCCCCCCCC,16,,tree_solvai,2.205825549382713,0.02608303985409293,2.1769015694444427,2.227559231481477,2.213015847222219,,,False,2.205825549382713
alkane,17,CCCCCCCCCCCCCCCCC,17,,tree_solvai,3.221190567901235,0.03595501527549051,3.208526569444444,3.1932810648148138,3.261764069444446,,,False,3.221190567901235
alkane,18,CCCCCCCCCCCCCCCCCC,18,,tree_solvai,4.107497745370367,0.015454932605493856,4.089657407407406,4.1168009259259195,4.116034902777774,,,False,4.107497745370367
alkane,19,CCCCCCCCCCCCCCCCCCC,19,,tree_solvai,4.336956790123463,0.006178591263203909,4.341384259259269,4.329898148148153,4.339587962962971,,,False,4.336956790123463
alkane,20,CCCCCCCCCCCCCCCCCCCC,20,,tree_solvai,4.483780864197533,0.006482401279533914,4.490018518518524,4.484245370370372,4.477078703703706,,,False,4.483780864197533
alkane,21,CCCCCCCCCCCCCCCCCCCCC,21,,tree_solvai,4.740103395061712,0.00462165594203483,4.735712962962946,4.744925925925909,4.739671296296279,,,False,4.740103395061712
alkane,22,CCCCCCCCCCCCCCCCCCCCCC,22,,tree_solvai,4.847138888888871,0.0009235617966958933,4.8476203703703495,4.846074074074058,4.847722222222206,,,False,4.847138888888871
alkane,23,CCCCCCCCCCCCCCCCCCCCCCC,23,,tree_solvai,5.163251543209888,0.0029433717667171947,5.165939814814826,5.163708333333346,5.160106481481494,,,False,5.163251543209888
alkane,24,CCCCCCCCCCCCCCCCCCCCCCCC,24,,tree_solvai,5.246388888888905,0.0006094956200311097,5.2458425925926075,5.247046296296312,5.246277777777794,,,False,5.246388888888905
alkane,25,CCCCCCCCCCCCCCCCCCCCCCCCC,25,,tree_solvai,5.276018518518536,0.0007710939666145862,5.275486111111129,5.276902777777796,5.275666666666686,,,False,5.276018518518536
alkane,26,CCCCCCCCCCCCCCCCCCCCCCCCCC,26,,tree_solvai,5.728733024691358,0.0017596632901878007,5.730722222222223,5.727379629629629,5.728097222222223,,,False,5.728733024691358
alkane,27,CCCCCCCCCCCCCCCCCCCCCCCCCCC,27,,tree_solvai,5.756513888888886,0.0003410563654945597,5.7562222222222195,5.756888888888886,5.7564305555555535,,,False,5.756513888888886
alkane,28,CCCCCCCCCCCCCCCCCCCCCCCCCCCC,28,,tree_solvai,5.754532407407404,0.00352001369303777,5.7562222222222195,5.756888888888886,5.750486111111109,,,False,5.754532407407404
alkane,29,CCCCCCCCCCCCCCCCCCCCCCCCCCCCC,29,,tree_solvai,5.748541666666664,0.007381875848954227,5.7562222222222195,5.747902777777775,5.7414999999999985,,,False,5.748541666666664
alkane,30,CCCCCCCCCCCCCCCCCCCCCCCCCCCCCC,30,,tree_solvai,5.730706651234566,0.013884217633464495,5.735576388888886,5.715043564814813,5.7414999999999985,,,False,5.730706651234566
glycine,0,CC(=O)NC,5,,pilot_resnet_structure,-9.88987024456956,0.23100331783619849,-9.624030094532706,-10.041745367005994,-10.003835272169981,,,False,-9.88987024456956
glycine,1,CC(=O)NCC(=O)NC,9,,pilot_resnet_structure,-14.545686897633319,0.2734705138148725,-14.521386821136073,-14.285177346580848,-14.830496525183037,,,False,-14.545686897633319
glycine,2,CC(=O)NCC(=O)NCC(=O)NC,13,,pilot_resnet_structure,-18.016457415719568,0.4084225415080561,-18.21262378353009,-17.546960662437904,-18.28978780119071,,,False,-18.016457415719568
glycine,3,CC(=O)NCC(=O)NCC(=O)NCC(=O)NC,17,,pilot_resnet_structure,-21.574543218336686,0.4293840616387188,-21.828300297959498,-21.078779627601094,-21.816549729449466,,,False,-21.574543218336686
glycine,4,CC(=O)NCC(=O)NCC(=O)NCC(=O)NCC(=O)NC,21,,pilot_resnet_structure,-24.474063474123195,0.33152822385124514,-24.611959492977775,-24.09584296479007,-24.714387964601737,,,False,-24.474063474123195
glycine,5,CC(=O)NCC(=O)NCC(=O)NCC(=O)NCC(=O)NCC(=O)NC,25,,pilot_resnet_structure,-27.02010331334655,0.22925589833109467,-26.952951749108486,-26.83192186901088,-27.27543632192029,,,False,-27.02010331334655
glycine,6,CC(=O)NCC(=O)NCC(=O)NCC(=O)NCC(=O)NCC(=O)NCC(=O)NC,29,,pilot_resnet_structure,-29.696866398077045,0.2528500609073117,-29.428029259607076,-29.73265384628377,-29.929916088340285,,,False,-29.696866398077045
glycine,7,CC(=O)NCC(=O)NCC(=O)NCC(=O)NCC(=O)NCC(=O)NCC(=O)NCC(=O)NC,33,,pilot_resnet_structure,-31.996621914405434,0.47515672360389194,-31.448100270949002,-32.28169555171879,-32.2600699205485,,,False,-31.996621914405434
glycine,8,CC(=O)NCC(=O)NCC(=O)NCC(=O)NCC(=O)NCC(=O)NCC(=O)NCC(=O)NCC(=O)NC,37,,pilot_resnet_structure,-34.293827165518934,0.7881563819450531,-33.389097614330744,-34.83156647950611,-34.66081740271994,,,False,-34.293827165518934
glycine,9,CC(=O)NCC(=O)NCC(=O)NCC(=O)NCC(=O)NCC(=O)NCC(=O)NCC(=O)NCC(=O)NCC(=O)NC,41,,pilot_resnet_structure,-36.898444653746445,1.4143810705139888,-35.26978854269639,-37.81804980356453,-37.607495614978404,,,False,-36.898444653746445
glycine,10,CC(=O)NCC(=O)NCC(=O)NCC(=O)NCC(=O)NCC(=O)NCC(=O)NCC(=O)NCC(=O)NCC(=O)NCC(=O)NC,45,,pilot_resnet_structure,-36.92029059791425,3.2895055298309406,-34.18861917308856,-40.571804557780446,-36.00044806287374,,,False,-36.92029059791425
glycine,11,CC(=O)NCC(=O)NCC(=O)NCC(=O)NCC(=O)NCC(=O)NCC(=O)NCC(=O)NCC(=O)NCC(=O)NCC(=O)NCC(=O)NC,49,,pilot_resnet_structure,-64.22315845881378,12.635049284135443,-61.73009820475343,-77.91890375547415,-53.02047341621381,,,False,-64.22315845881378
glycine,12,CC(=O)NCC(=O)NCC(=O)NCC(=O)NCC(=O)NCC(=O)NCC(=O)NCC(=O)NCC(=O)NCC(=O)NCC(=O)NCC(=O)NCC(=O)NC,53,,pilot_resnet_structure,-277.61123882283573,70.905990147993,-271.0584376319058,-351.5661724837328,-210.20910635286845,,,False,-277.61123882283573
alanine,0,CC(=O)NC,5,,pilot_resnet_structure,-9.88987024456956,0.23100331783619849,-9.624030094532706,-10.041745367005994,-10.003835272169981,,,False,-9.88987024456956
alanine,1,CC(=O)N[C@@H](C)C(=O)NC,10,,pilot_resnet_structure,-14.899616476303967,0.3931895879677114,-14.850795400589632,-14.533117268809615,-15.314936759512655,,,False,-14.899616476303967
alanine,2,CC(=O)N[C@@H](C)C(=O)N[C@@H](C)C(=O)NC,15,,pilot_resnet_structure,-19.155392690685684,0.42845514477819524,-19.387948912352993,-18.660945287193606,-19.417283872510456,,,False,-19.155392690685684
alanine,3,CC(=O)N[C@@H](C)C(=O)N[C@@H](C)C(=O)N[C@@H](C)C(=O)NC,20,,pilot_resnet_structure,-23.10726846526357,0.4003750388098317,-23.364502994505973,-22.645975729009642,-23.31132667227508,,,False,-23.10726846526357
alanine,4,CC(=O)N[C@@H](C)C(=O)N[C@@H](C)C(=O)N[C@@H](C)C(=O)N[C@@H](C)C(=O)NC,25,,pilot_resnet_structure,-26.12587399343521,0.23354115142820106,-26.137245721145067,-25.886854715198456,-26.353521543962103,,,False,-26.12587399343521
alanine,5,CC(=O)N[C@@H](C)C(=O)N[C@@H](C)C(=O)N[C@@H](C)C(=O)N[C@@H](C)C(=O)N[C@@H](C)C(=O)NC,30,,pilot_resnet_structure,-28.753842220511036,0.28238274286195447,-28.462941263765003,-28.77172903442813,-29.026856363339974,,,False,-28.753842220511036
alanine,6,CC(=O)N[C@@H](C)C(=O)N[C@@H](C)C(=O)N[C@@H](C)C(=O)N[C@@H](C)C(=O)N[C@@H](C)C(=O)N[C@@H](C)C(=O)NC,35,,pilot_resnet_structure,-31.310545290110884,0.5261146558487141,-30.703812237522577,-31.587399870579326,-31.640423762230753,,,False,-31.310545290110884
alanine,7,CC(=O)N[C@@H](C)C(=O)N[C@@H](C)C(=O)N[C@@H](C)C(=O)N[C@@H](C)C(=O)N[C@@H](C)C(=O)N[C@@H](C)C(=O)N[C@@H](C)C(=O)NC,40,,pilot_resnet_structure,-33.877516083543696,0.9170047443947513,-32.81946088052486,-34.37066762386953,-34.442419746236716,,,False,-33.877516083543696
alanine,8,CC(=O)N[C@@H](C)C(=O)N[C@@H](C)C(=O)N[C@@H](C)C(=O)N[C@@H](C)C(=O)N[C@@H](C)C(=O)N[C@@H](C)C(=O)N[C@@H](C)C(=O)N[C@@H](C)C(=O)NC,45,,pilot_resnet_structure,-34.31912901578443,1.6094000003877524,-32.569211330155994,-35.735852965809976,-34.65232275138735,,,False,-34.31912901578443
alanine,9,CC(=O)N[C@@H](C)C(=O)N[C@@H](C)C(=O)N[C@@H](C)C(=O)N[C@@H](C)C(=O)N[C@@H](C)C(=O)N[C@@H](C)C(=O)N[C@@H](C)C(=O)N[C@@H](C)C(=O)N[C@@H](C)C(=O)NC,50,,pilot_resnet_structure,-56.262256417359254,10.790124595445874,-54.63935445906373,-67.7719049414473,-46.375509851566726,,,False,-56.262256417359254
alanine,10,CC(=O)N[C@@H](C)C(=O)N[C@@H](C)C(=O)N[C@@H](C)C(=O)N[C@@H](C)C(=O)N[C@@H](C)C(=O)N[C@@H](C)C(=O)N[C@@H](C)C(=O)N[C@@H](C)C(=O)N[C@@H](C)C(=O)N[C@@H](C)C(=O)NC,55,,pilot_resnet_structure,-347.88757953628533,89.94072145473822,-340.809344040706,-441.15828209399933,-261.6951124741506,,,False,-347.88757953628533
alanine,11,CC(=O)N[C@@H](C)C(=O)N[C@@H](C)C(=O)N[C@@H](C)C(=O)N[C@@H](C)C(=O)N[C@@H](C)C(=O)N[C@@H](C)C(=O)N[C@@H](C)C(=O)N[C@@H](C)C(=O)N[C@@H](C)C(=O)N[C@@H](C)C(=O)N[C@@H](C)C(=O)NC,60,,pilot_resnet_structure,-3057.312490516508,822.7105573983803,-3002.9879814906785,-3905.839035124921,-2263.110454933926,,,False,-3057.312490516508
alanine,12,CC(=O)N[C@@H](C)C(=O)N[C@@H](C)C(=O)N[C@@H](C)C(=O)N[C@@H](C)C(=O)N[C@@H](C)C(=O)N[C@@H](C)C(=O)N[C@@H](C)C(=O)N[C@@H](C)C(=O)N[C@@H](C)C(=O)N[C@@H](C)C(=O)N[C@@H](C)C(=O)N[C@@H](C)C(=O)NC,65,,pilot_resnet_structure,-28175.15962979774,7617.289952199981,-27686.125155688143,-36025.18409373991,-20814.169639965166,,,False,-28175.15962979774
alkane,1,C,1,,pilot_resnet_structure,2.0312794653687933,0.11896926618659713,1.9167378436964384,2.1542301740084673,2.0228703784014748,,,False,2.0312794653687933
alkane,2,CC,2,,pilot_resnet_structure,1.823305824872678,0.11950782588824205,1.7092731180949734,1.9476239374305662,1.813020419092494,,,False,1.823305824872678
alkane,3,CCC,3,,pilot_resnet_structure,1.9736852984633713,0.06082449455291552,1.928754251137061,2.04290036626589,1.949401277987163,,,False,1.9736852984633713
alkane,4,CCCC,4,,pilot_resnet_structure,2.144960159128314,0.09174482587862806,2.1021092811098105,2.2502900960222574,2.082481100252873,,,False,2.144960159128314
alkane,5,CCCCC,5,,pilot_resnet_structure,2.3517267526758157,0.09721977901664068,2.3067589187696607,2.463289880825366,2.2851314584324207,,,False,2.3517267526758157
alkane,6,CCCCCC,6,,pilot_resnet_structure,2.4412927255227226,0.06883829356645378,2.4457987766925697,2.507767294747179,2.370312105128419,,,False,2.4412927255227226
alkane,7,CCCCCCC,7,,pilot_resnet_structure,2.6166911382234335,0.049507925617949256,2.63325363526611,2.6557944596355227,2.5610253197686674,,,False,2.6166911382234335
alkane,8,CCCCCCCC,8,,pilot_resnet_structure,2.7211003944173906,0.04303420145601218,2.7471064739600424,2.744767579148685,2.671427130143444,,,False,2.7211003944173906
alkane,9,CCCCCCCCC,9,,pilot_resnet_structure,2.855168983041916,0.045019373370979714,2.8877340487986904,2.873977493862861,2.8037954064641974,,,False,2.855168983041916
alkane,10,CCCCCCCCCC,10,,pilot_resnet_structure,2.9641544084722753,0.04381024855931902,3.0004717053732346,2.9764937655005976,2.9154977545429945,,,False,2.9641544084722753
alkane,11,CCCCCCCCCCC,11,,pilot_resnet_structure,3.0799941289593806,0.04406664120851589,3.12019190193205,3.0869132578225926,3.0328772271234987,,,False,3.0799941289593806
alkane,12,CCCCCCCCCCCC,12,,pilot_resnet_structure,3.200893934962506,0.04513568465213612,3.245981884165281,3.200989254884866,3.1557106658373693,,,False,3.200893934962506
alkane,13,CCCCCCCCCCCCC,13,,pilot_resnet_structure,3.3306361372601834,0.0485546481947945,3.3831492848500053,3.3213892918281083,3.287369835102437,,,False,3.3306361372601834
alkane,14,CCCCCCCCCCCCCC,14,,pilot_resnet_structure,3.4686646690985157,0.055249778072683366,3.531576427578873,3.4463805378249273,3.4280370418917467,,,False,3.4686646690985157
alkane,15,CCCCCCCCCCCCCCC,15,,pilot_resnet_structure,3.6171151845162357,0.06666899785433955,3.6940979114076713,3.578614065513432,3.5786335766276034,,,False,3.6171151845162357
alkane,16,CCCCCCCCCCCCCCCC,16,,pilot_resnet_structure,3.774758686561283,0.08235973252648024,3.86904309718543,3.7168478705321126,3.7383850919663084,,,False,3.774758686561283
alkane,17,CCCCCCCCCCCCCCCCC,17,,pilot_resnet_structure,3.942257536911645,0.10163742395174452,4.056864398872011,3.8630653795810135,3.9068428322819093,,,False,3.942257536911645
alkane,18,CCCCCCCCCCCCCCCCCC,18,,pilot_resnet_structure,4.116985051821923,0.12299606867939623,4.253612645014559,4.015089883985325,4.082252626465887,,,False,4.116985051821923
alkane,19,CCCCCCCCCCCCCCCCCCC,19,,pilot_resnet_structure,4.298277243687958,0.1452004950531346,4.457734872869449,4.173680488030802,4.263416370163623,,,False,4.298277243687958
alkane,20,CCCCCCCCCCCCCCCCCCCC,20,,pilot_resnet_structure,4.482375174420067,0.16677728486749901,4.663695413512724,4.335528838420669,4.447901271326809,,,False,4.482375174420067
alkane,21,CCCCCCCCCCCCCCCCCCCCC,21,,pilot_resnet_structure,4.66808825957222,0.18658126637118919,4.869328533271303,4.500839801853732,4.634096443591626,,,False,4.66808825957222
alkane,22,CCCCCCCCCCCCCCCCCCCCCC,22,,pilot_resnet_structure,4.851501675382131,0.20341559068662257,5.069152218785196,4.666197104182953,4.819155703178246,,,False,4.851501675382131
alkane,23,CCCCCCCCCCCCCCCCCCCCCCC,23,,pilot_resnet_structure,5.031631330028756,0.2163585284490227,5.261538511465685,4.832013527417533,5.001341951203053,,,False,5.031631330028756
alkane,24,CCCCCCCCCCCCCCCCCCCCCCCC,24,,pilot_resnet_structure,5.204942866476165,0.22455394608455523,5.441808402245422,4.995156318288243,5.17786387889483,,,False,5.204942866476165
alkane,25,CCCCCCCCCCCCCCCCCCCCCCCCC,25,,pilot_resnet_structure,5.3709060295485775,0.22731349705973208,5.609116206269515,5.156337022740039,5.347264859636179,,,False,5.3709060295485775
alkane,26,CCCCCCCCCCCCCCCCCCCCCCCCCC,26,,pilot_resnet_structure,5.526719348436148,0.2241057200108997,5.759891999366826,5.312941151473889,5.507324894467728,,,False,5.526719348436148
alkane,27,CCCCCCCCCCCCCCCCCCCCCCCCCCC,27,,pilot_resnet_structure,5.672512897233353,0.21436272572759016,5.894121148201724,5.466216806074475,5.657200737423859,,,False,5.672512897233353
alkane,28,CCCCCCCCCCCCCCCCCCCCCCCCCCCC,28,,pilot_resnet_structure,5.8065560807613,0.19765586182376438,6.009461099628946,5.614604926574999,5.795602216079957,,,False,5.8065560807613
alkane,29,CCCCCCCCCCCCCCCCCCCCCCCCCCCCC,29,,pilot_resnet_structure,5.929689909337109,0.1731553243984763,6.1063898759457045,5.760311488321521,5.922368363744101,,,False,5.929689909337109
alkane,30,CCCCCCCCCCCCCCCCCCCCCCCCCCCCCC,30,,pilot_resnet_structure,6.041008538837192,0.13997315940430002,6.182957585179442,5.903098699610072,6.036969331722063,,,False,6.041008538837192
glycine,0,CC(=O)NC,5,,pilot_resnet_solvai,-9.998408946781693,0.16760810629927103,-10.181957111223854,-9.959785883315314,-9.85348384580591,,,False,-9.998408946781693
glycine,1,CC(=O)NCC(=O)NC,9,,pilot_resnet_solvai,-14.139898606660699,0.2294667922682409,-14.211929575367922,-13.88305816127641,-14.324708083337764,,,False,-14.139898606660699
glycine,2,CC(=O)NCC(=O)NCC(=O)NC,13,,pilot_resnet_solvai,-17.828196707482576,0.502161375855828,-17.823142922430506,-17.32858129762421,-18.332865902393007,,,False,-17.828196707482576
glycine,3,CC(=O)NCC(=O)NCC(=O)NCC(=O)NC,17,,pilot_resnet_solvai,-21.28428612835833,0.7759890809304317,-21.19161727863577,-20.558792582139535,-22.102448524299678,,,False,-21.28428612835833
glycine,4,CC(=O)NCC(=O)NCC(=O)NCC(=O)NCC(=O)NC,21,,pilot_resnet_solvai,-23.944137954880322,1.0911021231873392,-23.65552589571558,-23.02635587479267,-25.15053209413271,,,False,-23.944137954880322
glycine,5,CC(=O)NCC(=O)NCC(=O)NCC(=O)NCC(=O)NCC(=O)NC,25,,pilot_resnet_solvai,-26.282559621718878,1.3775442463671028,-25.835823396081835,-25.18382781046707,-27.828027658607738,,,False,-26.282559621718878
glycine,6,CC(=O)NCC(=O)NCC(=O)NCC(=O)NCC(=O)NCC(=O)NCC(=O)NC,29,,pilot_resnet_solvai,-28.74817830665955,1.5606526004780927,-28.148568436670168,-27.576253802444192,-30.519712680864288,,,False,-28.74817830665955
glycine,7,CC(=O)NCC(=O)NCC(=O)NCC(=O)NCC(=O)NCC(=O)NCC(=O)NCC(=O)NC,33,,pilot_resnet_solvai,-30.828396392251832,1.8036605665943939,-30.06620365972032,-29.530955264642422,-32.88803025239275,,,False,-30.828396392251832
glycine,8,CC(=O)NCC(=O)NCC(=O)NCC(=O)NCC(=O)NCC(=O)NCC(=O)NCC(=O)NCC(=O)NC,37,,pilot_resnet_solvai,-32.97314667500461,2.0311073598768115,-32.10107141227237,-31.523710716143682,-35.294657896597755,,,False,-32.97314667500461
glycine,9,CC(=O)NCC(=O)NCC(=O)NCC(=O)NCC(=O)NCC(=O)NCC(=O)NCC(=O)NCC(=O)NCC(=O)NC,41,,pilot_resnet_solvai,-36.20952509752443,2.1872506118568222,-35.37810937080027,-34.55989372577649,-38.69057219599653,,,False,-36.20952509752443
glycine,10,CC(=O)NCC(=O)NCC(=O)NCC(=O)NCC(=O)NCC(=O)NCC(=O)NCC(=O)NCC(=O)NCC(=O)NCC(=O)NC,45,,pilot_resnet_solvai,-37.89808195500841,4.422691105273131,-35.0215340037516,-35.682002290695515,-42.99070957057812,,,False,-37.89808195500841
glycine,11,CC(=O)NCC(=O)NCC(=O)NCC(=O)NCC(=O)NCC(=O)NCC(=O)NCC(=O)NCC(=O)NCC(=O)NCC(=O)NCC(=O)NC,49,,pilot_resnet_solvai,-69.6714013320223,20.485832804662078,-48.76579693765276,-70.53847849767416,-89.70992856073998,,,False,-69.6714013320223
glycine,12,CC(=O)NCC(=O)NCC(=O)NCC(=O)NCC(=O)NCC(=O)NCC(=O)NCC(=O)NCC(=O)NCC(=O)NCC(=O)NCC(=O)NCC(=O)NC,53,,pilot_resnet_solvai,-319.32077194377257,115.69473718569596,-197.7268710613916,-332.1962797562031,-428.0391650137231,,,False,-319.32077194377257
alanine,0,CC(=O)NC,5,,pilot_resnet_solvai,-9.998408946781693,0.16760810629927103,-10.181957111223854,-9.959785883315314,-9.85348384580591,,,False,-9.998408946781693
alanine,1,CC(=O)N[C@@H](C)C(=O)NC,10,,pilot_resnet_solvai,-14.516422868505503,0.1144561453100778,-14.580592077646084,-14.584397964354242,-14.384278563516183,,,False,-14.516422868505503
alanine,2,CC(=O)N[C@@H](C)C(=O)N[C@@H](C)C(=O)NC,15,,pilot_resnet_solvai,-19.08675340399201,0.15493413348338975,-19.233347721433354,-18.924646531339366,-19.10226595920331,,,False,-19.08675340399201
alanine,3,CC(=O)N[C@@H](C)C(=O)N[C@@H](C)C(=O)N[C@@H](C)C(=O)NC,20,,pilot_resnet_solvai,-22.93635638937776,0.31465368485980144,-22.99394913359777,-22.59688454630849,-23.21823548822701,,,False,-22.93635638937776
alanine,4,CC(=O)N[C@@H](C)C(=O)N[C@@H](C)C(=O)N[C@@H](C)C(=O)N[C@@H](C)C(=O)NC,25,,pilot_resnet_solvai,-25.869405275424047,0.6245827336948662,-25.775051153214893,-25.29736786161193,-26.53579681144532,,,False,-25.869405275424047
alanine,5,CC(=O)N[C@@H](C)C(=O)N[C@@H](C)C(=O)N[C@@H](C)C(=O)N[C@@H](C)C(=O)N[C@@H](C)C(=O)NC,30,,pilot_resnet_solvai,-28.346803795546005,0.9017025004590951,-28.097976117622416,-27.595642972152525,-29.34679229686307,,,False,-28.346803795546005
alanine,6,CC(=O)N[C@@H](C)C(=O)N[C@@H](C)C(=O)N[C@@H](C)C(=O)N[C@@H](C)C(=O)N[C@@H](C)C(=O)N[C@@H](C)C(=O)NC,35,,pilot_resnet_solvai,-30.69286812839832,1.170675982456575,-30.30025410754796,-29.76896402975769,-32.00938624788931,,,False,-30.69286812839832
alanine,7,CC(=O)N[C@@H](C)C(=O)N[C@@H](C)C(=O)N[C@@H](C)C(=O)N[C@@H](C)C(=O)N[C@@H](C)C(=O)N[C@@H](C)C(=O)N[C@@H](C)C(=O)NC,40,,pilot_resnet_solvai,-33.49155453966288,1.3527089229593137,-33.08904594503809,-32.385784906936635,-34.9998327670139,,,False,-33.49155453966288
alanine,8,CC(=O)N[C@@H](C)C(=O)N[C@@H](C)C(=O)N[C@@H](C)C(=O)N[C@@H](C)C(=O)N[C@@H](C)C(=O)N[C@@H](C)C(=O)N[C@@H](C)C(=O)N[C@@H](C)C(=O)NC,45,,pilot_resnet_solvai,-35.59421853618375,2.389017495490754,-34.4413344405109,-34.00028082687643,-38.341040341163925,,,False,-35.59421853618375
alanine,9,CC(=O)N[C@@H](C)C(=O)N[C@@H](C)C(=O)N[C@@H](C)C(=O)N[C@@H](C)C(=O)N[C@@H](C)C(=O)N[C@@H](C)C(=O)N[C@@H](C)C(=O)N[C@@H](C)C(=O)N[C@@H](C)C(=O)NC,50,,pilot_resnet_solvai,-61.518868443839104,17.433437601969857,-43.642600283954216,-62.4411417385202,-78.4728633090429,,,False,-61.518868443839104
alanine,10,CC(=O)N[C@@H](C)C(=O)N[C@@H](C)C(=O)N[C@@H](C)C(=O)N[C@@H](C)C(=O)N[C@@H](C)C(=O)N[C@@H](C)C(=O)N[C@@H](C)C(=O)N[C@@H](C)C(=O)N[C@@H](C)C(=O)N[C@@H](C)C(=O)NC,55,,pilot_resnet_solvai,-402.7092642697391,147.3389545736543,-247.50965447103727,-419.9470084553818,-540.6711298827981,,,False,-402.7092642697391
alanine,11,CC(=O)N[C@@H](C)C(=O)N[C@@H](C)C(=O)N[C@@H](C)C(=O)N[C@@H](C)C(=O)N[C@@H](C)C(=O)N[C@@H](C)C(=O)N[C@@H](C)C(=O)N[C@@H](C)C(=O)N[C@@H](C)C(=O)N[C@@H](C)C(=O)N[C@@H](C)C(=O)NC,60,,pilot_resnet_solvai,-3572.744513537575,1351.4094555626207,-2144.9271098162035,-3741.391248260602,-4831.91518253592,,,False,-3572.744513537575
alanine,12,CC(=O)N[C@@H](C)C(=O)N[C@@H](C)C(=O)N[C@@H](C)C(=O)N[C@@H](C)C(=O)N[C@@H](C)C(=O)N[C@@H](C)C(=O)N[C@@H](C)C(=O)N[C@@H](C)C(=O)N[C@@H](C)C(=O)N[C@@H](C)C(=O)N[C@@H](C)C(=O)N[C@@H](C)C(=O)NC,65,,pilot_resnet_solvai,-32962.83324604648,12517.600247962342,-19732.407288575425,-34537.491919381275,-44618.60053018275,,,False,-32962.83324604648
alkane,1,C,1,,pilot_resnet_solvai,1.7680542111125197,0.2658169726423844,1.517192296295737,2.046651377965439,1.740318959076383,,,False,1.7680542111125197
alkane,2,CC,2,,pilot_resnet_solvai,1.736011880622934,0.11231602240531982,1.7489818937687085,1.8412798290812278,1.617773919018866,,,False,1.736011880622934
alkane,3,CCC,3,,pilot_resnet_solvai,1.8302422292015625,0.12793961729545633,1.7556290864781499,1.9779716463580117,1.7571259547685258,,,False,1.8302422292015625
alkane,4,CCCC,4,,pilot_resnet_solvai,2.03861483133434,0.11663077039835981,2.0027135682949426,2.1689756985438855,1.9441552271641918,,,False,2.03861483133434
alkane,5,CCCCC,5,,pilot_resnet_solvai,2.2298298474421974,0.14853289879187564,2.1833316105181835,2.3960490938881165,2.1101088379202917,,,False,2.2298298474421974
alkane,6,CCCCCC,6,,pilot_resnet_solvai,2.321193281682191,0.1581201501864397,2.2400882221996223,2.5034089996190296,2.2200826232279214,,,False,2.321193281682191
alkane,7,CCCCCCC,7,,pilot_resnet_solvai,2.511258767980087,0.18281170520444415,2.4280826850244788,2.7208689031773714,2.38482471573841,,,False,2.511258767980087
alkane,8,CCCCCCCC,8,,pilot_resnet_solvai,2.652993395307218,0.17648801764775512,2.580891902051893,2.854117008802814,2.5239712750669465,,,False,2.652993395307218
alkane,9,CCCCCCCCC,9,,pilot_resnet_solvai,2.8167617612760645,0.1729720984403247,2.7683870022984127,3.008771245564109,2.6731270359656714,,,False,2.8167617612760645
alkane,10,CCCCCCCCCC,10,,pilot_resnet_solvai,2.9491989362187376,0.18978403273772787,2.8897400352244897,3.1615932667601987,2.796263506671524,,,False,2.9491989362187376
alkane,11,CCCCCCCCCCC,11,,pilot_resnet_solvai,3.091447762700607,0.18689347910349538,3.0414041937389396,3.2982686215344,2.934670472828482,,,False,3.091447762700607
alkane,12,CCCCCCCCCCCC,12,,pilot_resnet_solvai,3.239831818385678,0.1857898270525016,3.1946524108352214,3.4440446916251597,3.080798352696654,,,False,3.239831818385678
alkane,13,CCCCCCCCCCCCC,13,,pilot_resnet_solvai,3.377889616895269,0.1946969608779717,3.3237690380347633,3.59392114430361,3.215978668347433,,,False,3.377889616895269
alkane,14,CCCCCCCCCCCCCC,14,,pilot_resnet_solvai,3.5340004802739595,0.20295504765974934,3.4727857822450128,3.760516792660428,3.3686988659164374,,,False,3.5340004802739595
alkane,15,CCCCCCCCCCCCCCC,15,,pilot_resnet_solvai,3.6963081548099574,0.20422427460793582,3.6485089737003777,3.9201927024317174,3.5202227882977777,,,False,3.6963081548099574
alkane,16,CCCCCCCCCCCCCCCC,16,,pilot_resnet_solvai,3.865573370715193,0.2064229725816344,3.813899810757081,4.092923986473283,3.689896314915214,,,False,3.865573370715193
alkane,17,CCCCCCCCCCCCCCCCC,17,,pilot_resnet_solvai,4.056828831736802,0.20034446580923634,4.0065366993102165,4.277527783488455,3.886422012411738,,,False,4.056828831736802
alkane,18,CCCCCCCCCCCCCCCCCC,18,,pilot_resnet_solvai,4.224724408075325,0.21082271743112757,4.192647120172848,4.449747510505325,4.031778593547801,,,False,4.224724408075325
alkane,19,CCCCCCCCCCCCCCCCCCC,19,,pilot_resnet_solvai,4.394289607360953,0.20294952204168173,4.369845839637462,4.608353967331067,4.204669015114331,,,False,4.394289607360953
alkane,20,CCCCCCCCCCCCCCCCCCCC,20,,pilot_resnet_solvai,4.562778646755539,0.19923060576280824,4.52792061860202,4.777137909086728,4.383277412577866,,,False,4.562778646755539
alkane,21,CCCCCCCCCCCCCCCCCCCCC,21,,pilot_resnet_solvai,4.739308907318993,0.19927521706895396,4.6927852652984,4.95773034297262,4.567411113685957,,,False,4.739308907318993
alkane,22,CCCCCCCCCCCCCCCCCCCCCC,22,,pilot_resnet_solvai,4.894324709414786,0.19554390675977595,4.846474311630504,5.109352430647136,4.727147385966716,,,False,4.894324709414786
alkane,23,CCCCCCCCCCCCCCCCCCCCCCC,23,,pilot_resnet_solvai,5.045936025328353,0.18793049634926823,4.994041745891171,5.254360860339696,4.889405469754194,,,False,5.045936025328353
alkane,24,CCCCCCCCCCCCCCCCCCCCCCCC,24,,pilot_resnet_solvai,5.191883224149663,0.18404709467684682,5.141315903716943,5.395928017270184,5.038405751461862,,,False,5.191883224149663
alkane,25,CCCCCCCCCCCCCCCCCCCCCCCCC,25,,pilot_resnet_solvai,5.343236830763543,0.17307164352594145,5.282108713303734,5.538577431314896,5.209024347672,,,False,5.343236830763543
alkane,26,CCCCCCCCCCCCCCCCCCCCCCCCCC,26,,pilot_resnet_solvai,5.4769891767458665,0.16618293881423135,5.407594444100348,5.666622166679619,5.356750919457633,,,False,5.4769891767458665
alkane,27,CCCCCCCCCCCCCCCCCCCCCCCCCCC,27,,pilot_resnet_solvai,5.600525218810698,0.1594802870772198,5.522766721890156,5.783969933699594,5.494839000842343,,,False,5.600525218810698
alkane,28,CCCCCCCCCCCCCCCCCCCCCCCCCCCC,28,,pilot_resnet_solvai,5.717526257072575,0.15350144711512648,5.630385149883845,5.894766234414033,5.627427386919849,,,False,5.717526257072575
alkane,29,CCCCCCCCCCCCCCCCCCCCCCCCCCCCC,29,,pilot_resnet_solvai,5.821129866843851,0.1500110266681124,5.722282497633523,5.9937412388295686,5.747365864068462,,,False,5.821129866843851
alkane,30,CCCCCCCCCCCCCCCCCCCCCCCCCCCCCC,30,,pilot_resnet_solvai,5.914103780966118,0.15152786274131438,5.799938561204663,6.086014175527056,5.856358606166636,,,False,5.914103780966118
glycine,0,CC(=O)NC,5,,pilot_linear_resnet_structure,-9.880449425036119,0.32484594944803263,-9.776422871217013,-10.244566447434547,-9.620358956456798,,,False,-9.880449425036119
glycine,1,CC(=O)NCC(=O)NC,9,,pilot_linear_resnet_structure,-14.058554739270297,0.16596965721958276,-14.144504042568357,-14.16392247894795,-13.86723769629458,,,False,-14.058554739270297
glycine,2,CC(=O)NCC(=O)NCC(=O)NC,13,,pilot_linear_resnet_structure,-17.211844269125972,0.2729612077554593,-17.458543609678642,-17.2583839671676,-16.91860523053167,,,False,-17.211844269125972
glycine,3,CC(=O)NCC(=O)NCC(=O)NCC(=O)NC,17,,pilot_linear_resnet_structure,-20.4817200228266,0.2578194474225235,-20.709397652987843,-20.533992736582405,-20.20176967890955,,,False,-20.4817200228266
glycine,4,CC(=O)NCC(=O)NCC(=O)NCC(=O)NCC(=O)NC,21,,pilot_linear_resnet_structure,-23.353893419693453,0.17878202351435157,-23.479161276381813,-23.433365033086442,-23.149153949612103,,,False,-23.353893419693453
glycine,5,CC(=O)NCC(=O)NCC(=O)NCC(=O)NCC(=O)NCC(=O)NC,25,,pilot_linear_resnet_structure,-26.09845437431896,0.10010734106187427,-26.094911481170577,-26.200286131034495,-26.0001655107518,,,False,-26.09845437431896
glycine,6,CC(=O)NCC(=O)NCC(=O)NCC(=O)NCC(=O)NCC(=O)NCC(=O)NC,29,,pilot_linear_resnet_structure,-29.13305779666693,0.09824984680435435,-29.01985187335226,-29.183230626759986,-29.19609088988854,,,False,-29.13305779666693
glycine,7,CC(=O)NCC(=O)NCC(=O)NCC(=O)NCC(=O)NCC(=O)NCC(=O)NCC(=O)NC,33,,pilot_linear_resnet_structure,-31.89734611364641,0.23026111931713936,-31.65056222493233,-31.935044025115804,-32.1064320908911,,,False,-31.89734611364641
glycine,8,CC(=O)NCC(=O)NCC(=O)NCC(=O)NCC(=O)NCC(=O)NCC(=O)NCC(=O)NCC(=O)NC,37,,pilot_linear_resnet_structure,-34.72275380873248,0.3965960650350111,-34.30112513518232,-34.778776721224745,-35.08835956979038,,,False,-34.72275380873248
glycine,9,CC(=O)NCC(=O)NCC(=O)NCC(=O)NCC(=O)NCC(=O)NCC(=O)NCC(=O)NCC(=O)NCC(=O)NC,41,,pilot_linear_resnet_structure,-37.938151279812786,0.7170600558676488,-37.13795333576367,-38.154028750715476,-38.522471752959206,,,False,-37.938151279812786
glycine,10,CC(=O)NCC(=O)NCC(=O)NCC(=O)NCC(=O)NCC(=O)NCC(=O)NCC(=O)NCC(=O)NCC(=O)NCC(=O)NC,45,,pilot_linear_resnet_structure,-42.39014609488359,1.7138554299475146,-44.00559480756544,-42.57239372162173,-40.5924497554636,,,False,-42.39014609488359
glycine,11,CC(=O)NCC(=O)NCC(=O)NCC(=O)NCC(=O)NCC(=O)NCC(=O)NCC(=O)NCC(=O)NCC(=O)NCC(=O)NCC(=O)NC,49,,pilot_linear_resnet_structure,-91.21512647094112,14.770251782714078,-107.60547370142672,-87.10379001857015,-78.93611569282648,,,False,-91.21512647094112
glycine,12,CC(=O)NCC(=O)NCC(=O)NCC(=O)NCC(=O)NCC(=O)NCC(=O)NCC(=O)NCC(=O)NCC(=O)NCC(=O)NCC(=O)NCC(=O)NC,53,,pilot_linear_resnet_structure,-401.633850678812,96.6408815527977,-508.85533155837965,-374.80230955111074,-321.24391092694543,,,False,-401.633850678812
alanine,0,CC(=O)NC,5,,pilot_linear_resnet_structure,-9.880449425036119,0.32484594944803263,-9.776422871217013,-10.244566447434547,-9.620358956456798,,,False,-9.880449425036119
alanine,1,CC(=O)N[C@@H](C)C(=O)NC,10,,pilot_linear_resnet_structure,-14.203643449068041,0.14602203332592736,-14.140832294770131,-14.370561030808698,-14.099537021625295,,,False,-14.203643449068041
alanine,2,CC(=O)N[C@@H](C)C(=O)N[C@@H](C)C(=O)NC,15,,pilot_linear_resnet_structure,-18.03614778825293,0.2594675023199009,-18.18188524259689,-18.189981135533596,-17.7365769866283,,,False,-18.03614778825293
alanine,3,CC(=O)N[C@@H](C)C(=O)N[C@@H](C)C(=O)N[C@@H](C)C(=O)NC,20,,pilot_linear_resnet_structure,-21.62800407764925,0.2115966689151533,-21.751711858166953,-21.74862056601534,-21.383679808765468,,,False,-21.62800407764925
alanine,4,CC(=O)N[C@@H](C)C(=O)N[C@@H](C)C(=O)N[C@@H](C)C(=O)N[C@@H](C)C(=O)NC,25,,pilot_linear_resnet_structure,-24.661203106258395,0.14939883545919688,-24.623663722591647,-24.82579154874478,-24.534154047438758,,,False,-24.661203106258395
alanine,5,CC(=O)N[C@@H](C)C(=O)N[C@@H](C)C(=O)N[C@@H](C)C(=O)N[C@@H](C)C(=O)N[C@@H](C)C(=O)NC,30,,pilot_linear_resnet_structure,-27.55969780910624,0.20967365394697124,-27.343710588186333,-27.76242885387252,-27.57295398525987,,,False,-27.55969780910624
alanine,6,CC(=O)N[C@@H](C)C(=O)N[C@@H](C)C(=O)N[C@@H](C)C(=O)N[C@@H](C)C(=O)N[C@@H](C)C(=O)N[C@@H](C)C(=O)NC,35,,pilot_linear_resnet_structure,-30.55057601163188,0.3331444061564843,-30.16610544205902,-30.753855806484246,-30.731766786352377,,,False,-30.55057601163188
alanine,7,CC(=O)N[C@@H](C)C(=O)N[C@@H](C)C(=O)N[C@@H](C)C(=O)N[C@@H](C)C(=O)N[C@@H](C)C(=O)N[C@@H](C)C(=O)N[C@@H](C)C(=O)NC,40,,pilot_linear_resnet_structure,-33.72062884041359,0.4978317503115073,-33.153617977390006,-33.92221685907463,-34.08605168477612,,,False,-33.72062884041359
alanine,8,CC(=O)N[C@@H](C)C(=O)N[C@@H](C)C(=O)N[C@@H](C)C(=O)N[C@@H](C)C(=O)N[C@@H](C)C(=O)N[C@@H](C)C(=O)N[C@@H](C)C(=O)N[C@@H](C)C(=O)NC,45,,pilot_linear_resnet_structure,-36.02516214082482,0.8795953383383712,-36.57005796889763,-36.495010907124666,-35.01041754645215,,,False,-36.02516214082482
alanine,9,CC(=O)N[C@@H](C)C(=O)N[C@@H](C)C(=O)N[C@@H](C)C(=O)N[C@@H](C)C(=O)N[C@@H](C)C(=O)N[C@@H](C)C(=O)N[C@@H](C)C(=O)N[C@@H](C)C(=O)N[C@@H](C)C(=O)NC,50,,pilot_linear_resnet_structure,-79.58150107555241,13.197083603796367,-94.2337072037385,-75.8813678580591,-68.62942816485965,,,False,-79.58150107555241
alanine,10,CC(=O)N[C@@H](C)C(=O)N[C@@H](C)C(=O)N[C@@H](C)C(=O)N[C@@H](C)C(=O)N[C@@H](C)C(=O)N[C@@H](C)C(=O)N[C@@H](C)C(=O)N[C@@H](C)C(=O)N[C@@H](C)C(=O)N[C@@H](C)C(=O)NC,55,,pilot_linear_resnet_structure,-503.0275568663731,124.98991470867917,-641.7655095641434,-468.101491831811,-399.2156692031648,,,False,-503.0275568663731
alanine,11,CC(=O)N[C@@H](C)C(=O)N[C@@H](C)C(=O)N[C@@H](C)C(=O)N[C@@H](C)C(=O)N[C@@H](C)C(=O)N[C@@H](C)C(=O)N[C@@H](C)C(=O)N[C@@H](C)C(=O)N[C@@H](C)C(=O)N[C@@H](C)C(=O)N[C@@H](C)C(=O)NC,60,,pilot_linear_resnet_structure,-4421.5393229584415,1164.567422469431,-5714.432221246942,-4095.3088113367726,-3454.876936291611,,,False,-4421.5393229584415
alanine,12,CC(=O)N[C@@H](C)C(=O)N[C@@H](C)C(=O)N[C@@H](C)C(=O)N[C@@H](C)C(=O)N[C@@H](C)C(=O)N[C@@H](C)C(=O)N[C@@H](C)C(=O)N[C@@H](C)C(=O)N[C@@H](C)C(=O)N[C@@H](C)C(=O)N[C@@H](C)C(=O)N[C@@H](C)C(=O)NC,65,,pilot_linear_resnet_structure,-40743.43227497906,10807.864456495841,-52742.63637601401,-37714.395796245146,-31773.264652678034,,,False,-40743.43227497906
alkane,1,C,1,,pilot_linear_resnet_structure,2.0296065905693252,0.0765535989951801,2.0251403745909125,1.9553838733701232,2.10829552374694,,,False,2.0296065905693252
alkane,2,CC,2,,pilot_linear_resnet_structure,1.7612704406038748,0.1328253020059102,1.8934964483837913,1.627853848377927,1.7624610250499062,,,False,1.7612704406038748
alkane,3,CCC,3,,pilot_linear_resnet_structure,1.898874199227423,0.1338675151716602,2.052951028953693,1.8325949443854581,1.8110766243431176,,,False,1.898874199227423
alkane,4,CCCC,4,,pilot_linear_resnet_structure,2.052932127561839,0.11802720074629368,2.176353338590138,2.041279724344986,1.9411633197503937,,,False,2.052932127561839
alkane,5,CCCCC,5,,pilot_linear_resnet_structure,2.2757781148354908,0.09004010345642727,2.350700386774064,2.3007446178261706,2.175889339906237,,,False,2.2757781148354908
alkane,6,CCCCCC,6,,pilot_linear_resnet_structure,2.358196922672301,0.07668425261118128,2.441884359411831,2.3414088283720123,2.291297580233061,,,False,2.358196922672301
alkane,7,CCCCCCC,7,,pilot_linear_resnet_structure,2.526490444443622,0.05743542185475803,2.5836252872029135,2.5270869561112734,2.468759090016678,,,False,2.526490444443622
alkane,8,CCCCCCCC,8,,pilot_linear_resnet_structure,2.678771641943758,0.035942182858659216,2.7124669296370945,2.682907591666657,2.640940404527523,,,False,2.678771641943758
alkane,9,CCCCCCCCC,9,,pilot_linear_resnet_structure,2.860664816774443,0.022886449264523913,2.8697624834794118,2.877603512487246,2.83462845435667,,,False,2.860664816774443
alkane,10,CCCCCCCCCC,10,,pilot_linear_resnet_structure,3.028611609787666,0.019374672723141386,3.0162671717400285,3.0509420799574123,3.0186255776655573,,,False,3.028611609787666
alkane,11,CCCCCCCCCCC,11,,pilot_linear_resnet_structure,3.2037415414277404,0.030274648112127597,3.1711817599310548,3.231041858210462,3.2090010061417047,,,False,3.2037415414277404
alkane,12,CCCCCCCCCCCC,12,,pilot_linear_resnet_structure,3.382073328199734,0.044679283819059896,3.330780234967974,3.412515950567996,3.402923799063232,,,False,3.382073328199734
alkane,13,CCCCCCCCCCCCC,13,,pilot_linear_resnet_structure,3.5636079863075083,0.05918689030010935,3.495327216336743,3.5952204625629944,3.600276280022789,,,False,3.5636079863075083
alkane,14,CCCCCCCCCCCCCC,14,,pilot_linear_resnet_structure,3.7457698454396016,0.0728561299126189,3.6627185523183856,3.7756818061505415,3.798909177849878,,,False,3.7457698454396016
alkane,15,CCCCCCCCCCCCCCC,15,,pilot_linear_resnet_structure,3.9269939516468084,0.0853939384419206,3.8316079760350386,3.9530475895302546,3.996326289375131,,,False,3.9269939516468084
alkane,16,CCCCCCCCCCCCCCCC,16,,pilot_linear_resnet_structure,4.10574929218895,0.09684951001314371,4.000572395596792,4.125425844349771,4.191249636620285,,,False,4.10574929218895
alkane,17,CCCCCCCCCCCCCCCCC,17,,pilot_linear_resnet_structure,4.280836136785228,0.10705788679591283,4.168370416364454,4.292628166412874,4.381509827578355,,,False,4.280836136785228
alkane,18,CCCCCCCCCCCCCCCCCC,18,,pilot_linear_resnet_structure,4.451614073761103,0.11645239817473689,4.334078309026451,4.4538119194762595,4.5669519927805995,,,False,4.451614073761103
alkane,19,CCCCCCCCCCCCCCCCCCC,19,,pilot_linear_resnet_structure,4.617282537713212,0.12482392018395641,4.4967607595471675,4.609082585500924,4.7460042680915455,,,False,4.617282537713212
alkane,20,CCCCCCCCCCCCCCCCCCCC,20,,pilot_linear_resnet_structure,4.7776100374015344,0.132726649823001,4.6557775594928374,4.75800299358495,4.919049559126816,,,False,4.7776100374015344
alkane,21,CCCCCCCCCCCCCCCCCCCCC,21,,pilot_linear_resnet_structure,4.931826290297824,0.13970354176593483,4.810357410131352,4.900631067348535,5.084490393413586,,,False,4.931826290297824
alkane,22,CCCCCCCCCCCCCCCCCCCCCC,22,,pilot_linear_resnet_structure,5.0797819144342045,0.146164961578377,4.959968633601528,5.036743038701023,5.2426340710000625,,,False,5.0797819144342045
alkane,23,CCCCCCCCCCCCCCCCCCCCCCC,23,,pilot_linear_resnet_structure,5.2206755314442175,0.15140957327992347,5.1039051714592665,5.166373661814531,5.391747761058853,,,False,5.2206755314442175
alkane,24,CCCCCCCCCCCCCCCCCCCCCCCC,24,,pilot_linear_resnet_structure,5.354560390410291,0.15577177734392855,5.241762168085505,5.289624150593826,5.532294852551542,,,False,5.354560390410291
alkane,25,CCCCCCCCCCCCCCCCCCCCCCCCC,25,,pilot_linear_resnet_structure,5.480744050020095,0.15849628729652604,5.37288904976707,5.40662254672566,5.6627205535675555,,,False,5.480744050020095
alkane,26,CCCCCCCCCCCCCCCCCCCCCCCCCC,26,,pilot_linear_resnet_structure,5.599583807551903,0.1599125975430776,5.49702607479655,5.5178834558463175,5.78384189201284,,,False,5.599583807551903
alkane,27,CCCCCCCCCCCCCCCCCCCCCCCCCCC,27,,pilot_linear_resnet_structure,5.710479493004155,0.15925930510069677,5.613449502782632,5.623708080780829,5.894280895449007,,,False,5.710479493004155
alkane,28,CCCCCCCCCCCCCCCCCCCCCCCCCCCC,28,,pilot_linear_resnet_structure,5.813982498592982,0.15679731192505791,5.721820328116576,5.725100634186728,5.9950265334756425,,,False,5.813982498592982
alkane,29,CCCCCCCCCCCCCCCCCCCCCCCCCCCCC,29,,pilot_linear_resnet_structure,5.909271121874664,0.15170749247371657,5.820782528363437,5.822586086979702,6.084444750280853,,,False,5.909271121874664
alkane,30,CCCCCCCCCCCCCCCCCCCCCCCCCCCCCC,30,,pilot_linear_resnet_structure,5.996387840170679,0.1442118795588949,5.908834967176612,5.917494243535033,6.162834309800393,,,False,5.996387840170679
glycine,0,CC(=O)NC,5,,pilot_linear_resnet_solvai,-9.832709793472917,0.20482004411020102,-9.793221330796706,-9.650509115353254,-10.054398934268793,,,False,-9.832709793472917
glycine,1,CC(=O)NCC(=O)NC,9,,pilot_linear_resnet_solvai,-13.555562687215556,0.40047686138373867,-13.502317669603517,-13.18437186972595,-13.979998522317203,,,False,-13.555562687215556
glycine,2,CC(=O)NCC(=O)NCC(=O)NC,13,,pilot_linear_resnet_solvai,-17.254990252746325,0.6626277157525844,-17.205566161659615,-16.61845844455743,-17.94094615202193,,,False,-17.254990252746325
glycine,3,CC(=O)NCC(=O)NCC(=O)NCC(=O)NC,17,,pilot_linear_resnet_solvai,-20.94673206521954,0.9419092321579929,-20.861697751879834,-20.05022319680245,-21.928275246976344,,,False,-20.94673206521954
glycine,4,CC(=O)NCC(=O)NCC(=O)NCC(=O)NCC(=O)NC,21,,pilot_linear_resnet_solvai,-24.06639581572612,1.256911244664309,-23.895322366666846,-22.90378339723085,-25.40008168328066,,,False,-24.06639581572612
glycine,5,CC(=O)NCC(=O)NCC(=O)NCC(=O)NCC(=O)NCC(=O)NC,25,,pilot_linear_resnet_solvai,-27.06304727563892,1.5203779786726765,-26.838975136784025,-25.667140058508622,-28.683026631624102,,,False,-27.06304727563892
glycine,6,CC(=O)NCC(=O)NCC(=O)NCC(=O)NCC(=O)NCC(=O)NCC(=O)NC,29,,pilot_linear_resnet_solvai,-30.36831700341047,1.6617172326858682,-30.090416952407654,-28.863070315423908,-32.151463742399855,,,False,-30.36831700341047
glycine,7,CC(=O)NCC(=O)NCC(=O)NCC(=O)NCC(=O)NCC(=O)NCC(=O)NCC(=O)NC,33,,pilot_linear_resnet_solvai,-33.40741285979653,1.8348554886941526,-33.08753383368976,-31.75352969108529,-35.38117505461453,,,False,-33.40741285979653
glycine,8,CC(=O)NCC(=O)NCC(=O)NCC(=O)NCC(=O)NCC(=O)NCC(=O)NCC(=O)NCC(=O)NC,37,,pilot_linear_resnet_solvai,-36.48479927774494,1.9839262097348285,-36.179172307577666,-34.67142169327238,-38.60380383238479,,,False,-36.48479927774494
glycine,9,CC(=O)NCC(=O)NCC(=O)NCC(=O)NCC(=O)NCC(=O)NCC(=O)NCC(=O)NCC(=O)NCC(=O)NC,41,,pilot_linear_resnet_solvai,-40.37871525526745,2.007690515599775,-40.217304685501816,-38.45660223151485,-42.46223884878569,,,False,-40.37871525526745
glycine,10,CC(=O)NCC(=O)NCC(=O)NCC(=O)NCC(=O)NCC(=O)NCC(=O)NCC(=O)NCC(=O)NCC(=O)NCC(=O)NC,45,,pilot_linear_resnet_solvai,-47.10954072968037,2.1899154995467947,-46.3579937488189,-45.394354453204095,-49.576273987018105,,,False,-47.10954072968037
glycine,11,CC(=O)NCC(=O)NCC(=O)NCC(=O)NCC(=O)NCC(=O)NCC(=O)NCC(=O)NCC(=O)NCC(=O)NCC(=O)NCC(=O)NC,49,,pilot_linear_resnet_solvai,-103.21388610879522,4.824953467736358,-97.68243321142208,-105.40302986703071,-106.55619524793288,,,False,-103.21388610879522
glycine,12,CC(=O)NCC(=O)NCC(=O)NCC(=O)NCC(=O)NCC(=O)NCC(=O)NCC(=O)NCC(=O)NCC(=O)NCC(=O)NCC(=O)NCC(=O)NC,53,,pilot_linear_resnet_solvai,-454.32115609965837,31.159208111455907,-418.40449879117926,-474.12109979835583,-470.4378697094401,,,False,-454.32115609965837
alanine,0,CC(=O)NC,5,,pilot_linear_resnet_solvai,-9.832709793472917,0.20482004411020102,-9.793221330796706,-9.650509115353254,-10.054398934268793,,,False,-9.832709793472917
alanine,1,CC(=O)N[C@@H](C)C(=O)NC,10,,pilot_linear_resnet_solvai,-13.822746868481774,0.15148728696923897,-13.729167296857089,-13.741550147410752,-13.997523161177483,,,False,-13.822746868481774
alanine,2,CC(=O)N[C@@H](C)C(=O)N[C@@H](C)C(=O)NC,15,,pilot_linear_resnet_solvai,-18.20188738647546,0.3892070288746632,-18.18072798963757,-17.823691672516592,-18.60124249727221,,,False,-18.20188738647546
alanine,3,CC(=O)N[C@@H](C)C(=O)N[C@@H](C)C(=O)N[C@@H](C)C(=O)NC,20,,pilot_linear_resnet_solvai,-22.14104313405789,0.6311425666068057,-22.04392615678568,-21.564088106511363,-22.815115138876624,,,False,-22.14104313405789
alanine,4,CC(=O)N[C@@H](C)C(=O)N[C@@H](C)C(=O)N[C@@H](C)C(=O)N[C@@H](C)C(=O)NC,25,,pilot_linear_resnet_solvai,-25.545324449584054,0.9387010426353539,-25.382016830446744,-24.698992476075468,-26.554964042229948,,,False,-25.545324449584054
alanine,5,CC(=O)N[C@@H](C)C(=O)N[C@@H](C)C(=O)N[C@@H](C)C(=O)N[C@@H](C)C(=O)N[C@@H](C)C(=O)NC,30,,pilot_linear_resnet_solvai,-28.72558524941157,1.1731112891968063,-28.514226227365857,-27.672521639768377,-29.99000788110048,,,False,-28.72558524941157
alanine,6,CC(=O)N[C@@H](C)C(=O)N[C@@H](C)C(=O)N[C@@H](C)C(=O)N[C@@H](C)C(=O)N[C@@H](C)C(=O)N[C@@H](C)C(=O)NC,35,,pilot_linear_resnet_solvai,-31.923126799172223,1.3683881498605939,-31.67624129007183,-30.694988336138334,-33.398150771306504,,,False,-31.923126799172223
alanine,7,CC(=O)N[C@@H](C)C(=O)N[C@@H](C)C(=O)N[C@@H](C)C(=O)N[C@@H](C)C(=O)N[C@@H](C)C(=O)N[C@@H](C)C(=O)N[C@@H](C)C(=O)NC,40,,pilot_linear_resnet_solvai,-35.46444848990022,1.5014134414782916,-35.294453029898946,-34.0552680243914,-37.04362441541032,,,False,-35.46444848990022
alanine,8,CC(=O)N[C@@H](C)C(=O)N[C@@H](C)C(=O)N[C@@H](C)C(=O)N[C@@H](C)C(=O)N[C@@H](C)C(=O)N[C@@H](C)C(=O)N[C@@H](C)C(=O)N[C@@H](C)C(=O)NC,45,,pilot_linear_resnet_solvai,-39.729818684953656,1.5210632115543072,-39.393084495091635,-38.40533921791744,-41.3910323418519,,,False,-39.729818684953656
alanine,9,CC(=O)N[C@@H](C)C(=O)N[C@@H](C)C(=O)N[C@@H](C)C(=O)N[C@@H](C)C(=O)N[C@@H](C)C(=O)N[C@@H](C)C(=O)N[C@@H](C)C(=O)N[C@@H](C)C(=O)N[C@@H](C)C(=O)NC,50,,pilot_linear_resnet_solvai,-90.17043150335148,4.0381268018244505,-85.51313180236988,-92.30251663411741,-92.69564607356715,,,False,-90.17043150335148
alanine,10,CC(=O)N[C@@H](C)C(=O)N[C@@H](C)C(=O)N[C@@H](C)C(=O)N[C@@H](C)C(=O)N[C@@H](C)C(=O)N[C@@H](C)C(=O)N[C@@H](C)C(=O)N[C@@H](C)C(=O)N[C@@H](C)C(=O)N[C@@H](C)C(=O)NC,55,,pilot_linear_resnet_solvai,-569.1396014598845,40.09800512202636,-522.9629987492897,-595.1674667874354,-589.2883388429283,,,False,-569.1396014598845
alanine,11,CC(=O)N[C@@H](C)C(=O)N[C@@H](C)C(=O)N[C@@H](C)C(=O)N[C@@H](C)C(=O)N[C@@H](C)C(=O)N[C@@H](C)C(=O)N[C@@H](C)C(=O)N[C@@H](C)C(=O)N[C@@H](C)C(=O)N[C@@H](C)C(=O)N[C@@H](C)C(=O)NC,60,,pilot_linear_resnet_solvai,-4998.039156211338,375.8324152600124,-4565.297524354872,-5242.712170001685,-5186.107774277458,,,False,-4998.039156211338
alanine,12,CC(=O)N[C@@H](C)C(=O)N[C@@H](C)C(=O)N[C@@H](C)C(=O)N[C@@H](C)C(=O)N[C@@H](C)C(=O)N[C@@H](C)C(=O)N[C@@H](C)C(=O)N[C@@H](C)C(=O)N[C@@H](C)C(=O)N[C@@H](C)C(=O)N[C@@H](C)C(=O)N[C@@H](C)C(=O)NC,65,,pilot_linear_resnet_solvai,-46052.29593020401,3490.2628883770294,-42033.573325724756,-48324.97548317376,-47798.33898171352,,,False,-46052.29593020401
alkane,1,C,1,,pilot_linear_resnet_solvai,1.9607744283824304,0.15805943345200277,1.7927593464696052,2.1065151345787534,1.9830488040989325,,,False,1.9607744283824304
alkane,2,CC,2,,pilot_linear_resnet_solvai,1.8103811344191982,0.10709029341889176,1.710785229443296,1.796706079033191,1.923652094781108,,,False,1.8103811344191982
alkane,3,CCC,3,,pilot_linear_resnet_solvai,1.898646163080539,0.12052654788188631,1.785768880095202,1.884581698374184,2.0255879107722308,,,False,1.898646163080539
alkane,4,CCCC,4,,pilot_linear_resnet_solvai,2.050807245284055,0.12527659113181475,1.9551210830511208,2.0046963852726627,2.192604267528382,,,False,2.050807245284055
alkane,5,CCCCC,5,,pilot_linear_resnet_solvai,2.2571525207099072,0.09315893279374746,2.1950547415239097,2.2121324539251876,2.364270366680625,,,False,2.2571525207099072
alkane,6,CCCCCC,6,,pilot_linear_resnet_solvai,2.351204830371717,0.11640643689160442,2.276906914086644,2.2913469677408083,2.4853606092876985,,,False,2.351204830371717
alkane,7,CCCCCCC,7,,pilot_linear_resnet_solvai,2.5669290577318504,0.10233582581142749,2.509901322859731,2.505813134718399,2.6850727156174212,,,False,2.5669290577318504
alkane,8,CCCCCCCC,8,,pilot_linear_resnet_solvai,2.7119171633471466,0.10298817604656932,2.67725912411389,2.6307287751478023,2.827763590779748,,,False,2.7119171633471466
alkane,9,CCCCCCCCC,9,,pilot_linear_resnet_solvai,2.8722721005397727,0.1004217646602597,2.864998723009877,2.7756847687210238,2.9761328098884174,,,False,2.8722721005397727
alkane,10,CCCCCCCCCC,10,,pilot_linear_resnet_solvai,2.985703011389738,0.09843178372871844,2.9918343790182593,2.884348870489865,3.0809257846610887,,,False,2.985703011389738
alkane,11,CCCCCCCCCCC,11,,pilot_linear_resnet_solvai,3.1238140589817553,0.10789982500582844,3.1501170732932104,3.005194614447472,3.216130489204583,,,False,3.1238140589817553
alkane,12,CCCCCCCCCCCC,12,,pilot_linear_resnet_solvai,3.266206373449098,0.11566769624964852,3.3059511227395877,3.1359062752305666,3.356761722377138,,,False,3.266206373449098
alkane,13,CCCCCCCCCCCCC,13,,pilot_linear_resnet_solvai,3.38256252873944,0.1241926139246637,3.436278658462423,3.2405535263692666,3.47085540138663,,,False,3.38256252873944
alkane,14,CCCCCCCCCCCCCC,14,,pilot_linear_resnet_solvai,3.5252784025168,0.12750666481199993,3.590615839618425,3.3783458924298095,3.606873475502165,,,False,3.5252784025168
alkane,15,CCCCCCCCCCCCCCC,15,,pilot_linear_resnet_solvai,3.6792414174104007,0.13846219545864533,3.766920706165039,3.5196173340361305,3.7511862120300323,,,False,3.6792414174104007
alkane,16,CCCCCCCCCCCCCCCC,16,,pilot_linear_resnet_solvai,3.8440725293792988,0.1457082459310173,3.9440401617283305,3.6768891087080506,3.9112883177015147,,,False,3.8440725293792988
alkane,17,CCCCCCCCCCCCCCCCC,17,,pilot_linear_resnet_solvai,4.045788996208639,0.15362730652779572,4.159484933026104,3.871016158606065,4.106865896993747,,,False,4.045788996208639
alkane,18,CCCCCCCCCCCCCCCCCC,18,,pilot_linear_resnet_solvai,4.1919579307128805,0.16875659837693185,4.333531997829639,4.005212382435798,4.237129411873204,,,False,4.1919579307128805
alkane,19,CCCCCCCCCCCCCCCCCCC,19,,pilot_linear_resnet_solvai,4.365079640278657,0.17917026185879095,4.520959418898875,4.16933438734901,4.404945114588085,,,False,4.365079640278657
alkane,20,CCCCCCCCCCCCCCCCCCCC,20,,pilot_linear_resnet_solvai,4.5397364274000624,0.18210425214802825,4.700653122088222,4.342054696388854,4.576501463723113,,,False,4.5397364274000624
alkane,21,CCCCCCCCCCCCCCCCCCCCC,21,,pilot_linear_resnet_solvai,4.719438260220315,0.18039703552865646,4.88314301182733,4.526034747472841,4.749137021360773,,,False,4.719438260220315
alkane,22,CCCCCCCCCCCCCCCCCCCCCC,22,,pilot_linear_resnet_solvai,4.8776973785656415,0.180458275195265,5.044687720502897,4.686263065664122,4.902141349529905,,,False,4.8776973785656415
alkane,23,CCCCCCCCCCCCCCCCCCCCCCC,23,,pilot_linear_resnet_solvai,5.037991546767253,0.17760653703302254,5.202308256340639,4.849559506558937,5.062106877402184,,,False,5.037991546767253
alkane,24,CCCCCCCCCCCCCCCCCCCCCCCC,24,,pilot_linear_resnet_solvai,5.188627916694544,0.17317048897263165,5.3513768269479085,5.0066422673123165,5.207864655823408,,,False,5.188627916694544
alkane,25,CCCCCCCCCCCCCCCCCCCCCCCCC,25,,pilot_linear_resnet_solvai,5.3604901431923695,0.16251765202636156,5.510857625577478,5.188073679107599,5.382539124892031,,,False,5.3604901431923695
alkane,26,CCCCCCCCCCCCCCCCCCCCCCCCCC,26,,pilot_linear_resnet_solvai,5.510061734711883,0.15090539449348261,5.646883016360829,5.348203832005702,5.535098355769118,,,False,5.510061734711883
alkane,27,CCCCCCCCCCCCCCCCCCCCCCCCCCC,27,,pilot_linear_resnet_solvai,5.646671645957299,0.13913381769242059,5.768075692317304,5.4948432688985696,5.677095976656024,,,False,5.646671645957299
alkane,28,CCCCCCCCCCCCCCCCCCCCCCCCCCCC,28,,pilot_linear_resnet_solvai,5.786019820132279,0.12457570144219957,5.888770225140079,5.647461642840489,5.821827592416269,,,False,5.786019820132279
alkane,29,CCCCCCCCCCCCCCCCCCCCCCCCCCCCC,29,,pilot_linear_resnet_solvai,5.901734141062675,0.11042409086940765,5.984174695662156,5.776275238048048,5.94475248947782,,,False,5.901734141062675
alkane,30,CCCCCCCCCCCCCCCCCCCCCCCCCCCCCC,30,,pilot_linear_resnet_solvai,6.011339857331083,0.0940317102508233,6.0698601924373525,5.902874321797095,6.061285057758799,,,False,6.011339857331083
glycine,0,CC(=O)NC,5,CNC(C)=O,selected_solvai,-10.00578796981789,0.1285462377977303,-10.052443440472443,-9.961146097591197,-10.207224080291763,-9.885972887605083,-9.922153343128961,False,-10.073604539451802
glycine,1,CC(=O)NCC(=O)NC,9,CNC(=O)CNC(C)=O,selected_solvai,-15.247988413976534,0.14404318560292764,-15.217550062681354,-15.171516132478036,-15.489786809555003,-15.11475913972015,-15.24632992544813,False,-15.292951001571465
glycine,2,CC(=O)NCC(=O)NCC(=O)NC,13,CNC(=O)CNC(=O)CNC(C)=O,selected_solvai,-21.7071319289643,0.1748251293871941,-21.70905112141815,-21.564896083851654,-22.00536316367016,-21.610707417774393,-21.645641858107144,False,-21.75977012297999
glycine,3,CC(=O)NCC(=O)NCC(=O)NCC(=O)NC,17,CNC(=O)CNC(=O)CNC(=O)CNC(C)=O,selected_solvai,-27.687126819563893,0.2605828151582026,-27.63923259227187,-27.44672923290635,-28.13211656612054,-27.63363506511338,-27.583920641407342,False,-27.739359463766252
glycine,4,CC(=O)NCC(=O)NCC(=O)NCC(=O)NCC(=O)NC,21,CNC(=O)CNC(=O)CNC(=O)CNC(=O)CNC(C)=O,selected_solvai,-32.54957748459765,0.3377148888393413,-32.42276123109665,-32.21961827444573,-33.11438440404776,-32.5521642658281,-32.43895924757,False,-32.58558796986338
glycine,5,CC(=O)NCC(=O)NCC(=O)NCC(=O)NCC(=O)NCC(=O)NC,25,CNC(=O)CNC(=O)CNC(=O)CNC(=O)CNC(=O)CNC(C)=O,selected_solvai,-38.50493639822919,0.39370824164635354,-38.307609075936774,-38.10925470688601,-39.15085241212634,-38.5328684330624,-38.424097363134415,False,-38.522572064983045
glycine,6,CC(=O)NCC(=O)NCC(=O)NCC(=O)NCC(=O)NCC(=O)NCC(=O)NC,29,CNC(=O)CNC(=O)CNC(=O)CNC(=O)CNC(=O)CNC(=O)CNC(C)=O,selected_solvai,-45.20332737066305,0.4118388155104737,-44.97355836818153,-44.78500543782115,-45.858445967327626,-45.30338172076873,-45.09624535921618,False,-45.20566992444344
glycine,7,CC(=O)NCC(=O)NCC(=O)NCC(=O)NCC(=O)NCC(=O)NCC(=O)NCC(=O)NC,33,CNC(=O)CNC(=O)CNC(=O)CNC(=O)CNC(=O)CNC(=O)CNC(=O)CNC(C)=O,selected_solvai,-51.14568283740659,0.4246603974935302,-50.92084922841632,-50.67679358032121,-51.80410745899084,-51.25496317790057,-51.07170074140399,False,-51.13391675590946
glycine,8,CC(=O)NCC(=O)NCC(=O)NCC(=O)NCC(=O)NCC(=O)NCC(=O)NCC(=O)NCC(=O)NC,37,CNC(=O)CNC(=O)CNC(=O)CNC(=O)CNC(=O)CNC(=O)CNC(=O)CNC(=O)CNC(C)=O,selected_solvai,-56.97044433506896,0.440140222700025,-56.74136570973568,-56.45685993984359,-57.637281585091,-57.082858976002555,-56.933855464671986,False,-56.94516907822342
glycine,9,CC(=O)NCC(=O)NCC(=O)NCC(=O)NCC(=O)NCC(=O)NCC(=O)NCC(=O)NCC(=O)NCC(=O)NC,41,CNC(=O)CNC(=O)CNC(=O)CNC(=O)CNC(=O)CNC(=O)CNC(=O)CNC(=O)CNC(=O)CNC(C)=O,selected_solvai,-63.73616977636883,0.45030376029001856,-63.49913346690525,-63.18510661911816,-64.39585916782164,-63.86283449672539,-63.7379151312737,False,-63.69336641794835
glycine,10,CC(=O)NCC(=O)NCC(=O)NCC(=O)NCC(=O)NCC(=O)NCC(=O)NCC(=O)NCC(=O)NCC(=O)NCC(=O)NC,45,CNC(=O)CNC(=O)CNC(=O)CNC(=O)CNC(=O)CNC(=O)CNC(=O)CNC(=O)CNC(=O)CNC(=O)CNC(C)=O,selected_solvai,-70.98624442807777,0.4619372247985859,-70.74492365323721,-70.40382467724487,-71.64900237666127,-71.11083629833486,-71.02263513491069,False,-70.93258356904778
glycine,11,CC(=O)NCC(=O)NCC(=O)NCC(=O)NCC(=O)NCC(=O)NCC(=O)NCC(=O)NCC(=O)NCC(=O)NCC(=O)NCC(=O)NC,49,CNC(=O)CNC(=O)CNC(=O)CNC(=O)CNC(=O)CNC(=O)CNC(=O)CNC(=O)CNC(=O)CNC(=O)CNC(=O)CNC(C)=O,selected_solvai,-75.99819165829982,0.4725163736484606,-75.75971510850614,-75.38536096271358,-76.66334084635567,-76.11252525923064,-76.07001611469312,False,-75.93613897252511
glycine,12,CC(=O)NCC(=O)NCC(=O)NCC(=O)NCC(=O)NCC(=O)NCC(=O)NCC(=O)NCC(=O)NCC(=O)NCC(=O)NCC(=O)NCC(=O)NC,53,CNC(=O)CNC(=O)CNC(=O)CNC(=O)CNC(=O)CNC(=O)CNC(=O)CNC(=O)CNC(=O)CNC(=O)CNC(=O)CNC(=O)CNC(C)=O,selected_solvai,-79.90685991874857,0.47436139257711823,-79.67936376862448,-79.27695481278847,-80.56358677044409,-79.99962360760203,-80.01477063428378,False,-79.83996845061903
alanine,0,CC(=O)NC,5,CNC(C)=O,selected_solvai,-10.005788579540205,0.12854623779773006,-10.052444050194762,-9.961146707313514,-10.20722469001408,-9.885973497327402,-9.922153952851279,False,-10.073605149174119
alanine,1,CC(=O)N[C@@H](C)C(=O)NC,10,CNC(=O)[C@H](C)NC(C)=O,selected_solvai,-14.905721063785057,0.14788368795571152,-14.944026363479075,-14.76684556413446,-15.126256168541968,-14.771937802975838,-14.91953941979395,False,-14.945709365385168
alanine,2,CC(=O)N[C@@H](C)C(=O)N[C@@H](C)C(=O)NC,15,CNC(=O)[C@H](C)NC(=O)[C@H](C)NC(C)=O,selected_solvai,-20.957984482974343,0.23422191262051348,-21.011756016131944,-20.7320498660032,-21.33432949407922,-20.817027780028507,-20.894759258628838,False,-21.02604512540479
alanine,3,CC(=O)N[C@@H](C)C(=O)N[C@@H](C)C(=O)N[C@@H](C)C(=O)NC,20,CNC(=O)[C@H](C)NC(=O)[C@H](C)NC(=O)[C@H](C)NC(C)=O,selected_solvai,-27.065952905756916,0.31504668780113354,-27.101324893304575,-26.713936570619193,-27.564097997238648,-27.03533236038259,-26.91507270723958,False,-27.126453153720803
alanine,4,CC(=O)N[C@@H](C)C(=O)N[C@@H](C)C(=O)N[C@@H](C)C(=O)N[C@@H](C)C(=O)NC,25,CNC(=O)[C@H](C)NC(=O)[C@H](C)NC(=O)[C@H](C)NC(=O)[C@H](C)NC(C)=O,selected_solvai,-32.838539251903185,0.3679714436231679,-32.75423429221088,-32.42401064739508,-33.39499511534272,-32.96998937406081,-32.64946683050645,False,-32.85774668498289
alanine,5,CC(=O)N[C@@H](C)C(=O)N[C@@H](C)C(=O)N[C@@H](C)C(=O)N[C@@H](C)C(=O)N[C@@H](C)C(=O)NC,30,CNC(=O)[C@H](C)NC(=O)[C@H](C)NC(=O)[C@H](C)NC(=O)[C@H](C)NC(=O)[C@H](C)NC(C)=O,selected_solvai,-39.015804840645686,0.3552295200858418,-38.89349639571209,-38.59273051293934,-39.504790158535535,-39.2312251315924,-38.85678200444907,False,-38.99700568906232
alanine,6,CC(=O)N[C@@H](C)C(=O)N[C@@H](C)C(=O)N[C@@H](C)C(=O)N[C@@H](C)C(=O)N[C@@H](C)C(=O)N[C@@H](C)C(=O)NC,35,CNC(=O)[C@H](C)NC(=O)[C@H](C)NC(=O)[C@H](C)NC(=O)[C@H](C)NC(=O)[C@H](C)NC(=O)[C@H](C)NC(C)=O,selected_solvai,-44.46272787335779,0.3241176574403644,-44.33541731225755,-44.05205069419346,-44.825417909265,-44.76065819676211,-44.34009525431084,False,-44.40429530523867
alanine,7,CC(=O)N[C@@H](C)C(=O)N[C@@H](C)C(=O)N[C@@H](C)C(=O)N[C@@H](C)C(=O)N[C@@H](C)C(=O)N[C@@H](C)C(=O)N[C@@H](C)C(=O)NC,40,CNC(=O)[C@H](C)NC(=O)[C@H](C)NC(=O)[C@H](C)NC(=O)[C@H](C)NC(=O)[C@H](C)NC(=O)[C@H](C)NC(=O)[C@H](C)NC(C)=O,selected_solvai,-49.9116173648647,0.3168555190394441,-49.7765958156657,-49.49321425940482,-50.22143416626543,-50.236693103191506,-49.83014947979606,False,-49.83041474711198
alanine,8,CC(=O)N[C@@H](C)C(=O)N[C@@H](C)C(=O)N[C@@H](C)C(=O)N[C@@H](C)C(=O)N[C@@H](C)C(=O)N[C@@H](C)C(=O)N[C@@H](C)C(=O)N[C@@H](C)C(=O)NC,45,CNC(=O)[C@H](C)NC(=O)[C@H](C)NC(=O)[C@H](C)NC(=O)[C@H](C)NC(=O)[C@H](C)NC(=O)[C@H](C)NC(=O)[C@H](C)NC(=O)[C@H](C)NC(C)=O,selected_solvai,-56.40096798443169,0.3199298650353915,-56.24627042547068,-55.972587531581965,-56.65773821632153,-56.767604049816434,-56.360639698967844,False,-56.29219872445807
alanine,9,CC(=O)N[C@@H](C)C(=O)N[C@@H](C)C(=O)N[C@@H](C)C(=O)N[C@@H](C)C(=O)N[C@@H](C)C(=O)N[C@@H](C)C(=O)N[C@@H](C)C(=O)N[C@@H](C)C(=O)N[C@@H](C)C(=O)NC,50,CNC(=O)[C@H](C)NC(=O)[C@H](C)NC(=O)[C@H](C)NC(=O)[C@H](C)NC(=O)[C@H](C)NC(=O)[C@H](C)NC(=O)[C@H](C)NC(=O)[C@H](C)NC(=O)[C@H](C)NC(C)=O,selected_solvai,-64.17412675277816,0.32921911866588405,-63.996591310829075,-63.7356207842992,-64.39415251694626,-64.57573843380594,-64.16853071801032,False,-64.04212153735818
alanine,10,CC(=O)N[C@@H](C)C(=O)N[C@@H](C)C(=O)N[C@@H](C)C(=O)N[C@@H](C)C(=O)N[C@@H](C)C(=O)N[C@@H](C)C(=O)N[C@@H](C)C(=O)N[C@@H](C)C(=O)N[C@@H](C)C(=O)N[C@@H](C)C(=O)NC,55,CNC(=O)[C@H](C)NC(=O)[C@H](C)NC(=O)[C@H](C)NC(=O)[C@H](C)NC(=O)[C@H](C)NC(=O)[C@H](C)NC(=O)[C@H](C)NC(=O)[C@H](C)NC(=O)[C@H](C)NC(=O)[C@H](C)NC(C)=O,selected_solvai,-70.07292531291009,0.3248919499883479,-69.88742032201549,-69.64255298108469,-70.2512310542183,-70.48543679784395,-70.09798540938803,False,-69.92706811910615
alanine,11,CC(=O)N[C@@H](C)C(=O)N[C@@H](C)C(=O)N[C@@H](C)C(=O)N[C@@H](C)C(=O)N[C@@H](C)C(=O)N[C@@H](C)C(=O)N[C@@H](C)C(=O)N[C@@H](C)C(=O)N[C@@H](C)C(=O)N[C@@H](C)C(=O)N[C@@H](C)C(=O)NC,60,CNC(=O)[C@H](C)NC(=O)[C@H](C)NC(=O)[C@H](C)NC(=O)[C@H](C)NC(=O)[C@H](C)NC(=O)[C@H](C)NC(=O)[C@H](C)NC(=O)[C@H](C)NC(=O)[C@H](C)NC(=O)[C@H](C)NC(=O)[C@H](C)NC(C)=O,selected_solvai,-74.20101435341836,0.31368675871476165,-74.01441477377566,-73.78793597201428,-74.3362175246055,-74.60931433006134,-74.25718916663504,False,-74.04618942346515
alanine,12,CC(=O)N[C@@H](C)C(=O)N[C@@H](C)C(=O)N[C@@H](C)C(=O)N[C@@H](C)C(=O)N[C@@H](C)C(=O)N[C@@H](C)C(=O)N[C@@H](C)C(=O)N[C@@H](C)C(=O)N[C@@H](C)C(=O)N[C@@H](C)C(=O)N[C@@H](C)C(=O)N[C@@H](C)C(=O)NC,65,CNC(=O)[C@H](C)NC(=O)[C@H](C)NC(=O)[C@H](C)NC(=O)[C@H](C)NC(=O)[C@H](C)NC(=O)[C@H](C)NC(=O)[C@H](C)NC(=O)[C@H](C)NC(=O)[C@H](C)NC(=O)[C@H](C)NC(=O)[C@H](C)NC(=O)[C@H](C)NC(C)=O,selected_solvai,-78.41440800145696,0.29839864650794495,-78.22845615603154,-78.02845134488159,-78.50285928440823,-78.81095474396015,-78.50131847800333,False,-78.25325559510712
alkane,1,C,1,C,selected_solvai,2.0512845054283693,0.1391828225941605,2.0196246740728627,2.0146087934248875,2.268685265921878,2.068312449245451,1.885191344476766,False,2.100972911139876
alkane,2,CC,2,CC,selected_solvai,1.7423444794809406,0.04878819524655048,1.7319731943122845,1.6974595576479778,1.695572085997715,1.7915758373429709,1.7951417221037556,False,1.7083349459859924
alkane,3,CCC,3,CCC,selected_solvai,1.864268688842106,0.04435897669785861,1.9152896007609126,1.7935943611839305,1.8761338813371315,1.8752961800338435,1.8610294208947114,False,1.8616726144273248
alkane,4,CCCC,4,CCCC,selected_solvai,2.04662794557461,0.07270991847486864,2.085985593597777,1.9704743292530553,2.1531639221050884,2.0146547131369523,2.008861169780177,False,2.069874614985307
alkane,5,CCCCC,5,CCCCC,selected_solvai,2.286729157169387,0.0266771747292622,2.2920625149884764,2.2446730839486007,2.3188039355246666,2.2912819751524873,2.2868242762327027,False,2.2851798448205813
alkane,6,CCCCCC,6,CCCCCC,selected_solvai,2.4267545626253755,0.030810655350836144,2.424359377582748,2.3805246562368003,2.4645805105417216,2.441240709381389,2.4230675593842186,False,2.4231548481204235
alkane,7,CCCCCCC,7,CCCCCCC,selected_solvai,2.8318431885052364,0.031889755271683536,2.8365354180672817,2.7870149646553433,2.865886011886049,2.855611285773339,2.8141682621441673,False,2.8298121315362246
alkane,8,CCCCCCCC,8,CCCCCCCC,selected_solvai,2.864804261603503,0.032058705385458304,2.8767808684671357,2.8256621947198415,2.8873746960893225,2.898049473876118,2.8361540748650977,False,2.8632725864254334
alkane,9,CCCCCCCCC,9,CCCCCCCCC,selected_solvai,3.093294832625782,0.037364131469963556,3.1083235426917355,3.05133800886067,3.1081908733078585,3.1399544336726937,3.058667304595952,False,3.089284141620088
alkane,10,CCCCCCCCCC,10,CCCCCCCCCC,selected_solvai,3.260006111962112,0.041629067043671364,3.2791765699879134,3.2116979603842326,3.2760401321857735,3.310647573199648,3.2224683240529943,False,3.25563822085264
alkane,11,CCCCCCCCCCC,11,CCCCCCCCCCC,selected_solvai,3.2582953487955164,0.05307085016168369,3.287294472471257,3.19184056204342,3.273175480488553,3.322178870321114,3.21698735865324,False,3.2507701716677437
alkane,12,CCCCCCCCCCCC,12,CCCCCCCCCCCC,selected_solvai,3.1643037992329375,0.07279337417476732,3.2074119935660406,3.0589474291299137,3.193640252733732,3.239219056189219,3.1223002645457845,False,3.1533332251432284
alkane,13,CCCCCCCCCCCCC,13,CCCCCCCCCCCCC,selected_solvai,3.1649968320076725,0.10625496920034834,3.2287351262513724,2.9905940513931277,3.230783678916488,3.2391399232829245,3.135731380194449,False,3.1500376188536627
alkane,14,CCCCCCCCCCCCCC,14,CCCCCCCCCCCCCC,selected_solvai,3.2156977788025003,0.1548034631571658,3.30139255288384,2.953117049941028,3.338073123612042,3.2823408168438943,3.203565350731698,False,3.19752757547897
alkane,15,CCCCCCCCCCCCCCC,15,CCCCCCCCCCCCCCC,selected_solvai,3.3156225133757053,0.2103234457694569,3.4183005862627835,2.961866793848361,3.5142631337170265,3.3564183153354197,3.3272637377149366,False,3.2981435046093903
alkane,16,CCCCCCCCCCCCCCCC,16,CCCCCCCCCCCCCCCC,selected_solvai,3.471014832340461,0.2013900245914592,3.534678466086337,3.180747960129663,3.7318688371246305,3.4024478155250213,3.5053310828366495,False,3.482431754446877
alkane,17,CCCCCCCCCCCCCCCCC,17,CCCCCCCCCCCCCCCCC,selected_solvai,3.823015849633986,0.1809134919421455,3.766236030873169,3.7746070348068086,4.107930510268395,3.614779868647859,3.8515258035736997,False,3.882924525316124
alkane,18,CCCCCCCCCCCCCCCCCC,18,CCCCCCCCCCCCCCCCCC,selected_solvai,4.163190508980678,0.19538856880885916,4.006134682710692,4.2175451310231535,4.451670993879987,3.9593778028496915,4.181223934439871,False,4.225116935871277
alkane,19,CCCCCCCCCCCCCCCCCCC,19,CCCCCCCCCCCCCCCCCCC,selected_solvai,4.425711178288458,0.20028662919174117,4.205204217932667,4.524769916632061,4.705564968865709,4.271813427817713,4.421203360194144,False,4.478513034476812
alkane,20,CCCCCCCCCCCCCCCCCCCC,20,CCCCCCCCCCCCCCCCCCCC,selected_solvai,4.690131624205028,0.20956490908920009,4.4254298028710535,4.810001865804744,4.9687580856748115,4.575012636145803,4.671455730528732,False,4.734729918116869
alkane,21,CCCCCCCCCCCCCCCCCCCCC,21,CCCCCCCCCCCCCCCCCCCCC,selected_solvai,4.881361403214507,0.21721231541874836,4.590999136136316,5.006097023129558,5.163963124630825,4.790084981430293,4.855662750745545,False,4.920353094632233
alkane,22,CCCCCCCCCCCCCCCCCCCCCC,22,CCCCCCCCCCCCCCCCCCCCCC,selected_solvai,5.07591579224206,0.22230408008103802,4.774706031621895,5.193426736197355,5.369223551622603,4.997619062945417,5.04460357882303,False,5.112452106480617
alkane,23,CCCCCCCCCCCCCCCCCCCCCCC,23,CCCCCCCCCCCCCCCCCCCCCCC,selected_solvai,5.243953357665357,0.2278162930322842,4.9375665210594315,5.352792144878269,5.552353649795477,5.1708152602543604,5.206239212339249,False,5.280904105244392
alkane,24,CCCCCCCCCCCCCCCCCCCCCCCC,24,CCCCCCCCCCCCCCCCCCCCCCCC,selected_solvai,5.445007020768036,0.2306427659142323,5.140006829900472,5.539589113070826,5.767566116890143,5.373423928670424,5.4044491153083145,False,5.482387353287147
alkane,25,CCCCCCCCCCCCCCCCCCCCCCCCC,25,CCCCCCCCCCCCCCCCCCCCCCCCC,selected_solvai,5.633320124476213,0.2352307192765538,5.331686149553389,5.71714589196661,5.9731061015646665,5.55766234958661,5.58700012970979,False,5.6739793810282215
alkane,26,CCCCCCCCCCCCCCCCCCCCCCCCCC,26,CCCCCCCCCCCCCCCCCCCCCCCCCC,selected_solvai,5.791743756064941,0.23925519656545197,5.496062713534314,5.864141559123694,6.148039397757226,5.709257228402691,5.7412178815067785,False,5.836081223471744
alkane,27,CCCCCCCCCCCCCCCCCCCCCCCCCCC,27,CCCCCCCCCCCCCCCCCCCCCCCCCCC,selected_solvai,5.939050427333313,0.24279331471769652,5.650556898187166,5.99881260420847,6.310630085069103,5.848651563638154,5.88660098556367,False,5.986666529154913
alkane,28,CCCCCCCCCCCCCCCCCCCCCCCCCCCC,28,CCCCCCCCCCCCCCCCCCCCCCCCCCCC,selected_solvai,6.094084551584758,0.24679981710338858,5.812799434055537,6.143140431363704,6.480423879413741,5.994896205330199,6.039162807760607,False,6.145454581610994
alkane,29,CCCCCCCCCCCCCCCCCCCCCCCCCCCCC,29,CCCCCCCCCCCCCCCCCCCCCCCCCCCCC,selected_solvai,6.258322342766134,0.25024874243312434,5.984129423780055,6.296881761384564,6.657195945686424,6.150194461289746,6.203210121689881,False,6.312735710283682
alkane,30,CCCCCCCCCCCCCCCCCCCCCCCCCCCCCC,30,CCCCCCCCCCCCCCCCCCCCCCCCCCCCCC,selected_solvai,6.396797506364345,0.25427189414028945,6.129480060123519,6.425507714548799,6.80838878884916,6.2789624797540435,6.341648488546208,False,6.454458854507159
glycine,0,CC(=O)NC,5,CNC(C)=O,selected_extended_solvai,-10.00578796981789,0.1285462377977303,-10.052443440472443,-9.961146097591197,-10.207224080291763,-9.885972887605083,-9.922153343128961,False,-10.073604539451802
glycine,1,CC(=O)NCC(=O)NC,9,CNC(=O)CNC(C)=O,selected_extended_solvai,-15.247988413976534,0.14404318560292764,-15.217550062681354,-15.171516132478036,-15.489786809555003,-15.11475913972015,-15.24632992544813,False,-15.292951001571465
glycine,2,CC(=O)NCC(=O)NCC(=O)NC,13,CNC(=O)CNC(=O)CNC(C)=O,selected_extended_solvai,-21.7071319289643,0.1748251293871941,-21.70905112141815,-21.564896083851654,-22.00536316367016,-21.610707417774393,-21.645641858107144,False,-21.75977012297999
glycine,3,CC(=O)NCC(=O)NCC(=O)NCC(=O)NC,17,CNC(=O)CNC(=O)CNC(=O)CNC(C)=O,selected_extended_solvai,-27.687126819563893,0.2605828151582026,-27.63923259227187,-27.44672923290635,-28.13211656612054,-27.63363506511338,-27.583920641407342,False,-27.739359463766252
glycine,4,CC(=O)NCC(=O)NCC(=O)NCC(=O)NCC(=O)NC,21,CNC(=O)CNC(=O)CNC(=O)CNC(=O)CNC(C)=O,selected_extended_solvai,-32.54957748459765,0.3377148888393413,-32.42276123109665,-32.21961827444573,-33.11438440404776,-32.5521642658281,-32.43895924757,False,-32.58558796986338
glycine,5,CC(=O)NCC(=O)NCC(=O)NCC(=O)NCC(=O)NCC(=O)NC,25,CNC(=O)CNC(=O)CNC(=O)CNC(=O)CNC(=O)CNC(C)=O,selected_extended_solvai,-38.50493639822919,0.39370824164635354,-38.307609075936774,-38.10925470688601,-39.15085241212634,-38.5328684330624,-38.424097363134415,False,-38.522572064983045
glycine,6,CC(=O)NCC(=O)NCC(=O)NCC(=O)NCC(=O)NCC(=O)NCC(=O)NC,29,CNC(=O)CNC(=O)CNC(=O)CNC(=O)CNC(=O)CNC(=O)CNC(C)=O,selected_extended_solvai,-45.20332737066305,0.4118388155104737,-44.97355836818153,-44.78500543782115,-45.858445967327626,-45.30338172076873,-45.09624535921618,False,-45.20566992444344
glycine,7,CC(=O)NCC(=O)NCC(=O)NCC(=O)NCC(=O)NCC(=O)NCC(=O)NCC(=O)NC,33,CNC(=O)CNC(=O)CNC(=O)CNC(=O)CNC(=O)CNC(=O)CNC(=O)CNC(C)=O,selected_extended_solvai,-51.14568283740659,0.4246603974935302,-50.92084922841632,-50.67679358032121,-51.80410745899084,-51.25496317790057,-51.07170074140399,False,-51.13391675590946
glycine,8,CC(=O)NCC(=O)NCC(=O)NCC(=O)NCC(=O)NCC(=O)NCC(=O)NCC(=O)NCC(=O)NC,37,CNC(=O)CNC(=O)CNC(=O)CNC(=O)CNC(=O)CNC(=O)CNC(=O)CNC(=O)CNC(C)=O,selected_extended_solvai,-56.97044433506896,0.440140222700025,-56.74136570973568,-56.45685993984359,-57.637281585091,-57.082858976002555,-56.933855464671986,False,-56.94516907822342
glycine,9,CC(=O)NCC(=O)NCC(=O)NCC(=O)NCC(=O)NCC(=O)NCC(=O)NCC(=O)NCC(=O)NCC(=O)NC,41,CNC(=O)CNC(=O)CNC(=O)CNC(=O)CNC(=O)CNC(=O)CNC(=O)CNC(=O)CNC(=O)CNC(C)=O,selected_extended_solvai,-63.73616977636883,0.45030376029001856,-63.49913346690525,-63.18510661911816,-64.39585916782164,-63.86283449672539,-63.7379151312737,False,-63.69336641794835
glycine,10,CC(=O)NCC(=O)NCC(=O)NCC(=O)NCC(=O)NCC(=O)NCC(=O)NCC(=O)NCC(=O)NCC(=O)NCC(=O)NC,45,CNC(=O)CNC(=O)CNC(=O)CNC(=O)CNC(=O)CNC(=O)CNC(=O)CNC(=O)CNC(=O)CNC(=O)CNC(C)=O,selected_extended_solvai,-70.98624442807777,0.4619372247985859,-70.74492365323721,-70.40382467724487,-71.64900237666127,-71.11083629833486,-71.02263513491069,False,-70.93258356904778
glycine,11,CC(=O)NCC(=O)NCC(=O)NCC(=O)NCC(=O)NCC(=O)NCC(=O)NCC(=O)NCC(=O)NCC(=O)NCC(=O)NCC(=O)NC,49,CNC(=O)CNC(=O)CNC(=O)CNC(=O)CNC(=O)CNC(=O)CNC(=O)CNC(=O)CNC(=O)CNC(=O)CNC(=O)CNC(C)=O,selected_extended_solvai,-75.99819165829982,0.4725163736484606,-75.75971510850614,-75.38536096271358,-76.66334084635567,-76.11252525923064,-76.07001611469312,False,-75.93613897252511
glycine,12,CC(=O)NCC(=O)NCC(=O)NCC(=O)NCC(=O)NCC(=O)NCC(=O)NCC(=O)NCC(=O)NCC(=O)NCC(=O)NCC(=O)NCC(=O)NC,53,CNC(=O)CNC(=O)CNC(=O)CNC(=O)CNC(=O)CNC(=O)CNC(=O)CNC(=O)CNC(=O)CNC(=O)CNC(=O)CNC(=O)CNC(C)=O,selected_extended_solvai,-79.90685991874857,0.47436139257711823,-79.67936376862448,-79.27695481278847,-80.56358677044409,-79.99962360760203,-80.01477063428378,False,-79.83996845061903
alanine,0,CC(=O)NC,5,CNC(C)=O,selected_extended_solvai,-10.005788579540205,0.12854623779773006,-10.052444050194762,-9.961146707313514,-10.20722469001408,-9.885973497327402,-9.922153952851279,False,-10.073605149174119
alanine,1,CC(=O)N[C@@H](C)C(=O)NC,10,CNC(=O)[C@H](C)NC(C)=O,selected_extended_solvai,-14.905721063785057,0.14788368795571152,-14.944026363479075,-14.76684556413446,-15.126256168541968,-14.771937802975838,-14.91953941979395,False,-14.945709365385168
alanine,2,CC(=O)N[C@@H](C)C(=O)N[C@@H](C)C(=O)NC,15,CNC(=O)[C@H](C)NC(=O)[C@H](C)NC(C)=O,selected_extended_solvai,-20.957984482974343,0.23422191262051348,-21.011756016131944,-20.7320498660032,-21.33432949407922,-20.817027780028507,-20.894759258628838,False,-21.02604512540479
alanine,3,CC(=O)N[C@@H](C)C(=O)N[C@@H](C)C(=O)N[C@@H](C)C(=O)NC,20,CNC(=O)[C@H](C)NC(=O)[C@H](C)NC(=O)[C@H](C)NC(C)=O,selected_extended_solvai,-27.065952905756916,0.31504668780113354,-27.101324893304575,-26.713936570619193,-27.564097997238648,-27.03533236038259,-26.91507270723958,False,-27.126453153720803
alanine,4,CC(=O)N[C@@H](C)C(=O)N[C@@H](C)C(=O)N[C@@H](C)C(=O)N[C@@H](C)C(=O)NC,25,CNC(=O)[C@H](C)NC(=O)[C@H](C)NC(=O)[C@H](C)NC(=O)[C@H](C)NC(C)=O,selected_extended_solvai,-32.838539251903185,0.3679714436231679,-32.75423429221088,-32.42401064739508,-33.39499511534272,-32.96998937406081,-32.64946683050645,False,-32.85774668498289
alanine,5,CC(=O)N[C@@H](C)C(=O)N[C@@H](C)C(=O)N[C@@H](C)C(=O)N[C@@H](C)C(=O)N[C@@H](C)C(=O)NC,30,CNC(=O)[C@H](C)NC(=O)[C@H](C)NC(=O)[C@H](C)NC(=O)[C@H](C)NC(=O)[C@H](C)NC(C)=O,selected_extended_solvai,-39.015804840645686,0.3552295200858418,-38.89349639571209,-38.59273051293934,-39.504790158535535,-39.2312251315924,-38.85678200444907,False,-38.99700568906232
alanine,6,CC(=O)N[C@@H](C)C(=O)N[C@@H](C)C(=O)N[C@@H](C)C(=O)N[C@@H](C)C(=O)N[C@@H](C)C(=O)N[C@@H](C)C(=O)NC,35,CNC(=O)[C@H](C)NC(=O)[C@H](C)NC(=O)[C@H](C)NC(=O)[C@H](C)NC(=O)[C@H](C)NC(=O)[C@H](C)NC(C)=O,selected_extended_solvai,-44.46272787335779,0.3241176574403644,-44.33541731225755,-44.05205069419346,-44.825417909265,-44.76065819676211,-44.34009525431084,False,-44.40429530523867
alanine,7,CC(=O)N[C@@H](C)C(=O)N[C@@H](C)C(=O)N[C@@H](C)C(=O)N[C@@H](C)C(=O)N[C@@H](C)C(=O)N[C@@H](C)C(=O)N[C@@H](C)C(=O)NC,40,CNC(=O)[C@H](C)NC(=O)[C@H](C)NC(=O)[C@H](C)NC(=O)[C@H](C)NC(=O)[C@H](C)NC(=O)[C@H](C)NC(=O)[C@H](C)NC(C)=O,selected_extended_solvai,-49.9116173648647,0.3168555190394441,-49.7765958156657,-49.49321425940482,-50.22143416626543,-50.236693103191506,-49.83014947979606,False,-49.83041474711198
alanine,8,CC(=O)N[C@@H](C)C(=O)N[C@@H](C)C(=O)N[C@@H](C)C(=O)N[C@@H](C)C(=O)N[C@@H](C)C(=O)N[C@@H](C)C(=O)N[C@@H](C)C(=O)N[C@@H](C)C(=O)NC,45,CNC(=O)[C@H](C)NC(=O)[C@H](C)NC(=O)[C@H](C)NC(=O)[C@H](C)NC(=O)[C@H](C)NC(=O)[C@H](C)NC(=O)[C@H](C)NC(=O)[C@H](C)NC(C)=O,selected_extended_solvai,-56.40096798443169,0.3199298650353915,-56.24627042547068,-55.972587531581965,-56.65773821632153,-56.767604049816434,-56.360639698967844,False,-56.29219872445807
alanine,9,CC(=O)N[C@@H](C)C(=O)N[C@@H](C)C(=O)N[C@@H](C)C(=O)N[C@@H](C)C(=O)N[C@@H](C)C(=O)N[C@@H](C)C(=O)N[C@@H](C)C(=O)N[C@@H](C)C(=O)N[C@@H](C)C(=O)NC,50,CNC(=O)[C@H](C)NC(=O)[C@H](C)NC(=O)[C@H](C)NC(=O)[C@H](C)NC(=O)[C@H](C)NC(=O)[C@H](C)NC(=O)[C@H](C)NC(=O)[C@H](C)NC(=O)[C@H](C)NC(C)=O,selected_extended_solvai,-64.17412675277816,0.32921911866588405,-63.996591310829075,-63.7356207842992,-64.39415251694626,-64.57573843380594,-64.16853071801032,False,-64.04212153735818
alanine,10,CC(=O)N[C@@H](C)C(=O)N[C@@H](C)C(=O)N[C@@H](C)C(=O)N[C@@H](C)C(=O)N[C@@H](C)C(=O)N[C@@H](C)C(=O)N[C@@H](C)C(=O)N[C@@H](C)C(=O)N[C@@H](C)C(=O)N[C@@H](C)C(=O)NC,55,CNC(=O)[C@H](C)NC(=O)[C@H](C)NC(=O)[C@H](C)NC(=O)[C@H](C)NC(=O)[C@H](C)NC(=O)[C@H](C)NC(=O)[C@H](C)NC(=O)[C@H](C)NC(=O)[C@H](C)NC(=O)[C@H](C)NC(C)=O,selected_extended_solvai,-70.07292531291009,0.3248919499883479,-69.88742032201549,-69.64255298108469,-70.2512310542183,-70.48543679784395,-70.09798540938803,False,-69.92706811910615
alanine,11,CC(=O)N[C@@H](C)C(=O)N[C@@H](C)C(=O)N[C@@H](C)C(=O)N[C@@H](C)C(=O)N[C@@H](C)C(=O)N[C@@H](C)C(=O)N[C@@H](C)C(=O)N[C@@H](C)C(=O)N[C@@H](C)C(=O)N[C@@H](C)C(=O)N[C@@H](C)C(=O)NC,60,CNC(=O)[C@H](C)NC(=O)[C@H](C)NC(=O)[C@H](C)NC(=O)[C@H](C)NC(=O)[C@H](C)NC(=O)[C@H](C)NC(=O)[C@H](C)NC(=O)[C@H](C)NC(=O)[C@H](C)NC(=O)[C@H](C)NC(=O)[C@H](C)NC(C)=O,selected_extended_solvai,-74.20101435341836,0.31368675871476165,-74.01441477377566,-73.78793597201428,-74.3362175246055,-74.60931433006134,-74.25718916663504,False,-74.04618942346515
alanine,12,CC(=O)N[C@@H](C)C(=O)N[C@@H](C)C(=O)N[C@@H](C)C(=O)N[C@@H](C)C(=O)N[C@@H](C)C(=O)N[C@@H](C)C(=O)N[C@@H](C)C(=O)N[C@@H](C)C(=O)N[C@@H](C)C(=O)N[C@@H](C)C(=O)N[C@@H](C)C(=O)N[C@@H](C)C(=O)NC,65,CNC(=O)[C@H](C)NC(=O)[C@H](C)NC(=O)[C@H](C)NC(=O)[C@H](C)NC(=O)[C@H](C)NC(=O)[C@H](C)NC(=O)[C@H](C)NC(=O)[C@H](C)NC(=O)[C@H](C)NC(=O)[C@H](C)NC(=O)[C@H](C)NC(=O)[C@H](C)NC(C)=O,selected_extended_solvai,-78.41440800145696,0.29839864650794495,-78.22845615603154,-78.02845134488159,-78.50285928440823,-78.81095474396015,-78.50131847800333,False,-78.25325559510712
alkane,1,C,1,C,selected_extended_solvai,2.0512845054283693,0.1391828225941605,2.0196246740728627,2.0146087934248875,2.268685265921878,2.068312449245451,1.885191344476766,False,2.100972911139876
alkane,2,CC,2,CC,selected_extended_solvai,1.7423444794809406,0.04878819524655048,1.7319731943122845,1.6974595576479778,1.695572085997715,1.7915758373429709,1.7951417221037556,False,1.7083349459859924
alkane,3,CCC,3,CCC,selected_extended_solvai,1.864268688842106,0.04435897669785861,1.9152896007609126,1.7935943611839305,1.8761338813371315,1.8752961800338435,1.8610294208947114,False,1.8616726144273248
alkane,4,CCCC,4,CCCC,selected_extended_solvai,2.04662794557461,0.07270991847486864,2.085985593597777,1.9704743292530553,2.1531639221050884,2.0146547131369523,2.008861169780177,False,2.069874614985307
alkane,5,CCCCC,5,CCCCC,selected_extended_solvai,2.286729157169387,0.0266771747292622,2.2920625149884764,2.2446730839486007,2.3188039355246666,2.2912819751524873,2.2868242762327027,False,2.2851798448205813
alkane,6,CCCCCC,6,CCCCCC,selected_extended_solvai,2.4267545626253755,0.030810655350836144,2.424359377582748,2.3805246562368003,2.4645805105417216,2.441240709381389,2.4230675593842186,False,2.4231548481204235
alkane,7,CCCCCCC,7,CCCCCCC,selected_extended_solvai,2.8318431885052364,0.031889755271683536,2.8365354180672817,2.7870149646553433,2.865886011886049,2.855611285773339,2.8141682621441673,False,2.8298121315362246
alkane,8,CCCCCCCC,8,CCCCCCCC,selected_extended_solvai,2.864804261603503,0.032058705385458304,2.8767808684671357,2.8256621947198415,2.8873746960893225,2.898049473876118,2.8361540748650977,False,2.8632725864254334
alkane,9,CCCCCCCCC,9,CCCCCCCCC,selected_extended_solvai,3.093294832625782,0.037364131469963556,3.1083235426917355,3.05133800886067,3.1081908733078585,3.1399544336726937,3.058667304595952,False,3.089284141620088
alkane,10,CCCCCCCCCC,10,CCCCCCCCCC,selected_extended_solvai,3.260006111962112,0.041629067043671364,3.2791765699879134,3.2116979603842326,3.2760401321857735,3.310647573199648,3.2224683240529943,False,3.25563822085264
alkane,11,CCCCCCCCCCC,11,CCCCCCCCCCC,selected_extended_solvai,3.2582953487955164,0.05307085016168369,3.287294472471257,3.19184056204342,3.273175480488553,3.322178870321114,3.21698735865324,False,3.2507701716677437
alkane,12,CCCCCCCCCCCC,12,CCCCCCCCCCCC,selected_extended_solvai,3.1643037992329375,0.07279337417476732,3.2074119935660406,3.0589474291299137,3.193640252733732,3.239219056189219,3.1223002645457845,False,3.1533332251432284
alkane,13,CCCCCCCCCCCCC,13,CCCCCCCCCCCCC,selected_extended_solvai,3.1649968320076725,0.10625496920034834,3.2287351262513724,2.9905940513931277,3.230783678916488,3.2391399232829245,3.135731380194449,False,3.1500376188536627
alkane,14,CCCCCCCCCCCCCC,14,CCCCCCCCCCCCCC,selected_extended_solvai,3.2156977788025003,0.1548034631571658,3.30139255288384,2.953117049941028,3.338073123612042,3.2823408168438943,3.203565350731698,False,3.19752757547897
alkane,15,CCCCCCCCCCCCCCC,15,CCCCCCCCCCCCCCC,selected_extended_solvai,3.3156225133757053,0.2103234457694569,3.4183005862627835,2.961866793848361,3.5142631337170265,3.3564183153354197,3.3272637377149366,False,3.2981435046093903
alkane,16,CCCCCCCCCCCCCCCC,16,CCCCCCCCCCCCCCCC,selected_extended_solvai,3.471014832340461,0.2013900245914592,3.534678466086337,3.180747960129663,3.7318688371246305,3.4024478155250213,3.5053310828366495,False,3.482431754446877
alkane,17,CCCCCCCCCCCCCCCCC,17,CCCCCCCCCCCCCCCCC,selected_extended_solvai,3.823015849633986,0.1809134919421455,3.766236030873169,3.7746070348068086,4.107930510268395,3.614779868647859,3.8515258035736997,False,3.882924525316124
alkane,18,CCCCCCCCCCCCCCCCCC,18,CCCCCCCCCCCCCCCCCC,selected_extended_solvai,4.163190508980678,0.19538856880885916,4.006134682710692,4.2175451310231535,4.451670993879987,3.9593778028496915,4.181223934439871,False,4.225116935871277
alkane,19,CCCCCCCCCCCCCCCCCCC,19,CCCCCCCCCCCCCCCCCCC,selected_extended_solvai,4.425711178288458,0.20028662919174117,4.205204217932667,4.524769916632061,4.705564968865709,4.271813427817713,4.421203360194144,False,4.478513034476812
alkane,20,CCCCCCCCCCCCCCCCCCCC,20,CCCCCCCCCCCCCCCCCCCC,selected_extended_solvai,4.690131624205028,0.20956490908920009,4.4254298028710535,4.810001865804744,4.9687580856748115,4.575012636145803,4.671455730528732,False,4.734729918116869
alkane,21,CCCCCCCCCCCCCCCCCCCCC,21,CCCCCCCCCCCCCCCCCCCCC,selected_extended_solvai,4.881361403214507,0.21721231541874836,4.590999136136316,5.006097023129558,5.163963124630825,4.790084981430293,4.855662750745545,False,4.920353094632233
alkane,22,CCCCCCCCCCCCCCCCCCCCCC,22,CCCCCCCCCCCCCCCCCCCCCC,selected_extended_solvai,5.07591579224206,0.22230408008103802,4.774706031621895,5.193426736197355,5.369223551622603,4.997619062945417,5.04460357882303,False,5.112452106480617
alkane,23,CCCCCCCCCCCCCCCCCCCCCCC,23,CCCCCCCCCCCCCCCCCCCCCCC,selected_extended_solvai,5.243953357665357,0.2278162930322842,4.9375665210594315,5.352792144878269,5.552353649795477,5.1708152602543604,5.206239212339249,False,5.280904105244392
alkane,24,CCCCCCCCCCCCCCCCCCCCCCCC,24,CCCCCCCCCCCCCCCCCCCCCCCC,selected_extended_solvai,5.445007020768036,0.2306427659142323,5.140006829900472,5.539589113070826,5.767566116890143,5.373423928670424,5.4044491153083145,False,5.482387353287147
alkane,25,CCCCCCCCCCCCCCCCCCCCCCCCC,25,CCCCCCCCCCCCCCCCCCCCCCCCC,selected_extended_solvai,5.633320124476213,0.2352307192765538,5.331686149553389,5.71714589196661,5.9731061015646665,5.55766234958661,5.58700012970979,False,5.6739793810282215
alkane,26,CCCCCCCCCCCCCCCCCCCCCCCCCC,26,CCCCCCCCCCCCCCCCCCCCCCCCCC,selected_extended_solvai,5.791743756064941,0.23925519656545197,5.496062713534314,5.864141559123694,6.148039397757226,5.709257228402691,5.7412178815067785,False,5.836081223471744
alkane,27,CCCCCCCCCCCCCCCCCCCCCCCCCCC,27,CCCCCCCCCCCCCCCCCCCCCCCCCCC,selected_extended_solvai,5.939050427333313,0.24279331471769652,5.650556898187166,5.99881260420847,6.310630085069103,5.848651563638154,5.88660098556367,False,5.986666529154913
alkane,28,CCCCCCCCCCCCCCCCCCCCCCCCCCCC,28,CCCCCCCCCCCCCCCCCCCCCCCCCCCC,selected_extended_solvai,6.094084551584758,0.24679981710338858,5.812799434055537,6.143140431363704,6.480423879413741,5.994896205330199,6.039162807760607,False,6.145454581610994
alkane,29,CCCCCCCCCCCCCCCCCCCCCCCCCCCCC,29,CCCCCCCCCCCCCCCCCCCCCCCCCCCCC,selected_extended_solvai,6.258322342766134,0.25024874243312434,5.984129423780055,6.296881761384564,6.657195945686424,6.150194461289746,6.203210121689881,False,6.312735710283682
alkane,30,CCCCCCCCCCCCCCCCCCCCCCCCCCCCCC,30,CCCCCCCCCCCCCCCCCCCCCCCCCCCCCC,selected_extended_solvai,6.396797506364345,0.25427189414028945,6.129480060123519,6.425507714548799,6.80838878884916,6.2789624797540435,6.341648488546208,False,6.454458854507159
glycine,0,CC(=O)NC,5,CNC(C)=O,selected_comprehensive_solvai,-9.995346733154792,0.003508556022636421,-9.993814438888398,-9.9967452144565,-9.998013662153515,-9.989919926522564,-9.99824042375298,False,-9.996191105166137
glycine,1,CC(=O)NCC(=O)NC,9,CNC(=O)CNC(C)=O,selected_comprehensive_solvai,-13.333469043607806,0.2261660802436955,-12.98126623425679,-13.613543121843591,-13.365419871077602,-13.365559825502272,-13.34155616535877,False,-13.320076409059327
glycine,2,CC(=O)NCC(=O)NCC(=O)NC,13,CNC(=O)CNC(=O)CNC(C)=O,selected_comprehensive_solvai,-19.485134718388544,0.34322471605864463,-19.640657980332485,-19.79219023812582,-19.1422052774057,-19.08768328533403,-19.762936810744677,False,-19.525017831954667
glycine,3,CC(=O)NCC(=O)NCC(=O)NCC(=O)NC,17,CNC(=O)CNC(=O)CNC(=O)CNC(C)=O,selected_comprehensive_solvai,-25.120371400654808,0.41391519381475983,-25.428199799510267,-25.3927942826936,-24.463780354880235,-24.95568059242244,-25.361401973767485,False,-25.09492481236137
glycine,4,CC(=O)NCC(=O)NCC(=O)NCC(=O)NCC(=O)NC,21,CNC(=O)CNC(=O)CNC(=O)CNC(=O)CNC(C)=O,selected_comprehensive_solvai,-30.38782368095673,0.5351934212444718,-30.82266692071323,-30.821870893015102,-29.546726642516433,-30.547725567660365,-30.20012838087851,False,-30.39708815208159
glycine,5,CC(=O)NCC(=O)NCC(=O)NCC(=O)NCC(=O)NCC(=O)NC,25,CNC(=O)CNC(=O)CNC(=O)CNC(=O)CNC(=O)CNC(C)=O,selected_comprehensive_solvai,-35.689668137177705,0.7653609664886452,-36.249166479940804,-36.44243822568589,-34.553249546932506,-35.88147490850624,-35.32201152482306,False,-35.74828475085307
glycine,6,CC(=O)NCC(=O)NCC(=O)NCC(=O)NCC(=O)NCC(=O)NCC(=O)NC,29,CNC(=O)CNC(=O)CNC(=O)CNC(=O)CNC(=O)CNC(=O)CNC(C)=O,selected_comprehensive_solvai,-40.80220728596424,0.8090211919855513,-41.22474115022972,-41.697420980117165,-39.53011628591838,-40.8764896617494,-40.68226835180654,False,-40.81742613875509
glycine,7,CC(=O)NCC(=O)NCC(=O)NCC(=O)NCC(=O)NCC(=O)NCC(=O)NCC(=O)NC,33,CNC(=O)CNC(=O)CNC(=O)CNC(=O)CNC(=O)CNC(=O)CNC(=O)CNC(C)=O,selected_comprehensive_solvai,-46.091495291034775,0.7214495317193663,-46.1502416627365,-47.04537362822961,-45.01733598760303,-46.20260941961324,-46.041915756991465,False,-46.07098375952305
glycine,8,CC(=O)NCC(=O)NCC(=O)NCC(=O)NCC(=O)NCC(=O)NCC(=O)NCC(=O)NCC(=O)NC,37,CNC(=O)CNC(=O)CNC(=O)CNC(=O)CNC(=O)CNC(=O)CNC(=O)CNC(=O)CNC(C)=O,selected_comprehensive_solvai,-51.16030488262424,1.00581826547183,-50.73905080413575,-52.721183393470376,-49.971363581742665,-51.089865171110034,-51.28006146266237,False,-51.1438659264496
glycine,9,CC(=O)NCC(=O)NCC(=O)NCC(=O)NCC(=O)NCC(=O)NCC(=O)NCC(=O)NCC(=O)NCC(=O)NC,41,CNC(=O)CNC(=O)CNC(=O)CNC(=O)CNC(=O)CNC(=O)CNC(=O)CNC(=O)CNC(=O)CNC(C)=O,selected_comprehensive_solvai,-56.463456524982135,1.177262325956559,-55.5658698651748,-58.31729118069874,-55.33737448431261,-56.45106211389131,-56.645684980833224,False,-56.406845176728716
glycine,10,CC(=O)NCC(=O)NCC(=O)NCC(=O)NCC(=O)NCC(=O)NCC(=O)NCC(=O)NCC(=O)NCC(=O)NCC(=O)NC,45,CNC(=O)CNC(=O)CNC(=O)CNC(=O)CNC(=O)CNC(=O)CNC(=O)CNC(=O)CNC(=O)CNC(=O)CNC(C)=O,selected_comprehensive_solvai,-62.334793369042686,1.3219646073794817,-61.6764666521922,-64.43691118969491,-61.33516209979553,-61.39154542666282,-62.83388147686797,False,-62.48284664722755
glycine,11,CC(=O)NCC(=O)NCC(=O)NCC(=O)NCC(=O)NCC(=O)NCC(=O)NCC(=O)NCC(=O)NCC(=O)NCC(=O)NCC(=O)NC,49,CNC(=O)CNC(=O)CNC(=O)CNC(=O)CNC(=O)CNC(=O)CNC(=O)CNC(=O)CNC(=O)CNC(=O)CNC(=O)CNC(C)=O,selected_comprehensive_solvai,-65.3555441604527,1.4825542525379043,-64.48387446178437,-67.6948281586267,-64.21205816702414,-64.41897340233713,-65.96798661249119,False,-65.46358692914507
glycine,12,CC(=O)NCC(=O)NCC(=O)NCC(=O)NCC(=O)NCC(=O)NCC(=O)NCC(=O)NCC(=O)NCC(=O)NCC(=O)NCC(=O)NCC(=O)NC,53,CNC(=O)CNC(=O)CNC(=O)CNC(=O)CNC(=O)CNC(=O)CNC(=O)CNC(=O)CNC(=O)CNC(=O)CNC(=O)CNC(=O)CNC(C)=O,selected_comprehensive_solvai,-67.193785176846,1.3401476124242806,-66.28049244175564,-69.19565925309416,-66.38913959309991,-66.14225290168102,-67.96138169459931,False,-67.28843042931658
alanine,0,CC(=O)NC,5,CNC(C)=O,selected_comprehensive_solvai,-9.995346733154792,0.003508556022636421,-9.993814438888398,-9.9967452144565,-9.998013662153515,-9.989919926522564,-9.99824042375298,False,-9.996191105166137
alanine,1,CC(=O)N[C@@H](C)C(=O)NC,10,CNC(=O)[C@H](C)NC(C)=O,selected_comprehensive_solvai,-12.502615488003396,0.23342775174873506,-12.123438323450872,-12.692145194937298,-12.443084780998515,-12.670032395839346,-12.584376744790955,False,-12.419556099795562
alanine,2,CC(=O)N[C@@H](C)C(=O)N[C@@H](C)C(=O)NC,15,CNC(=O)[C@H](C)NC(=O)[C@H](C)NC(C)=O,selected_comprehensive_solvai,-18.2935894384731,0.336678243780715,-18.319732688791564,-18.465786055647797,-17.99177400136349,-17.94120616468251,-18.749448281880138,False,-18.25909758193428
alanine,3,CC(=O)N[C@@H](C)C(=O)N[C@@H](C)C(=O)N[C@@H](C)C(=O)NC,20,CNC(=O)[C@H](C)NC(=O)[C@H](C)NC(=O)[C@H](C)NC(C)=O,selected_comprehensive_solvai,-23.618310833140225,0.3642769815634713,-23.67672273148274,-23.750938732258057,-23.149982700072535,-23.401980975879404,-24.11192902600839,False,-23.525881387937776
alanine,4,CC(=O)N[C@@H](C)C(=O)N[C@@H](C)C(=O)N[C@@H](C)C(=O)N[C@@H](C)C(=O)NC,25,CNC(=O)[C@H](C)NC(=O)[C@H](C)NC(=O)[C@H](C)NC(=O)[C@H](C)NC(C)=O,selected_comprehensive_solvai,-29.311584784689888,0.46067139724961975,-29.24712260342161,-29.614731501356367,-28.535013231797713,-29.530057302855667,-29.630999284018074,False,-29.1322891121919
alanine,5,CC(=O)N[C@@H](C)C(=O)N[C@@H](C)C(=O)N[C@@H](C)C(=O)N[C@@H](C)C(=O)N[C@@H](C)C(=O)NC,30,CNC(=O)[C@H](C)NC(=O)[C@H](C)NC(=O)[C@H](C)NC(=O)[C@H](C)NC(=O)[C@H](C)NC(C)=O,selected_comprehensive_solvai,-34.74168843608897,0.5647301995806688,-34.55705016582356,-35.30973569115195,-33.87266476183441,-35.1358213548613,-34.83317020677365,False,-34.57981687293664
alanine,6,CC(=O)N[C@@H](C)C(=O)N[C@@H](C)C(=O)N[C@@H](C)C(=O)N[C@@H](C)C(=O)N[C@@H](C)C(=O)N[C@@H](C)C(=O)NC,35,CNC(=O)[C@H](C)NC(=O)[C@H](C)NC(=O)[C@H](C)NC(=O)[C@H](C)NC(=O)[C@H](C)NC(=O)[C@H](C)NC(C)=O,selected_comprehensive_solvai,-39.41744978522357,0.6058472560355831,-38.9327530078244,-40.12807245111096,-38.740879625276015,-39.933461394669024,-39.35208244723742,False,-39.267235028070466
alanine,7,CC(=O)N[C@@H](C)C(=O)N[C@@H](C)C(=O)N[C@@H](C)C(=O)N[C@@H](C)C(=O)N[C@@H](C)C(=O)N[C@@H](C)C(=O)N[C@@H](C)C(=O)NC,40,CNC(=O)[C@H](C)NC(=O)[C@H](C)NC(=O)[C@H](C)NC(=O)[C@H](C)NC(=O)[C@H](C)NC(=O)[C@H](C)NC(=O)[C@H](C)NC(C)=O,selected_comprehensive_solvai,-45.1504592190897,0.7533729762787886,-44.352867810767,-46.249171134703644,-44.53767851433201,-45.268228800612505,-45.344349835033334,False,-45.04657248660089
alanine,8,CC(=O)N[C@@H](C)C(=O)N[C@@H](C)C(=O)N[C@@H](C)C(=O)N[C@@H](C)C(=O)N[C@@H](C)C(=O)N[C@@H](C)C(=O)N[C@@H](C)C(=O)N[C@@H](C)C(=O)NC,45,CNC(=O)[C@H](C)NC(=O)[C@H](C)NC(=O)[C@H](C)NC(=O)[C@H](C)NC(=O)[C@H](C)NC(=O)[C@H](C)NC(=O)[C@H](C)NC(=O)[C@H](C)NC(C)=O,selected_comprehensive_solvai,-51.21828971328775,1.0457521108034444,-50.23395823812459,-52.866797409727646,-50.512997834667814,-50.930933635084116,-51.54676144883463,False,-51.20458449417335
alanine,9,CC(=O)N[C@@H](C)C(=O)N[C@@H](C)C(=O)N[C@@H](C)C(=O)N[C@@H](C)C(=O)N[C@@H](C)C(=O)N[C@@H](C)C(=O)N[C@@H](C)C(=O)N[C@@H](C)C(=O)N[C@@H](C)C(=O)NC,50,CNC(=O)[C@H](C)NC(=O)[C@H](C)NC(=O)[C@H](C)NC(=O)[C@H](C)NC(=O)[C@H](C)NC(=O)[C@H](C)NC(=O)[C@H](C)NC(=O)[C@H](C)NC(=O)[C@H](C)NC(C)=O,selected_comprehensive_solvai,-57.10366499003527,1.3516450978473091,-55.836500385737814,-59.33572949010163,-56.426345099549486,-56.62832827007408,-57.29142170471334,False,-57.1995249917963
alanine,10,CC(=O)N[C@@H](C)C(=O)N[C@@H](C)C(=O)N[C@@H](C)C(=O)N[C@@H](C)C(=O)N[C@@H](C)C(=O)N[C@@H](C)C(=O)N[C@@H](C)C(=O)N[C@@H](C)C(=O)N[C@@H](C)C(=O)N[C@@H](C)C(=O)NC,55,CNC(=O)[C@H](C)NC(=O)[C@H](C)NC(=O)[C@H](C)NC(=O)[C@H](C)NC(=O)[C@H](C)NC(=O)[C@H](C)NC(=O)[C@H](C)NC(=O)[C@H](C)NC(=O)[C@H](C)NC(=O)[C@H](C)NC(C)=O,selected_comprehensive_solvai,-62.668198114217944,1.7556195304428526,-61.51955707376152,-65.61397868632443,-61.9094169536439,-61.36896847491596,-62.92906938244393,False,-63.01431757124328
alanine,11,CC(=O)N[C@@H](C)C(=O)N[C@@H](C)C(=O)N[C@@H](C)C(=O)N[C@@H](C)C(=O)N[C@@H](C)C(=O)N[C@@H](C)C(=O)N[C@@H](C)C(=O)N[C@@H](C)C(=O)N[C@@H](C)C(=O)N[C@@H](C)C(=O)N[C@@H](C)C(=O)NC,60,CNC(=O)[C@H](C)NC(=O)[C@H](C)NC(=O)[C@H](C)NC(=O)[C@H](C)NC(=O)[C@H](C)NC(=O)[C@H](C)NC(=O)[C@H](C)NC(=O)[C@H](C)NC(=O)[C@H](C)NC(=O)[C@H](C)NC(=O)[C@H](C)NC(C)=O,selected_comprehensive_solvai,-66.28568433754342,1.5596404662884673,-65.1754453739566,-68.96782053603043,-65.77507863014525,-65.26537524494493,-66.24470190263989,False,-66.6394481800441
alanine,12,CC(=O)N[C@@H](C)C(=O)N[C@@H](C)C(=O)N[C@@H](C)C(=O)N[C@@H](C)C(=O)N[C@@H](C)C(=O)N[C@@H](C)C(=O)N[C@@H](C)C(=O)N[C@@H](C)C(=O)N[C@@H](C)C(=O)N[C@@H](C)C(=O)N[C@@H](C)C(=O)N[C@@H](C)C(=O)NC,65,CNC(=O)[C@H](C)NC(=O)[C@H](C)NC(=O)[C@H](C)NC(=O)[C@H](C)NC(=O)[C@H](C)NC(=O)[C@H](C)NC(=O)[C@H](C)NC(=O)[C@H](C)NC(=O)[C@H](C)NC(=O)[C@H](C)NC(=O)[C@H](C)NC(=O)[C@H](C)NC(C)=O,selected_comprehensive_solvai,-71.3858399408991,1.8595657303714994,-70.68108945559788,-74.5589584648705,-70.47663080427913,-69.82381722881567,-71.38870375093236,False,-71.90555957491584
alkane,1,C,1,C,selected_comprehensive_solvai,1.9697989808426748,0.0033276784906173403,1.96770226278261,1.9660446591115113,1.9689382316047004,1.9742813017921241,1.9720284489224271,False,1.9675617178329405
alkane,2,CC,2,CC,selected_comprehensive_solvai,1.8037722869584543,0.0019190575455272799,1.8053214702398073,1.8054661488644674,1.803621348768809,1.8037524453185005,1.8007000216006857,False,1.804802989291028
alkane,3,CCC,3,CCC,selected_comprehensive_solvai,1.970311910856467,0.005472700904953965,1.9782330950828229,1.9690126377545258,1.9635609109673569,1.9725882666211092,1.9681646438565217,False,1.9702688812682352
alkane,4,CCCC,4,CCCC,selected_comprehensive_solvai,2.0976256755118072,0.0036552093960000704,2.093951192760456,2.095191885782536,2.096213494030131,2.1027541489147366,2.100017656071177,False,2.0951188575243744
alkane,5,CCCCC,5,CCCCC,selected_comprehensive_solvai,2.341982085416662,0.0037716332064705637,2.3371134430131217,2.3452432006689863,2.340312316930592,2.3463043740914884,2.3409370923791215,False,2.3408896535375665
alkane,6,CCCCCC,6,CCCCCC,selected_comprehensive_solvai,2.499415813836108,0.004302324364115103,2.495242455565931,2.494748186142094,2.500134364654417,2.5042934322196277,2.502660630598471,False,2.4967083354541475
alkane,7,CCCCCCC,7,CCCCCCC,selected_comprehensive_solvai,2.782851278468982,0.007308111189519083,2.779930423720857,2.7912437016442286,2.786901571329449,2.7841290564609746,2.7720516391894012,False,2.7860252322315113
alkane,8,CCCCCCCC,8,CCCCCCCC,selected_comprehensive_solvai,2.8952564127994123,0.0019068701881280758,2.8943759400264844,2.897892516393208,2.8963004609969545,2.8929049422549467,2.894808204325467,False,2.896189639138882
alkane,9,CCCCCCCCC,9,CCCCCCCCC,selected_comprehensive_solvai,3.1917935012614485,0.015032270863758176,3.2007958186552594,3.1785903071325254,3.18363575272065,3.213872404224481,3.182073223574328,False,3.1876739595028116
alkane,10,CCCCCCCCCC,10,CCCCCCCCCC,selected_comprehensive_solvai,3.347516478759921,0.016350091062287807,3.359608068631461,3.339520179753742,3.3354508719883205,3.369965286582083,3.3330379868439994,False,3.3448597067911745
alkane,11,CCCCCCCCCCC,11,CCCCCCCCCCC,selected_comprehensive_solvai,3.419093541421449,0.014962371193015146,3.413478711629665,3.4079992301675626,3.4126165451316943,3.4453517079046447,3.41602151227368,False,3.411364828976307
alkane,12,CCCCCCCCCCCC,12,CCCCCCCCCCCC,selected_comprehensive_solvai,3.4236096404008194,0.014129248047773164,3.4313090234376977,3.3999917111864093,3.4362694334260224,3.422421622208616,3.428056411745353,False,3.4225233893500433
alkane,13,CCCCCCCCCCCCC,13,CCCCCCCCCCCCC,selected_comprehensive_solvai,3.584161340812927,0.02049964903777433,3.603116957058311,3.5566444112426936,3.585194523350495,3.5715693400575645,3.60428147235557,False,3.5816519638838336
alkane,14,CCCCCCCCCCCCCC,14,CCCCCCCCCCCCCC,selected_comprehensive_solvai,3.0458014309000725,0.06016108869179356,3.0884549334446785,2.9917541028222843,3.103459583134361,3.074352605952871,2.970985929146167,False,3.0612228731337745
alkane,15,CCCCCCCCCCCCCCC,15,CCCCCCCCCCCCCCC,selected_comprehensive_solvai,3.2675298676981868,0.04268440400972565,3.275243305230032,3.300921694269592,3.2526167493832885,3.3071021289050453,3.201765460702978,False,3.276260582960971
alkane,16,CCCCCCCCCCCCCCCC,16,CCCCCCCCCCCCCCCC,selected_comprehensive_solvai,3.4206669362277458,0.05285945309438506,3.4905357281732945,3.4434821057590455,3.357824683135659,3.4320129292360404,3.3794792348346903,False,3.4306141723559995
alkane,17,CCCCCCCCCCCCCCCCC,17,CCCCCCCCCCCCCCCCC,selected_comprehensive_solvai,3.687303027595161,0.04453255831739083,3.7427040751797627,3.6819136602478455,3.6719656761212605,3.7146753966457347,3.625256329781201,False,3.698861137182956
alkane,18,CCCCCCCCCCCCCCCCCC,18,CCCCCCCCCCCCCCCCCC,selected_comprehensive_solvai,3.892747855661603,0.04758726928011988,3.940219333564869,3.875712744816699,3.87717783733825,3.9408193069634567,3.8298100556247405,False,3.8977033052399395
alkane,19,CCCCCCCCCCCCCCCCCCC,19,CCCCCCCCCCCCCCCCCCC,selected_comprehensive_solvai,4.15054591368982,0.0383258810256145,4.1680952537035125,4.115484200527344,4.173349745141145,4.191513113048394,4.1042872560287,False,4.152309733124
alkane,20,CCCCCCCCCCCCCCCCCCCC,20,CCCCCCCCCCCCCCCCCCCC,selected_comprehensive_solvai,4.31730355941732,0.033697763701033015,4.319437362447298,4.289515460767724,4.334222336837497,4.36315038494441,4.28019225208967,False,4.314391720017507
alkane,21,CCCCCCCCCCCCCCCCCCCCC,21,CCCCCCCCCCCCCCCCCCCCC,selected_comprehensive_solvai,4.52345878905709,0.02715861688697742,4.527697813707112,4.500742119095557,4.502562707666273,4.567686985562988,4.518604319253516,False,4.510334213489648
alkane,22,CCCCCCCCCCCCCCCCCCCCCC,22,CCCCCCCCCCCCCCCCCCCCCC,selected_comprehensive_solvai,4.782456439567483,0.03250970634859152,4.786203674998662,4.755635148445613,4.7439256282481725,4.820738757967376,4.805778988177588,False,4.761921483897482
alkane,23,CCCCCCCCCCCCCCCCCCCCCCC,23,CCCCCCCCCCCCCCCCCCCCCCC,selected_comprehensive_solvai,5.0189775275807795,0.041920255617231277,5.012959369214945,4.980196451767059,4.979150041469522,5.073978907846323,5.04860286760605,False,4.9907686208171755
alkane,24,CCCCCCCCCCCCCCCCCCCCCCCC,24,CCCCCCCCCCCCCCCCCCCCCCCC,selected_comprehensive_solvai,5.158515041602348,0.047878924035091856,5.142927425634037,5.130808671612561,5.105984181720991,5.226530411787259,5.186324517256892,False,5.12657342632253
alkane,25,CCCCCCCCCCCCCCCCCCCCCCCCC,25,CCCCCCCCCCCCCCCCCCCCCCCCC,selected_comprehensive_solvai,5.3042189357644025,0.04923225198899435,5.27199493143025,5.277608462067036,5.258408132262229,5.3702311270490295,5.342852026013471,False,5.269337175253171
alkane,26,CCCCCCCCCCCCCCCCCCCCCCCCCC,26,CCCCCCCCCCCCCCCCCCCCCCCCCC,selected_comprehensive_solvai,5.443688539411132,0.04419973067454708,5.394837713216113,5.4277116493637365,5.415268106593025,5.4932681915594355,5.487357036323347,False,5.412605823057625
alkane,27,CCCCCCCCCCCCCCCCCCCCCCCCCCC,27,CCCCCCCCCCCCCCCCCCCCCCCCCCC,selected_comprehensive_solvai,5.617727240266494,0.035925202847130966,5.594142852872004,5.598207436437438,5.583217549872719,5.659877733617284,5.653190628533023,False,5.591855946394053
alkane,28,CCCCCCCCCCCCCCCCCCCCCCCCCCCC,28,CCCCCCCCCCCCCCCCCCCCCCCCCCCC,selected_comprehensive_solvai,5.703656186284242,0.03194450024574778,5.689399259347798,5.67789347027488,5.674848723382047,5.740930832826507,5.735208645589976,False,5.6807138176682415
alkane,29,CCCCCCCCCCCCCCCCCCCCCCCCCCCCC,29,CCCCCCCCCCCCCCCCCCCCCCCCCCCCC,selected_comprehensive_solvai,5.769096040740214,0.04444049087218136,5.75696831073876,5.7374703563346525,5.725676391062413,5.835788044403241,5.789577101162008,False,5.740038352711942
alkane,30,CCCCCCCCCCCCCCCCCCCCCCCCCCCCCC,30,CCCCCCCCCCCCCCCCCCCCCCCCCCCCCC,selected_comprehensive_solvai,5.80563205861422,0.058537526267795646,5.791230571158117,5.775320646645564,5.742390610623072,5.896716051659833,5.822502412984512,False,5.769647276142251
glycine,0,CC(=O)NC,5,CNC(C)=O,selected_nonpfn_solvai,-10.00578796981789,0.1285462377977303,-10.052443440472443,-9.961146097591197,-10.207224080291763,-9.885972887605083,-9.922153343128961,False,-10.073604539451802
glycine,1,CC(=O)NCC(=O)NC,9,CNC(=O)CNC(C)=O,selected_nonpfn_solvai,-15.247988413976534,0.14404318560292764,-15.217550062681354,-15.171516132478036,-15.489786809555003,-15.11475913972015,-15.24632992544813,False,-15.292951001571465
glycine,2,CC(=O)NCC(=O)NCC(=O)NC,13,CNC(=O)CNC(=O)CNC(C)=O,selected_nonpfn_solvai,-21.7071319289643,0.1748251293871941,-21.70905112141815,-21.564896083851654,-22.00536316367016,-21.610707417774393,-21.645641858107144,False,-21.75977012297999
glycine,3,CC(=O)NCC(=O)NCC(=O)NCC(=O)NC,17,CNC(=O)CNC(=O)CNC(=O)CNC(C)=O,selected_nonpfn_solvai,-27.687126819563893,0.2605828151582026,-27.63923259227187,-27.44672923290635,-28.13211656612054,-27.63363506511338,-27.583920641407342,False,-27.739359463766252
glycine,4,CC(=O)NCC(=O)NCC(=O)NCC(=O)NCC(=O)NC,21,CNC(=O)CNC(=O)CNC(=O)CNC(=O)CNC(C)=O,selected_nonpfn_solvai,-32.54957748459765,0.3377148888393413,-32.42276123109665,-32.21961827444573,-33.11438440404776,-32.5521642658281,-32.43895924757,False,-32.58558796986338
glycine,5,CC(=O)NCC(=O)NCC(=O)NCC(=O)NCC(=O)NCC(=O)NC,25,CNC(=O)CNC(=O)CNC(=O)CNC(=O)CNC(=O)CNC(C)=O,selected_nonpfn_solvai,-38.50493639822919,0.39370824164635354,-38.307609075936774,-38.10925470688601,-39.15085241212634,-38.5328684330624,-38.424097363134415,False,-38.522572064983045
glycine,6,CC(=O)NCC(=O)NCC(=O)NCC(=O)NCC(=O)NCC(=O)NCC(=O)NC,29,CNC(=O)CNC(=O)CNC(=O)CNC(=O)CNC(=O)CNC(=O)CNC(C)=O,selected_nonpfn_solvai,-45.20332737066305,0.4118388155104737,-44.97355836818153,-44.78500543782115,-45.858445967327626,-45.30338172076873,-45.09624535921618,False,-45.20566992444344
glycine,7,CC(=O)NCC(=O)NCC(=O)NCC(=O)NCC(=O)NCC(=O)NCC(=O)NCC(=O)NC,33,CNC(=O)CNC(=O)CNC(=O)CNC(=O)CNC(=O)CNC(=O)CNC(=O)CNC(C)=O,selected_nonpfn_solvai,-51.14568283740659,0.4246603974935302,-50.92084922841632,-50.67679358032121,-51.80410745899084,-51.25496317790057,-51.07170074140399,False,-51.13391675590946
glycine,8,CC(=O)NCC(=O)NCC(=O)NCC(=O)NCC(=O)NCC(=O)NCC(=O)NCC(=O)NCC(=O)NC,37,CNC(=O)CNC(=O)CNC(=O)CNC(=O)CNC(=O)CNC(=O)CNC(=O)CNC(=O)CNC(C)=O,selected_nonpfn_solvai,-56.97044433506896,0.440140222700025,-56.74136570973568,-56.45685993984359,-57.637281585091,-57.082858976002555,-56.933855464671986,False,-56.94516907822342
glycine,9,CC(=O)NCC(=O)NCC(=O)NCC(=O)NCC(=O)NCC(=O)NCC(=O)NCC(=O)NCC(=O)NCC(=O)NC,41,CNC(=O)CNC(=O)CNC(=O)CNC(=O)CNC(=O)CNC(=O)CNC(=O)CNC(=O)CNC(=O)CNC(C)=O,selected_nonpfn_solvai,-63.73616977636883,0.45030376029001856,-63.49913346690525,-63.18510661911816,-64.39585916782164,-63.86283449672539,-63.7379151312737,False,-63.69336641794835
glycine,10,CC(=O)NCC(=O)NCC(=O)NCC(=O)NCC(=O)NCC(=O)NCC(=O)NCC(=O)NCC(=O)NCC(=O)NCC(=O)NC,45,CNC(=O)CNC(=O)CNC(=O)CNC(=O)CNC(=O)CNC(=O)CNC(=O)CNC(=O)CNC(=O)CNC(=O)CNC(C)=O,selected_nonpfn_solvai,-70.98624442807777,0.4619372247985859,-70.74492365323721,-70.40382467724487,-71.64900237666127,-71.11083629833486,-71.02263513491069,False,-70.93258356904778
glycine,11,CC(=O)NCC(=O)NCC(=O)NCC(=O)NCC(=O)NCC(=O)NCC(=O)NCC(=O)NCC(=O)NCC(=O)NCC(=O)NCC(=O)NC,49,CNC(=O)CNC(=O)CNC(=O)CNC(=O)CNC(=O)CNC(=O)CNC(=O)CNC(=O)CNC(=O)CNC(=O)CNC(=O)CNC(C)=O,selected_nonpfn_solvai,-75.99819165829982,0.4725163736484606,-75.75971510850614,-75.38536096271358,-76.66334084635567,-76.11252525923064,-76.07001611469312,False,-75.93613897252511
glycine,12,CC(=O)NCC(=O)NCC(=O)NCC(=O)NCC(=O)NCC(=O)NCC(=O)NCC(=O)NCC(=O)NCC(=O)NCC(=O)NCC(=O)NCC(=O)NC,53,CNC(=O)CNC(=O)CNC(=O)CNC(=O)CNC(=O)CNC(=O)CNC(=O)CNC(=O)CNC(=O)CNC(=O)CNC(=O)CNC(=O)CNC(C)=O,selected_nonpfn_solvai,-79.90685991874857,0.47436139257711823,-79.67936376862448,-79.27695481278847,-80.56358677044409,-79.99962360760203,-80.01477063428378,False,-79.83996845061903
alanine,0,CC(=O)NC,5,CNC(C)=O,selected_nonpfn_solvai,-10.005788579540205,0.12854623779773006,-10.052444050194762,-9.961146707313514,-10.20722469001408,-9.885973497327402,-9.922153952851279,False,-10.073605149174119
alanine,1,CC(=O)N[C@@H](C)C(=O)NC,10,CNC(=O)[C@H](C)NC(C)=O,selected_nonpfn_solvai,-14.905721063785057,0.14788368795571152,-14.944026363479075,-14.76684556413446,-15.126256168541968,-14.771937802975838,-14.91953941979395,False,-14.945709365385168
alanine,2,CC(=O)N[C@@H](C)C(=O)N[C@@H](C)C(=O)NC,15,CNC(=O)[C@H](C)NC(=O)[C@H](C)NC(C)=O,selected_nonpfn_solvai,-20.957984482974343,0.23422191262051348,-21.011756016131944,-20.7320498660032,-21.33432949407922,-20.817027780028507,-20.894759258628838,False,-21.02604512540479
alanine,3,CC(=O)N[C@@H](C)C(=O)N[C@@H](C)C(=O)N[C@@H](C)C(=O)NC,20,CNC(=O)[C@H](C)NC(=O)[C@H](C)NC(=O)[C@H](C)NC(C)=O,selected_nonpfn_solvai,-27.065952905756916,0.31504668780113354,-27.101324893304575,-26.713936570619193,-27.564097997238648,-27.03533236038259,-26.91507270723958,False,-27.126453153720803
alanine,4,CC(=O)N[C@@H](C)C(=O)N[C@@H](C)C(=O)N[C@@H](C)C(=O)N[C@@H](C)C(=O)NC,25,CNC(=O)[C@H](C)NC(=O)[C@H](C)NC(=O)[C@H](C)NC(=O)[C@H](C)NC(C)=O,selected_nonpfn_solvai,-32.838539251903185,0.3679714436231679,-32.75423429221088,-32.42401064739508,-33.39499511534272,-32.96998937406081,-32.64946683050645,False,-32.85774668498289
alanine,5,CC(=O)N[C@@H](C)C(=O)N[C@@H](C)C(=O)N[C@@H](C)C(=O)N[C@@H](C)C(=O)N[C@@H](C)C(=O)NC,30,CNC(=O)[C@H](C)NC(=O)[C@H](C)NC(=O)[C@H](C)NC(=O)[C@H](C)NC(=O)[C@H](C)NC(C)=O,selected_nonpfn_solvai,-39.015804840645686,0.3552295200858418,-38.89349639571209,-38.59273051293934,-39.504790158535535,-39.2312251315924,-38.85678200444907,False,-38.99700568906232
alanine,6,CC(=O)N[C@@H](C)C(=O)N[C@@H](C)C(=O)N[C@@H](C)C(=O)N[C@@H](C)C(=O)N[C@@H](C)C(=O)N[C@@H](C)C(=O)NC,35,CNC(=O)[C@H](C)NC(=O)[C@H](C)NC(=O)[C@H](C)NC(=O)[C@H](C)NC(=O)[C@H](C)NC(=O)[C@H](C)NC(C)=O,selected_nonpfn_solvai,-44.46272787335779,0.3241176574403644,-44.33541731225755,-44.05205069419346,-44.825417909265,-44.76065819676211,-44.34009525431084,False,-44.40429530523867
alanine,7,CC(=O)N[C@@H](C)C(=O)N[C@@H](C)C(=O)N[C@@H](C)C(=O)N[C@@H](C)C(=O)N[C@@H](C)C(=O)N[C@@H](C)C(=O)N[C@@H](C)C(=O)NC,40,CNC(=O)[C@H](C)NC(=O)[C@H](C)NC(=O)[C@H](C)NC(=O)[C@H](C)NC(=O)[C@H](C)NC(=O)[C@H](C)NC(=O)[C@H](C)NC(C)=O,selected_nonpfn_solvai,-49.9116173648647,0.3168555190394441,-49.7765958156657,-49.49321425940482,-50.22143416626543,-50.236693103191506,-49.83014947979606,False,-49.83041474711198
alanine,8,CC(=O)N[C@@H](C)C(=O)N[C@@H](C)C(=O)N[C@@H](C)C(=O)N[C@@H](C)C(=O)N[C@@H](C)C(=O)N[C@@H](C)C(=O)N[C@@H](C)C(=O)N[C@@H](C)C(=O)NC,45,CNC(=O)[C@H](C)NC(=O)[C@H](C)NC(=O)[C@H](C)NC(=O)[C@H](C)NC(=O)[C@H](C)NC(=O)[C@H](C)NC(=O)[C@H](C)NC(=O)[C@H](C)NC(C)=O,selected_nonpfn_solvai,-56.40096798443169,0.3199298650353915,-56.24627042547068,-55.972587531581965,-56.65773821632153,-56.767604049816434,-56.360639698967844,False,-56.29219872445807
alanine,9,CC(=O)N[C@@H](C)C(=O)N[C@@H](C)C(=O)N[C@@H](C)C(=O)N[C@@H](C)C(=O)N[C@@H](C)C(=O)N[C@@H](C)C(=O)N[C@@H](C)C(=O)N[C@@H](C)C(=O)N[C@@H](C)C(=O)NC,50,CNC(=O)[C@H](C)NC(=O)[C@H](C)NC(=O)[C@H](C)NC(=O)[C@H](C)NC(=O)[C@H](C)NC(=O)[C@H](C)NC(=O)[C@H](C)NC(=O)[C@H](C)NC(=O)[C@H](C)NC(C)=O,selected_nonpfn_solvai,-64.17412675277816,0.32921911866588405,-63.996591310829075,-63.7356207842992,-64.39415251694626,-64.57573843380594,-64.16853071801032,False,-64.04212153735818
alanine,10,CC(=O)N[C@@H](C)C(=O)N[C@@H](C)C(=O)N[C@@H](C)C(=O)N[C@@H](C)C(=O)N[C@@H](C)C(=O)N[C@@H](C)C(=O)N[C@@H](C)C(=O)N[C@@H](C)C(=O)N[C@@H](C)C(=O)N[C@@H](C)C(=O)NC,55,CNC(=O)[C@H](C)NC(=O)[C@H](C)NC(=O)[C@H](C)NC(=O)[C@H](C)NC(=O)[C@H](C)NC(=O)[C@H](C)NC(=O)[C@H](C)NC(=O)[C@H](C)NC(=O)[C@H](C)NC(=O)[C@H](C)NC(C)=O,selected_nonpfn_solvai,-70.07292531291009,0.3248919499883479,-69.88742032201549,-69.64255298108469,-70.2512310542183,-70.48543679784395,-70.09798540938803,False,-69.92706811910615
alanine,11,CC(=O)N[C@@H](C)C(=O)N[C@@H](C)C(=O)N[C@@H](C)C(=O)N[C@@H](C)C(=O)N[C@@H](C)C(=O)N[C@@H](C)C(=O)N[C@@H](C)C(=O)N[C@@H](C)C(=O)N[C@@H](C)C(=O)N[C@@H](C)C(=O)N[C@@H](C)C(=O)NC,60,CNC(=O)[C@H](C)NC(=O)[C@H](C)NC(=O)[C@H](C)NC(=O)[C@H](C)NC(=O)[C@H](C)NC(=O)[C@H](C)NC(=O)[C@H](C)NC(=O)[C@H](C)NC(=O)[C@H](C)NC(=O)[C@H](C)NC(=O)[C@H](C)NC(C)=O,selected_nonpfn_solvai,-74.20101435341836,0.31368675871476165,-74.01441477377566,-73.78793597201428,-74.3362175246055,-74.60931433006134,-74.25718916663504,False,-74.04618942346515
alanine,12,CC(=O)N[C@@H](C)C(=O)N[C@@H](C)C(=O)N[C@@H](C)C(=O)N[C@@H](C)C(=O)N[C@@H](C)C(=O)N[C@@H](C)C(=O)N[C@@H](C)C(=O)N[C@@H](C)C(=O)N[C@@H](C)C(=O)N[C@@H](C)C(=O)N[C@@H](C)C(=O)N[C@@H](C)C(=O)NC,65,CNC(=O)[C@H](C)NC(=O)[C@H](C)NC(=O)[C@H](C)NC(=O)[C@H](C)NC(=O)[C@H](C)NC(=O)[C@H](C)NC(=O)[C@H](C)NC(=O)[C@H](C)NC(=O)[C@H](C)NC(=O)[C@H](C)NC(=O)[C@H](C)NC(=O)[C@H](C)NC(C)=O,selected_nonpfn_solvai,-78.41440800145696,0.29839864650794495,-78.22845615603154,-78.02845134488159,-78.50285928440823,-78.81095474396015,-78.50131847800333,False,-78.25325559510712
alkane,1,C,1,C,selected_nonpfn_solvai,2.0512845054283693,0.1391828225941605,2.0196246740728627,2.0146087934248875,2.268685265921878,2.068312449245451,1.885191344476766,False,2.100972911139876
alkane,2,CC,2,CC,selected_nonpfn_solvai,1.7423444794809406,0.04878819524655048,1.7319731943122845,1.6974595576479778,1.695572085997715,1.7915758373429709,1.7951417221037556,False,1.7083349459859924
alkane,3,CCC,3,CCC,selected_nonpfn_solvai,1.864268688842106,0.04435897669785861,1.9152896007609126,1.7935943611839305,1.8761338813371315,1.8752961800338435,1.8610294208947114,False,1.8616726144273248
alkane,4,CCCC,4,CCCC,selected_nonpfn_solvai,2.04662794557461,0.07270991847486864,2.085985593597777,1.9704743292530553,2.1531639221050884,2.0146547131369523,2.008861169780177,False,2.069874614985307
alkane,5,CCCCC,5,CCCCC,selected_nonpfn_solvai,2.286729157169387,0.0266771747292622,2.2920625149884764,2.2446730839486007,2.3188039355246666,2.2912819751524873,2.2868242762327027,False,2.2851798448205813
alkane,6,CCCCCC,6,CCCCCC,selected_nonpfn_solvai,2.4267545626253755,0.030810655350836144,2.424359377582748,2.3805246562368003,2.4645805105417216,2.441240709381389,2.4230675593842186,False,2.4231548481204235
alkane,7,CCCCCCC,7,CCCCCCC,selected_nonpfn_solvai,2.8318431885052364,0.031889755271683536,2.8365354180672817,2.7870149646553433,2.865886011886049,2.855611285773339,2.8141682621441673,False,2.8298121315362246
alkane,8,CCCCCCCC,8,CCCCCCCC,selected_nonpfn_solvai,2.864804261603503,0.032058705385458304,2.8767808684671357,2.8256621947198415,2.8873746960893225,2.898049473876118,2.8361540748650977,False,2.8632725864254334
alkane,9,CCCCCCCCC,9,CCCCCCCCC,selected_nonpfn_solvai,3.093294832625782,0.037364131469963556,3.1083235426917355,3.05133800886067,3.1081908733078585,3.1399544336726937,3.058667304595952,False,3.089284141620088
alkane,10,CCCCCCCCCC,10,CCCCCCCCCC,selected_nonpfn_solvai,3.260006111962112,0.041629067043671364,3.2791765699879134,3.2116979603842326,3.2760401321857735,3.310647573199648,3.2224683240529943,False,3.25563822085264
alkane,11,CCCCCCCCCCC,11,CCCCCCCCCCC,selected_nonpfn_solvai,3.2582953487955164,0.05307085016168369,3.287294472471257,3.19184056204342,3.273175480488553,3.322178870321114,3.21698735865324,False,3.2507701716677437
alkane,12,CCCCCCCCCCCC,12,CCCCCCCCCCCC,selected_nonpfn_solvai,3.1643037992329375,0.07279337417476732,3.2074119935660406,3.0589474291299137,3.193640252733732,3.239219056189219,3.1223002645457845,False,3.1533332251432284
alkane,13,CCCCCCCCCCCCC,13,CCCCCCCCCCCCC,selected_nonpfn_solvai,3.1649968320076725,0.10625496920034834,3.2287351262513724,2.9905940513931277,3.230783678916488,3.2391399232829245,3.135731380194449,False,3.1500376188536627
alkane,14,CCCCCCCCCCCCCC,14,CCCCCCCCCCCCCC,selected_nonpfn_solvai,3.2156977788025003,0.1548034631571658,3.30139255288384,2.953117049941028,3.338073123612042,3.2823408168438943,3.203565350731698,False,3.19752757547897
alkane,15,CCCCCCCCCCCCCCC,15,CCCCCCCCCCCCCCC,selected_nonpfn_solvai,3.3156225133757053,0.2103234457694569,3.4183005862627835,2.961866793848361,3.5142631337170265,3.3564183153354197,3.3272637377149366,False,3.2981435046093903
alkane,16,CCCCCCCCCCCCCCCC,16,CCCCCCCCCCCCCCCC,selected_nonpfn_solvai,3.471014832340461,0.2013900245914592,3.534678466086337,3.180747960129663,3.7318688371246305,3.4024478155250213,3.5053310828366495,False,3.482431754446877
alkane,17,CCCCCCCCCCCCCCCCC,17,CCCCCCCCCCCCCCCCC,selected_nonpfn_solvai,3.823015849633986,0.1809134919421455,3.766236030873169,3.7746070348068086,4.107930510268395,3.614779868647859,3.8515258035736997,False,3.882924525316124
alkane,18,CCCCCCCCCCCCCCCCCC,18,CCCCCCCCCCCCCCCCCC,selected_nonpfn_solvai,4.163190508980678,0.19538856880885916,4.006134682710692,4.2175451310231535,4.451670993879987,3.9593778028496915,4.181223934439871,False,4.225116935871277
alkane,19,CCCCCCCCCCCCCCCCCCC,19,CCCCCCCCCCCCCCCCCCC,selected_nonpfn_solvai,4.425711178288458,0.20028662919174117,4.205204217932667,4.524769916632061,4.705564968865709,4.271813427817713,4.421203360194144,False,4.478513034476812
alkane,20,CCCCCCCCCCCCCCCCCCCC,20,CCCCCCCCCCCCCCCCCCCC,selected_nonpfn_solvai,4.690131624205028,0.20956490908920009,4.4254298028710535,4.810001865804744,4.9687580856748115,4.575012636145803,4.671455730528732,False,4.734729918116869
alkane,21,CCCCCCCCCCCCCCCCCCCCC,21,CCCCCCCCCCCCCCCCCCCCC,selected_nonpfn_solvai,4.881361403214507,0.21721231541874836,4.590999136136316,5.006097023129558,5.163963124630825,4.790084981430293,4.855662750745545,False,4.920353094632233
alkane,22,CCCCCCCCCCCCCCCCCCCCCC,22,CCCCCCCCCCCCCCCCCCCCCC,selected_nonpfn_solvai,5.07591579224206,0.22230408008103802,4.774706031621895,5.193426736197355,5.369223551622603,4.997619062945417,5.04460357882303,False,5.112452106480617
alkane,23,CCCCCCCCCCCCCCCCCCCCCCC,23,CCCCCCCCCCCCCCCCCCCCCCC,selected_nonpfn_solvai,5.243953357665357,0.2278162930322842,4.9375665210594315,5.352792144878269,5.552353649795477,5.1708152602543604,5.206239212339249,False,5.280904105244392
alkane,24,CCCCCCCCCCCCCCCCCCCCCCCC,24,CCCCCCCCCCCCCCCCCCCCCCCC,selected_nonpfn_solvai,5.445007020768036,0.2306427659142323,5.140006829900472,5.539589113070826,5.767566116890143,5.373423928670424,5.4044491153083145,False,5.482387353287147
alkane,25,CCCCCCCCCCCCCCCCCCCCCCCCC,25,CCCCCCCCCCCCCCCCCCCCCCCCC,selected_nonpfn_solvai,5.633320124476213,0.2352307192765538,5.331686149553389,5.71714589196661,5.9731061015646665,5.55766234958661,5.58700012970979,False,5.6739793810282215
alkane,26,CCCCCCCCCCCCCCCCCCCCCCCCCC,26,CCCCCCCCCCCCCCCCCCCCCCCCCC,selected_nonpfn_solvai,5.791743756064941,0.23925519656545197,5.496062713534314,5.864141559123694,6.148039397757226,5.709257228402691,5.7412178815067785,False,5.836081223471744
alkane,27,CCCCCCCCCCCCCCCCCCCCCCCCCCC,27,CCCCCCCCCCCCCCCCCCCCCCCCCCC,selected_nonpfn_solvai,5.939050427333313,0.24279331471769652,5.650556898187166,5.99881260420847,6.310630085069103,5.848651563638154,5.88660098556367,False,5.986666529154913
alkane,28,CCCCCCCCCCCCCCCCCCCCCCCCCCCC,28,CCCCCCCCCCCCCCCCCCCCCCCCCCCC,selected_nonpfn_solvai,6.094084551584758,0.24679981710338858,5.812799434055537,6.143140431363704,6.480423879413741,5.994896205330199,6.039162807760607,False,6.145454581610994
alkane,29,CCCCCCCCCCCCCCCCCCCCCCCCCCCCC,29,CCCCCCCCCCCCCCCCCCCCCCCCCCCCC,selected_nonpfn_solvai,6.258322342766134,0.25024874243312434,5.984129423780055,6.296881761384564,6.657195945686424,6.150194461289746,6.203210121689881,False,6.312735710283682
alkane,30,CCCCCCCCCCCCCCCCCCCCCCCCCCCCCC,30,CCCCCCCCCCCCCCCCCCCCCCCCCCCCCC,selected_nonpfn_solvai,6.396797506364345,0.25427189414028945,6.129480060123519,6.425507714548799,6.80838878884916,6.2789624797540435,6.341648488546208,False,6.454458854507159
glycine,0,CC(=O)NC,5,CNC(C)=O,selected_structure,-9.983817623560974,0.06097726633327777,-9.983306531449546,-9.98981790851268,-10.080512883851515,-9.944254464819803,-9.921196329171323,False,-10.017879107937913
glycine,1,CC(=O)NCC(=O)NC,9,CNC(=O)CNC(C)=O,selected_structure,-17.596579834180215,0.07610603233135523,-17.509975211496943,-17.679088860595996,-17.581786172067805,-17.671075051526334,-17.540973875214007,False,-17.590283414720247
glycine,2,CC(=O)NCC(=O)NCC(=O)NC,13,CNC(=O)CNC(=O)CNC(C)=O,selected_structure,-23.73747796746934,0.6459990910449821,-23.478717779610854,-23.697343700886837,-24.37078156273861,-24.32648220678744,-22.814064587322928,False,-23.84894768107877
glycine,3,CC(=O)NCC(=O)NCC(=O)NCC(=O)NC,17,CNC(=O)CNC(=O)CNC(=O)CNC(C)=O,selected_structure,-31.010642601385587,0.6111966577475829,-30.803997998030827,-30.658122390771677,-31.82890745100041,-31.4397289359552,-30.322456231169795,False,-31.09700927993431
glycine,4,CC(=O)NCC(=O)NCC(=O)NCC(=O)NCC(=O)NC,21,CNC(=O)CNC(=O)CNC(=O)CNC(=O)CNC(C)=O,selected_structure,-38.599637630272895,0.5774595555245867,-38.39141468448303,-38.19696417689539,-39.46471070980018,-38.88949120602128,-38.055607374164566,False,-38.68436319039287
glycine,5,CC(=O)NCC(=O)NCC(=O)NCC(=O)NCC(=O)NCC(=O)NC,25,CNC(=O)CNC(=O)CNC(=O)CNC(=O)CNC(=O)CNC(C)=O,selected_structure,-46.275948111364706,0.5464316993448952,-46.07493808913693,-45.86758585730311,-47.148892462126796,-46.45272218972104,-45.835601958535655,False,-46.363805469522276
glycine,6,CC(=O)NCC(=O)NCC(=O)NCC(=O)NCC(=O)NCC(=O)NCC(=O)NC,29,CNC(=O)CNC(=O)CNC(=O)CNC(=O)CNC(=O)CNC(=O)CNC(C)=O,selected_structure,-54.701541227222016,0.4828602962350156,-54.51723073712787,-54.282992189965164,-55.49524332180303,-54.80014204505108,-54.41209784216298,False,-54.76515541629868
glycine,7,CC(=O)NCC(=O)NCC(=O)NCC(=O)NCC(=O)NCC(=O)NCC(=O)NCC(=O)NC,33,CNC(=O)CNC(=O)CNC(=O)CNC(=O)CNC(=O)CNC(=O)CNC(=O)CNC(C)=O,selected_structure,-62.697375378091714,0.4594582543152859,-62.53479356223956,-62.27971196250156,-63.46483151820818,-62.7398197034307,-62.46772014407856,False,-62.75977901431643
glycine,8,CC(=O)NCC(=O)NCC(=O)NCC(=O)NCC(=O)NCC(=O)NCC(=O)NCC(=O)NCC(=O)NC,37,CNC(=O)CNC(=O)CNC(=O)CNC(=O)CNC(=O)CNC(=O)CNC(=O)CNC(=O)CNC(C)=O,selected_structure,-70.52112330064602,0.4499911738430917,-70.37668471743174,-70.10779504122206,-71.28056695783887,-70.52317812582949,-70.31739166090796,False,-70.58834890549757
glycine,9,CC(=O)NCC(=O)NCC(=O)NCC(=O)NCC(=O)NCC(=O)NCC(=O)NCC(=O)NCC(=O)NCC(=O)NC,41,CNC(=O)CNC(=O)CNC(=O)CNC(=O)CNC(=O)CNC(=O)CNC(=O)CNC(=O)CNC(=O)CNC(C)=O,selected_structure,-78.32944427300245,0.44261158554206753,-78.19917328902461,-77.92381750763388,-79.08127274233401,-78.3038116991897,-78.1391461268301,False,-78.40142117966417
glycine,10,CC(=O)NCC(=O)NCC(=O)NCC(=O)NCC(=O)NCC(=O)NCC(=O)NCC(=O)NCC(=O)NCC(=O)NCC(=O)NC,45,CNC(=O)CNC(=O)CNC(=O)CNC(=O)CNC(=O)CNC(=O)CNC(=O)CNC(=O)CNC(=O)CNC(=O)CNC(C)=O,selected_structure,-86.129270776943,0.4360064573450566,-86.00942442883662,-85.73462044614357,-86.8736417935769,-86.0842806475241,-85.94438656863385,False,-86.2058955561857
glycine,11,CC(=O)NCC(=O)NCC(=O)NCC(=O)NCC(=O)NCC(=O)NCC(=O)NCC(=O)NCC(=O)NCC(=O)NCC(=O)NCC(=O)NC,49,CNC(=O)CNC(=O)CNC(=O)CNC(=O)CNC(=O)CNC(=O)CNC(=O)CNC(=O)CNC(=O)CNC(=O)CNC(=O)CNC(C)=O,selected_structure,-93.92138151932592,0.42951002687964646,-93.80877342874392,-93.54063797904143,-94.65810930087189,-93.8624844774476,-93.73690241052475,False,-94.00250690288574
glycine,12,CC(=O)NCC(=O)NCC(=O)NCC(=O)NCC(=O)NCC(=O)NCC(=O)NCC(=O)NCC(=O)NCC(=O)NCC(=O)NCC(=O)NCC(=O)NC,53,CNC(=O)CNC(=O)CNC(=O)CNC(=O)CNC(=O)CNC(=O)CNC(=O)CNC(=O)CNC(=O)CNC(=O)CNC(=O)CNC(=O)CNC(C)=O,selected_structure,-101.7099181304537,0.422833716227753,-101.60210995687468,-101.34551837981647,-102.43856087212022,-101.64062428652771,-101.5227771569294,False,-101.79539640293711
alanine,0,CC(=O)NC,5,CNC(C)=O,selected_structure,-9.983817623560974,0.06097726633327777,-9.983306531449546,-9.98981790851268,-10.080512883851515,-9.944254464819803,-9.921196329171323,False,-10.017879107937913
alanine,1,CC(=O)N[C@@H](C)C(=O)NC,10,CNC(=O)[C@H](C)NC(C)=O,selected_structure,-17.48757555308718,0.08442817096439564,-17.518170031879723,-17.391623079388854,-17.60217033238361,-17.507820681471454,-17.418093640312243,False,-17.50398781455073
alanine,2,CC(=O)N[C@@H](C)C(=O)N[C@@H](C)C(=O)NC,15,CNC(=O)[C@H](C)NC(=O)[C@H](C)NC(C)=O,selected_structure,-23.814248990039,0.6427837335862415,-23.65125976392654,-23.844137252240728,-24.45951961524441,-24.292225415649536,-22.824102903133795,False,-23.98497221047056
alanine,3,CC(=O)N[C@@H](C)C(=O)N[C@@H](C)C(=O)N[C@@H](C)C(=O)NC,20,CNC(=O)[C@H](C)NC(=O)[C@H](C)NC(=O)[C@H](C)NC(C)=O,selected_structure,-30.71942009233216,0.5655126353122979,-30.471528002819234,-30.379572274157617,-31.536059803323994,-31.05728266988277,-30.152657711477193,False,-30.795720026766947
alanine,4,CC(=O)N[C@@H](C)C(=O)N[C@@H](C)C(=O)N[C@@H](C)C(=O)N[C@@H](C)C(=O)NC,25,CNC(=O)[C@H](C)NC(=O)[C@H](C)NC(=O)[C@H](C)NC(=O)[C@H](C)NC(C)=O,selected_structure,-38.02389728644701,0.5028023473622678,-37.77969430657531,-37.66730998408397,-38.81976679143747,-38.21962801274243,-37.633087337395864,False,-38.08892369403225
alanine,5,CC(=O)N[C@@H](C)C(=O)N[C@@H](C)C(=O)N[C@@H](C)C(=O)N[C@@H](C)C(=O)N[C@@H](C)C(=O)NC,30,CNC(=O)[C@H](C)NC(=O)[C@H](C)NC(=O)[C@H](C)NC(=O)[C@H](C)NC(=O)[C@H](C)NC(C)=O,selected_structure,-45.44999201102943,0.4677372972314455,-45.21940347506431,-45.10749671757845,-46.227663469345636,-45.546365848578574,-45.14903054458016,False,-45.51818788732947
alanine,6,CC(=O)N[C@@H](C)C(=O)N[C@@H](C)C(=O)N[C@@H](C)C(=O)N[C@@H](C)C(=O)N[C@@H](C)C(=O)N[C@@H](C)C(=O)NC,35,CNC(=O)[C@H](C)NC(=O)[C@H](C)NC(=O)[C@H](C)NC(=O)[C@H](C)NC(=O)[C@H](C)NC(=O)[C@H](C)NC(C)=O,selected_structure,-53.16101209353851,0.42813230399611923,-52.96069806933659,-52.83010378009968,-53.8870113840959,-53.20058904724712,-52.926658186913265,False,-53.22593774451072
alanine,7,CC(=O)N[C@@H](C)C(=O)N[C@@H](C)C(=O)N[C@@H](C)C(=O)N[C@@H](C)C(=O)N[C@@H](C)C(=O)N[C@@H](C)C(=O)N[C@@H](C)C(=O)NC,40,CNC(=O)[C@H](C)NC(=O)[C@H](C)NC(=O)[C@H](C)NC(=O)[C@H](C)NC(=O)[C@H](C)NC(=O)[C@H](C)NC(=O)[C@H](C)NC(C)=O,selected_structure,-60.55603635960093,0.41400592092616617,-60.37361481973366,-60.243133633986716,-61.269214134883065,-60.5521459348934,-60.34207327450782,False,-60.62865419620115
alanine,8,CC(=O)N[C@@H](C)C(=O)N[C@@H](C)C(=O)N[C@@H](C)C(=O)N[C@@H](C)C(=O)N[C@@H](C)C(=O)N[C@@H](C)C(=O)N[C@@H](C)C(=O)N[C@@H](C)C(=O)NC,45,CNC(=O)[C@H](C)NC(=O)[C@H](C)NC(=O)[C@H](C)NC(=O)[C@H](C)NC(=O)[C@H](C)NC(=O)[C@H](C)NC(=O)[C@H](C)NC(=O)[C@H](C)NC(C)=O,selected_structure,-67.9318737618201,0.4042243873349114,-67.76264325943883,-67.64003724714952,-68.63554215540212,-67.89776534660825,-67.72338080050177,False,-68.01274088733015
alanine,9,CC(=O)N[C@@H](C)C(=O)N[C@@H](C)C(=O)N[C@@H](C)C(=O)N[C@@H](C)C(=O)N[C@@H](C)C(=O)N[C@@H](C)C(=O)N[C@@H](C)C(=O)N[C@@H](C)C(=O)N[C@@H](C)C(=O)NC,50,CNC(=O)[C@H](C)NC(=O)[C@H](C)NC(=O)[C@H](C)NC(=O)[C@H](C)NC(=O)[C@H](C)NC(=O)[C@H](C)NC(=O)[C@H](C)NC(=O)[C@H](C)NC(=O)[C@H](C)NC(C)=O,selected_structure,-75.2912734161828,0.3973499581194315,-75.13153775362437,-75.02383152561691,-75.98844912069075,-75.23374642035274,-75.0788022606293,False,-75.38127279997734
alanine,10,CC(=O)N[C@@H](C)C(=O)N[C@@H](C)C(=O)N[C@@H](C)C(=O)N[C@@H](C)C(=O)N[C@@H](C)C(=O)N[C@@H](C)C(=O)N[C@@H](C)C(=O)N[C@@H](C)C(=O)N[C@@H](C)C(=O)N[C@@H](C)C(=O)NC,55,CNC(=O)[C@H](C)NC(=O)[C@H](C)NC(=O)[C@H](C)NC(=O)[C@H](C)NC(=O)[C@H](C)NC(=O)[C@H](C)NC(=O)[C@H](C)NC(=O)[C@H](C)NC(=O)[C@H](C)NC(=O)[C@H](C)NC(C)=O,selected_structure,-82.64571474768437,0.3925884727836646,-82.49270035909699,-82.40522746134695,-83.33846081955295,-82.5688406529859,-82.42334444543904,False,-82.74546287999897
alanine,11,CC(=O)N[C@@H](C)C(=O)N[C@@H](C)C(=O)N[C@@H](C)C(=O)N[C@@H](C)C(=O)N[C@@H](C)C(=O)N[C@@H](C)C(=O)N[C@@H](C)C(=O)N[C@@H](C)C(=O)N[C@@H](C)C(=O)N[C@@H](C)C(=O)N[C@@H](C)C(=O)NC,60,CNC(=O)[C@H](C)NC(=O)[C@H](C)NC(=O)[C@H](C)NC(=O)[C@H](C)NC(=O)[C@H](C)NC(=O)[C@H](C)NC(=O)[C@H](C)NC(=O)[C@H](C)NC(=O)[C@H](C)NC(=O)[C@H](C)NC(=O)[C@H](C)NC(C)=O,selected_structure,-89.99428591659839,0.38943465811224753,-89.84657891689915,-89.7827071506293,-90.68383862879934,-89.89998114124882,-89.75832374541528,False,-90.10437489877593
alanine,12,CC(=O)N[C@@H](C)C(=O)N[C@@H](C)C(=O)N[C@@H](C)C(=O)N[C@@H](C)C(=O)N[C@@H](C)C(=O)N[C@@H](C)C(=O)N[C@@H](C)C(=O)N[C@@H](C)C(=O)N[C@@H](C)C(=O)N[C@@H](C)C(=O)N[C@@H](C)C(=O)N[C@@H](C)C(=O)NC,65,CNC(=O)[C@H](C)NC(=O)[C@H](C)NC(=O)[C@H](C)NC(=O)[C@H](C)NC(=O)[C@H](C)NC(=O)[C@H](C)NC(=O)[C@H](C)NC(=O)[C@H](C)NC(=O)[C@H](C)NC(=O)[C@H](C)NC(=O)[C@H](C)NC(=O)[C@H](C)NC(C)=O,selected_structure,-97.34220782270219,0.3875273639539465,-97.19894658279762,-97.16078680667243,-98.02899648071956,-97.23198286228572,-97.09032638103567,False,-97.46290995672986
alkane,1,C,1,C,selected_structure,1.9598496777859715,0.11911430929076905,1.9264487386226072,1.8499305312195515,2.007053800399425,1.8724313425618542,2.1433839761264206,False,1.9278110234138612
alkane,2,CC,2,CC,selected_structure,1.8073003737122004,0.030625835987808023,1.8352279968709997,1.7574967230992593,1.8281091601314063,1.802456426183646,1.8132115622756908,False,1.8069446267005551
alkane,3,CCC,3,CCC,selected_structure,1.980831886142648,0.025743378390744445,1.9912309870339833,1.9729089361779515,2.005188421656274,1.9397864429067928,1.9950446429382387,False,1.9897761149560695
alkane,4,CCCC,4,CCCC,selected_structure,2.1120982865809097,0.02201961967165059,2.1039305169098386,2.112668628458576,2.1440228603195273,2.0832414001659814,2.1166280270506244,False,2.120207335229314
alkane,5,CCCCC,5,CCCCC,selected_structure,2.32038668272717,0.02201639818474971,2.3259975680442233,2.3180122063314545,2.3548461746206133,2.3029207477411173,2.3001567168984405,False,2.3329519829987637
alkane,6,CCCCCC,6,CCCCCC,selected_structure,2.554354842335522,0.024345835807315776,2.550731992361807,2.5322357848052777,2.595896001248101,2.549457305931373,2.543453127331051,False,2.5596212594717285
alkane,7,CCCCCCC,7,CCCCCCC,selected_structure,2.7779193929181503,0.028454557980077143,2.775016386829062,2.747448228082665,2.8238295099542583,2.7792479430755677,2.7640548966491982,False,2.7820980416219947
alkane,8,CCCCCCCC,8,CCCCCCCC,selected_structure,2.8598597861077892,0.03397585436031185,2.8629248478147478,2.8173722743275675,2.9081483379712223,2.8701196473809274,2.8407338230444807,False,2.8628151533711788
alkane,9,CCCCCCCCC,9,CCCCCCCCC,selected_structure,3.0403813602570855,0.03458736465290424,3.0529821489080895,2.9930989240517034,3.082773267101519,3.0533181440128816,3.0197343172112348,False,3.042951446687104
alkane,10,CCCCCCCCCC,10,CCCCCCCCCC,selected_structure,3.1030840335223515,0.0313356353421075,3.123958871207887,3.059173083548994,3.1344995553375794,3.115352085748544,3.0824365717687527,False,3.105877170031487
alkane,11,CCCCCCCCCCC,11,CCCCCCCCCCC,selected_structure,3.159765297339322,0.02708394595545827,3.1884281224781477,3.12194553953354,3.1786192909046704,3.166744262826505,3.143089270953749,False,3.1629976509721196
alkane,12,CCCCCCCCCCCC,12,CCCCCCCCCCCC,selected_structure,3.217923669680114,0.024140117421415037,3.2514253849866757,3.185678317695645,3.2266773015199153,3.2175081901260043,3.2083291540723327,False,3.2212603347340782
alkane,13,CCCCCCCCCCCCC,13,CCCCCCCCCCCCC,selected_structure,3.2721312214597176,0.025061720306091943,3.3114796988781476,3.243876574926592,3.2721666591877163,3.2593624214422965,3.273770752863837,False,3.2758409776641515
alkane,14,CCCCCCCCCCCCCC,14,CCCCCCCCCCCCCC,selected_structure,3.3350965738172973,0.030369569545642412,3.380417371606768,3.309259523670918,3.33107456412656,3.306969554312114,3.3477618553701287,False,3.3402504864680815
alkane,15,CCCCCCCCCCCCCCC,15,CCCCCCCCCCCCCCC,selected_structure,3.4158670558788544,0.03272159052842431,3.4638618911640933,3.3896617479810196,3.411181635200255,3.3836046759696217,3.431025329079283,False,3.421568424781789
alkane,16,CCCCCCCCCCCCCCCC,16,CCCCCCCCCCCCCCCC,selected_structure,3.5385893593626165,0.02446301053449594,3.5750563929501142,3.5061611816647877,3.536733406545423,3.5393002946325645,3.535695521020192,False,3.5393169937201083
alkane,17,CCCCCCCCCCCCCCCCC,17,CCCCCCCCCCCCCCCCC,selected_structure,3.704371707693846,0.0394283863156279,3.7155509721081765,3.6601922250557495,3.711058804823609,3.760833467189273,3.674223069292421,False,3.695600667329179
alkane,18,CCCCCCCCCCCCCCCCCC,18,CCCCCCCCCCCCCCCCCC,selected_structure,3.904213599135074,0.062332207522549775,3.8866904807698264,3.8480454800025514,3.9281954221767235,4.000722539717567,3.8574140730087025,False,3.8876437943163666
alkane,19,CCCCCCCCCCCCCCCCCCC,19,CCCCCCCCCCCCCCCCCCC,selected_structure,4.12059435135225,0.0765723727115789,4.079078488294335,4.0535717459249225,4.162317321838489,4.23544150995911,4.0725626907443955,False,4.098322518685915
alkane,20,CCCCCCCCCCCCCCCCCCCC,20,CCCCCCCCCCCCCCCCCCCC,selected_structure,4.34434816688753,0.08476968784615976,4.286942505798717,4.269507915303259,4.399878093480701,4.465835224400604,4.299577095454372,False,4.318776171527559
alkane,21,CCCCCCCCCCCCCCCCCCCCC,21,CCCCCCCCCCCCCCCCCCCCC,selected_structure,4.565241950324839,0.08928428373780982,4.499987714914506,4.4857110668415325,4.629130407743136,4.689205509354884,4.522175052770133,False,4.538276396499725
alkane,22,CCCCCCCCCCCCCCCCCCCCCC,22,CCCCCCCCCCCCCCCCCCCCCC,selected_structure,4.782608185292097,0.0915383770400404,4.715538349249722,4.700820948156216,4.851983838710086,4.907077737630687,4.737620052713777,False,4.756114378705341
alkane,23,CCCCCCCCCCCCCCCCCCCCCCC,23,CCCCCCCCCCCCCCCCCCCCCCC,selected_structure,4.992292604991777,0.09235054599630194,4.926949807414773,4.909329518365879,5.064442342525504,5.11655790035388,4.944183456298847,False,4.966907222768718
alkane,24,CCCCCCCCCCCCCCCCCCCCCCCC,24,CCCCCCCCCCCCCCCCCCCCCCCC,selected_structure,5.197222150924704,0.09240963856120407,5.135611036849773,5.1132952000156555,5.270925720056353,5.320621366220386,5.145657431481351,False,5.173277318973927
alkane,25,CCCCCCCCCCCCCCCCCCCCCCCCC,25,CCCCCCCCCCCCCCCCCCCCCCCCC,selected_structure,5.394602709597,0.09199449499915523,5.337384233259773,5.309547132191454,5.468157780858131,5.517200643065592,5.340723758610047,False,5.37169638210312
alkane,26,CCCCCCCCCCCCCCCCCCCCCCCCCC,26,CCCCCCCCCCCCCCCCCCCCCCCCCC,selected_structure,5.588125631379409,0.09133871364142995,5.535789476016427,5.501524453627231,5.660702601341268,5.709801405571393,5.532810220340724,False,5.566005510328309
alkane,27,CCCCCCCCCCCCCCCCCCCCCCCCCCC,27,CCCCCCCCCCCCCCCCCCCCCCCCCCC,selected_structure,5.775298859214323,0.09053901853505805,5.727631134236476,5.686837052836927,5.845600284513652,5.896481230863627,5.719944593620933,False,5.753356157195685
alkane,28,CCCCCCCCCCCCCCCCCCCCCCCCCCCC,28,CCCCCCCCCCCCCCCCCCCCCCCCCCCC,selected_structure,5.959907183417704,0.0896859458709314,5.917053719160369,5.869158201924566,6.027301879511042,6.080671483716702,5.905350632775844,False,5.937837933531992
alkane,29,CCCCCCCCCCCCCCCCCCCCCCCCCCCCC,29,CCCCCCCCCCCCCCCCCCCCCCCCCCCCC,selected_structure,6.139499444056416,0.08886011535240497,6.101021575798,6.046249305400075,6.203023394230033,6.260340035860437,6.086862908993534,False,6.1167647584760365
alkane,30,CCCCCCCCCCCCCCCCCCCCCCCCCCCCCC,30,CCCCCCCCCCCCCCCCCCCCCCCCCCCCCC,selected_structure,6.317678962841558,0.08810438688414023,6.2836459093081976,6.221594926310098,6.376907815605272,6.438675735017303,6.267570427966922,False,6.2940495504078555
glycine,0,CC(=O)NC,5,CNC(C)=O,selected_extended_structure,-9.983817623560974,0.06097726633327777,-9.983306531449546,-9.98981790851268,-10.080512883851515,-9.944254464819803,-9.921196329171323,False,-10.017879107937913
glycine,1,CC(=O)NCC(=O)NC,9,CNC(=O)CNC(C)=O,selected_extended_structure,-17.596579834180215,0.07610603233135523,-17.509975211496943,-17.679088860595996,-17.581786172067805,-17.671075051526334,-17.540973875214007,False,-17.590283414720247
glycine,2,CC(=O)NCC(=O)NCC(=O)NC,13,CNC(=O)CNC(=O)CNC(C)=O,selected_extended_structure,-23.73747796746934,0.6459990910449821,-23.478717779610854,-23.697343700886837,-24.37078156273861,-24.32648220678744,-22.814064587322928,False,-23.84894768107877
glycine,3,CC(=O)NCC(=O)NCC(=O)NCC(=O)NC,17,CNC(=O)CNC(=O)CNC(=O)CNC(C)=O,selected_extended_structure,-31.010642601385587,0.6111966577475829,-30.803997998030827,-30.658122390771677,-31.82890745100041,-31.4397289359552,-30.322456231169795,False,-31.09700927993431
glycine,4,CC(=O)NCC(=O)NCC(=O)NCC(=O)NCC(=O)NC,21,CNC(=O)CNC(=O)CNC(=O)CNC(=O)CNC(C)=O,selected_extended_structure,-38.599637630272895,0.5774595555245867,-38.39141468448303,-38.19696417689539,-39.46471070980018,-38.88949120602128,-38.055607374164566,False,-38.68436319039287
glycine,5,CC(=O)NCC(=O)NCC(=O)NCC(=O)NCC(=O)NCC(=O)NC,25,CNC(=O)CNC(=O)CNC(=O)CNC(=O)CNC(=O)CNC(C)=O,selected_extended_structure,-46.275948111364706,0.5464316993448952,-46.07493808913693,-45.86758585730311,-47.148892462126796,-46.45272218972104,-45.835601958535655,False,-46.363805469522276
glycine,6,CC(=O)NCC(=O)NCC(=O)NCC(=O)NCC(=O)NCC(=O)NCC(=O)NC,29,CNC(=O)CNC(=O)CNC(=O)CNC(=O)CNC(=O)CNC(=O)CNC(C)=O,selected_extended_structure,-54.701541227222016,0.4828602962350156,-54.51723073712787,-54.282992189965164,-55.49524332180303,-54.80014204505108,-54.41209784216298,False,-54.76515541629868
glycine,7,CC(=O)NCC(=O)NCC(=O)NCC(=O)NCC(=O)NCC(=O)NCC(=O)NCC(=O)NC,33,CNC(=O)CNC(=O)CNC(=O)CNC(=O)CNC(=O)CNC(=O)CNC(=O)CNC(C)=O,selected_extended_structure,-62.697375378091714,0.4594582543152859,-62.53479356223956,-62.27971196250156,-63.46483151820818,-62.7398197034307,-62.46772014407856,False,-62.75977901431643
glycine,8,CC(=O)NCC(=O)NCC(=O)NCC(=O)NCC(=O)NCC(=O)NCC(=O)NCC(=O)NCC(=O)NC,37,CNC(=O)CNC(=O)CNC(=O)CNC(=O)CNC(=O)CNC(=O)CNC(=O)CNC(=O)CNC(C)=O,selected_extended_structure,-70.52112330064602,0.4499911738430917,-70.37668471743174,-70.10779504122206,-71.28056695783887,-70.52317812582949,-70.31739166090796,False,-70.58834890549757
glycine,9,CC(=O)NCC(=O)NCC(=O)NCC(=O)NCC(=O)NCC(=O)NCC(=O)NCC(=O)NCC(=O)NCC(=O)NC,41,CNC(=O)CNC(=O)CNC(=O)CNC(=O)CNC(=O)CNC(=O)CNC(=O)CNC(=O)CNC(=O)CNC(C)=O,selected_extended_structure,-78.32944427300245,0.44261158554206753,-78.19917328902461,-77.92381750763388,-79.08127274233401,-78.3038116991897,-78.1391461268301,False,-78.40142117966417
glycine,10,CC(=O)NCC(=O)NCC(=O)NCC(=O)NCC(=O)NCC(=O)NCC(=O)NCC(=O)NCC(=O)NCC(=O)NCC(=O)NC,45,CNC(=O)CNC(=O)CNC(=O)CNC(=O)CNC(=O)CNC(=O)CNC(=O)CNC(=O)CNC(=O)CNC(=O)CNC(C)=O,selected_extended_structure,-86.129270776943,0.4360064573450566,-86.00942442883662,-85.73462044614357,-86.8736417935769,-86.0842806475241,-85.94438656863385,False,-86.2058955561857
glycine,11,CC(=O)NCC(=O)NCC(=O)NCC(=O)NCC(=O)NCC(=O)NCC(=O)NCC(=O)NCC(=O)NCC(=O)NCC(=O)NCC(=O)NC,49,CNC(=O)CNC(=O)CNC(=O)CNC(=O)CNC(=O)CNC(=O)CNC(=O)CNC(=O)CNC(=O)CNC(=O)CNC(=O)CNC(C)=O,selected_extended_structure,-93.92138151932592,0.42951002687964646,-93.80877342874392,-93.54063797904143,-94.65810930087189,-93.8624844774476,-93.73690241052475,False,-94.00250690288574
glycine,12,CC(=O)NCC(=O)NCC(=O)NCC(=O)NCC(=O)NCC(=O)NCC(=O)NCC(=O)NCC(=O)NCC(=O)NCC(=O)NCC(=O)NCC(=O)NC,53,CNC(=O)CNC(=O)CNC(=O)CNC(=O)CNC(=O)CNC(=O)CNC(=O)CNC(=O)CNC(=O)CNC(=O)CNC(=O)CNC(=O)CNC(C)=O,selected_extended_structure,-101.7099181304537,0.422833716227753,-101.60210995687468,-101.34551837981647,-102.43856087212022,-101.64062428652771,-101.5227771569294,False,-101.79539640293711
alanine,0,CC(=O)NC,5,CNC(C)=O,selected_extended_structure,-9.983817623560974,0.06097726633327777,-9.983306531449546,-9.98981790851268,-10.080512883851515,-9.944254464819803,-9.921196329171323,False,-10.017879107937913
alanine,1,CC(=O)N[C@@H](C)C(=O)NC,10,CNC(=O)[C@H](C)NC(C)=O,selected_extended_structure,-17.48757555308718,0.08442817096439564,-17.518170031879723,-17.391623079388854,-17.60217033238361,-17.507820681471454,-17.418093640312243,False,-17.50398781455073
alanine,2,CC(=O)N[C@@H](C)C(=O)N[C@@H](C)C(=O)NC,15,CNC(=O)[C@H](C)NC(=O)[C@H](C)NC(C)=O,selected_extended_structure,-23.814248990039,0.6427837335862415,-23.65125976392654,-23.844137252240728,-24.45951961524441,-24.292225415649536,-22.824102903133795,False,-23.98497221047056
alanine,3,CC(=O)N[C@@H](C)C(=O)N[C@@H](C)C(=O)N[C@@H](C)C(=O)NC,20,CNC(=O)[C@H](C)NC(=O)[C@H](C)NC(=O)[C@H](C)NC(C)=O,selected_extended_structure,-30.71942009233216,0.5655126353122979,-30.471528002819234,-30.379572274157617,-31.536059803323994,-31.05728266988277,-30.152657711477193,False,-30.795720026766947
alanine,4,CC(=O)N[C@@H](C)C(=O)N[C@@H](C)C(=O)N[C@@H](C)C(=O)N[C@@H](C)C(=O)NC,25,CNC(=O)[C@H](C)NC(=O)[C@H](C)NC(=O)[C@H](C)NC(=O)[C@H](C)NC(C)=O,selected_extended_structure,-38.02389728644701,0.5028023473622678,-37.77969430657531,-37.66730998408397,-38.81976679143747,-38.21962801274243,-37.633087337395864,False,-38.08892369403225
alanine,5,CC(=O)N[C@@H](C)C(=O)N[C@@H](C)C(=O)N[C@@H](C)C(=O)N[C@@H](C)C(=O)N[C@@H](C)C(=O)NC,30,CNC(=O)[C@H](C)NC(=O)[C@H](C)NC(=O)[C@H](C)NC(=O)[C@H](C)NC(=O)[C@H](C)NC(C)=O,selected_extended_structure,-45.44999201102943,0.4677372972314455,-45.21940347506431,-45.10749671757845,-46.227663469345636,-45.546365848578574,-45.14903054458016,False,-45.51818788732947
alanine,6,CC(=O)N[C@@H](C)C(=O)N[C@@H](C)C(=O)N[C@@H](C)C(=O)N[C@@H](C)C(=O)N[C@@H](C)C(=O)N[C@@H](C)C(=O)NC,35,CNC(=O)[C@H](C)NC(=O)[C@H](C)NC(=O)[C@H](C)NC(=O)[C@H](C)NC(=O)[C@H](C)NC(=O)[C@H](C)NC(C)=O,selected_extended_structure,-53.16101209353851,0.42813230399611923,-52.96069806933659,-52.83010378009968,-53.8870113840959,-53.20058904724712,-52.926658186913265,False,-53.22593774451072
alanine,7,CC(=O)N[C@@H](C)C(=O)N[C@@H](C)C(=O)N[C@@H](C)C(=O)N[C@@H](C)C(=O)N[C@@H](C)C(=O)N[C@@H](C)C(=O)N[C@@H](C)C(=O)NC,40,CNC(=O)[C@H](C)NC(=O)[C@H](C)NC(=O)[C@H](C)NC(=O)[C@H](C)NC(=O)[C@H](C)NC(=O)[C@H](C)NC(=O)[C@H](C)NC(C)=O,selected_extended_structure,-60.55603635960093,0.41400592092616617,-60.37361481973366,-60.243133633986716,-61.269214134883065,-60.5521459348934,-60.34207327450782,False,-60.62865419620115
alanine,8,CC(=O)N[C@@H](C)C(=O)N[C@@H](C)C(=O)N[C@@H](C)C(=O)N[C@@H](C)C(=O)N[C@@H](C)C(=O)N[C@@H](C)C(=O)N[C@@H](C)C(=O)N[C@@H](C)C(=O)NC,45,CNC(=O)[C@H](C)NC(=O)[C@H](C)NC(=O)[C@H](C)NC(=O)[C@H](C)NC(=O)[C@H](C)NC(=O)[C@H](C)NC(=O)[C@H](C)NC(=O)[C@H](C)NC(C)=O,selected_extended_structure,-67.9318737618201,0.4042243873349114,-67.76264325943883,-67.64003724714952,-68.63554215540212,-67.89776534660825,-67.72338080050177,False,-68.01274088733015
alanine,9,CC(=O)N[C@@H](C)C(=O)N[C@@H](C)C(=O)N[C@@H](C)C(=O)N[C@@H](C)C(=O)N[C@@H](C)C(=O)N[C@@H](C)C(=O)N[C@@H](C)C(=O)N[C@@H](C)C(=O)N[C@@H](C)C(=O)NC,50,CNC(=O)[C@H](C)NC(=O)[C@H](C)NC(=O)[C@H](C)NC(=O)[C@H](C)NC(=O)[C@H](C)NC(=O)[C@H](C)NC(=O)[C@H](C)NC(=O)[C@H](C)NC(=O)[C@H](C)NC(C)=O,selected_extended_structure,-75.2912734161828,0.3973499581194315,-75.13153775362437,-75.02383152561691,-75.98844912069075,-75.23374642035274,-75.0788022606293,False,-75.38127279997734
alanine,10,CC(=O)N[C@@H](C)C(=O)N[C@@H](C)C(=O)N[C@@H](C)C(=O)N[C@@H](C)C(=O)N[C@@H](C)C(=O)N[C@@H](C)C(=O)N[C@@H](C)C(=O)N[C@@H](C)C(=O)N[C@@H](C)C(=O)N[C@@H](C)C(=O)NC,55,CNC(=O)[C@H](C)NC(=O)[C@H](C)NC(=O)[C@H](C)NC(=O)[C@H](C)NC(=O)[C@H](C)NC(=O)[C@H](C)NC(=O)[C@H](C)NC(=O)[C@H](C)NC(=O)[C@H](C)NC(=O)[C@H](C)NC(C)=O,selected_extended_structure,-82.64571474768437,0.3925884727836646,-82.49270035909699,-82.40522746134695,-83.33846081955295,-82.5688406529859,-82.42334444543904,False,-82.74546287999897
alanine,11,CC(=O)N[C@@H](C)C(=O)N[C@@H](C)C(=O)N[C@@H](C)C(=O)N[C@@H](C)C(=O)N[C@@H](C)C(=O)N[C@@H](C)C(=O)N[C@@H](C)C(=O)N[C@@H](C)C(=O)N[C@@H](C)C(=O)N[C@@H](C)C(=O)N[C@@H](C)C(=O)NC,60,CNC(=O)[C@H](C)NC(=O)[C@H](C)NC(=O)[C@H](C)NC(=O)[C@H](C)NC(=O)[C@H](C)NC(=O)[C@H](C)NC(=O)[C@H](C)NC(=O)[C@H](C)NC(=O)[C@H](C)NC(=O)[C@H](C)NC(=O)[C@H](C)NC(C)=O,selected_extended_structure,-89.99428591659839,0.38943465811224753,-89.84657891689915,-89.7827071506293,-90.68383862879934,-89.89998114124882,-89.75832374541528,False,-90.10437489877593
alanine,12,CC(=O)N[C@@H](C)C(=O)N[C@@H](C)C(=O)N[C@@H](C)C(=O)N[C@@H](C)C(=O)N[C@@H](C)C(=O)N[C@@H](C)C(=O)N[C@@H](C)C(=O)N[C@@H](C)C(=O)N[C@@H](C)C(=O)N[C@@H](C)C(=O)N[C@@H](C)C(=O)N[C@@H](C)C(=O)NC,65,CNC(=O)[C@H](C)NC(=O)[C@H](C)NC(=O)[C@H](C)NC(=O)[C@H](C)NC(=O)[C@H](C)NC(=O)[C@H](C)NC(=O)[C@H](C)NC(=O)[C@H](C)NC(=O)[C@H](C)NC(=O)[C@H](C)NC(=O)[C@H](C)NC(=O)[C@H](C)NC(C)=O,selected_extended_structure,-97.34220782270219,0.3875273639539465,-97.19894658279762,-97.16078680667243,-98.02899648071956,-97.23198286228572,-97.09032638103567,False,-97.46290995672986
alkane,1,C,1,C,selected_extended_structure,1.9598496777859715,0.11911430929076905,1.9264487386226072,1.8499305312195515,2.007053800399425,1.8724313425618542,2.1433839761264206,False,1.9278110234138612
alkane,2,CC,2,CC,selected_extended_structure,1.8073003737122004,0.030625835987808023,1.8352279968709997,1.7574967230992593,1.8281091601314063,1.802456426183646,1.8132115622756908,False,1.8069446267005551
alkane,3,CCC,3,CCC,selected_extended_structure,1.980831886142648,0.025743378390744445,1.9912309870339833,1.9729089361779515,2.005188421656274,1.9397864429067928,1.9950446429382387,False,1.9897761149560695
alkane,4,CCCC,4,CCCC,selected_extended_structure,2.1120982865809097,0.02201961967165059,2.1039305169098386,2.112668628458576,2.1440228603195273,2.0832414001659814,2.1166280270506244,False,2.120207335229314
alkane,5,CCCCC,5,CCCCC,selected_extended_structure,2.32038668272717,0.02201639818474971,2.3259975680442233,2.3180122063314545,2.3548461746206133,2.3029207477411173,2.3001567168984405,False,2.3329519829987637
alkane,6,CCCCCC,6,CCCCCC,selected_extended_structure,2.554354842335522,0.024345835807315776,2.550731992361807,2.5322357848052777,2.595896001248101,2.549457305931373,2.543453127331051,False,2.5596212594717285
alkane,7,CCCCCCC,7,CCCCCCC,selected_extended_structure,2.7779193929181503,0.028454557980077143,2.775016386829062,2.747448228082665,2.8238295099542583,2.7792479430755677,2.7640548966491982,False,2.7820980416219947
alkane,8,CCCCCCCC,8,CCCCCCCC,selected_extended_structure,2.8598597861077892,0.03397585436031185,2.8629248478147478,2.8173722743275675,2.9081483379712223,2.8701196473809274,2.8407338230444807,False,2.8628151533711788
alkane,9,CCCCCCCCC,9,CCCCCCCCC,selected_extended_structure,3.0403813602570855,0.03458736465290424,3.0529821489080895,2.9930989240517034,3.082773267101519,3.0533181440128816,3.0197343172112348,False,3.042951446687104
alkane,10,CCCCCCCCCC,10,CCCCCCCCCC,selected_extended_structure,3.1030840335223515,0.0313356353421075,3.123958871207887,3.059173083548994,3.1344995553375794,3.115352085748544,3.0824365717687527,False,3.105877170031487
alkane,11,CCCCCCCCCCC,11,CCCCCCCCCCC,selected_extended_structure,3.159765297339322,0.02708394595545827,3.1884281224781477,3.12194553953354,3.1786192909046704,3.166744262826505,3.143089270953749,False,3.1629976509721196
alkane,12,CCCCCCCCCCCC,12,CCCCCCCCCCCC,selected_extended_structure,3.217923669680114,0.024140117421415037,3.2514253849866757,3.185678317695645,3.2266773015199153,3.2175081901260043,3.2083291540723327,False,3.2212603347340782
alkane,13,CCCCCCCCCCCCC,13,CCCCCCCCCCCCC,selected_extended_structure,3.2721312214597176,0.025061720306091943,3.3114796988781476,3.243876574926592,3.2721666591877163,3.2593624214422965,3.273770752863837,False,3.2758409776641515
alkane,14,CCCCCCCCCCCCCC,14,CCCCCCCCCCCCCC,selected_extended_structure,3.3350965738172973,0.030369569545642412,3.380417371606768,3.309259523670918,3.33107456412656,3.306969554312114,3.3477618553701287,False,3.3402504864680815
alkane,15,CCCCCCCCCCCCCCC,15,CCCCCCCCCCCCCCC,selected_extended_structure,3.4158670558788544,0.03272159052842431,3.4638618911640933,3.3896617479810196,3.411181635200255,3.3836046759696217,3.431025329079283,False,3.421568424781789
alkane,16,CCCCCCCCCCCCCCCC,16,CCCCCCCCCCCCCCCC,selected_extended_structure,3.5385893593626165,0.02446301053449594,3.5750563929501142,3.5061611816647877,3.536733406545423,3.5393002946325645,3.535695521020192,False,3.5393169937201083
alkane,17,CCCCCCCCCCCCCCCCC,17,CCCCCCCCCCCCCCCCC,selected_extended_structure,3.704371707693846,0.0394283863156279,3.7155509721081765,3.6601922250557495,3.711058804823609,3.760833467189273,3.674223069292421,False,3.695600667329179
alkane,18,CCCCCCCCCCCCCCCCCC,18,CCCCCCCCCCCCCCCCCC,selected_extended_structure,3.904213599135074,0.062332207522549775,3.8866904807698264,3.8480454800025514,3.9281954221767235,4.000722539717567,3.8574140730087025,False,3.8876437943163666
alkane,19,CCCCCCCCCCCCCCCCCCC,19,CCCCCCCCCCCCCCCCCCC,selected_extended_structure,4.12059435135225,0.0765723727115789,4.079078488294335,4.0535717459249225,4.162317321838489,4.23544150995911,4.0725626907443955,False,4.098322518685915
alkane,20,CCCCCCCCCCCCCCCCCCCC,20,CCCCCCCCCCCCCCCCCCCC,selected_extended_structure,4.34434816688753,0.08476968784615976,4.286942505798717,4.269507915303259,4.399878093480701,4.465835224400604,4.299577095454372,False,4.318776171527559
alkane,21,CCCCCCCCCCCCCCCCCCCCC,21,CCCCCCCCCCCCCCCCCCCCC,selected_extended_structure,4.565241950324839,0.08928428373780982,4.499987714914506,4.4857110668415325,4.629130407743136,4.689205509354884,4.522175052770133,False,4.538276396499725
alkane,22,CCCCCCCCCCCCCCCCCCCCCC,22,CCCCCCCCCCCCCCCCCCCCCC,selected_extended_structure,4.782608185292097,0.0915383770400404,4.715538349249722,4.700820948156216,4.851983838710086,4.907077737630687,4.737620052713777,False,4.756114378705341
alkane,23,CCCCCCCCCCCCCCCCCCCCCCC,23,CCCCCCCCCCCCCCCCCCCCCCC,selected_extended_structure,4.992292604991777,0.09235054599630194,4.926949807414773,4.909329518365879,5.064442342525504,5.11655790035388,4.944183456298847,False,4.966907222768718
alkane,24,CCCCCCCCCCCCCCCCCCCCCCCC,24,CCCCCCCCCCCCCCCCCCCCCCCC,selected_extended_structure,5.197222150924704,0.09240963856120407,5.135611036849773,5.1132952000156555,5.270925720056353,5.320621366220386,5.145657431481351,False,5.173277318973927
alkane,25,CCCCCCCCCCCCCCCCCCCCCCCCC,25,CCCCCCCCCCCCCCCCCCCCCCCCC,selected_extended_structure,5.394602709597,0.09199449499915523,5.337384233259773,5.309547132191454,5.468157780858131,5.517200643065592,5.340723758610047,False,5.37169638210312
alkane,26,CCCCCCCCCCCCCCCCCCCCCCCCCC,26,CCCCCCCCCCCCCCCCCCCCCCCCCC,selected_extended_structure,5.588125631379409,0.09133871364142995,5.535789476016427,5.501524453627231,5.660702601341268,5.709801405571393,5.532810220340724,False,5.566005510328309
alkane,27,CCCCCCCCCCCCCCCCCCCCCCCCCCC,27,CCCCCCCCCCCCCCCCCCCCCCCCCCC,selected_extended_structure,5.775298859214323,0.09053901853505805,5.727631134236476,5.686837052836927,5.845600284513652,5.896481230863627,5.719944593620933,False,5.753356157195685
alkane,28,CCCCCCCCCCCCCCCCCCCCCCCCCCCC,28,CCCCCCCCCCCCCCCCCCCCCCCCCCCC,selected_extended_structure,5.959907183417704,0.0896859458709314,5.917053719160369,5.869158201924566,6.027301879511042,6.080671483716702,5.905350632775844,False,5.937837933531992
alkane,29,CCCCCCCCCCCCCCCCCCCCCCCCCCCCC,29,CCCCCCCCCCCCCCCCCCCCCCCCCCCCC,selected_extended_structure,6.139499444056416,0.08886011535240497,6.101021575798,6.046249305400075,6.203023394230033,6.260340035860437,6.086862908993534,False,6.1167647584760365
alkane,30,CCCCCCCCCCCCCCCCCCCCCCCCCCCCCC,30,CCCCCCCCCCCCCCCCCCCCCCCCCCCCCC,selected_extended_structure,6.317678962841558,0.08810438688414023,6.2836459093081976,6.221594926310098,6.376907815605272,6.438675735017303,6.267570427966922,False,6.2940495504078555
glycine,0,CC(=O)NC,5,CNC(C)=O,selected_comprehensive_structure,-9.994400830212019,0.0023377279303828037,-9.993939039663104,-9.996249173457667,-9.995519875084383,-9.995778525033774,-9.990517537821159,False,-9.995236029401719
glycine,1,CC(=O)NCC(=O)NC,9,CNC(=O)CNC(C)=O,selected_comprehensive_structure,-13.378107891197738,0.3326808583605328,-13.408510480226179,-13.111823044099497,-13.710538624440291,-13.687397130794759,-12.972270176427964,False,-13.410290716255323
glycine,2,CC(=O)NCC(=O)NCC(=O)NC,13,CNC(=O)CNC(=O)CNC(C)=O,selected_comprehensive_structure,-18.282968964478094,0.1690337572897618,-18.315608462201272,-18.040090756749763,-18.503481628409073,-18.330538115216132,-18.22512585981424,False,-18.286393615786704
glycine,3,CC(=O)NCC(=O)NCC(=O)NCC(=O)NC,17,CNC(=O)CNC(=O)CNC(=O)CNC(C)=O,selected_comprehensive_structure,-23.746513810338474,0.26324714133638893,-24.02267353456847,-23.3534209241937,-23.674201189738675,-23.73326195694966,-23.949011446241855,False,-23.683431882833617
glycine,4,CC(=O)NCC(=O)NCC(=O)NCC(=O)NCC(=O)NC,21,CNC(=O)CNC(=O)CNC(=O)CNC(=O)CNC(C)=O,selected_comprehensive_structure,-29.406657419786107,0.2496676670991659,-29.44588623165378,-29.007168675486398,-29.647219824679894,-29.358868829958595,-29.574143537151897,False,-29.366758243940023
glycine,5,CC(=O)NCC(=O)NCC(=O)NCC(=O)NCC(=O)NCC(=O)NC,25,CNC(=O)CNC(=O)CNC(=O)CNC(=O)CNC(=O)CNC(C)=O,selected_comprehensive_structure,-34.75117746418663,0.6423224666597767,-34.654004922195355,-33.80053095220419,-35.48023206875065,-35.188781998836646,-34.63233737894635,False,-34.64492264771673
glycine,6,CC(=O)NCC(=O)NCC(=O)NCC(=O)NCC(=O)NCC(=O)NCC(=O)NC,29,CNC(=O)CNC(=O)CNC(=O)CNC(=O)CNC(=O)CNC(=O)CNC(C)=O,selected_comprehensive_structure,-40.631422259746216,1.108968173094026,-39.81378559845071,-39.16737567607217,-41.870244026210386,-41.272894920716375,-41.032811077281465,False,-40.28380176691109
glycine,7,CC(=O)NCC(=O)NCC(=O)NCC(=O)NCC(=O)NCC(=O)NCC(=O)NCC(=O)NC,33,CNC(=O)CNC(=O)CNC(=O)CNC(=O)CNC(=O)CNC(=O)CNC(=O)CNC(C)=O,selected_comprehensive_structure,-47.015619671859646,1.927504848946342,-45.522787592813344,-44.49762674682628,-49.13351254111473,-48.04925667746676,-47.87491480107711,False,-46.38464229358478
glycine,8,CC(=O)NCC(=O)NCC(=O)NCC(=O)NCC(=O)NCC(=O)NCC(=O)NCC(=O)NCC(=O)NC,37,CNC(=O)CNC(=O)CNC(=O)CNC(=O)CNC(=O)CNC(=O)CNC(=O)CNC(=O)CNC(C)=O,selected_comprehensive_structure,-52.543345609088966,2.4860192580206686,-51.203345179042934,-49.00109321542641,-55.44400440226163,-53.55457478930881,-53.513710459405,False,-51.882814265577
glycine,9,CC(=O)NCC(=O)NCC(=O)NCC(=O)NCC(=O)NCC(=O)NCC(=O)NCC(=O)NCC(=O)NCC(=O)NC,41,CNC(=O)CNC(=O)CNC(=O)CNC(=O)CNC(=O)CNC(=O)CNC(=O)CNC(=O)CNC(=O)CNC(C)=O,selected_comprehensive_structure,-58.513577910876734,3.4327638720719547,-56.49291852579279,-53.85010656801322,-62.80685905293158,-59.62504422162066,-59.79296118602544,False,-57.716628048912526
glycine,10,CC(=O)NCC(=O)NCC(=O)NCC(=O)NCC(=O)NCC(=O)NCC(=O)NCC(=O)NCC(=O)NCC(=O)NCC(=O)NC,45,CNC(=O)CNC(=O)CNC(=O)CNC(=O)CNC(=O)CNC(=O)CNC(=O)CNC(=O)CNC(=O)CNC(=O)CNC(C)=O,selected_comprehensive_structure,-64.31109251623104,3.864025576795721,-62.07004447746583,-59.15486349352733,-69.33538691616529,-65.33217070858773,-65.66299698540905,False,-63.520098295719485
glycine,11,CC(=O)NCC(=O)NCC(=O)NCC(=O)NCC(=O)NCC(=O)NCC(=O)NCC(=O)NCC(=O)NCC(=O)NCC(=O)NCC(=O)NC,49,CNC(=O)CNC(=O)CNC(=O)CNC(=O)CNC(=O)CNC(=O)CNC(=O)CNC(=O)CNC(=O)CNC(=O)CNC(=O)CNC(C)=O,selected_comprehensive_structure,-68.34774944584991,4.4157303070285945,-65.44602865251973,-62.5750472836772,-73.92944464375219,-69.49862692258107,-70.28959972671935,False,-67.31684019331637
glycine,12,CC(=O)NCC(=O)NCC(=O)NCC(=O)NCC(=O)NCC(=O)NCC(=O)NCC(=O)NCC(=O)NCC(=O)NCC(=O)NCC(=O)NCC(=O)NC,53,CNC(=O)CNC(=O)CNC(=O)CNC(=O)CNC(=O)CNC(=O)CNC(=O)CNC(=O)CNC(=O)CNC(=O)CNC(=O)CNC(=O)CNC(C)=O,selected_comprehensive_structure,-71.80996538814084,4.8612197719416015,-68.418665356723,-65.61161658632999,-77.98263343881214,-72.94153411467745,-74.09537744416163,False,-70.67097179395505
alanine,0,CC(=O)NC,5,CNC(C)=O,selected_comprehensive_structure,-9.994400830212019,0.0023377279303828037,-9.993939039663104,-9.996249173457667,-9.995519875084383,-9.995778525033774,-9.990517537821159,False,-9.995236029401719
alanine,1,CC(=O)N[C@@H](C)C(=O)NC,10,CNC(=O)[C@H](C)NC(C)=O,selected_comprehensive_structure,-13.273156127189765,0.3524489600405471,-12.962037559252048,-13.054212015760097,-13.634334325994654,-13.679653576487986,-13.035543158454038,False,-13.2168613003356
alanine,2,CC(=O)N[C@@H](C)C(=O)N[C@@H](C)C(=O)NC,15,CNC(=O)[C@H](C)NC(=O)[C@H](C)NC(C)=O,selected_comprehensive_structure,-19.49088525082501,0.21333473402680275,-19.302679264727992,-19.249155259903972,-19.72784899637726,-19.669288994365097,-19.505453738750717,False,-19.426561173669743
alanine,3,CC(=O)N[C@@H](C)C(=O)N[C@@H](C)C(=O)N[C@@H](C)C(=O)NC,20,CNC(=O)[C@H](C)NC(=O)[C@H](C)NC(=O)[C@H](C)NC(C)=O,selected_comprehensive_structure,-25.41472968808197,0.2049326388772063,-25.31443161537804,-25.119860714636005,-25.63958176591273,-25.44548092306959,-25.554293421413476,False,-25.357958031975596
alanine,4,CC(=O)N[C@@H](C)C(=O)N[C@@H](C)C(=O)N[C@@H](C)C(=O)N[C@@H](C)C(=O)NC,25,CNC(=O)[C@H](C)NC(=O)[C@H](C)NC(=O)[C@H](C)NC(=O)[C@H](C)NC(C)=O,selected_comprehensive_structure,-31.19665396105297,0.3799721863765423,-30.88283196967162,-30.99218302681424,-31.82744993004826,-31.268836902363077,-31.01196797636767,False,-31.234154975511373
alanine,5,CC(=O)N[C@@H](C)C(=O)N[C@@H](C)C(=O)N[C@@H](C)C(=O)N[C@@H](C)C(=O)N[C@@H](C)C(=O)NC,30,CNC(=O)[C@H](C)NC(=O)[C@H](C)NC(=O)[C@H](C)NC(=O)[C@H](C)NC(=O)[C@H](C)NC(C)=O,selected_comprehensive_structure,-36.80644492112912,0.764623402700276,-36.31680757538159,-36.12980248092175,-38.028557664652624,-37.04860977465914,-36.508447110030524,False,-36.82505590698532
alanine,6,CC(=O)N[C@@H](C)C(=O)N[C@@H](C)C(=O)N[C@@H](C)C(=O)N[C@@H](C)C(=O)N[C@@H](C)C(=O)N[C@@H](C)C(=O)NC,35,CNC(=O)[C@H](C)NC(=O)[C@H](C)NC(=O)[C@H](C)NC(=O)[C@H](C)NC(=O)[C@H](C)NC(=O)[C@H](C)NC(C)=O,selected_comprehensive_structure,-42.959059687687635,1.1760417705867303,-42.141902060270986,-41.49145530900195,-44.52156899236993,-43.25527080635043,-43.38510127044485,False,-42.71830878721429
alanine,7,CC(=O)N[C@@H](C)C(=O)N[C@@H](C)C(=O)N[C@@H](C)C(=O)N[C@@H](C)C(=O)N[C@@H](C)C(=O)N[C@@H](C)C(=O)N[C@@H](C)C(=O)NC,40,CNC(=O)[C@H](C)NC(=O)[C@H](C)NC(=O)[C@H](C)NC(=O)[C@H](C)NC(=O)[C@H](C)NC(=O)[C@H](C)NC(=O)[C@H](C)NC(C)=O,selected_comprehensive_structure,-49.46213356138125,1.7764349184431971,-48.80924345387797,-46.82326536575239,-51.54728111083341,-49.78508365198112,-50.345794224461365,False,-49.05992997682125
alanine,8,CC(=O)N[C@@H](C)C(=O)N[C@@H](C)C(=O)N[C@@H](C)C(=O)N[C@@H](C)C(=O)N[C@@H](C)C(=O)N[C@@H](C)C(=O)N[C@@H](C)C(=O)N[C@@H](C)C(=O)NC,45,CNC(=O)[C@H](C)NC(=O)[C@H](C)NC(=O)[C@H](C)NC(=O)[C@H](C)NC(=O)[C@H](C)NC(=O)[C@H](C)NC(=O)[C@H](C)NC(=O)[C@H](C)NC(C)=O,selected_comprehensive_structure,-55.94758900363634,2.376942265593576,-55.016076918868855,-52.40713747500955,-58.692482419615644,-56.518651243132226,-57.103596961555425,False,-55.37189893783134
alanine,9,CC(=O)N[C@@H](C)C(=O)N[C@@H](C)C(=O)N[C@@H](C)C(=O)N[C@@H](C)C(=O)N[C@@H](C)C(=O)N[C@@H](C)C(=O)N[C@@H](C)C(=O)N[C@@H](C)C(=O)N[C@@H](C)C(=O)NC,50,CNC(=O)[C@H](C)NC(=O)[C@H](C)NC(=O)[C@H](C)NC(=O)[C@H](C)NC(=O)[C@H](C)NC(=O)[C@H](C)NC(=O)[C@H](C)NC(=O)[C@H](C)NC(=O)[C@H](C)NC(C)=O,selected_comprehensive_structure,-61.3638975186479,3.175813693646092,-59.76563641328975,-57.157556773828425,-65.51617829815461,-61.32723961641418,-63.052876491552524,False,-60.81312382842426
alanine,10,CC(=O)N[C@@H](C)C(=O)N[C@@H](C)C(=O)N[C@@H](C)C(=O)N[C@@H](C)C(=O)N[C@@H](C)C(=O)N[C@@H](C)C(=O)N[C@@H](C)C(=O)N[C@@H](C)C(=O)N[C@@H](C)C(=O)N[C@@H](C)C(=O)NC,55,CNC(=O)[C@H](C)NC(=O)[C@H](C)NC(=O)[C@H](C)NC(=O)[C@H](C)NC(=O)[C@H](C)NC(=O)[C@H](C)NC(=O)[C@H](C)NC(=O)[C@H](C)NC(=O)[C@H](C)NC(=O)[C@H](C)NC(C)=O,selected_comprehensive_structure,-67.52145474323477,3.346286086315851,-66.20099360434276,-62.957102785177945,-71.75013339528167,-67.1328703973494,-69.56617353402208,False,-66.96940992826745
alanine,11,CC(=O)N[C@@H](C)C(=O)N[C@@H](C)C(=O)N[C@@H](C)C(=O)N[C@@H](C)C(=O)N[C@@H](C)C(=O)N[C@@H](C)C(=O)N[C@@H](C)C(=O)N[C@@H](C)C(=O)N[C@@H](C)C(=O)N[C@@H](C)C(=O)N[C@@H](C)C(=O)NC,60,CNC(=O)[C@H](C)NC(=O)[C@H](C)NC(=O)[C@H](C)NC(=O)[C@H](C)NC(=O)[C@H](C)NC(=O)[C@H](C)NC(=O)[C@H](C)NC(=O)[C@H](C)NC(=O)[C@H](C)NC(=O)[C@H](C)NC(=O)[C@H](C)NC(C)=O,selected_comprehensive_structure,-71.6003573588342,4.123344147916103,-69.43368806953391,-66.20400291973567,-76.80797055997697,-71.31185046551326,-74.24427477941117,False,-70.81522051641552
alanine,12,CC(=O)N[C@@H](C)C(=O)N[C@@H](C)C(=O)N[C@@H](C)C(=O)N[C@@H](C)C(=O)N[C@@H](C)C(=O)N[C@@H](C)C(=O)N[C@@H](C)C(=O)N[C@@H](C)C(=O)N[C@@H](C)C(=O)N[C@@H](C)C(=O)N[C@@H](C)C(=O)N[C@@H](C)C(=O)NC,65,CNC(=O)[C@H](C)NC(=O)[C@H](C)NC(=O)[C@H](C)NC(=O)[C@H](C)NC(=O)[C@H](C)NC(=O)[C@H](C)NC(=O)[C@H](C)NC(=O)[C@H](C)NC(=O)[C@H](C)NC(=O)[C@H](C)NC(=O)[C@H](C)NC(=O)[C@H](C)NC(C)=O,selected_comprehensive_structure,-75.18068302504714,4.343969903130988,-73.31618679479563,-69.28569778068224,-80.5757468127087,-74.72717305387457,-77.99861068317453,False,-74.39254379606218
alkane,1,C,1,C,selected_comprehensive_structure,1.9653357929031798,0.0015919171009440999,1.9678445793072745,1.9649439205141022,1.9634215470676857,1.9652811102883083,1.9651878073385278,False,1.9654033489630207
alkane,2,CC,2,CC,selected_comprehensive_structure,1.7997212854679892,0.0033423847580523335,1.7979109720322501,1.797719051407702,1.802192278272173,1.796493712035586,1.8042904135922342,False,1.7992741005707085
alkane,3,CCC,3,CCC,selected_comprehensive_structure,1.9721829302620635,0.0021711262770316227,1.968684305855298,1.9746568756912408,1.9722918230718074,1.972818571370567,1.9724630753214045,False,1.9718776682061154
alkane,4,CCCC,4,CCCC,selected_comprehensive_structure,2.1068988076699804,0.003093115224536382,2.104016100836766,2.1068210945801633,2.110726236395972,2.1037332393624313,2.1091973671745707,False,2.1071878106043003
alkane,5,CCCCC,5,CCCCC,selected_comprehensive_structure,2.345873408947503,0.0023734087669025194,2.3445209885956864,2.3430104256492417,2.3474328673638327,2.3453920129686363,2.3490107501601187,False,2.344988093869587
alkane,6,CCCCCC,6,CCCCCC,selected_comprehensive_structure,2.5068546572435992,0.002156532670922962,2.5036905061960466,2.507869061086211,2.5095065869073574,2.5070523650131333,2.5061547670152464,False,2.507022051396538
alkane,7,CCCCCCC,7,CCCCCCC,selected_comprehensive_structure,2.636730355552909,0.011827969120123204,2.6158146687321384,2.6417788718710256,2.6393624435767133,2.6423138875197667,2.6443819060648988,False,2.6323186613932923
alkane,8,CCCCCCCC,8,CCCCCCCC,selected_comprehensive_structure,2.896657728621114,0.006321794773171142,2.887452034417781,2.8934192895287367,2.9029113883563946,2.901536055634632,2.897969875168026,False,2.8945942374343043
alkane,9,CCCCCCCCC,9,CCCCCCCCC,selected_comprehensive_structure,3.0643317510414576,0.007023800137974054,3.0580547065162316,3.071499189159587,3.069558724014154,3.0557717368716046,3.066774398645708,False,3.066370873229991
alkane,10,CCCCCCCCCC,10,CCCCCCCCCC,selected_comprehensive_structure,3.1817524503950825,0.00527210303443473,3.180201259328734,3.1860710778149173,3.1794312147305464,3.175024126665919,3.1880345734352957,False,3.181901183958066
alkane,11,CCCCCCCCCCC,11,CCCCCCCCCCC,selected_comprehensive_structure,3.39339330295694,0.01244904627122402,3.405706221597959,3.385054381346568,3.3889164148374773,3.3798861065587325,3.4074033904439647,False,3.3932256725940015
alkane,12,CCCCCCCCCCCC,12,CCCCCCCCCCCC,selected_comprehensive_structure,3.453389934185725,0.014817380937873135,3.4704490203455736,3.4375603210729837,3.4430031899851725,3.4483037423726968,3.4676333971522,False,3.4503375104679095
alkane,13,CCCCCCCCCCCCC,13,CCCCCCCCCCCCC,selected_comprehensive_structure,3.615444520719295,0.03020132974093337,3.65859146595274,3.575903793547363,3.6135580295587353,3.6250325208067276,3.604136793730911,False,3.616017763019613
alkane,14,CCCCCCCCCCCCCC,14,CCCCCCCCCCCCCC,selected_comprehensive_structure,3.131192881064085,0.0585940043483973,3.0602372869110948,3.17213468784772,3.095920941002105,3.1211339963427607,3.2065374932167456,False,3.109430971920306
alkane,15,CCCCCCCCCCCCCCC,15,CCCCCCCCCCCCCCC,selected_comprehensive_structure,3.5571327754165445,0.03544295873417223,3.567130363643013,3.512266457597147,3.5808854624356377,3.5964983528738887,3.5288832405330357,False,3.5534274278919327
alkane,16,CCCCCCCCCCCCCCCC,16,CCCCCCCCCCCCCCCC,selected_comprehensive_structure,3.0913620880128354,0.05906911821783014,2.9947279867152847,3.0907284546893266,3.0966177605004654,3.124000995211013,3.1507352429480884,False,3.060691400635026
alkane,17,CCCCCCCCCCCCCCCCC,17,CCCCCCCCCCCCCCCCC,selected_comprehensive_structure,3.468675791879747,0.033782586753386135,3.4959969033604406,3.4802600026724813,3.4843541124878445,3.4101676379624584,3.4726003029155095,False,3.486870339506922
alkane,18,CCCCCCCCCCCCCCCCCC,18,CCCCCCCCCCCCCCCCCC,selected_comprehensive_structure,3.8348126290979656,0.03953753243223633,3.8609720598013944,3.827605625804928,3.8773939694877413,3.8341309270395705,3.7739605633561943,False,3.8553238850313547
alkane,19,CCCCCCCCCCCCCCCCCCC,19,CCCCCCCCCCCCCCCCCCC,selected_comprehensive_structure,4.128471734926776,0.05285723008418607,4.1609634832952995,4.1044596893282925,4.172682451892717,4.15780653665273,4.04644651346484,False,4.146035208172103
alkane,20,CCCCCCCCCCCCCCCCCCCC,20,CCCCCCCCCCCCCCCCCCCC,selected_comprehensive_structure,4.343048323466723,0.05943866777119575,4.370673673426701,4.3158351599557765,4.413979233674773,4.357636062507389,4.25711748776898,False,4.36682935568575
alkane,21,CCCCCCCCCCCCCCCCCCCCC,21,CCCCCCCCCCCCCCCCCCCCC,selected_comprehensive_structure,4.502124301907305,0.06388743186505685,4.52661951505965,4.461063563388949,4.587025498217471,4.515376509611112,4.420536423259339,False,4.52490285888869
alkane,22,CCCCCCCCCCCCCCCCCCCCCC,22,CCCCCCCCCCCCCCCCCCCCCC,selected_comprehensive_structure,4.715226113315724,0.05201714212289495,4.728566663559324,4.675261743509788,4.794990096452983,4.713892707868862,4.663419355187662,False,4.732939501174031
alkane,23,CCCCCCCCCCCCCCCCCCCCCCC,23,CCCCCCCCCCCCCCCCCCCCCCC,selected_comprehensive_structure,4.930383660349304,0.03627070383537438,4.931205907357368,4.881428783649531,4.98275342501104,4.935796058171565,4.920734127557017,False,4.931796038672647
alkane,24,CCCCCCCCCCCCCCCCCCCCCCCC,24,CCCCCCCCCCCCCCCCCCCCCCCC,selected_comprehensive_structure,5.115019214199725,0.02470039639884605,5.121843911608661,5.081515187878583,5.148410450246132,5.1034827178268785,5.1198438034383695,False,5.117256516577792
alkane,25,CCCCCCCCCCCCCCCCCCCCCCCCC,25,CCCCCCCCCCCCCCCCCCCCCCCCC,selected_comprehensive_structure,5.278368231530248,0.017624349903362407,5.286028758022217,5.269481657036165,5.299858262964667,5.253442998073915,5.283029481554276,False,5.28512289267435
alkane,26,CCCCCCCCCCCCCCCCCCCCCCCCCC,26,CCCCCCCCCCCCCCCCCCCCCCCCCC,selected_comprehensive_structure,5.468970804281623,0.016129274551936915,5.488753037420063,5.462928788705845,5.479051302217897,5.446396450844757,5.4677244422195574,False,5.476911042781268
alkane,27,CCCCCCCCCCCCCCCCCCCCCCCCCCC,27,CCCCCCCCCCCCCCCCCCCCCCCCCCC,selected_comprehensive_structure,5.598165272952537,0.02071742332936096,5.6243718275508545,5.584990305918547,5.60845009253833,5.571033247576398,5.601980891178556,False,5.605937408669244
alkane,28,CCCCCCCCCCCCCCCCCCCCCCCCCCCC,28,CCCCCCCCCCCCCCCCCCCCCCCCCCCC,selected_comprehensive_structure,5.6427064477077,0.027249026936747203,5.654554741279812,5.623940744301869,5.673465713835302,5.605813988944535,5.655757050176982,False,5.650653733138995
alkane,29,CCCCCCCCCCCCCCCCCCCCCCCCCCCCC,29,CCCCCCCCCCCCCCCCCCCCCCCCCCCCC,selected_comprehensive_structure,5.596477552506511,0.03570092150282706,5.603477281525034,5.559851066202718,5.648787674143387,5.566239956162681,5.604031784498728,False,5.604038673957047
alkane,30,CCCCCCCCCCCCCCCCCCCCCCCCCCCCCC,30,CCCCCCCCCCCCCCCCCCCCCCCCCCCCCC,selected_comprehensive_structure,5.594656609620795,0.04961211276046917,5.617356390567366,5.526954690105146,5.661675291713053,5.586173127490763,5.581123548227648,False,5.601995457461855
glycine,0,CC(=O)NC,5,CNC(C)=O,selected_nonpfn_structure,-9.983817623560974,0.06097726633327777,-9.983306531449546,-9.98981790851268,-10.080512883851515,-9.944254464819803,-9.921196329171323,False,-10.017879107937913
glycine,1,CC(=O)NCC(=O)NC,9,CNC(=O)CNC(C)=O,selected_nonpfn_structure,-17.596579834180215,0.07610603233135523,-17.509975211496943,-17.679088860595996,-17.581786172067805,-17.671075051526334,-17.540973875214007,False,-17.590283414720247
glycine,2,CC(=O)NCC(=O)NCC(=O)NC,13,CNC(=O)CNC(=O)CNC(C)=O,selected_nonpfn_structure,-23.73747796746934,0.6459990910449821,-23.478717779610854,-23.697343700886837,-24.37078156273861,-24.32648220678744,-22.814064587322928,False,-23.84894768107877
glycine,3,CC(=O)NCC(=O)NCC(=O)NCC(=O)NC,17,CNC(=O)CNC(=O)CNC(=O)CNC(C)=O,selected_nonpfn_structure,-31.010642601385587,0.6111966577475829,-30.803997998030827,-30.658122390771677,-31.82890745100041,-31.4397289359552,-30.322456231169795,False,-31.09700927993431
glycine,4,CC(=O)NCC(=O)NCC(=O)NCC(=O)NCC(=O)NC,21,CNC(=O)CNC(=O)CNC(=O)CNC(=O)CNC(C)=O,selected_nonpfn_structure,-38.599637630272895,0.5774595555245867,-38.39141468448303,-38.19696417689539,-39.46471070980018,-38.88949120602128,-38.055607374164566,False,-38.68436319039287
glycine,5,CC(=O)NCC(=O)NCC(=O)NCC(=O)NCC(=O)NCC(=O)NC,25,CNC(=O)CNC(=O)CNC(=O)CNC(=O)CNC(=O)CNC(C)=O,selected_nonpfn_structure,-46.275948111364706,0.5464316993448952,-46.07493808913693,-45.86758585730311,-47.148892462126796,-46.45272218972104,-45.835601958535655,False,-46.363805469522276
glycine,6,CC(=O)NCC(=O)NCC(=O)NCC(=O)NCC(=O)NCC(=O)NCC(=O)NC,29,CNC(=O)CNC(=O)CNC(=O)CNC(=O)CNC(=O)CNC(=O)CNC(C)=O,selected_nonpfn_structure,-54.701541227222016,0.4828602962350156,-54.51723073712787,-54.282992189965164,-55.49524332180303,-54.80014204505108,-54.41209784216298,False,-54.76515541629868
glycine,7,CC(=O)NCC(=O)NCC(=O)NCC(=O)NCC(=O)NCC(=O)NCC(=O)NCC(=O)NC,33,CNC(=O)CNC(=O)CNC(=O)CNC(=O)CNC(=O)CNC(=O)CNC(=O)CNC(C)=O,selected_nonpfn_structure,-62.697375378091714,0.4594582543152859,-62.53479356223956,-62.27971196250156,-63.46483151820818,-62.7398197034307,-62.46772014407856,False,-62.75977901431643
glycine,8,CC(=O)NCC(=O)NCC(=O)NCC(=O)NCC(=O)NCC(=O)NCC(=O)NCC(=O)NCC(=O)NC,37,CNC(=O)CNC(=O)CNC(=O)CNC(=O)CNC(=O)CNC(=O)CNC(=O)CNC(=O)CNC(C)=O,selected_nonpfn_structure,-70.52112330064602,0.4499911738430917,-70.37668471743174,-70.10779504122206,-71.28056695783887,-70.52317812582949,-70.31739166090796,False,-70.58834890549757
glycine,9,CC(=O)NCC(=O)NCC(=O)NCC(=O)NCC(=O)NCC(=O)NCC(=O)NCC(=O)NCC(=O)NCC(=O)NC,41,CNC(=O)CNC(=O)CNC(=O)CNC(=O)CNC(=O)CNC(=O)CNC(=O)CNC(=O)CNC(=O)CNC(C)=O,selected_nonpfn_structure,-78.32944427300245,0.44261158554206753,-78.19917328902461,-77.92381750763388,-79.08127274233401,-78.3038116991897,-78.1391461268301,False,-78.40142117966417
glycine,10,CC(=O)NCC(=O)NCC(=O)NCC(=O)NCC(=O)NCC(=O)NCC(=O)NCC(=O)NCC(=O)NCC(=O)NCC(=O)NC,45,CNC(=O)CNC(=O)CNC(=O)CNC(=O)CNC(=O)CNC(=O)CNC(=O)CNC(=O)CNC(=O)CNC(=O)CNC(C)=O,selected_nonpfn_structure,-86.129270776943,0.4360064573450566,-86.00942442883662,-85.73462044614357,-86.8736417935769,-86.0842806475241,-85.94438656863385,False,-86.2058955561857
glycine,11,CC(=O)NCC(=O)NCC(=O)NCC(=O)NCC(=O)NCC(=O)NCC(=O)NCC(=O)NCC(=O)NCC(=O)NCC(=O)NCC(=O)NC,49,CNC(=O)CNC(=O)CNC(=O)CNC(=O)CNC(=O)CNC(=O)CNC(=O)CNC(=O)CNC(=O)CNC(=O)CNC(=O)CNC(C)=O,selected_nonpfn_structure,-93.92138151932592,0.42951002687964646,-93.80877342874392,-93.54063797904143,-94.65810930087189,-93.8624844774476,-93.73690241052475,False,-94.00250690288574
glycine,12,CC(=O)NCC(=O)NCC(=O)NCC(=O)NCC(=O)NCC(=O)NCC(=O)NCC(=O)NCC(=O)NCC(=O)NCC(=O)NCC(=O)NCC(=O)NC,53,CNC(=O)CNC(=O)CNC(=O)CNC(=O)CNC(=O)CNC(=O)CNC(=O)CNC(=O)CNC(=O)CNC(=O)CNC(=O)CNC(=O)CNC(C)=O,selected_nonpfn_structure,-101.7099181304537,0.422833716227753,-101.60210995687468,-101.34551837981647,-102.43856087212022,-101.64062428652771,-101.5227771569294,False,-101.79539640293711
alanine,0,CC(=O)NC,5,CNC(C)=O,selected_nonpfn_structure,-9.983817623560974,0.06097726633327777,-9.983306531449546,-9.98981790851268,-10.080512883851515,-9.944254464819803,-9.921196329171323,False,-10.017879107937913
alanine,1,CC(=O)N[C@@H](C)C(=O)NC,10,CNC(=O)[C@H](C)NC(C)=O,selected_nonpfn_structure,-17.48757555308718,0.08442817096439564,-17.518170031879723,-17.391623079388854,-17.60217033238361,-17.507820681471454,-17.418093640312243,False,-17.50398781455073
alanine,2,CC(=O)N[C@@H](C)C(=O)N[C@@H](C)C(=O)NC,15,CNC(=O)[C@H](C)NC(=O)[C@H](C)NC(C)=O,selected_nonpfn_structure,-23.814248990039,0.6427837335862415,-23.65125976392654,-23.844137252240728,-24.45951961524441,-24.292225415649536,-22.824102903133795,False,-23.98497221047056
alanine,3,CC(=O)N[C@@H](C)C(=O)N[C@@H](C)C(=O)N[C@@H](C)C(=O)NC,20,CNC(=O)[C@H](C)NC(=O)[C@H](C)NC(=O)[C@H](C)NC(C)=O,selected_nonpfn_structure,-30.71942009233216,0.5655126353122979,-30.471528002819234,-30.379572274157617,-31.536059803323994,-31.05728266988277,-30.152657711477193,False,-30.795720026766947
alanine,4,CC(=O)N[C@@H](C)C(=O)N[C@@H](C)C(=O)N[C@@H](C)C(=O)N[C@@H](C)C(=O)NC,25,CNC(=O)[C@H](C)NC(=O)[C@H](C)NC(=O)[C@H](C)NC(=O)[C@H](C)NC(C)=O,selected_nonpfn_structure,-38.02389728644701,0.5028023473622678,-37.77969430657531,-37.66730998408397,-38.81976679143747,-38.21962801274243,-37.633087337395864,False,-38.08892369403225
alanine,5,CC(=O)N[C@@H](C)C(=O)N[C@@H](C)C(=O)N[C@@H](C)C(=O)N[C@@H](C)C(=O)N[C@@H](C)C(=O)NC,30,CNC(=O)[C@H](C)NC(=O)[C@H](C)NC(=O)[C@H](C)NC(=O)[C@H](C)NC(=O)[C@H](C)NC(C)=O,selected_nonpfn_structure,-45.44999201102943,0.4677372972314455,-45.21940347506431,-45.10749671757845,-46.227663469345636,-45.546365848578574,-45.14903054458016,False,-45.51818788732947
alanine,6,CC(=O)N[C@@H](C)C(=O)N[C@@H](C)C(=O)N[C@@H](C)C(=O)N[C@@H](C)C(=O)N[C@@H](C)C(=O)N[C@@H](C)C(=O)NC,35,CNC(=O)[C@H](C)NC(=O)[C@H](C)NC(=O)[C@H](C)NC(=O)[C@H](C)NC(=O)[C@H](C)NC(=O)[C@H](C)NC(C)=O,selected_nonpfn_structure,-53.16101209353851,0.42813230399611923,-52.96069806933659,-52.83010378009968,-53.8870113840959,-53.20058904724712,-52.926658186913265,False,-53.22593774451072
alanine,7,CC(=O)N[C@@H](C)C(=O)N[C@@H](C)C(=O)N[C@@H](C)C(=O)N[C@@H](C)C(=O)N[C@@H](C)C(=O)N[C@@H](C)C(=O)N[C@@H](C)C(=O)NC,40,CNC(=O)[C@H](C)NC(=O)[C@H](C)NC(=O)[C@H](C)NC(=O)[C@H](C)NC(=O)[C@H](C)NC(=O)[C@H](C)NC(=O)[C@H](C)NC(C)=O,selected_nonpfn_structure,-60.55603635960093,0.41400592092616617,-60.37361481973366,-60.243133633986716,-61.269214134883065,-60.5521459348934,-60.34207327450782,False,-60.62865419620115
alanine,8,CC(=O)N[C@@H](C)C(=O)N[C@@H](C)C(=O)N[C@@H](C)C(=O)N[C@@H](C)C(=O)N[C@@H](C)C(=O)N[C@@H](C)C(=O)N[C@@H](C)C(=O)N[C@@H](C)C(=O)NC,45,CNC(=O)[C@H](C)NC(=O)[C@H](C)NC(=O)[C@H](C)NC(=O)[C@H](C)NC(=O)[C@H](C)NC(=O)[C@H](C)NC(=O)[C@H](C)NC(=O)[C@H](C)NC(C)=O,selected_nonpfn_structure,-67.9318737618201,0.4042243873349114,-67.76264325943883,-67.64003724714952,-68.63554215540212,-67.89776534660825,-67.72338080050177,False,-68.01274088733015
alanine,9,CC(=O)N[C@@H](C)C(=O)N[C@@H](C)C(=O)N[C@@H](C)C(=O)N[C@@H](C)C(=O)N[C@@H](C)C(=O)N[C@@H](C)C(=O)N[C@@H](C)C(=O)N[C@@H](C)C(=O)N[C@@H](C)C(=O)NC,50,CNC(=O)[C@H](C)NC(=O)[C@H](C)NC(=O)[C@H](C)NC(=O)[C@H](C)NC(=O)[C@H](C)NC(=O)[C@H](C)NC(=O)[C@H](C)NC(=O)[C@H](C)NC(=O)[C@H](C)NC(C)=O,selected_nonpfn_structure,-75.2912734161828,0.3973499581194315,-75.13153775362437,-75.02383152561691,-75.98844912069075,-75.23374642035274,-75.0788022606293,False,-75.38127279997734
alanine,10,CC(=O)N[C@@H](C)C(=O)N[C@@H](C)C(=O)N[C@@H](C)C(=O)N[C@@H](C)C(=O)N[C@@H](C)C(=O)N[C@@H](C)C(=O)N[C@@H](C)C(=O)N[C@@H](C)C(=O)N[C@@H](C)C(=O)N[C@@H](C)C(=O)NC,55,CNC(=O)[C@H](C)NC(=O)[C@H](C)NC(=O)[C@H](C)NC(=O)[C@H](C)NC(=O)[C@H](C)NC(=O)[C@H](C)NC(=O)[C@H](C)NC(=O)[C@H](C)NC(=O)[C@H](C)NC(=O)[C@H](C)NC(C)=O,selected_nonpfn_structure,-82.64571474768437,0.3925884727836646,-82.49270035909699,-82.40522746134695,-83.33846081955295,-82.5688406529859,-82.42334444543904,False,-82.74546287999897
alanine,11,CC(=O)N[C@@H](C)C(=O)N[C@@H](C)C(=O)N[C@@H](C)C(=O)N[C@@H](C)C(=O)N[C@@H](C)C(=O)N[C@@H](C)C(=O)N[C@@H](C)C(=O)N[C@@H](C)C(=O)N[C@@H](C)C(=O)N[C@@H](C)C(=O)N[C@@H](C)C(=O)NC,60,CNC(=O)[C@H](C)NC(=O)[C@H](C)NC(=O)[C@H](C)NC(=O)[C@H](C)NC(=O)[C@H](C)NC(=O)[C@H](C)NC(=O)[C@H](C)NC(=O)[C@H](C)NC(=O)[C@H](C)NC(=O)[C@H](C)NC(=O)[C@H](C)NC(C)=O,selected_nonpfn_structure,-89.99428591659839,0.38943465811224753,-89.84657891689915,-89.7827071506293,-90.68383862879934,-89.89998114124882,-89.75832374541528,False,-90.10437489877593
alanine,12,CC(=O)N[C@@H](C)C(=O)N[C@@H](C)C(=O)N[C@@H](C)C(=O)N[C@@H](C)C(=O)N[C@@H](C)C(=O)N[C@@H](C)C(=O)N[C@@H](C)C(=O)N[C@@H](C)C(=O)N[C@@H](C)C(=O)N[C@@H](C)C(=O)N[C@@H](C)C(=O)N[C@@H](C)C(=O)NC,65,CNC(=O)[C@H](C)NC(=O)[C@H](C)NC(=O)[C@H](C)NC(=O)[C@H](C)NC(=O)[C@H](C)NC(=O)[C@H](C)NC(=O)[C@H](C)NC(=O)[C@H](C)NC(=O)[C@H](C)NC(=O)[C@H](C)NC(=O)[C@H](C)NC(=O)[C@H](C)NC(C)=O,selected_nonpfn_structure,-97.34220782270219,0.3875273639539465,-97.19894658279762,-97.16078680667243,-98.02899648071956,-97.23198286228572,-97.09032638103567,False,-97.46290995672986
alkane,1,C,1,C,selected_nonpfn_structure,1.9598496777859715,0.11911430929076905,1.9264487386226072,1.8499305312195515,2.007053800399425,1.8724313425618542,2.1433839761264206,False,1.9278110234138612
alkane,2,CC,2,CC,selected_nonpfn_structure,1.8073003737122004,0.030625835987808023,1.8352279968709997,1.7574967230992593,1.8281091601314063,1.802456426183646,1.8132115622756908,False,1.8069446267005551
alkane,3,CCC,3,CCC,selected_nonpfn_structure,1.980831886142648,0.025743378390744445,1.9912309870339833,1.9729089361779515,2.005188421656274,1.9397864429067928,1.9950446429382387,False,1.9897761149560695
alkane,4,CCCC,4,CCCC,selected_nonpfn_structure,2.1120982865809097,0.02201961967165059,2.1039305169098386,2.112668628458576,2.1440228603195273,2.0832414001659814,2.1166280270506244,False,2.120207335229314
alkane,5,CCCCC,5,CCCCC,selected_nonpfn_structure,2.32038668272717,0.02201639818474971,2.3259975680442233,2.3180122063314545,2.3548461746206133,2.3029207477411173,2.3001567168984405,False,2.3329519829987637
alkane,6,CCCCCC,6,CCCCCC,selected_nonpfn_structure,2.554354842335522,0.024345835807315776,2.550731992361807,2.5322357848052777,2.595896001248101,2.549457305931373,2.543453127331051,False,2.5596212594717285
alkane,7,CCCCCCC,7,CCCCCCC,selected_nonpfn_structure,2.7779193929181503,0.028454557980077143,2.775016386829062,2.747448228082665,2.8238295099542583,2.7792479430755677,2.7640548966491982,False,2.7820980416219947
alkane,8,CCCCCCCC,8,CCCCCCCC,selected_nonpfn_structure,2.8598597861077892,0.03397585436031185,2.8629248478147478,2.8173722743275675,2.9081483379712223,2.8701196473809274,2.8407338230444807,False,2.8628151533711788
alkane,9,CCCCCCCCC,9,CCCCCCCCC,selected_nonpfn_structure,3.0403813602570855,0.03458736465290424,3.0529821489080895,2.9930989240517034,3.082773267101519,3.0533181440128816,3.0197343172112348,False,3.042951446687104
alkane,10,CCCCCCCCCC,10,CCCCCCCCCC,selected_nonpfn_structure,3.1030840335223515,0.0313356353421075,3.123958871207887,3.059173083548994,3.1344995553375794,3.115352085748544,3.0824365717687527,False,3.105877170031487
alkane,11,CCCCCCCCCCC,11,CCCCCCCCCCC,selected_nonpfn_structure,3.159765297339322,0.02708394595545827,3.1884281224781477,3.12194553953354,3.1786192909046704,3.166744262826505,3.143089270953749,False,3.1629976509721196
alkane,12,CCCCCCCCCCCC,12,CCCCCCCCCCCC,selected_nonpfn_structure,3.217923669680114,0.024140117421415037,3.2514253849866757,3.185678317695645,3.2266773015199153,3.2175081901260043,3.2083291540723327,False,3.2212603347340782
alkane,13,CCCCCCCCCCCCC,13,CCCCCCCCCCCCC,selected_nonpfn_structure,3.2721312214597176,0.025061720306091943,3.3114796988781476,3.243876574926592,3.2721666591877163,3.2593624214422965,3.273770752863837,False,3.2758409776641515
alkane,14,CCCCCCCCCCCCCC,14,CCCCCCCCCCCCCC,selected_nonpfn_structure,3.3350965738172973,0.030369569545642412,3.380417371606768,3.309259523670918,3.33107456412656,3.306969554312114,3.3477618553701287,False,3.3402504864680815
alkane,15,CCCCCCCCCCCCCCC,15,CCCCCCCCCCCCCCC,selected_nonpfn_structure,3.4158670558788544,0.03272159052842431,3.4638618911640933,3.3896617479810196,3.411181635200255,3.3836046759696217,3.431025329079283,False,3.421568424781789
alkane,16,CCCCCCCCCCCCCCCC,16,CCCCCCCCCCCCCCCC,selected_nonpfn_structure,3.5385893593626165,0.02446301053449594,3.5750563929501142,3.5061611816647877,3.536733406545423,3.5393002946325645,3.535695521020192,False,3.5393169937201083
alkane,17,CCCCCCCCCCCCCCCCC,17,CCCCCCCCCCCCCCCCC,selected_nonpfn_structure,3.704371707693846,0.0394283863156279,3.7155509721081765,3.6601922250557495,3.711058804823609,3.760833467189273,3.674223069292421,False,3.695600667329179
alkane,18,CCCCCCCCCCCCCCCCCC,18,CCCCCCCCCCCCCCCCCC,selected_nonpfn_structure,3.904213599135074,0.062332207522549775,3.8866904807698264,3.8480454800025514,3.9281954221767235,4.000722539717567,3.8574140730087025,False,3.8876437943163666
alkane,19,CCCCCCCCCCCCCCCCCCC,19,CCCCCCCCCCCCCCCCCCC,selected_nonpfn_structure,4.12059435135225,0.0765723727115789,4.079078488294335,4.0535717459249225,4.162317321838489,4.23544150995911,4.0725626907443955,False,4.098322518685915
alkane,20,CCCCCCCCCCCCCCCCCCCC,20,CCCCCCCCCCCCCCCCCCCC,selected_nonpfn_structure,4.34434816688753,0.08476968784615976,4.286942505798717,4.269507915303259,4.399878093480701,4.465835224400604,4.299577095454372,False,4.318776171527559
alkane,21,CCCCCCCCCCCCCCCCCCCCC,21,CCCCCCCCCCCCCCCCCCCCC,selected_nonpfn_structure,4.565241950324839,0.08928428373780982,4.499987714914506,4.4857110668415325,4.629130407743136,4.689205509354884,4.522175052770133,False,4.538276396499725
alkane,22,CCCCCCCCCCCCCCCCCCCCCC,22,CCCCCCCCCCCCCCCCCCCCCC,selected_nonpfn_structure,4.782608185292097,0.0915383770400404,4.715538349249722,4.700820948156216,4.851983838710086,4.907077737630687,4.737620052713777,False,4.756114378705341
alkane,23,CCCCCCCCCCCCCCCCCCCCCCC,23,CCCCCCCCCCCCCCCCCCCCCCC,selected_nonpfn_structure,4.992292604991777,0.09235054599630194,4.926949807414773,4.909329518365879,5.064442342525504,5.11655790035388,4.944183456298847,False,4.966907222768718
alkane,24,CCCCCCCCCCCCCCCCCCCCCCCC,24,CCCCCCCCCCCCCCCCCCCCCCCC,selected_nonpfn_structure,5.197222150924704,0.09240963856120407,5.135611036849773,5.1132952000156555,5.270925720056353,5.320621366220386,5.145657431481351,False,5.173277318973927
alkane,25,CCCCCCCCCCCCCCCCCCCCCCCCC,25,CCCCCCCCCCCCCCCCCCCCCCCCC,selected_nonpfn_structure,5.394602709597,0.09199449499915523,5.337384233259773,5.309547132191454,5.468157780858131,5.517200643065592,5.340723758610047,False,5.37169638210312
alkane,26,CCCCCCCCCCCCCCCCCCCCCCCCCC,26,CCCCCCCCCCCCCCCCCCCCCCCCCC,selected_nonpfn_structure,5.588125631379409,0.09133871364142995,5.535789476016427,5.501524453627231,5.660702601341268,5.709801405571393,5.532810220340724,False,5.566005510328309
alkane,27,CCCCCCCCCCCCCCCCCCCCCCCCCCC,27,CCCCCCCCCCCCCCCCCCCCCCCCCCC,selected_nonpfn_structure,5.775298859214323,0.09053901853505805,5.727631134236476,5.686837052836927,5.845600284513652,5.896481230863627,5.719944593620933,False,5.753356157195685
alkane,28,CCCCCCCCCCCCCCCCCCCCCCCCCCCC,28,CCCCCCCCCCCCCCCCCCCCCCCCCCCC,selected_nonpfn_structure,5.959907183417704,0.0896859458709314,5.917053719160369,5.869158201924566,6.027301879511042,6.080671483716702,5.905350632775844,False,5.937837933531992
alkane,29,CCCCCCCCCCCCCCCCCCCCCCCCCCCCC,29,CCCCCCCCCCCCCCCCCCCCCCCCCCCCC,selected_nonpfn_structure,6.139499444056416,0.08886011535240497,6.101021575798,6.046249305400075,6.203023394230033,6.260340035860437,6.086862908993534,False,6.1167647584760365
alkane,30,CCCCCCCCCCCCCCCCCCCCCCCCCCCCCC,30,CCCCCCCCCCCCCCCCCCCCCCCCCCCCCC,selected_nonpfn_structure,6.317678962841558,0.08810438688414023,6.2836459093081976,6.221594926310098,6.376907815605272,6.438675735017303,6.267570427966922,False,6.2940495504078555
