coordinate,series,n,predicted_response,training_min,training_max,training_sd,outside_training_prediction_range,distance_from_training_mean_in_sd
combisolv_qm,glycine,0,-8.3200035,-28.178524017333984,4.130852699279785,4.591810880798378,False,-0.8424865970597772
combisolv_qm,glycine,1,-14.317588,-28.178524017333984,4.130852699279785,4.591810880798378,False,-2.148634575644906
combisolv_qm,glycine,2,-20.19234,-28.178524017333984,4.130852699279785,4.591810880798378,False,-3.42803221472593
combisolv_qm,glycine,3,-24.154724,-28.178524017333984,4.130852699279785,4.591810880798378,False,-4.290956255559045
combisolv_qm,glycine,4,-28.485504,-28.178524017333984,4.130852699279785,4.591810880798378,True,-5.234109210335571
combisolv_qm,glycine,5,-32.590866,-28.178524017333984,4.130852699279785,4.591810880798378,True,-6.128170857597098
combisolv_qm,glycine,6,-36.042976,-28.178524017333984,4.130852699279785,4.591810880798378,True,-6.879967934962747
combisolv_qm,glycine,7,-39.398567,-28.178524017333984,4.130852699279785,4.591810880798378,True,-7.610745200645029
combisolv_qm,glycine,8,-42.638798,-28.178524017333984,4.130852699279785,4.591810880798378,True,-8.316399480430311
combisolv_qm,glycine,9,-45.75684,-28.178524017333984,4.130852699279785,4.591810880798378,True,-8.995443561500537
combisolv_qm,glycine,10,-48.790062,-28.178524017333984,4.130852699279785,4.591810880798378,True,-9.656015627454746
combisolv_qm,glycine,11,-51.76512,-28.178524017333984,4.130852699279785,4.591810880798378,True,-10.303920795422536
combisolv_qm,glycine,12,-54.70351,-28.178524017333984,4.130852699279785,4.591810880798378,True,-10.943840442873066
combisolv_qm,alanine,0,-8.3200035,-28.178524017333984,4.130852699279785,4.591810880798378,False,-0.8424865970597772
combisolv_qm,alanine,1,-12.883006,-28.178524017333984,4.130852699279785,4.591810880798378,False,-1.8362127365837617
combisolv_qm,alanine,2,-17.49934,-28.178524017333984,4.130852699279785,4.591810880798378,False,-2.841553357057521
combisolv_qm,alanine,3,-21.035767,-28.178524017333984,4.130852699279785,4.591810880798378,False,-3.6117129067001934
combisolv_qm,alanine,4,-24.788555,-28.178524017333984,4.130852699279785,4.591810880798378,False,-4.428991339418986
combisolv_qm,alanine,5,-28.560966,-28.178524017333984,4.130852699279785,4.591810880798378,True,-5.250543249532517
combisolv_qm,alanine,6,-31.93346,-28.178524017333984,4.130852699279785,4.591810880798378,True,-5.985001633718763
combisolv_qm,alanine,7,-35.174232,-28.178524017333984,4.130852699279785,4.591810880798378,True,-6.690773731945189
combisolv_qm,alanine,8,-38.27187,-28.178524017333984,4.130852699279785,4.591810880798378,True,-7.365374250218582
combisolv_qm,alanine,9,-41.26461,-28.178524017333984,4.130852699279785,4.591810880798378,True,-8.01713018653442
combisolv_qm,alanine,10,-44.216644,-28.178524017333984,4.130852699279785,4.591810880798378,True,-8.660021210715001
combisolv_qm,alanine,11,-47.250454,-28.178524017333984,4.130852699279785,4.591810880798378,True,-9.320721330723538
combisolv_qm,alanine,12,-51.13567,-28.178524017333984,4.130852699279785,4.591810880798378,True,-10.166839801378948
combisolv_qm,alkane,1,-2.237447,-28.178524017333984,4.130852699279785,4.591810880798378,False,0.4821664990499708
combisolv_qm,alkane,2,0.67760277,-28.178524017333984,4.130852699279785,4.591810880798378,False,1.1170031344588665
combisolv_qm,alkane,3,0.819221,-28.178524017333984,4.130852699279785,4.591810880798378,False,1.1478446115310617
combisolv_qm,alkane,4,0.7317848,-28.178524017333984,4.130852699279785,4.591810880798378,False,1.1288028429848802
combisolv_qm,alkane,5,1.2659345,-28.178524017333984,4.130852699279785,4.591810880798378,False,1.245129432617232
combisolv_qm,alkane,6,1.6120162,-28.178524017333984,4.130852699279785,4.591810880798378,False,1.320498760532546
combisolv_qm,alkane,7,2.0707378,-28.178524017333984,4.130852699279785,4.591810880798378,False,1.4203986936761868
combisolv_qm,alkane,8,2.2192001,-28.178524017333984,4.130852699279785,4.591810880798378,False,1.452730665496025
combisolv_qm,alkane,9,2.5125508,-28.178524017333984,4.130852699279785,4.591810880798378,False,1.5166162887534436
combisolv_qm,alkane,10,2.622038,-28.178524017333984,4.130852699279785,4.591810880798378,False,1.5404603021159806
combisolv_qm,alkane,11,2.6985931,-28.178524017333984,4.130852699279785,4.591810880798378,False,1.557132395542156
combisolv_qm,alkane,12,2.6712093,-28.178524017333984,4.130852699279785,4.591810880798378,False,1.5511687788534745
combisolv_qm,alkane,13,2.668141,-28.178524017333984,4.130852699279785,4.591810880798378,False,1.5505005675356192
combisolv_qm,alkane,14,2.7163978,-28.178524017333984,4.130852699279785,4.591810880798378,False,1.5610098853739902
combisolv_qm,alkane,15,2.971056,-28.178524017333984,4.130852699279785,4.591810880798378,False,1.6164690945206268
combisolv_qm,alkane,16,3.16543,-28.178524017333984,4.130852699279785,4.591810880798378,False,1.658799670636646
combisolv_qm,alkane,17,3.326109,-28.178524017333984,4.130852699279785,4.591810880798378,False,1.6937921832141811
combisolv_qm,alkane,18,3.4551468,-28.178524017333984,4.130852699279785,4.591810880798378,False,1.7218939067715686
combisolv_qm,alkane,19,3.5557766,-28.178524017333984,4.130852699279785,4.591810880798378,False,1.743808964384417
combisolv_qm,alkane,20,3.631895,-28.178524017333984,4.130852699279785,4.591810880798378,False,1.7603859537195623
combisolv_qm,alkane,21,3.7011118,-28.178524017333984,4.130852699279785,4.591810880798378,False,1.775459919480967
combisolv_qm,alkane,22,3.7619953,-28.178524017333984,4.130852699279785,4.591810880798378,False,1.788719067468659
combisolv_qm,alkane,23,3.8109846,-28.178524017333984,4.130852699279785,4.591810880798378,False,1.7993879084274318
combisolv_qm,alkane,24,3.8482876,-28.178524017333984,4.130852699279785,4.591810880798378,False,1.8075117186122087
combisolv_qm,alkane,25,3.8810701,-28.178524017333984,4.130852699279785,4.591810880798378,False,1.8146510588095777
combisolv_qm,alkane,26,3.9096813,-28.178524017333984,4.130852699279785,4.591810880798378,False,1.820881977447722
combisolv_qm,alkane,27,3.930149,-28.178524017333984,4.130852699279785,4.591810880798378,False,1.8253394127671052
combisolv_qm,alkane,28,3.9429264,-28.178524017333984,4.130852699279785,4.591810880798378,False,1.8281220622123235
combisolv_qm,alkane,29,3.9479313,-28.178524017333984,4.130852699279785,4.591810880798378,False,1.8292120243492505
combisolv_qm,alkane,30,3.9502344,-28.178524017333984,4.130852699279785,4.591810880798378,False,1.8297135911732745
abraham_e,glycine,0,0.37702500000000005,-0.6221864819526672,3.8945510387420654,0.6430836324611896,False,-0.5523485814408368
abraham_e,glycine,1,0.5524505208333335,-0.6221864819526672,3.8945510387420654,0.6430836324611896,False,-0.2795605458288118
abraham_e,glycine,2,0.6497661458333334,-0.6221864819526672,3.8945510387420654,0.6430836324611896,False,-0.1282339996569607
abraham_e,glycine,3,0.7404989583333332,-0.6221864819526672,3.8945510387420654,0.6430836324611896,False,0.012856222391997506
abraham_e,glycine,4,0.865252083333333,-0.6221864819526672,3.8945510387420654,0.6430836324611896,False,0.2068482923231642
abraham_e,glycine,5,0.9568057291666667,-0.6221864819526672,3.8945510387420654,0.6430836324611896,False,0.34921491652559095
abraham_e,glycine,6,1.1534369791666674,-0.6221864819526672,3.8945510387420654,0.6430836324611896,False,0.6549780242686067
abraham_e,glycine,7,1.296725114583334,-0.6221864819526672,3.8945510387420654,0.6430836324611896,False,0.8777921781108975
abraham_e,glycine,8,1.431838656250001,-0.6221864819526672,3.8945510387420654,0.6430836324611896,False,1.0878947757303774
abraham_e,glycine,9,1.543451156250001,-0.6221864819526672,3.8945510387420654,0.6430836324611896,False,1.2614530726082505
abraham_e,glycine,10,1.5939594895833344,-0.6221864819526672,3.8945510387420654,0.6430836324611896,False,1.3399939198383837
abraham_e,glycine,11,1.7099973958333337,-0.6221864819526672,3.8945510387420654,0.6430836324611896,False,1.5204337575091116
abraham_e,glycine,12,1.7055957395833339,-0.6221864819526672,3.8945510387420654,0.6430836324611896,False,1.5135891481491224
abraham_e,alanine,0,0.37702500000000005,-0.6221864819526672,3.8945510387420654,0.6430836324611896,False,-0.5523485814408368
abraham_e,alanine,1,0.5133135416666665,-0.6221864819526672,3.8945510387420654,0.6430836324611896,False,-0.34041884977426146
abraham_e,alanine,2,0.6329427083333334,-0.6221864819526672,3.8945510387420654,0.6430836324611896,False,-0.15439457450414473
abraham_e,alanine,3,0.8657942708333335,-0.6221864819526672,3.8945510387420654,0.6430836324611896,False,0.20769139806032225
abraham_e,alanine,4,1.1401156250000002,-0.6221864819526672,3.8945510387420654,0.6430836324611896,False,0.6342632159695926
abraham_e,alanine,5,1.4299485520833337,-0.6221864819526672,3.8945510387420654,0.6430836324611896,False,1.0849556491980576
abraham_e,alanine,6,1.7394693854166676,-0.6221864819526672,3.8945510387420654,0.6430836324611896,False,1.566262928235382
abraham_e,alanine,7,1.9484614583333333,-0.6221864819526672,3.8945510387420654,0.6430836324611896,False,1.8912472107878984
abraham_e,alanine,8,2.173277083333332,-0.6221864819526672,3.8945510387420654,0.6430836324611896,False,2.240837238665907
abraham_e,alanine,9,2.387593749999998,-0.6221864819526672,3.8945510387420654,0.6430836324611896,False,2.574101305497215
abraham_e,alanine,10,2.4962989583333313,-0.6221864819526672,3.8945510387420654,0.6430836324611896,False,2.743138741448275
abraham_e,alanine,11,2.6034416666666633,-0.6221864819526672,3.8945510387420654,0.6430836324611896,False,2.90974647786862
abraham_e,alanine,12,2.5945795937499967,-0.6221864819526672,3.8945510387420654,0.6430836324611896,False,2.8959658862482893
abraham_e,alkane,1,0.05552031250000002,-0.6221864819526672,3.8945510387420654,0.6430836324611896,False,-1.0522908459788836
abraham_e,alkane,2,0.10005,-0.6221864819526672,3.8945510387420654,0.6430836324611896,False,-0.983046839053101
abraham_e,alkane,3,0.07270104166666667,-0.6221864819526672,3.8945510387420654,0.6430836324611896,False,-1.0255746798390097
abraham_e,alkane,4,0.04503125000000001,-0.6221864819526672,3.8945510387420654,0.6430836324611896,False,-1.0686014189285582
abraham_e,alkane,5,0.027913020833333323,-0.6221864819526672,3.8945510387420654,0.6430836324611896,False,-1.0952203970872034
abraham_e,alkane,6,0.014523437499999996,-0.6221864819526672,3.8945510387420654,0.6430836324611896,False,-1.1160413022657245
abraham_e,alkane,7,0.0021333333333333334,-0.6221864819526672,3.8945510387420654,0.6430836324611896,False,-1.135308009644433
abraham_e,alkane,8,0.0008968750000000001,-0.6221864819526672,3.8945510387420654,0.6430836324611896,False,-1.1372307118730702
abraham_e,alkane,9,0.0005437500000000001,-0.6221864819526672,3.8945510387420654,0.6430836324611896,False,-1.1377798239670116
abraham_e,alkane,10,0.00047916666666666664,-0.6221864819526672,3.8945510387420654,0.6430836324611896,False,-1.1378802515476143
abraham_e,alkane,11,-0.0001479166666666667,-0.6221864819526672,3.8945510387420654,0.6430836324611896,False,-1.1388553709592737
abraham_e,alkane,12,-8.854166666666667e-05,-0.6221864819526672,3.8945510387420654,0.6430836324611896,False,-1.1387630423771067
abraham_e,alkane,13,-0.000246875,-0.6221864819526672,3.8945510387420654,0.6430836324611896,False,-1.139009251929552
abraham_e,alkane,14,-9.375e-05,-0.6221864819526672,3.8945510387420654,0.6430836324611896,False,-1.1387711413755424
abraham_e,alkane,15,0.0,-0.6221864819526672,3.8945510387420654,0.6430836324611896,False,-1.1386253594036995
abraham_e,alkane,16,0.0,-0.6221864819526672,3.8945510387420654,0.6430836324611896,False,-1.1386253594036995
abraham_e,alkane,17,-5.3125000000000004e-05,-0.6221864819526672,3.8945510387420654,0.6430836324611896,False,-1.1387079691877438
abraham_e,alkane,18,0.0007395833333333333,-0.6221864819526672,3.8945510387420654,0.6430836324611896,False,-1.1374753016258288
abraham_e,alkane,19,0.0005447916666666667,-0.6221864819526672,3.8945510387420654,0.6430836324611896,False,-1.1377782041673243
abraham_e,alkane,20,2.2916666666666667e-05,-0.6221864819526672,3.8945510387420654,0.6430836324611896,False,-1.1385897238105824
abraham_e,alkane,21,0.0,-0.6221864819526672,3.8945510387420654,0.6430836324611896,False,-1.1386253594036995
abraham_e,alkane,22,0.0,-0.6221864819526672,3.8945510387420654,0.6430836324611896,False,-1.1386253594036995
abraham_e,alkane,23,0.0,-0.6221864819526672,3.8945510387420654,0.6430836324611896,False,-1.1386253594036995
abraham_e,alkane,24,0.0,-0.6221864819526672,3.8945510387420654,0.6430836324611896,False,-1.1386253594036995
abraham_e,alkane,25,0.0,-0.6221864819526672,3.8945510387420654,0.6430836324611896,False,-1.1386253594036995
abraham_e,alkane,26,0.0,-0.6221864819526672,3.8945510387420654,0.6430836324611896,False,-1.1386253594036995
abraham_e,alkane,27,0.0,-0.6221864819526672,3.8945510387420654,0.6430836324611896,False,-1.1386253594036995
abraham_e,alkane,28,0.0,-0.6221864819526672,3.8945510387420654,0.6430836324611896,False,-1.1386253594036995
abraham_e,alkane,29,0.0,-0.6221864819526672,3.8945510387420654,0.6430836324611896,False,-1.1386253594036995
abraham_e,alkane,30,0.0,-0.6221864819526672,3.8945510387420654,0.6430836324611896,False,-1.1386253594036995
abraham_s,glycine,0,1.3148020833333336,-0.1145312488079071,3.8858749866485596,0.5862688740895584,False,0.758051427778413
abraham_s,glycine,1,1.4879895833333339,-0.1145312488079071,3.8858749866485596,0.5862688740895584,False,1.0534576955407096
abraham_s,glycine,2,1.8109322916666681,-0.1145312488079071,3.8858749866485596,0.5862688740895584,False,1.6043017239480604
abraham_s,glycine,3,2.207104166666668,-0.1145312488079071,3.8858749866485596,0.5862688740895584,False,2.280052889512209
abraham_s,glycine,4,2.624802083333333,-0.1145312488079071,3.8858749866485596,0.5862688740895584,False,2.992521067727069
abraham_s,glycine,5,2.8579427083333324,-0.1145312488079071,3.8858749866485596,0.5862688740895584,False,3.3901895016210792
abraham_s,glycine,6,3.0676093750000013,-0.1145312488079071,3.8858749866485596,0.5862688740895584,False,3.74781835748055
abraham_s,glycine,7,3.3707604166666676,-0.1145312488079071,3.8858749866485596,0.5862688740895584,False,4.264903700169845
abraham_s,glycine,8,3.4644479166666664,-0.1145312488079071,3.8858749866485596,0.5862688740895584,False,4.424706657721514
abraham_s,glycine,9,3.6252187499999997,-0.1145312488079071,3.8858749866485596,0.5862688740895584,False,4.698933792128063
abraham_s,glycine,10,3.7057708333333332,-0.1145312488079071,3.8858749866485596,0.5862688740895584,False,4.836331643000542
abraham_s,glycine,11,3.7193437499999993,-0.1145312488079071,3.8858749866485596,0.5862688740895584,False,4.859482994311396
abraham_s,glycine,12,3.778322916666667,-0.1145312488079071,3.8858749866485596,0.5862688740895584,False,4.960083877751199
abraham_s,alanine,0,1.3148020833333336,-0.1145312488079071,3.8858749866485596,0.5862688740895584,False,0.758051427778413
abraham_s,alanine,1,1.4380000000000004,-0.1145312488079071,3.8858749866485596,0.5862688740895584,False,0.9681903625086355
abraham_s,alanine,2,1.7573854166666671,-0.1145312488079071,3.8858749866485596,0.5862688740895584,False,1.5129667113513978
abraham_s,alanine,3,2.2370208333333332,-0.1145312488079071,3.8858749866485596,0.5862688740895584,False,2.3310818081344435
abraham_s,alanine,4,2.6767916666666687,-0.1145312488079071,3.8858749866485596,0.5862688740895584,False,3.0811998047896028
abraham_s,alanine,5,3.044619791666668,-0.1145312488079071,3.8858749866485596,0.5862688740895584,False,3.7086049788596323
abraham_s,alanine,6,3.3078333333333347,-0.1145312488079071,3.8858749866485596,0.5862688740895584,False,4.157568847315759
abraham_s,alanine,7,3.436364583333333,-0.1145312488079071,3.8858749866485596,0.5862688740895584,False,4.376804859460528
abraham_s,alanine,8,3.6518541666666673,-0.1145312488079071,3.8858749866485596,0.5862688740895584,False,4.744365876012835
abraham_s,alanine,9,3.7507187499999994,-0.1145312488079071,3.8858749866485596,0.5862688740895584,False,4.912999395039174
abraham_s,alanine,10,3.85040625,-0.1145312488079071,3.8858749866485596,0.5862688740895584,False,5.083036564682215
abraham_s,alanine,11,4.048270833333332,-0.1145312488079071,3.8858749866485596,0.5862688740895584,True,5.420534583216123
abraham_s,alanine,12,4.430583333333331,-0.1145312488079071,3.8858749866485596,0.5862688740895584,True,6.072645784912971
abraham_s,alkane,1,0.07948333333333335,-0.1145312488079071,3.8858749866485596,0.5862688740895584,False,-1.3490342535454996
abraham_s,alkane,2,0.05197395833333336,-0.1145312488079071,3.8858749866485596,0.5862688740895584,False,-1.3959570499206617
abraham_s,alkane,3,0.028786458333333338,-0.1145312488079071,3.8858749866485596,0.5862688740895584,False,-1.4355080153987605
abraham_s,alkane,4,0.022859374999999998,-0.1145312488079071,3.8858749866485596,0.5862688740895584,False,-1.4456178533848514
abraham_s,alkane,5,0.015369791666666664,-0.1145312488079071,3.8858749866485596,0.5862688740895584,False,-1.4583928507697361
abraham_s,alkane,6,0.008557291666666666,-0.1145312488079071,3.8858749866485596,0.5862688740895584,False,-1.4700129457484767
abraham_s,alkane,7,0.0023541666666666667,-0.1145312488079071,3.8858749866485596,0.5862688740895584,False,-1.4805936285616879
abraham_s,alkane,8,0.0019999999999999996,-0.1145312488079071,3.8858749866485596,0.5862688740895584,False,-1.4811977313587477
abraham_s,alkane,9,0.0,-0.1145312488079071,3.8858749866485596,0.5862688740895584,False,-1.4846091353892037
abraham_s,alkane,10,0.0,-0.1145312488079071,3.8858749866485596,0.5862688740895584,False,-1.4846091353892037
abraham_s,alkane,11,-0.00071875,-0.1145312488079071,3.8858749866485596,0.5862688740895584,False,-1.4858351087126487
abraham_s,alkane,12,0.0,-0.1145312488079071,3.8858749866485596,0.5862688740895584,False,-1.4846091353892037
abraham_s,alkane,13,0.0004791666666666667,-0.1145312488079071,3.8858749866485596,0.5862688740895584,False,-1.4837918198402402
abraham_s,alkane,14,0.0006875000000000001,-0.1145312488079071,3.8858749866485596,0.5862688740895584,False,-1.4834364652537346
abraham_s,alkane,15,0.0,-0.1145312488079071,3.8858749866485596,0.5862688740895584,False,-1.4846091353892037
abraham_s,alkane,16,0.00044791666666666667,-0.1145312488079071,3.8858749866485596,0.5862688740895584,False,-1.4838451230282161
abraham_s,alkane,17,6.250000000000001e-05,-0.1145312488079071,3.8858749866485596,0.5862688740895584,False,-1.484502529013252
abraham_s,alkane,18,0.0,-0.1145312488079071,3.8858749866485596,0.5862688740895584,False,-1.4846091353892037
abraham_s,alkane,19,0.0,-0.1145312488079071,3.8858749866485596,0.5862688740895584,False,-1.4846091353892037
abraham_s,alkane,20,0.0,-0.1145312488079071,3.8858749866485596,0.5862688740895584,False,-1.4846091353892037
abraham_s,alkane,21,0.0,-0.1145312488079071,3.8858749866485596,0.5862688740895584,False,-1.4846091353892037
abraham_s,alkane,22,0.0,-0.1145312488079071,3.8858749866485596,0.5862688740895584,False,-1.4846091353892037
abraham_s,alkane,23,0.0,-0.1145312488079071,3.8858749866485596,0.5862688740895584,False,-1.4846091353892037
abraham_s,alkane,24,0.0,-0.1145312488079071,3.8858749866485596,0.5862688740895584,False,-1.4846091353892037
abraham_s,alkane,25,0.0,-0.1145312488079071,3.8858749866485596,0.5862688740895584,False,-1.4846091353892037
abraham_s,alkane,26,0.0,-0.1145312488079071,3.8858749866485596,0.5862688740895584,False,-1.4846091353892037
abraham_s,alkane,27,0.0,-0.1145312488079071,3.8858749866485596,0.5862688740895584,False,-1.4846091353892037
abraham_s,alkane,28,0.0,-0.1145312488079071,3.8858749866485596,0.5862688740895584,False,-1.4846091353892037
abraham_s,alkane,29,0.0,-0.1145312488079071,3.8858749866485596,0.5862688740895584,False,-1.4846091353892037
abraham_s,alkane,30,0.0,-0.1145312488079071,3.8858749866485596,0.5862688740895584,False,-1.4846091353892037
abraham_a,glycine,0,0.3984270833333329,0.0,1.705744743347168,0.2527353678297986,False,0.9900860577957792
abraham_a,glycine,1,0.47771562499999964,0.0,1.705744743347168,0.2527353678297986,False,1.303807648673644
abraham_a,glycine,2,0.8121458333333333,0.0,1.705744743347168,0.2527353678297986,False,2.6270502609167847
abraham_a,glycine,3,0.9834114583333335,0.0,1.705744743347168,0.2527353678297986,False,3.304698294393986
abraham_a,glycine,4,1.0850729166666668,0.0,1.705744743347168,0.2527353678297986,False,3.7069429790468913
abraham_a,glycine,5,1.1714479166666665,0.0,1.705744743347168,0.2527353678297986,False,4.048703614852196
abraham_a,glycine,6,1.2821874999999994,0.0,1.705744743347168,0.2527353678297986,False,4.486867787457864
abraham_a,glycine,7,1.3886562499999997,0.0,1.705744743347168,0.2527353678297986,False,4.908133520521788
abraham_a,glycine,8,1.4550312499999998,0.0,1.705744743347168,0.2527353678297986,False,5.1707600004242735
abraham_a,glycine,9,1.5429895833333331,0.0,1.705744743347168,0.2527353678297986,False,5.518785423571887
abraham_a,glycine,10,1.775260416666668,0.0,1.705744743347168,0.2527353678297986,True,6.437813240405796
abraham_a,glycine,11,1.8142604166666676,0.0,1.705744743347168,0.2527353678297986,True,6.592124844416295
abraham_a,glycine,12,1.9720625000000005,0.0,1.705744743347168,0.2527353678297986,True,7.216501577630788
abraham_a,alanine,0,0.3984270833333329,0.0,1.705744743347168,0.2527353678297986,False,0.9900860577957792
abraham_a,alanine,1,0.42663125000000024,0.0,1.705744743347168,0.2527353678297986,False,1.1016817039012388
abraham_a,alanine,2,0.7579270833333336,0.0,1.705744743347168,0.2527353678297986,False,2.4125225101489827
abraham_a,alanine,3,0.9353593750000002,0.0,1.705744743347168,0.2527353678297986,False,3.1145702416962195
abraham_a,alanine,4,1.0443385416666664,0.0,1.705744743347168,0.2527353678297986,False,3.5457689599541915
abraham_a,alanine,5,1.1120208333333328,0.0,1.705744743347168,0.2527353678297986,False,3.813568010984699
abraham_a,alanine,6,1.2042187499999997,0.0,1.705744743347168,0.2527353678297986,False,4.178368226555463
abraham_a,alanine,7,1.556729166666667,0.0,1.705744743347168,0.2527353678297986,False,5.5731489400488785
abraham_a,alanine,8,1.7012083333333332,0.0,1.705744743347168,0.2527353678297986,False,6.144810785034357
abraham_a,alanine,9,1.8191770833333336,0.0,1.705744743347168,0.2527353678297986,True,6.6115786577424025
abraham_a,alanine,10,2.0618958333333355,0.0,1.705744743347168,0.2527353678297986,True,7.571945827894297
abraham_a,alanine,11,2.1466979166666684,0.0,1.705744743347168,0.2527353678297986,True,7.907482892063495
abraham_a,alanine,12,2.3080416666666688,0.0,1.705744743347168,0.2527353678297986,True,8.545872965385781
abraham_a,alkane,1,0.3877197916666662,0.0,1.705744743347168,0.2527353678297986,False,0.9477204333934306
abraham_a,alkane,2,0.023979166666666663,0.0,1.705744743347168,0.2527353678297986,False,-0.49149493295353835
abraham_a,alkane,3,0.0018437500000000003,0.0,1.705744743347168,0.2527353678297986,False,-0.579078308627233
abraham_a,alkane,4,0.0,0.0,1.705744743347168,0.2527353678297986,False,-0.5863734886245243
abraham_a,alkane,5,0.0,0.0,1.705744743347168,0.2527353678297986,False,-0.5863734886245243
abraham_a,alkane,6,0.0,0.0,1.705744743347168,0.2527353678297986,False,-0.5863734886245243
abraham_a,alkane,7,0.0,0.0,1.705744743347168,0.2527353678297986,False,-0.5863734886245243
abraham_a,alkane,8,0.0,0.0,1.705744743347168,0.2527353678297986,False,-0.5863734886245243
abraham_a,alkane,9,0.0,0.0,1.705744743347168,0.2527353678297986,False,-0.5863734886245243
abraham_a,alkane,10,0.0,0.0,1.705744743347168,0.2527353678297986,False,-0.5863734886245243
abraham_a,alkane,11,0.0,0.0,1.705744743347168,0.2527353678297986,False,-0.5863734886245243
abraham_a,alkane,12,0.0,0.0,1.705744743347168,0.2527353678297986,False,-0.5863734886245243
abraham_a,alkane,13,0.0,0.0,1.705744743347168,0.2527353678297986,False,-0.5863734886245243
abraham_a,alkane,14,0.0,0.0,1.705744743347168,0.2527353678297986,False,-0.5863734886245243
abraham_a,alkane,15,0.0,0.0,1.705744743347168,0.2527353678297986,False,-0.5863734886245243
abraham_a,alkane,16,0.0,0.0,1.705744743347168,0.2527353678297986,False,-0.5863734886245243
abraham_a,alkane,17,0.0,0.0,1.705744743347168,0.2527353678297986,False,-0.5863734886245243
abraham_a,alkane,18,0.0,0.0,1.705744743347168,0.2527353678297986,False,-0.5863734886245243
abraham_a,alkane,19,0.0,0.0,1.705744743347168,0.2527353678297986,False,-0.5863734886245243
abraham_a,alkane,20,0.0,0.0,1.705744743347168,0.2527353678297986,False,-0.5863734886245243
abraham_a,alkane,21,0.0,0.0,1.705744743347168,0.2527353678297986,False,-0.5863734886245243
abraham_a,alkane,22,0.0,0.0,1.705744743347168,0.2527353678297986,False,-0.5863734886245243
abraham_a,alkane,23,0.0,0.0,1.705744743347168,0.2527353678297986,False,-0.5863734886245243
abraham_a,alkane,24,0.0,0.0,1.705744743347168,0.2527353678297986,False,-0.5863734886245243
abraham_a,alkane,25,0.0,0.0,1.705744743347168,0.2527353678297986,False,-0.5863734886245243
abraham_a,alkane,26,0.0,0.0,1.705744743347168,0.2527353678297986,False,-0.5863734886245243
abraham_a,alkane,27,0.0,0.0,1.705744743347168,0.2527353678297986,False,-0.5863734886245243
abraham_a,alkane,28,0.0,0.0,1.705744743347168,0.2527353678297986,False,-0.5863734886245243
abraham_a,alkane,29,0.0,0.0,1.705744743347168,0.2527353678297986,False,-0.5863734886245243
abraham_a,alkane,30,0.0,0.0,1.705744743347168,0.2527353678297986,False,-0.5863734886245243
abraham_b,glycine,0,0.6669791666666665,0.0,3.200124979019165,0.39893869064101634,False,0.44361166098168003
abraham_b,glycine,1,0.9836250000000003,0.0,3.200124979019165,0.39893869064101634,False,1.23733220191128
abraham_b,glycine,2,1.3061927083333336,0.0,3.200124979019165,0.39893869064101634,False,2.045896815724571
abraham_b,glycine,3,1.6081927083333334,0.0,3.200124979019165,0.39893869064101634,False,2.8029053663736567
abraham_b,glycine,4,1.8020781250000002,0.0,3.200124979019165,0.39893869064101634,False,3.288908406979046
abraham_b,glycine,5,2.3966562500000004,0.0,3.200124979019165,0.39893869064101634,False,4.779308157488654
abraham_b,glycine,6,2.9551249999999993,0.0,3.200124979019165,0.39893869064101634,False,6.1791943131850315
abraham_b,glycine,7,3.4434427083333348,0.0,3.200124979019165,0.39893869064101634,True,7.403236302064838
abraham_b,glycine,8,4.105473958333332,0.0,3.200124979019165,0.39893869064101634,True,9.062717484339343
abraham_b,glycine,9,5.003322916666667,0.0,3.200124979019165,0.39893869064101634,True,11.313311320927788
abraham_b,glycine,10,6.004364583333334,0.0,3.200124979019165,0.39893869064101634,True,13.822573245506199
abraham_b,glycine,11,6.566854166666667,0.0,3.200124979019165,0.39893869064101634,True,15.232538226414723
abraham_b,glycine,12,6.7141770833333325,0.0,3.200124979019165,0.39893869064101634,True,15.601825337749917
abraham_b,alanine,0,0.6669791666666665,0.0,3.200124979019165,0.39893869064101634,False,0.44361166098168003
abraham_b,alanine,1,0.9891875000000002,0.0,3.200124979019165,0.39893869064101634,False,1.251275447152954
abraham_b,alanine,2,1.36803125,0.0,3.200124979019165,0.39893869064101634,False,2.2009044475170754
abraham_b,alanine,3,1.6822166666666667,0.0,3.200124979019165,0.39893869064101634,False,2.988457582967117
abraham_b,alanine,4,2.293609375,0.0,3.200124979019165,0.39893869064101634,False,4.52100562274472
abraham_b,alanine,5,2.925677083333332,0.0,3.200124979019165,0.39893869064101634,False,6.105378668431824
abraham_b,alanine,6,3.3904114583333325,0.0,3.200124979019165,0.39893869064101634,True,7.270305475238311
abraham_b,alanine,7,3.879406250000001,0.0,3.200124979019165,0.39893869064101634,True,8.496044675617572
abraham_b,alanine,8,4.804125,0.0,3.200124979019165,0.39893869064101634,True,10.813991697788213
abraham_b,alanine,9,6.121281249999999,0.0,3.200124979019165,0.39893869064101634,True,14.115642505042802
abraham_b,alanine,10,6.85946875,0.0,3.200124979019165,0.39893869064101634,True,15.96602081458675
abraham_b,alanine,11,7.154447916666665,0.0,3.200124979019165,0.39893869064101634,True,16.705430587533794
abraham_b,alanine,12,7.253020833333331,0.0,3.200124979019165,0.39893869064101634,True,16.952518470908252
abraham_b,alkane,1,0.048061458333333335,0.0,3.200124979019165,0.39893869064101634,False,-1.107798926291401
abraham_b,alkane,2,0.03241875,0.0,3.200124979019165,0.39893869064101634,False,-1.1470097341180336
abraham_b,alkane,3,0.024188541666666674,0.0,3.200124979019165,0.39893869064101634,False,-1.167639992667559
abraham_b,alkane,4,0.0187625,0.0,3.200124979019165,0.39893869064101634,False,-1.1812411845147275
abraham_b,alkane,5,0.011171875000000001,0.0,3.200124979019165,0.39893869064101634,False,-1.200268230970922
abraham_b,alkane,6,0.0064375000000000005,0.0,3.200124979019165,0.39893869064101634,False,-1.2121356559940322
abraham_b,alkane,7,0.0002708333333333333,0.0,3.200124979019165,0.39893869064101634,False,-1.2275933361121425
abraham_b,alkane,8,0.00020833333333333332,0.0,3.200124979019165,0.39893869064101634,False,-1.2277500017890155
abraham_b,alkane,9,0.0,0.0,3.200124979019165,0.39893869064101634,False,-1.2282722207119245
abraham_b,alkane,10,0.0,0.0,3.200124979019165,0.39893869064101634,False,-1.2282722207119245
abraham_b,alkane,11,0.0,0.0,3.200124979019165,0.39893869064101634,False,-1.2282722207119245
abraham_b,alkane,12,0.0,0.0,3.200124979019165,0.39893869064101634,False,-1.2282722207119245
abraham_b,alkane,13,0.0,0.0,3.200124979019165,0.39893869064101634,False,-1.2282722207119245
abraham_b,alkane,14,0.0,0.0,3.200124979019165,0.39893869064101634,False,-1.2282722207119245
abraham_b,alkane,15,0.00020833333333333332,0.0,3.200124979019165,0.39893869064101634,False,-1.2277500017890155
abraham_b,alkane,16,0.0,0.0,3.200124979019165,0.39893869064101634,False,-1.2282722207119245
abraham_b,alkane,17,0.00021875000000000003,0.0,3.200124979019165,0.39893869064101634,False,-1.2277238908428698
abraham_b,alkane,18,0.00021875000000000003,0.0,3.200124979019165,0.39893869064101634,False,-1.2277238908428698
abraham_b,alkane,19,0.00046875,0.0,3.200124979019165,0.39893869064101634,False,-1.227097228135379
abraham_b,alkane,20,0.0,0.0,3.200124979019165,0.39893869064101634,False,-1.2282722207119245
abraham_b,alkane,21,0.0,0.0,3.200124979019165,0.39893869064101634,False,-1.2282722207119245
abraham_b,alkane,22,8.333333333333334e-05,0.0,3.200124979019165,0.39893869064101634,False,-1.2280633331427608
abraham_b,alkane,23,8.333333333333334e-05,0.0,3.200124979019165,0.39893869064101634,False,-1.2280633331427608
abraham_b,alkane,24,0.0,0.0,3.200124979019165,0.39893869064101634,False,-1.2282722207119245
abraham_b,alkane,25,0.0,0.0,3.200124979019165,0.39893869064101634,False,-1.2282722207119245
abraham_b,alkane,26,0.0,0.0,3.200124979019165,0.39893869064101634,False,-1.2282722207119245
abraham_b,alkane,27,0.0,0.0,3.200124979019165,0.39893869064101634,False,-1.2282722207119245
abraham_b,alkane,28,0.0,0.0,3.200124979019165,0.39893869064101634,False,-1.2282722207119245
abraham_b,alkane,29,0.0,0.0,3.200124979019165,0.39893869064101634,False,-1.2282722207119245
abraham_b,alkane,30,0.0,0.0,3.200124979019165,0.39893869064101634,False,-1.2282722207119245
abraham_l,glycine,0,3.1437468750000006,0.02740958333015442,19.703744888305664,2.988019617146316,False,-0.8123285634619111
abraham_l,glycine,1,5.011755729166667,0.02740958333015442,19.703744888305664,2.988019617146316,False,-0.18716236861922367
abraham_l,glycine,2,6.797072916666669,0.02740958333015442,19.703744888305664,2.988019617146316,False,0.4103294206766763
abraham_l,glycine,3,9.073299166666668,0.02740958333015442,19.703744888305664,2.988019617146316,False,1.1721136596214967
abraham_l,glycine,4,10.765615624999992,0.02740958333015442,19.703744888305664,2.988019617146316,False,1.7384809112359811
abraham_l,glycine,5,12.850424164690097,0.02740958333015442,19.703744888305664,2.988019617146316,False,2.4362034187211177
abraham_l,glycine,6,14.024102216765566,0.02740958333015442,19.703744888305664,2.988019617146316,False,2.828998046085841
abraham_l,glycine,7,17.178077108333344,0.02740958333015442,19.703744888305664,2.988019617146316,False,3.884538268602839
abraham_l,glycine,8,19.04606354166666,0.02740958333015442,19.703744888305664,2.988019617146316,False,4.50969695986917
abraham_l,glycine,9,22.30312499999999,0.02740958333015442,19.703744888305664,2.988019617146316,True,5.599737145563788
abraham_l,glycine,10,23.461060416666662,0.02740958333015442,19.703744888305664,2.988019617146316,True,5.987263187903681
abraham_l,glycine,11,26.293798278229566,0.02740958333015442,19.703744888305664,2.988019617146316,True,6.935295070059892
abraham_l,glycine,12,28.113352105669215,0.02740958333015442,19.703744888305664,2.988019617146316,True,7.544244829625861
abraham_l,alanine,0,3.1437468750000006,0.02740958333015442,19.703744888305664,2.988019617146316,False,-0.8123285634619111
abraham_l,alanine,1,5.2790102083333315,0.02740958333015442,19.703744888305664,2.988019617146316,False,-0.09772035905775225
abraham_l,alanine,2,8.000147187500001,0.02740958333015442,19.703744888305664,2.988019617146316,False,0.8129620754054693
abraham_l,alanine,3,10.0949125,0.02740958333015442,19.703744888305664,2.988019617146316,False,1.5140168142965702
abraham_l,alanine,4,13.20688145635676,0.02740958333015442,19.703744888305664,2.988019617146316,False,2.5554989178608105
abraham_l,alanine,5,15.558931249999992,0.02740958333015442,19.703744888305664,2.988019617146316,False,3.3426590088275283
abraham_l,alanine,6,18.219252083333338,0.02740958333015442,19.703744888305664,2.988019617146316,False,4.232988114455711
abraham_l,alanine,7,21.53141041666668,0.02740958333015442,19.703744888305664,2.988019617146316,True,5.341467561620986
abraham_l,alanine,8,24.065732291666674,0.02740958333015442,19.703744888305664,2.988019617146316,True,6.189628618013372
abraham_l,alanine,9,27.531948639792468,0.02740958333015442,19.703744888305664,2.988019617146316,True,7.349666633907049
abraham_l,alanine,10,30.050189862151626,0.02740958333015442,19.703744888305664,2.988019617146316,True,8.19244598110698
abraham_l,alanine,11,31.93740754979881,0.02740958333015442,19.703744888305664,2.988019617146316,True,8.824040792873829
abraham_l,alanine,12,33.98664487936043,0.02740958333015442,19.703744888305664,2.988019617146316,True,9.509858689718406
abraham_l,alkane,1,0.06763708333333328,0.02740958333015442,19.703744888305664,2.988019617146316,False,-1.8418096866830769
abraham_l,alkane,2,0.8016982291666667,0.02740958333015442,19.703744888305664,2.988019617146316,False,-1.5961415720492136
abraham_l,alkane,3,1.4327590624999995,0.02740958333015442,19.703744888305664,2.988019617146316,False,-1.3849445538930805
abraham_l,alkane,4,1.8484588541666676,0.02740958333015442,19.703744888305664,2.988019617146316,False,-1.245822377692752
abraham_l,alkane,5,2.2516431250000024,0.02740958333015442,19.703744888305664,2.988019617146316,False,-1.1108887686495847
abraham_l,alkane,6,2.7123375,0.02740958333015442,19.703744888305664,2.988019617146316,False,-0.9567082631547849
abraham_l,alkane,7,3.1692411458333347,0.02740958333015442,19.703744888305664,2.988019617146316,False,-0.8037964003238115
abraham_l,alkane,8,3.648853854166668,0.02740958333015442,19.703744888305664,2.988019617146316,False,-0.6432844995380385
abraham_l,alkane,9,4.187387500000001,0.02740958333015442,19.703744888305664,2.988019617146316,False,-0.46305353895697804
abraham_l,alkane,10,4.700754166666662,0.02740958333015442,19.703744888305664,2.988019617146316,False,-0.29124520686947064
abraham_l,alkane,11,5.2009833333333315,0.02740958333015442,19.703744888305664,2.988019617146316,False,-0.12383359959749105
abraham_l,alkane,12,5.702193749999999,0.02740958333015442,19.703744888305664,2.988019617146316,False,0.04390640243949182
abraham_l,alkane,13,6.223984375000004,0.02740958333015442,19.703744888305664,2.988019617146316,False,0.2185339791815538
abraham_l,alkane,14,6.729854166666665,0.02740958333015442,19.703744888305664,2.988019617146316,False,0.3878333334307028
abraham_l,alkane,15,7.176182187499997,0.02740958333015442,19.703744888305664,2.988019617146316,False,0.5372058537020369
abraham_l,alkane,16,7.713505416666668,0.02740958333015442,19.703744888305664,2.988019617146316,False,0.7170317243500474
abraham_l,alkane,17,8.207977083333336,0.02740958333015442,19.703744888305664,2.988019617146316,False,0.8825164701091497
abraham_l,alkane,18,8.689462500000001,0.02740958333015442,19.703744888305664,2.988019617146316,False,1.0436551098636315
abraham_l,alkane,19,9.255276041666667,0.02740958333015442,19.703744888305664,2.988019617146316,False,1.2330158283876422
abraham_l,alkane,20,9.800259374999994,0.02740958333015442,19.703744888305664,2.988019617146316,False,1.4154053047505213
abraham_l,alkane,21,10.309279166666668,0.02740958333015442,19.703744888305664,2.988019617146316,False,1.5857588689459297
abraham_l,alkane,22,10.785944791666674,0.02740958333015442,19.703744888305664,2.988019617146316,False,1.7452844698706123
abraham_l,alkane,23,11.301664583333332,0.02740958333015442,19.703744888305664,2.988019617146316,False,1.917880321888208
abraham_l,alkane,24,11.723545833333342,0.02740958333015442,19.703744888305664,2.988019617146316,False,2.0590712456623037
abraham_l,alkane,25,12.204084374999994,0.02740958333015442,19.703744888305664,2.988019617146316,False,2.2198929949269846
abraham_l,alkane,26,12.740549503474835,0.02740958333015442,19.703744888305664,2.988019617146316,False,2.3994316851673076
abraham_l,alkane,27,13.30008075347483,0.02740958333015442,19.703744888305664,2.988019617146316,False,2.5866899102436114
abraham_l,alkane,28,13.6743125,0.02740958333015442,19.703744888305664,2.988019617146316,False,2.711933983066191
abraham_l,alkane,29,14.365709895833342,0.02740958333015442,19.703744888305664,2.988019617146316,False,2.943323827987509
abraham_l,alkane,30,14.766717708333323,0.02740958333015442,19.703744888305664,2.988019617146316,False,3.0775290421028565
openff_corrected,glycine,0,-7.5338084756581765,-21.03121566772461,3.2452292442321777,4.167207857557791,False,-0.782675748568723
openff_corrected,glycine,1,-10.127702215818056,-21.03121566772461,3.2452292442321777,4.167207857557791,False,-1.4051293983082014
openff_corrected,glycine,2,-10.592105544934249,-21.03121566772461,3.2452292442321777,4.167207857557791,False,-1.516571722519108
openff_corrected,glycine,3,-11.284449080388463,-21.03121566772461,3.2452292442321777,4.167207857557791,False,-1.6827125916861105
openff_corrected,glycine,4,-11.634905819420135,-21.03121566772461,3.2452292442321777,4.167207857557791,False,-1.766811285826378
openff_corrected,glycine,5,-11.851497225664513,-21.03121566772461,3.2452292442321777,4.167207857557791,False,-1.8187864724856084
openff_corrected,glycine,6,-11.922807926421374,-21.03121566772461,3.2452292442321777,4.167207857557791,False,-1.8358988180163287
openff_corrected,glycine,7,-11.87762292980767,-21.03121566772461,3.2452292442321777,4.167207857557791,False,-1.8250558271797293
openff_corrected,glycine,8,-11.900563528705538,-21.03121566772461,3.2452292442321777,4.167207857557791,False,-1.8305608558900832
openff_corrected,glycine,9,-11.946614442791352,-21.03121566772461,3.2452292442321777,4.167207857557791,False,-1.8416116399305997
openff_corrected,glycine,10,-11.959337122082218,-21.03121566772461,3.2452292442321777,4.167207857557791,False,-1.84466468641298
openff_corrected,glycine,11,-12.016499719031295,-21.03121566772461,3.2452292442321777,4.167207857557791,False,-1.8583819280056704
openff_corrected,glycine,12,-12.037649480674569,-21.03121566772461,3.2452292442321777,4.167207857557791,False,-1.8634572115927168
openff_corrected,alanine,0,-7.5338084756581765,-21.03121566772461,3.2452292442321777,4.167207857557791,False,-0.782675748568723
openff_corrected,alanine,1,-10.727368360599884,-21.03121566772461,3.2452292442321777,4.167207857557791,False,-1.5490305823334363
openff_corrected,alanine,2,-11.00717024357413,-21.03121566772461,3.2452292442321777,4.167207857557791,False,-1.6161743132291215
openff_corrected,alanine,3,-11.557285761452532,-21.03121566772461,3.2452292442321777,4.167207857557791,False,-1.7481848912185762
openff_corrected,alanine,4,-11.97620849723548,-21.03121566772461,3.2452292442321777,4.167207857557791,False,-1.848713290593514
openff_corrected,alanine,5,-12.28585272892668,-21.03121566772461,3.2452292442321777,4.167207857557791,False,-1.9230182550386206
openff_corrected,alanine,6,-12.38026438605242,-21.03121566772461,3.2452292442321777,4.167207857557791,False,-1.9456741100746278
openff_corrected,alanine,7,-12.35926837362162,-21.03121566772461,3.2452292442321777,4.167207857557791,False,-1.9406357215064356
openff_corrected,alanine,8,-12.388867450084394,-21.03121566772461,3.2452292442321777,4.167207857557791,False,-1.947738577297296
openff_corrected,alanine,9,-12.38022698170246,-21.03121566772461,3.2452292442321777,4.167207857557791,False,-1.9456651341964766
openff_corrected,alanine,10,-12.423149657294033,-21.03121566772461,3.2452292442321777,4.167207857557791,False,-1.9559652385010236
openff_corrected,alanine,11,-12.439144646386415,-21.03121566772461,3.2452292442321777,4.167207857557791,False,-1.9598035373426268
openff_corrected,alanine,12,-12.4665553360598,-21.03121566772461,3.2452292442321777,4.167207857557791,False,-1.9663812485128704
openff_corrected,alkane,1,-0.11520000664706559,-21.03121566772461,3.2452292442321777,4.167207857557791,False,0.9975590567473754
openff_corrected,alkane,2,0.7030009695854572,-21.03121566772461,3.2452292442321777,4.167207857557791,False,1.1939017889076171
openff_corrected,alkane,3,0.9653686744048664,-21.03121566772461,3.2452292442321777,4.167207857557791,False,1.2568618604441424
openff_corrected,alkane,4,1.322539881860097,-21.03121566772461,3.2452292442321777,4.167207857557791,False,1.3425718177258392
openff_corrected,alkane,5,1.8262057472138675,-21.03121566772461,3.2452292442321777,4.167207857557791,False,1.4634359268775594
openff_corrected,alkane,6,2.14556783660991,-21.03121566772461,3.2452292442321777,4.167207857557791,False,1.5400728742803238
openff_corrected,alkane,7,2.693784126927871,-21.03121566772461,3.2452292442321777,4.167207857557791,False,1.671627696851436
openff_corrected,alkane,8,2.7878834248081628,-21.03121566772461,3.2452292442321777,4.167207857557791,False,1.6942085954043198
openff_corrected,alkane,9,3.069376208606511,-21.03121566772461,3.2452292442321777,4.167207857557791,False,1.761758089794868
openff_corrected,alkane,10,3.1947697841302505,-21.03121566772461,3.2452292442321777,4.167207857557791,False,1.7918486395850162
openff_corrected,alkane,11,3.15185885810143,-21.03121566772461,3.2452292442321777,4.167207857557791,False,1.781551354809313
openff_corrected,alkane,12,3.127758195623385,-21.03121566772461,3.2452292442321777,4.167207857557791,False,1.7757679469972127
openff_corrected,alkane,13,3.1295567212033855,-21.03121566772461,3.2452292442321777,4.167207857557791,False,1.7761995370789838
openff_corrected,alkane,14,3.1045474953641468,-21.03121566772461,3.2452292442321777,4.167207857557791,False,1.7701981023787972
openff_corrected,alkane,15,3.093538419498618,-21.03121566772461,3.2452292442321777,4.167207857557791,False,1.7675562673079686
openff_corrected,alkane,16,2.9283093133534908,-21.03121566772461,3.2452292442321777,4.167207857557791,False,1.7279064317842945
openff_corrected,alkane,17,2.802650180127778,-21.03121566772461,3.2452292442321777,4.167207857557791,False,1.6977521564227207
openff_corrected,alkane,18,2.7519209735664205,-21.03121566772461,3.2452292442321777,4.167207857557791,False,1.6855787280036525
openff_corrected,alkane,19,2.7205190442865224,-21.03121566772461,3.2452292442321777,4.167207857557791,False,1.678043243728985
openff_corrected,alkane,20,2.688375725956154,-21.03121566772461,3.2452292442321777,4.167207857557791,False,1.6703298491902239
openff_corrected,alkane,21,2.673914060892847,-21.03121566772461,3.2452292442321777,4.167207857557791,False,1.6668595003241171
openff_corrected,alkane,22,2.673914060892847,-21.03121566772461,3.2452292442321777,4.167207857557791,False,1.6668595003241171
openff_corrected,alkane,23,2.6705037754596455,-21.03121566772461,3.2452292442321777,4.167207857557791,False,1.6660411381137905
openff_corrected,alkane,24,2.6356563228174035,-21.03121566772461,3.2452292442321777,4.167207857557791,False,1.657678835624117
openff_corrected,alkane,25,2.639920887166636,-21.03121566772461,3.2452292442321777,4.167207857557791,False,1.6587021981476586
openff_corrected,alkane,26,2.6542668423150775,-21.03121566772461,3.2452292442321777,4.167207857557791,False,1.6621447802407074
openff_corrected,alkane,27,2.681786369943714,-21.03121566772461,3.2452292442321777,4.167207857557791,False,1.668748609127891
openff_corrected,alkane,28,2.6939080382040084,-21.03121566772461,3.2452292442321777,4.167207857557791,False,1.6716574316955748
openff_corrected,alkane,29,2.7101935213619583,-21.03121566772461,3.2452292442321777,4.167207857557791,False,1.675565440058636
openff_corrected,alkane,30,2.714904723294926,-21.03121566772461,3.2452292442321777,4.167207857557791,False,1.6766959816812292
gbn2_corrected,glycine,0,-7.467910853454648,-20.801395416259766,3.324209213256836,3.965465913939843,False,-0.9006651077315345
gbn2_corrected,glycine,1,-8.459883243637048,-20.801395416259766,3.324209213256836,3.965465913939843,False,-1.150817904832957
gbn2_corrected,glycine,2,-9.869756497426978,-20.801395416259766,3.324209213256836,3.965465913939843,False,-1.5063557620198738
gbn2_corrected,glycine,3,-12.733019970855716,-20.801395416259766,3.324209213256836,3.965465913939843,False,-2.228405461996736
gbn2_corrected,glycine,4,-13.732309079699743,-20.801395416259766,3.324209213256836,3.965465913939843,False,-2.480403368555765
gbn2_corrected,glycine,5,-13.768998160486166,-20.801395416259766,3.324209213256836,3.965465913939843,False,-2.4896555173782904
gbn2_corrected,glycine,6,-13.757563311730538,-20.801395416259766,3.324209213256836,3.965465913939843,False,-2.486771909498714
gbn2_corrected,glycine,7,-13.633227670540757,-20.801395416259766,3.324209213256836,3.965465913939843,False,-2.4554172984925513
gbn2_corrected,glycine,8,-13.632961485065884,-20.801395416259766,3.324209213256836,3.965465913939843,False,-2.4553501725909173
gbn2_corrected,glycine,9,-13.624418897582917,-20.801395416259766,3.324209213256836,3.965465913939843,False,-2.4531959269944696
gbn2_corrected,glycine,10,-13.667393138546526,-20.801395416259766,3.324209213256836,3.965465913939843,False,-2.4640330497679983
gbn2_corrected,glycine,11,-13.756384064765218,-20.801395416259766,3.324209213256836,3.965465913939843,False,-2.4864745303279148
gbn2_corrected,glycine,12,-13.882250758659174,-20.801395416259766,3.324209213256836,3.965465913939843,False,-2.518215237882983
gbn2_corrected,alanine,0,-7.467910853454648,-20.801395416259766,3.324209213256836,3.965465913939843,False,-0.9006651077315345
gbn2_corrected,alanine,1,-8.385060092886317,-20.801395416259766,3.324209213256836,3.965465913939843,False,-1.1319492138961103
gbn2_corrected,alanine,2,-10.689958181372097,-20.801395416259766,3.324209213256836,3.965465913939843,False,-1.7131919073166608
gbn2_corrected,alanine,3,-12.816428164746018,-20.801395416259766,3.324209213256836,3.965465913939843,False,-2.2494391048776636
gbn2_corrected,alanine,4,-13.91131746031196,-20.801395416259766,3.324209213256836,3.965465913939843,False,-2.5255451966529243
gbn2_corrected,alanine,5,-13.896524693815234,-20.801395416259766,3.324209213256836,3.965465913939843,False,-2.521814798556518
gbn2_corrected,alanine,6,-13.936423140304957,-20.801395416259766,3.324209213256836,3.965465913939843,False,-2.5318762761623312
gbn2_corrected,alanine,7,-13.935771898679581,-20.801395416259766,3.324209213256836,3.965465913939843,False,-2.5317120478876447
gbn2_corrected,alanine,8,-13.920654947946685,-20.801395416259766,3.324209213256836,3.965465913939843,False,-2.5278998979257055
gbn2_corrected,alanine,9,-13.954291196672486,-20.801395416259766,3.324209213256836,3.965465913939843,False,-2.5363821921770717
gbn2_corrected,alanine,10,-14.039177087760628,-20.801395416259766,3.324209213256836,3.965465913939843,False,-2.5577884765659356
gbn2_corrected,alanine,11,-14.19762076532388,-20.801395416259766,3.324209213256836,3.965465913939843,False,-2.597744355900637
gbn2_corrected,alanine,12,-14.332679834742311,-20.801395416259766,3.324209213256836,3.965465913939843,False,-2.631803170766163
gbn2_corrected,alkane,1,0.21379941290591986,-20.801395416259766,3.324209213256836,3.965465913939843,False,1.0364869024161187
gbn2_corrected,alkane,2,1.0676349698314493,-20.801395416259766,3.324209213256836,3.965465913939843,False,1.2518047428555064
gbn2_corrected,alkane,3,1.3727246992128888,-20.801395416259766,3.324209213256836,3.965465913939843,False,1.3287414095682257
gbn2_corrected,alkane,4,1.7777951732209705,-20.801395416259766,3.324209213256836,3.965465913939843,False,1.4308909382236439
gbn2_corrected,alkane,5,2.055543970745556,-20.801395416259766,3.324209213256836,3.965465913939843,False,1.5009328459218574
gbn2_corrected,alkane,6,2.294469537486588,-20.801395416259766,3.324209213256836,3.965465913939843,False,1.5611844208757952
gbn2_corrected,alkane,7,2.6752763096478835,-20.801395416259766,3.324209213256836,3.965465913939843,False,1.6572151976938838
gbn2_corrected,alkane,8,2.9610075827611424,-20.801395416259766,3.324209213256836,3.965465913939843,False,1.7292701035521905
gbn2_corrected,alkane,9,3.05901869600161,-20.801395416259766,3.324209213256836,3.965465913939843,False,1.7539862694120276
gbn2_corrected,alkane,10,3.227234493588718,-20.801395416259766,3.324209213256836,3.965465913939843,False,1.7964064543884706
gbn2_corrected,alkane,11,3.2988694930258777,-20.801395416259766,3.324209213256836,3.965465913939843,False,1.8144711663269444
gbn2_corrected,alkane,12,3.3121845697580965,-20.801395416259766,3.324209213256836,3.965465913939843,False,1.8178289247899317
gbn2_corrected,alkane,13,3.324209375953294,-20.801395416259766,3.324209213256836,3.965465913939843,True,1.820861306471218
gbn2_corrected,alkane,14,3.304852428805386,-20.801395416259766,3.324209213256836,3.965465913939843,False,1.8159799261824954
gbn2_corrected,alkane,15,3.213666572695971,-20.801395416259766,3.324209213256836,3.965465913939843,False,1.792984934398839
gbn2_corrected,alkane,16,3.1030532769310284,-20.801395416259766,3.324209213256836,3.965465913939843,False,1.7650907857248832
gbn2_corrected,alkane,17,3.014116777134497,-20.801395416259766,3.324209213256836,3.965465913939843,False,1.742663030266466
gbn2_corrected,alkane,18,2.9737408132998047,-20.801395416259766,3.324209213256836,3.965465913939843,False,1.7324811336845896
gbn2_corrected,alkane,19,3.0176474805669944,-20.801395416259766,3.324209213256836,3.965465913939843,False,1.743553393091194
gbn2_corrected,alkane,20,3.02209510361185,-20.801395416259766,3.324209213256836,3.965465913939843,False,1.7446749821153793
gbn2_corrected,alkane,21,3.013677000550137,-20.801395416259766,3.324209213256836,3.965465913939843,False,1.7425521286488748
gbn2_corrected,alkane,22,3.0154034204743905,-20.801395416259766,3.324209213256836,3.965465913939843,False,1.7429874923518343
gbn2_corrected,alkane,23,2.9990049754098616,-20.801395416259766,3.324209213256836,3.965465913939843,False,1.7388521787668951
gbn2_corrected,alkane,24,3.001678843313102,-20.801395416259766,3.324209213256836,3.965465913939843,False,1.7395264672266297
gbn2_corrected,alkane,25,3.001678843313102,-20.801395416259766,3.324209213256836,3.965465913939843,False,1.7395264672266297
gbn2_corrected,alkane,26,3.0110115313361074,-20.801395416259766,3.324209213256836,3.965465913939843,False,1.7418799581468765
gbn2_corrected,alkane,27,3.0123068421903603,-20.801395416259766,3.324209213256836,3.965465913939843,False,1.7422066059815482
gbn2_corrected,alkane,28,3.014233850363648,-20.801395416259766,3.324209213256836,3.965465913939843,False,1.7426925534629054
gbn2_corrected,alkane,29,3.0449800779727645,-20.801395416259766,3.324209213256836,3.965465913939843,False,1.7504460503473533
gbn2_corrected,alkane,30,3.042498871411028,-20.801395416259766,3.324209213256836,3.965465913939843,False,1.7498203466808524
smd_water,glycine,0,-8.384599,-26.39194107055664,4.989914894104004,4.588421913910108,False,-1.0139687340164873
smd_water,glycine,1,-13.059672,-26.39194107055664,4.989914894104004,4.588421913910108,False,-2.03285345902994
smd_water,glycine,2,-18.335957,-26.39194107055664,4.989914894104004,4.588421913910108,False,-3.1827662392833402
smd_water,glycine,3,-22.256062,-26.39194107055664,4.989914894104004,4.588421913910108,False,-4.037113348932507
smd_water,glycine,4,-24.707977,-26.39194107055664,4.989914894104004,4.588421913910108,False,-4.571483344979918
smd_water,glycine,5,-26.459766,-26.39194107055664,4.989914894104004,4.588421913910108,True,-4.953267983112112
smd_water,glycine,6,-27.691013,-26.39194107055664,4.989914894104004,4.588421913910108,True,-5.221605773991237
smd_water,glycine,7,-28.606663,-26.39194107055664,4.989914894104004,4.588421913910108,True,-5.421162400905633
smd_water,glycine,8,-29.312496,-26.39194107055664,4.989914894104004,4.588421913910108,True,-5.57499154156513
smd_water,glycine,9,-29.874973,-26.39194107055664,4.989914894104004,4.588421913910108,True,-5.697577696577339
smd_water,glycine,10,-30.324966,-26.39194107055664,4.989914894104004,4.588421913910108,True,-5.795649105101437
smd_water,glycine,11,-30.695919,-26.39194107055664,4.989914894104004,4.588421913910108,True,-5.876494547599964
smd_water,glycine,12,-31.008583,-26.39194107055664,4.989914894104004,4.588421913910108,True,-5.944636493974193
smd_water,alanine,0,-8.384599,-26.39194107055664,4.989914894104004,4.588421913910108,False,-1.0139687340164873
smd_water,alanine,1,-11.48261,-26.39194107055664,4.989914894104004,4.588421913910108,False,-1.6891487976911401
smd_water,alanine,2,-16.512619,-26.39194107055664,4.989914894104004,4.588421913910108,False,-2.7853882225686113
smd_water,alanine,3,-19.71064,-26.39194107055664,4.989914894104004,4.588421913910108,False,-3.4823644509980385
smd_water,alanine,4,-21.504135,-26.39194107055664,4.989914894104004,4.588421913910108,False,-3.873238488662905
smd_water,alanine,5,-22.555075,-26.39194107055664,4.989914894104004,4.588421913910108,False,-4.102280198365755
smd_water,alanine,6,-23.283585,-26.39194107055664,4.989914894104004,4.588421913910108,False,-4.2610515610844875
smd_water,alanine,7,-23.816883,-26.39194107055664,4.989914894104004,4.588421913910108,False,-4.3772784491096
smd_water,alanine,8,-24.229069,-26.39194107055664,4.989914894104004,4.588421913910108,False,-4.467110205590064
smd_water,alanine,9,-24.554619,-26.39194107055664,4.989914894104004,4.588421913910108,False,-4.538060524917298
smd_water,alanine,10,-24.818008,-26.39194107055664,4.989914894104004,4.588421913910108,False,-4.59546348500724
smd_water,alanine,11,-25.035236,-26.39194107055664,4.989914894104004,4.588421913910108,False,-4.64280612351689
smd_water,alanine,12,-25.217365,-26.39194107055664,4.989914894104004,4.588421913910108,False,-4.682499291106354
smd_water,alkane,1,-1.9525986,-26.39194107055664,4.989914894104004,4.588421913910108,False,0.3878204912727044
smd_water,alkane,2,4.15707,-26.39194107055664,4.989914894104004,4.588421913910108,False,1.7193607712713967
smd_water,alkane,3,1.7875023,-26.39194107055664,4.989914894104004,4.588421913910108,False,1.202937533727243
smd_water,alkane,4,1.0654469,-26.39194107055664,4.989914894104004,4.588421913910108,False,1.0455728855873148
smd_water,alkane,5,1.0666304,-26.39194107055664,4.989914894104004,4.588421913910108,False,1.0458308174040056
smd_water,alkane,6,1.0344477,-26.39194107055664,4.989914894104004,4.588421913910108,False,1.0388169244787635
smd_water,alkane,7,1.039094,-26.39194107055664,4.989914894104004,4.588421913910108,False,1.0398295384203706
smd_water,alkane,8,1.2663469,-26.39194107055664,4.989914894104004,4.588421913910108,False,1.0893570021679975
smd_water,alkane,9,1.505909,-26.39194107055664,4.989914894104004,4.588421913910108,False,1.1415671311610947
smd_water,alkane,10,1.568512,-26.39194107055664,4.989914894104004,4.588421913910108,False,1.1552108198136604
smd_water,alkane,11,1.6419954,-26.39194107055664,4.989914894104004,4.588421913910108,False,1.1712257812489266
smd_water,alkane,12,1.5981884,-26.39194107055664,4.989914894104004,4.588421913910108,False,1.1616784900839192
smd_water,alkane,13,1.4930744,-26.39194107055664,4.989914894104004,4.588421913910108,False,1.1387699603165626
smd_water,alkane,14,1.442605,-26.39194107055664,4.989914894104004,4.588421913910108,False,1.1277706666711813
smd_water,alkane,15,1.4379463,-26.39194107055664,4.989914894104004,4.588421913910108,False,1.1267553502753902
smd_water,alkane,16,1.4229231,-26.39194107055664,4.989914894104004,4.588421913910108,False,1.1234811962673519
smd_water,alkane,17,1.3928795,-26.39194107055664,4.989914894104004,4.588421913910108,False,1.1169334984828652
smd_water,alkane,18,1.3549433,-26.39194107055664,4.989914894104004,4.588421913910108,False,1.1086656886101518
smd_water,alkane,19,1.3165522,-26.39194107055664,4.989914894104004,4.588421913910108,False,1.1002987378980529
smd_water,alkane,20,1.2683544,-26.39194107055664,4.989914894104004,4.588421913910108,False,1.089794516424024
smd_water,alkane,21,1.2213202,-26.39194107055664,4.989914894104004,4.588421913910108,False,1.0795438897636003
smd_water,alkane,22,1.1712666,-26.39194107055664,4.989914894104004,4.588421913910108,False,1.0686352155093302
smd_water,alkane,23,1.1213408,-26.39194107055664,4.989914894104004,4.588421913910108,False,1.0577543939683451
smd_water,alkane,24,1.072299,-26.39194107055664,4.989914894104004,4.588421913910108,False,1.0470662312579093
smd_water,alkane,25,1.0254326,-26.39194107055664,4.989914894104004,4.588421913910108,False,1.0368521749049133
smd_water,alkane,26,0.97826767,-26.39194107055664,4.989914894104004,4.588421913910108,False,1.0265730569674332
smd_water,alkane,27,0.92806816,-26.39194107055664,4.989914894104004,4.588421913910108,False,1.01563258310913
smd_water,alkane,28,0.88102245,-26.39194107055664,4.989914894104004,4.588421913910108,False,1.0053794479609917
smd_water,alkane,29,0.8402977,-26.39194107055664,4.989914894104004,4.588421913910108,False,0.9965039019096269
smd_water,alkane,30,0.8019514,-26.39194107055664,4.989914894104004,4.588421913910108,False,0.9881467149029676
confsolv_gas_conformer_correction,glycine,0,-0.22423326399155838,-1.3902314901351929,0.018862344324588776,0.17551467519445033,False,1.3677894046420482
confsolv_gas_conformer_correction,glycine,1,-0.42944239550037044,-1.3902314901351929,0.018862344324588776,0.17551467519445033,False,0.19860437050479646
confsolv_gas_conformer_correction,glycine,2,-0.5158395213840353,-1.3902314901351929,0.018862344324588776,0.17551467519445033,False,-0.2936457834378678
confsolv_gas_conformer_correction,glycine,3,-0.5643601569984268,-1.3902314901351929,0.018862344324588776,0.17551467519445033,False,-0.5700935252613711
confsolv_gas_conformer_correction,glycine,4,-0.5216335272236837,-1.3902314901351929,0.018862344324588776,0.17551467519445033,False,-0.32665730132507176
confsolv_gas_conformer_correction,glycine,5,-0.494062390286298,-1.3902314901351929,0.018862344324588776,0.17551467519445033,False,-0.16956994149695465
confsolv_gas_conformer_correction,glycine,6,-0.5088298089430731,-1.3902314901351929,0.018862344324588776,0.17551467519445033,False,-0.25370774160064646
confsolv_gas_conformer_correction,glycine,7,-0.5515410386698889,-1.3902314901351929,0.018862344324588776,0.17551467519445033,False,-0.497056223313054
confsolv_gas_conformer_correction,glycine,8,-0.5892994014055745,-1.3902314901351929,0.018862344324588776,0.17551467519445033,False,-0.7121856003514901
confsolv_gas_conformer_correction,glycine,9,-0.5820619210400819,-1.3902314901351929,0.018862344324588776,0.17551467519445033,False,-0.6709498440964976
confsolv_gas_conformer_correction,glycine,10,-0.5850677672477909,-1.3902314901351929,0.018862344324588776,0.17551467519445033,False,-0.6880757408591404
confsolv_gas_conformer_correction,glycine,11,-0.6315426246107161,-1.3902314901351929,0.018862344324588776,0.17551467519445033,False,-0.9528676012060678
confsolv_gas_conformer_correction,glycine,12,-0.6692876410840038,-1.3902314901351929,0.018862344324588776,0.17551467519445033,False,-1.1679209375237893
confsolv_gas_conformer_correction,alanine,0,-0.22423326399155838,-1.3902314901351929,0.018862344324588776,0.17551467519445033,False,1.3677894046420482
confsolv_gas_conformer_correction,alanine,1,-0.5147248936388488,-1.3902314901351929,0.018862344324588776,0.17551467519445033,False,-0.28729515922965454
confsolv_gas_conformer_correction,alanine,2,-0.5798207856801185,-1.3902314901351929,0.018862344324588776,0.17551467519445033,False,-0.658180909775305
confsolv_gas_conformer_correction,alanine,3,-0.6482482901428024,-1.3902314901351929,0.018862344324588776,0.17551467519445033,False,-1.0480486196227805
confsolv_gas_conformer_correction,alanine,4,-0.5870896835856312,-1.3902314901351929,0.018862344324588776,0.17551467519445033,False,-0.6995956683842904
confsolv_gas_conformer_correction,alanine,5,-0.6257429715726718,-1.3902314901351929,0.018862344324588776,0.17551467519445033,False,-0.919823908240685
confsolv_gas_conformer_correction,alanine,6,-0.6314049204589837,-1.3902314901351929,0.018862344324588776,0.17551467519445033,False,-0.9520830277703716
confsolv_gas_conformer_correction,alanine,7,-0.6950599071032454,-1.3902314901351929,0.018862344324588776,0.17551467519445033,False,-1.3147591776349867
confsolv_gas_conformer_correction,alanine,8,-0.6826020929938953,-1.3902314901351929,0.018862344324588776,0.17551467519445033,False,-1.2437804170524416
confsolv_gas_conformer_correction,alanine,9,-0.6833243481528893,-1.3902314901351929,0.018862344324588776,0.17551467519445033,False,-1.2478954869643668
confsolv_gas_conformer_correction,alanine,10,-0.6854191382107816,-1.3902314901351929,0.018862344324588776,0.17551467519445033,False,-1.2598306146428444
confsolv_gas_conformer_correction,alanine,11,-0.6932978557802271,-1.3902314901351929,0.018862344324588776,0.17551467519445033,False,-1.3047198386391667
confsolv_gas_conformer_correction,alanine,12,-0.678764993268585,-1.3902314901351929,0.018862344324588776,0.17551467519445033,False,-1.221918429038851
confsolv_gas_conformer_correction,alkane,1,-0.20495409429928954,-1.3902314901351929,0.018862344324588776,0.17551467519445033,False,1.4776330383490857
confsolv_gas_conformer_correction,alkane,2,-0.18751984118646567,-1.3902314901351929,0.018862344324588776,0.17551467519445033,False,1.576965205835985
confsolv_gas_conformer_correction,alkane,3,-0.20939767939835724,-1.3902314901351929,0.018862344324588776,0.17551467519445033,False,1.4523155821640417
confsolv_gas_conformer_correction,alkane,4,-0.34754289752663065,-1.3902314901351929,0.018862344324588776,0.17551467519445033,False,0.6652291577654882
confsolv_gas_conformer_correction,alkane,5,-0.512720936642448,-1.3902314901351929,0.018862344324588776,0.17551467519445033,False,-0.27587755557810456
confsolv_gas_conformer_correction,alkane,6,-0.5380223101406508,-1.3902314901351929,0.018862344324588776,0.17551467519445033,False,-0.4200328717656073
confsolv_gas_conformer_correction,alkane,7,-0.5510535222261144,-1.3902314901351929,0.018862344324588776,0.17551467519445033,False,-0.49427858410291714
confsolv_gas_conformer_correction,alkane,8,-0.5433887719607701,-1.3902314901351929,0.018862344324588776,0.17551467519445033,False,-0.45060844508546677
confsolv_gas_conformer_correction,alkane,9,-0.5157957608737054,-1.3902314901351929,0.018862344324588776,0.17551467519445033,False,-0.293396456649202
confsolv_gas_conformer_correction,alkane,10,-0.55275876815362,-1.3902314901351929,0.018862344324588776,0.17551467519445033,False,-0.5039942726948622
confsolv_gas_conformer_correction,alkane,11,-0.555865887672181,-1.3902314901351929,0.018862344324588776,0.17551467519445033,False,-0.5216971771107959
confsolv_gas_conformer_correction,alkane,12,-0.5519894192670514,-1.3902314901351929,0.018862344324588776,0.17551467519445033,False,-0.4996108848914417
confsolv_gas_conformer_correction,alkane,13,-0.5674192091148644,-1.3902314901351929,0.018862344324588776,0.17551467519445033,False,-0.5875225642465647
confsolv_gas_conformer_correction,alkane,14,-0.5808744478537439,-1.3902314901351929,0.018862344324588776,0.17551467519445033,False,-0.6641841808548201
confsolv_gas_conformer_correction,alkane,15,-0.6062770912929011,-1.3902314901351929,0.018862344324588776,0.17551467519445033,False,-0.8089164854955231
confsolv_gas_conformer_correction,alkane,16,-0.5905843522979669,-1.3902314901351929,0.018862344324588776,0.17551467519445033,False,-0.7195066456770098
confsolv_gas_conformer_correction,alkane,17,-0.5601990666177572,-1.3902314901351929,0.018862344324588776,0.17551467519445033,False,-0.5463855910042524
confsolv_gas_conformer_correction,alkane,18,-0.5828919372821052,-1.3902314901351929,0.018862344324588776,0.17551467519445033,False,-0.6756788859336187
confsolv_gas_conformer_correction,alkane,19,-0.616664572818421,-1.3902314901351929,0.018862344324588776,0.17551467519445033,False,-0.8680994655740366
confsolv_gas_conformer_correction,alkane,20,-0.5991694970014314,-1.3902314901351929,0.018862344324588776,0.17551467519445033,False,-0.7684207589496074
confsolv_gas_conformer_correction,alkane,21,-0.6001874984361621,-1.3902314901351929,0.018862344324588776,0.17551467519445033,False,-0.7742208519253253
confsolv_gas_conformer_correction,alkane,22,-0.6278439319687745,-1.3902314901351929,0.018862344324588776,0.17551467519445033,False,-0.9317941916017495
confsolv_gas_conformer_correction,alkane,23,-0.6350325727057274,-1.3902314901351929,0.018862344324588776,0.17551467519445033,False,-0.9727516826433886
confsolv_gas_conformer_correction,alkane,24,-0.6766672764761242,-1.3902314901351929,0.018862344324588776,0.17551467519445033,False,-1.2099666262044912
confsolv_gas_conformer_correction,alkane,25,-0.6647209087229576,-1.3902314901351929,0.018862344324588776,0.17551467519445033,False,-1.1419018462085657
confsolv_gas_conformer_correction,alkane,26,-0.663690743162677,-1.3902314901351929,0.018862344324588776,0.17551467519445033,False,-1.13603244777143
confsolv_gas_conformer_correction,alkane,27,-0.6636837053042887,-1.3902314901351929,0.018862344324588776,0.17551467519445033,False,-1.135992349367234
confsolv_gas_conformer_correction,alkane,28,-0.6636837053042887,-1.3902314901351929,0.018862344324588776,0.17551467519445033,False,-1.135992349367234
confsolv_gas_conformer_correction,alkane,29,-0.6636837053042887,-1.3902314901351929,0.018862344324588776,0.17551467519445033,False,-1.135992349367234
confsolv_gas_conformer_correction,alkane,30,-0.6636837053042887,-1.3902314901351929,0.018862344324588776,0.17551467519445033,False,-1.135992349367234
confsolv_solution_conformer_correction,glycine,0,-0.36514236959752167,-1.420379400253296,0.010716899298131466,0.19494269321607477,False,0.9343482500902249
confsolv_solution_conformer_correction,glycine,1,-0.5183963023805277,-1.420379400253296,0.010716899298131466,0.19494269321607477,False,0.1481996119715387
confsolv_solution_conformer_correction,glycine,2,-0.596275641799393,-1.420379400253296,0.010716899298131466,0.19494269321607477,False,-0.2512990208525379
confsolv_solution_conformer_correction,glycine,3,-0.6817613411897138,-1.420379400253296,0.010716899298131466,0.19494269321607477,False,-0.6898160946654472
confsolv_solution_conformer_correction,glycine,4,-0.6494619665461361,-1.420379400253296,0.010716899298131466,0.19494269321607477,False,-0.5241295838723651
confsolv_solution_conformer_correction,glycine,5,-0.6842537017419019,-1.420379400253296,0.010716899298131466,0.19494269321607477,False,-0.7026011881258398
confsolv_solution_conformer_correction,glycine,6,-0.6452268411088393,-1.420379400253296,0.010716899298131466,0.19494269321607477,False,-0.5024046073296303
confsolv_solution_conformer_correction,glycine,7,-0.6381178862311347,-1.420379400253296,0.010716899298131466,0.19494269321607477,False,-0.46593771154387753
confsolv_solution_conformer_correction,glycine,8,-0.6490934280344101,-1.420379400253296,0.010716899298131466,0.19494269321607477,False,-0.522239087205647
confsolv_solution_conformer_correction,glycine,9,-0.6557114420729628,-1.420379400253296,0.010716899298131466,0.19494269321607477,False,-0.5561875975569295
confsolv_solution_conformer_correction,glycine,10,-0.6632183446359696,-1.420379400253296,0.010716899298131466,0.19494269321607477,False,-0.5946958506192083
confsolv_solution_conformer_correction,glycine,11,-0.6920858887730683,-1.420379400253296,0.010716899298131466,0.19494269321607477,False,-0.7427780570402607
confsolv_solution_conformer_correction,glycine,12,-0.7022104122254802,-1.420379400253296,0.010716899298131466,0.19494269321607477,False,-0.7947139530996726
confsolv_solution_conformer_correction,alanine,0,-0.36514236959752167,-1.420379400253296,0.010716899298131466,0.19494269321607477,False,0.9343482500902249
confsolv_solution_conformer_correction,alanine,1,-0.6165418844107069,-1.420379400253296,0.010716899298131466,0.19494269321607477,False,-0.35525902200452164
confsolv_solution_conformer_correction,alanine,2,-0.7276068869913633,-1.420379400253296,0.010716899298131466,0.19494269321607477,False,-0.9249905710477669
confsolv_solution_conformer_correction,alanine,3,-0.680391109950278,-1.420379400253296,0.010716899298131466,0.19494269321607477,False,-0.6827872021389804
confsolv_solution_conformer_correction,alanine,4,-0.6924391027239284,-1.420379400253296,0.010716899298131466,0.19494269321607477,False,-0.744589943113203
confsolv_solution_conformer_correction,alanine,5,-0.6618302469035984,-1.420379400253296,0.010716899298131466,0.19494269321607477,False,-0.5875753081178656
confsolv_solution_conformer_correction,alanine,6,-0.6852685341349206,-1.420379400253296,0.010716899298131466,0.19494269321607477,False,-0.70780698669298
confsolv_solution_conformer_correction,alanine,7,-0.7183498139821283,-1.420379400253296,0.010716899298131466,0.19494269321607477,False,-0.8775044465025679
confsolv_solution_conformer_correction,alanine,8,-0.7059805663835785,-1.420379400253296,0.010716899298131466,0.19494269321607477,False,-0.8140537605882225
confsolv_solution_conformer_correction,alanine,9,-0.6862363491603491,-1.420379400253296,0.010716899298131466,0.19494269321607477,False,-0.7127715996746824
confsolv_solution_conformer_correction,alanine,10,-0.6735665059358695,-1.420379400253296,0.010716899298131466,0.19494269321607477,False,-0.6477789445745687
confsolv_solution_conformer_correction,alanine,11,-0.6766651270201831,-1.420379400253296,0.010716899298131466,0.19494269321607477,False,-0.6636739803576184
confsolv_solution_conformer_correction,alanine,12,-0.6782953509074483,-1.420379400253296,0.010716899298131466,0.19494269321607477,False,-0.6720365604593421
confsolv_solution_conformer_correction,alkane,1,-0.3515227842593245,-1.420379400253296,0.010716899298131466,0.19494269321607477,False,1.0042128093281606
confsolv_solution_conformer_correction,alkane,2,-0.2629406872925639,-1.420379400253296,0.010716899298131466,0.19494269321607477,False,1.4586135129676452
confsolv_solution_conformer_correction,alkane,3,-0.3060052882303112,-1.420379400253296,0.010716899298131466,0.19494269321607477,False,1.2377044846409748
confsolv_solution_conformer_correction,alkane,4,-0.3506002268327564,-1.420379400253296,0.010716899298131466,0.19494269321607477,False,1.0089452638323442
confsolv_solution_conformer_correction,alkane,5,-0.4637749066347754,-1.420379400253296,0.010716899298131466,0.19494269321607477,False,0.4283916768529337
confsolv_solution_conformer_correction,alkane,6,-0.57522642137668,-1.420379400253296,0.010716899298131466,0.19494269321607477,False,-0.14332256851440403
confsolv_solution_conformer_correction,alkane,7,-0.6015979839001746,-1.420379400253296,0.010716899298131466,0.19494269321607477,False,-0.2786011064705013
confsolv_solution_conformer_correction,alkane,8,-0.6186150468173776,-1.420379400253296,0.010716899298131466,0.19494269321607477,False,-0.3658937494337398
confsolv_solution_conformer_correction,alkane,9,-0.6434871643555977,-1.420379400253296,0.010716899298131466,0.19494269321607477,False,-0.49348056547640046
confsolv_solution_conformer_correction,alkane,10,-0.702637381556851,-1.420379400253296,0.010716899298131466,0.19494269321607477,False,-0.7969041830812473
confsolv_solution_conformer_correction,alkane,11,-0.7180011929772019,-1.420379400253296,0.010716899298131466,0.19494269321607477,False,-0.8757161209224962
confsolv_solution_conformer_correction,alkane,12,-0.6998346188632333,-1.420379400253296,0.010716899298131466,0.19494269321607477,False,-0.7825268158284461
confsolv_solution_conformer_correction,alkane,13,-0.753073603962893,-1.420379400253296,0.010716899298131466,0.19494269321607477,False,-1.0556275113269409
confsolv_solution_conformer_correction,alkane,14,-0.7580454409241166,-1.420379400253296,0.010716899298131466,0.19494269321607477,False,-1.0811316062955727
confsolv_solution_conformer_correction,alkane,15,-0.750736579749695,-1.420379400253296,0.010716899298131466,0.19494269321607477,False,-1.0436392486501362
confsolv_solution_conformer_correction,alkane,16,-0.759100174951654,-1.420379400253296,0.010716899298131466,0.19494269321607477,False,-1.0865420887821788
confsolv_solution_conformer_correction,alkane,17,-0.7211829458936795,-1.420379400253296,0.010716899298131466,0.19494269321607477,False,-0.8920375991168644
confsolv_solution_conformer_correction,alkane,18,-0.7109894989798949,-1.420379400253296,0.010716899298131466,0.19494269321607477,False,-0.8397481455055608
confsolv_solution_conformer_correction,alkane,19,-0.7152044914619581,-1.420379400253296,0.010716899298131466,0.19494269321607477,False,-0.8613698457730914
confsolv_solution_conformer_correction,alkane,20,-0.7481575113261576,-1.420379400253296,0.010716899298131466,0.19494269321607477,False,-1.0304093687249691
confsolv_solution_conformer_correction,alkane,21,-0.749774193130107,-1.420379400253296,0.010716899298131466,0.19494269321607477,False,-1.0387024818305597
confsolv_solution_conformer_correction,alkane,22,-0.7698307911744745,-1.420379400253296,0.010716899298131466,0.19494269321607477,False,-1.1415870665948462
confsolv_solution_conformer_correction,alkane,23,-0.7873240494302702,-1.420379400253296,0.010716899298131466,0.19494269321607477,False,-1.2313224548117627
confsolv_solution_conformer_correction,alkane,24,-0.7872510147660402,-1.420379400253296,0.010716899298131466,0.19494269321607477,False,-1.2309478079705545
confsolv_solution_conformer_correction,alkane,25,-0.7859570252024224,-1.420379400253296,0.010716899298131466,0.19494269321607477,False,-1.2243100133332168
confsolv_solution_conformer_correction,alkane,26,-0.782086010967462,-1.420379400253296,0.010716899298131466,0.19494269321607477,False,-1.2044528226322053
confsolv_solution_conformer_correction,alkane,27,-0.782086010967462,-1.420379400253296,0.010716899298131466,0.19494269321607477,False,-1.2044528226322053
confsolv_solution_conformer_correction,alkane,28,-0.772073238115798,-1.420379400253296,0.010716899298131466,0.19494269321607477,False,-1.15309017504343
confsolv_solution_conformer_correction,alkane,29,-0.772073238115798,-1.420379400253296,0.010716899298131466,0.19494269321607477,False,-1.15309017504343
confsolv_solution_conformer_correction,alkane,30,-0.7772194543983908,-1.420379400253296,0.010716899298131466,0.19494269321607477,False,-1.1794887858233103
confsolv_hydration_conformer_correction,glycine,0,-0.046495826815283976,-0.9162607192993164,0.040875885635614395,0.11576546407505268,False,0.7425005648961464
confsolv_hydration_conformer_correction,glycine,1,-0.17934678452114877,-0.9162607192993164,0.040875885635614395,0.11576546407505268,False,-0.4050865740431085
confsolv_hydration_conformer_correction,glycine,2,-0.1007196073437057,-0.9162607192993164,0.040875885635614395,0.11576546407505268,False,0.2741071544635881
confsolv_hydration_conformer_correction,glycine,3,-0.1615059715517108,-0.9162607192993164,0.040875885635614395,0.11576546407505268,False,-0.2509748697279814
confsolv_hydration_conformer_correction,glycine,4,-0.26137496986160236,-0.9162607192993164,0.040875885635614395,0.11576546407505268,False,-1.1136587375622158
confsolv_hydration_conformer_correction,glycine,5,-0.1907398577354748,-0.9162607192993164,0.040875885635614395,0.11576546407505268,False,-0.5035017041974671
confsolv_hydration_conformer_correction,glycine,6,-0.23926357167229167,-0.9162607192993164,0.040875885635614395,0.11576546407505268,False,-0.9226570570007706
confsolv_hydration_conformer_correction,glycine,7,-0.2320232877812412,-0.9162607192993164,0.040875885635614395,0.11576546407505268,False,-0.860114363902279
confsolv_hydration_conformer_correction,glycine,8,-0.23618215071761842,-0.9162607192993164,0.040875885635614395,0.11576546407505268,False,-0.8960392657683568
confsolv_hydration_conformer_correction,glycine,9,-0.3007409031026927,-0.9162607192993164,0.040875885635614395,0.11576546407505268,False,-1.4537077630260515
confsolv_hydration_conformer_correction,glycine,10,-0.3168498730298378,-0.9162607192993164,0.040875885635614395,0.11576546407505268,False,-1.592859539040195
confsolv_hydration_conformer_correction,glycine,11,-0.31095704269179636,-0.9162607192993164,0.040875885635614395,0.11576546407505268,False,-1.541956358328018
confsolv_hydration_conformer_correction,glycine,12,-0.3109067210014971,-0.9162607192993164,0.040875885635614395,0.11576546407505268,False,-1.5415216717770561
confsolv_hydration_conformer_correction,alanine,0,-0.046495826815283976,-0.9162607192993164,0.040875885635614395,0.11576546407505268,False,0.7425005648961464
confsolv_hydration_conformer_correction,alanine,1,-0.19270323590440708,-0.9162607192993164,0.040875885635614395,0.11576546407505268,False,-0.520461668765651
confsolv_hydration_conformer_correction,alanine,2,-0.12299740034566144,-0.9162607192993164,0.040875885635614395,0.11576546407505268,False,0.08166812975141083
confsolv_hydration_conformer_correction,alanine,3,-0.20688337483803473,-0.9162607192993164,0.040875885635614395,0.11576546407505268,False,-0.642951904060993
confsolv_hydration_conformer_correction,alanine,4,-0.21488008040911644,-0.9162607192993164,0.040875885635614395,0.11576546407505268,False,-0.7120286847310666
confsolv_hydration_conformer_correction,alanine,5,-0.2016113781744874,-0.9162607192993164,0.040875885635614395,0.11576546407505268,False,-0.5974115807385779
confsolv_hydration_conformer_correction,alanine,6,-0.1941077115216775,-0.9162607192993164,0.040875885635614395,0.11576546407505268,False,-0.5325937465704779
confsolv_hydration_conformer_correction,alanine,7,-0.2188692299375358,-0.9162607192993164,0.040875885635614395,0.11576546407505268,False,-0.7464875759063582
confsolv_hydration_conformer_correction,alanine,8,-0.20025043818336738,-0.9162607192993164,0.040875885635614395,0.11576546407505268,False,-0.5856555704120637
confsolv_hydration_conformer_correction,alanine,9,-0.2026048013239237,-0.9162607192993164,0.040875885635614395,0.11576546407505268,False,-0.6059929236923991
confsolv_hydration_conformer_correction,alanine,10,-0.21757630712932297,-0.9162607192993164,0.040875885635614395,0.11576546407505268,False,-0.7353191085353414
confsolv_hydration_conformer_correction,alanine,11,-0.2148312018021855,-0.9162607192993164,0.040875885635614395,0.11576546407505268,False,-0.7116064637576403
confsolv_hydration_conformer_correction,alanine,12,-0.21867982524684149,-0.9162607192993164,0.040875885635614395,0.11576546407505268,False,-0.7448514688669434
confsolv_hydration_conformer_correction,alkane,1,-0.07709756670763122,-0.9162607192993164,0.040875885635614395,0.11576546407505268,False,0.47815799833840655
confsolv_hydration_conformer_correction,alkane,2,-0.03246269308032819,-0.9162607192993164,0.040875885635614395,0.11576546407505268,False,0.8637209465279072
confsolv_hydration_conformer_correction,alkane,3,-0.02014846452726582,-0.9162607192993164,0.040875885635614395,0.11576546407505268,False,0.9700931590996881
confsolv_hydration_conformer_correction,alkane,4,-0.023116819450090094,-0.9162607192993164,0.040875885635614395,0.11576546407505268,False,0.9444520497538141
confsolv_hydration_conformer_correction,alkane,5,-0.005632923924306347,-0.9162607192993164,0.040875885635614395,0.11576546407505268,False,1.0954806459372894
confsolv_hydration_conformer_correction,alkane,6,-0.021019921088227853,-0.9162607192993164,0.040875885635614395,0.11576546407505268,False,0.9625653824184055
confsolv_hydration_conformer_correction,alkane,7,-0.02813592504990635,-0.9162607192993164,0.040875885635614395,0.11576546407505268,False,0.9010962385892488
confsolv_hydration_conformer_correction,alkane,8,-0.02672284010447168,-0.9162607192993164,0.040875885635614395,0.11576546407505268,False,0.9133026851035437
confsolv_hydration_conformer_correction,alkane,9,-0.04256710362647662,-0.9162607192993164,0.040875885635614395,0.11576546407505268,False,0.776437483995441
confsolv_hydration_conformer_correction,alkane,10,-0.037745107745875965,-0.9162607192993164,0.040875885635614395,0.11576546407505268,False,0.8180906308914311
confsolv_hydration_conformer_correction,alkane,11,-0.02473301793094213,-0.9162607192993164,0.040875885635614395,0.11576546407505268,False,0.9304910770771596
confsolv_hydration_conformer_correction,alkane,12,-0.010039444362517112,-0.9162607192993164,0.040875885635614395,0.11576546407505268,False,1.0574164402312254
confsolv_hydration_conformer_correction,alkane,13,-0.013465016868251198,-0.9162607192993164,0.040875885635614395,0.11576546407505268,False,1.0278258146236328
confsolv_hydration_conformer_correction,alkane,14,-0.0145793172750907,-0.9162607192993164,0.040875885635614395,0.11576546407505268,False,1.018200315207701
confsolv_hydration_conformer_correction,alkane,15,-0.030379869851632504,-0.9162607192993164,0.040875885635614395,0.11576546407505268,False,0.881712696013275
confsolv_hydration_conformer_correction,alkane,16,-0.047639904739855486,-0.9162607192993164,0.040875885635614395,0.11576546407505268,False,0.7326178426722731
confsolv_hydration_conformer_correction,alkane,17,-0.056475914838340927,-0.9162607192993164,0.040875885635614395,0.11576546407505268,False,0.6562910195641577
confsolv_hydration_conformer_correction,alkane,18,-0.12711690447945453,-0.9162607192993164,0.040875885635614395,0.11576546407505268,False,0.04608321531507813
confsolv_hydration_conformer_correction,alkane,19,-0.11334508196273896,-0.9162607192993164,0.040875885635614395,0.11576546407505268,False,0.1650463501908393
confsolv_hydration_conformer_correction,alkane,20,-0.12290959899362086,-0.9162607192993164,0.040875885635614395,0.11576546407505268,False,0.08242657142261299
confsolv_hydration_conformer_correction,alkane,21,-0.1372350480063715,-0.9162607192993164,0.040875885635614395,0.11576546407505268,False,-0.04131887483123025
confsolv_hydration_conformer_correction,alkane,22,-0.1384158981315003,-0.9162607192993164,0.040875885635614395,0.11576546407505268,False,-0.05151924101611605
confsolv_hydration_conformer_correction,alkane,23,-0.13800759122897766,-0.9162607192993164,0.040875885635614395,0.11576546407505268,False,-0.04799222278330419
confsolv_hydration_conformer_correction,alkane,24,-0.1407382076892316,-0.9162607192993164,0.040875885635614395,0.11576546407505268,False,-0.07157971048588561
confsolv_hydration_conformer_correction,alkane,25,-0.13073024438949005,-0.9162607192993164,0.040875885635614395,0.11576546407505268,False,0.01487062580139619
confsolv_hydration_conformer_correction,alkane,26,-0.13073024438949005,-0.9162607192993164,0.040875885635614395,0.11576546407505268,False,0.01487062580139619
confsolv_hydration_conformer_correction,alkane,27,-0.1345503756308215,-0.9162607192993164,0.040875885635614395,0.11576546407505268,False,-0.018128259244793443
confsolv_hydration_conformer_correction,alkane,28,-0.12856687527815394,-0.9162607192993164,0.040875885635614395,0.11576546407505268,False,0.0335581430900891
confsolv_hydration_conformer_correction,alkane,29,-0.12783044445563102,-0.9162607192993164,0.040875885635614395,0.11576546407505268,False,0.03991954653978703
confsolv_hydration_conformer_correction,alkane,30,-0.12783044445563102,-0.9162607192993164,0.040875885635614395,0.11576546407505268,False,0.03991954653978703
confsolv_water_gsolv_std,glycine,0,0.5136961925289306,-0.030148381367325783,2.2766964435577393,0.3118769872827437,False,-0.5563380693888893
confsolv_water_gsolv_std,glycine,1,0.9320827825505562,-0.030148381367325783,2.2766964435577393,0.3118769872827437,False,0.7851735107596056
confsolv_water_gsolv_std,glycine,2,0.908098536818009,-0.030148381367325783,2.2766964435577393,0.3118769872827437,False,0.7082706076582511
confsolv_water_gsolv_std,glycine,3,0.9747657083862539,-0.030148381367325783,2.2766964435577393,0.3118769872827437,False,0.9220317195283144
confsolv_water_gsolv_std,glycine,4,0.9486110016713698,-0.030148381367325783,2.2766964435577393,0.3118769872827437,False,0.838169466840935
confsolv_water_gsolv_std,glycine,5,0.9342740544508419,-0.030148381367325783,2.2766964435577393,0.3118769872827437,False,0.7921995883146613
confsolv_water_gsolv_std,glycine,6,0.8888467471852957,-0.030148381367325783,2.2766964435577393,0.3118769872827437,False,0.6465418158020572
confsolv_water_gsolv_std,glycine,7,0.942742341437714,-0.030148381367325783,2.2766964435577393,0.3118769872827437,False,0.8193522393026447
confsolv_water_gsolv_std,glycine,8,0.9271276712170675,-0.030148381367325783,2.2766964435577393,0.3118769872827437,False,0.7692854794666893
confsolv_water_gsolv_std,glycine,9,0.9243125330045776,-0.030148381367325783,2.2766964435577393,0.3118769872827437,False,0.7602590417130831
confsolv_water_gsolv_std,glycine,10,0.9596167434639996,-0.030148381367325783,2.2766964435577393,0.3118769872827437,False,0.8734581936191379
confsolv_water_gsolv_std,glycine,11,0.9857840787024282,-0.030148381367325783,2.2766964435577393,0.3118769872827437,False,0.9573609383083626
confsolv_water_gsolv_std,glycine,12,1.0574704452022552,-0.030148381367325783,2.2766964435577393,0.3118769872827437,False,1.187215558632872
confsolv_water_gsolv_std,alanine,0,0.5136961925289306,-0.030148381367325783,2.2766964435577393,0.3118769872827437,False,-0.5563380693888893
confsolv_water_gsolv_std,alanine,1,0.9763286830351867,-0.030148381367325783,2.2766964435577393,0.3118769872827437,False,0.9270432295552337
confsolv_water_gsolv_std,alanine,2,1.1184192266080604,-0.030148381367325783,2.2766964435577393,0.3118769872827437,False,1.3826412677780928
confsolv_water_gsolv_std,alanine,3,1.1224969700980045,-0.030148381367325783,2.2766964435577393,0.3118769872827437,False,1.39571611349041
confsolv_water_gsolv_std,alanine,4,1.1103076590060799,-0.030148381367325783,2.2766964435577393,0.3118769872827437,False,1.3566323991127474
confsolv_water_gsolv_std,alanine,5,0.9725699950608148,-0.030148381367325783,2.2766964435577393,0.3118769872827437,False,0.9149914010214266
confsolv_water_gsolv_std,alanine,6,0.932584193852551,-0.030148381367325783,2.2766964435577393,0.3118769872827437,False,0.7867812321447689
confsolv_water_gsolv_std,alanine,7,0.9778270964069034,-0.030148381367325783,2.2766964435577393,0.3118769872827437,False,0.9318477307939166
confsolv_water_gsolv_std,alanine,8,1.0278980837277998,-0.030148381367325783,2.2766964435577393,0.3118769872827437,False,1.0923949637178472
confsolv_water_gsolv_std,alanine,9,1.0349070049311873,-0.030148381367325783,2.2766964435577393,0.3118769872827437,False,1.114868315357073
confsolv_water_gsolv_std,alanine,10,1.0586125418926646,-0.030148381367325783,2.2766964435577393,0.3118769872827437,False,1.1908775687746274
confsolv_water_gsolv_std,alanine,11,1.0770677738358523,-0.030148381367325783,2.2766964435577393,0.3118769872827437,False,1.2500522841134554
confsolv_water_gsolv_std,alanine,12,1.0707680258684815,-0.030148381367325783,2.2766964435577393,0.3118769872827437,False,1.2298528201444787
confsolv_water_gsolv_std,alkane,1,0.45480269688181585,-0.030148381367325783,2.2766964435577393,0.3118769872827437,False,-0.7451737259092042
confsolv_water_gsolv_std,alkane,2,0.3952861593440137,-0.030148381367325783,2.2766964435577393,0.3118769872827437,False,-0.936007099209188
confsolv_water_gsolv_std,alkane,3,0.3430163076812532,-0.030148381367325783,2.2766964435577393,0.3118769872827437,False,-1.103604754035106
confsolv_water_gsolv_std,alkane,4,0.3762003351782406,-0.030148381367325783,2.2766964435577393,0.3118769872827437,False,-0.997203740654458
confsolv_water_gsolv_std,alkane,5,0.50128243370366,-0.030148381367325783,2.2766964435577393,0.3118769872827437,False,-0.5961414512716843
confsolv_water_gsolv_std,alkane,6,0.4789101038706542,-0.030148381367325783,2.2766964435577393,0.3118769872827437,False,-0.6678759194923977
confsolv_water_gsolv_std,alkane,7,0.48554001001617103,-0.030148381367325783,2.2766964435577393,0.3118769872827437,False,-0.6466178388520769
confsolv_water_gsolv_std,alkane,8,0.47811306928921293,-0.030148381367325783,2.2766964435577393,0.3118769872827437,False,-0.6704315251123746
confsolv_water_gsolv_std,alkane,9,0.4677102945960399,-0.030148381367325783,2.2766964435577393,0.3118769872827437,False,-0.7037869027688286
confsolv_water_gsolv_std,alkane,10,0.5893878793123741,-0.030148381367325783,2.2766964435577393,0.3118769872827437,False,-0.3136408205700068
confsolv_water_gsolv_std,alkane,11,0.54648264065618,-0.030148381367325783,2.2766964435577393,0.3118769872827437,False,-0.4512118514755246
confsolv_water_gsolv_std,alkane,12,0.5380770525657587,-0.030148381367325783,2.2766964435577393,0.3118769872827437,False,-0.4781634651987935
confsolv_water_gsolv_std,alkane,13,0.5988427919256508,-0.030148381367325783,2.2766964435577393,0.3118769872827437,False,-0.2833246606774368
confsolv_water_gsolv_std,alkane,14,0.6861454843434456,-0.030148381367325783,2.2766964435577393,0.3118769872827437,False,-0.0033979717016732547
confsolv_water_gsolv_std,alkane,15,0.6957796532023356,-0.030148381367325783,2.2766964435577393,0.3118769872827437,False,0.02749295405347327
confsolv_water_gsolv_std,alkane,16,0.7375538634924355,-0.030148381367325783,2.2766964435577393,0.3118769872827437,False,0.1614374642081385
confsolv_water_gsolv_std,alkane,17,0.7853434701304469,-0.030148381367325783,2.2766964435577393,0.3118769872827437,False,0.3146696954618219
confsolv_water_gsolv_std,alkane,18,0.841356669776693,-0.030148381367325783,2.2766964435577393,0.3118769872827437,False,0.4942699927914393
confsolv_water_gsolv_std,alkane,19,0.7974602799097836,-0.030148381367325783,2.2766964435577393,0.3118769872827437,False,0.35352094218222124
confsolv_water_gsolv_std,alkane,20,0.8082660525011482,-0.030148381367325783,2.2766964435577393,0.3118769872827437,False,0.38816848923438074
confsolv_water_gsolv_std,alkane,21,0.859513236955208,-0.030148381367325783,2.2766964435577393,0.3118769872827437,False,0.5524870717003569
confsolv_water_gsolv_std,alkane,22,0.8424560968445024,-0.030148381367325783,2.2766964435577393,0.3118769872827437,False,0.49779518737981937
confsolv_water_gsolv_std,alkane,23,0.8069947929519925,-0.030148381367325783,2.2766964435577393,0.3118769872827437,False,0.38409233228470735
confsolv_water_gsolv_std,alkane,24,0.8033525067187705,-0.030148381367325783,2.2766964435577393,0.3118769872827437,False,0.3724137334084139
confsolv_water_gsolv_std,alkane,25,0.8046852901884166,-0.030148381367325783,2.2766964435577393,0.3118769872827437,False,0.37668716018881904
confsolv_water_gsolv_std,alkane,26,0.801708018867442,-0.030148381367325783,2.2766964435577393,0.3118769872827437,False,0.3671408600692933
confsolv_water_gsolv_std,alkane,27,0.7889018438865525,-0.030148381367325783,2.2766964435577393,0.3118769872827437,False,0.326079238009697
confsolv_water_gsolv_std,alkane,28,0.7832624350895135,-0.030148381367325783,2.2766964435577393,0.3118769872827437,False,0.3079970805341718
confsolv_water_gsolv_std,alkane,29,0.7904626563939816,-0.030148381367325783,2.2766964435577393,0.3118769872827437,False,0.3310838153625432
confsolv_water_gsolv_std,alkane,30,0.7872030251644696,-0.030148381367325783,2.2766964435577393,0.3118769872827437,False,0.32063215857981026
confsolv_water_response_mean,glycine,0,-0.2802120730351555,-1.8926063776016235,0.11095093935728073,0.2771327954508185,False,0.35535609230567544
confsolv_water_response_mean,glycine,1,-0.38763127976361816,-1.8926063776016235,0.11095093935728073,0.2771327954508185,False,-0.0322530556976177
confsolv_water_response_mean,glycine,2,-0.305478286702493,-1.8926063776016235,0.11095093935728073,0.2771327954508185,False,0.2641860320237938
confsolv_water_response_mean,glycine,3,-0.3879750669804704,-1.8926063776016235,0.11095093935728073,0.2771327954508185,False,-0.03349357007374196
confsolv_water_response_mean,glycine,4,-0.6068685305213617,-1.8926063776016235,0.11095093935728073,0.2771327954508185,False,-0.8233440213161224
confsolv_water_response_mean,glycine,5,-0.6407970297366103,-1.8926063776016235,0.11095093935728073,0.2771327954508185,False,-0.9457708858813801
confsolv_water_response_mean,glycine,6,-0.6062267080415079,-1.8926063776016235,0.11095093935728073,0.2771327954508185,False,-0.8210280829270562
confsolv_water_response_mean,glycine,7,-0.4408798552634707,-1.8926063776016235,0.11095093935728073,0.2771327954508185,False,-0.22439406670005715
confsolv_water_response_mean,glycine,8,-0.43109100028922515,-1.8926063776016235,0.11095093935728073,0.2771327954508185,False,-0.18907217360428777
confsolv_water_response_mean,glycine,9,-0.3958746380586004,-1.8926063776016235,0.11095093935728073,0.2771327954508185,False,-0.061998211919827254
confsolv_water_response_mean,glycine,10,-0.36706310758843624,-1.8926063776016235,0.11095093935728073,0.2771327954508185,False,0.04196469302361606
confsolv_water_response_mean,glycine,11,-0.4357942399896804,-1.8926063776016235,0.11095093935728073,0.2771327954508185,False,-0.2060432422676136
confsolv_water_response_mean,glycine,12,-0.44679584674941814,-1.8926063776016235,0.11095093935728073,0.2771327954508185,False,-0.2457412027411878
confsolv_water_response_mean,alanine,0,-0.2802120730351555,-1.8926063776016235,0.11095093935728073,0.2771327954508185,False,0.35535609230567544
confsolv_water_response_mean,alanine,1,-0.44609189043784186,-1.8926063776016235,0.11095093935728073,0.2771327954508185,False,-0.24320106197426367
confsolv_water_response_mean,alanine,2,-0.5862685849931178,-1.8926063776016235,0.11095093935728073,0.2771327954508185,False,-0.749011622313206
confsolv_water_response_mean,alanine,3,-0.44938957542557045,-1.8926063776016235,0.11095093935728073,0.2771327954508185,False,-0.25510035733685027
confsolv_water_response_mean,alanine,4,-0.6913799297797498,-1.8926063776016235,0.11095093935728073,0.2771327954508185,False,-1.1282931310774245
confsolv_water_response_mean,alanine,5,-0.46647714297894644,-1.8926063776016235,0.11095093935728073,0.2771327954508185,False,-0.3167587674343605
confsolv_water_response_mean,alanine,6,-0.43067601968693603,-1.8926063776016235,0.11095093935728073,0.2771327954508185,False,-0.1875747665521413
confsolv_water_response_mean,alanine,7,-0.33010204016027955,-1.8926063776016235,0.11095093935728073,0.2771327954508185,False,0.17533421130105864
confsolv_water_response_mean,alanine,8,-0.3509321450145558,-1.8926063776016235,0.11095093935728073,0.2771327954508185,False,0.10017131035174516
confsolv_water_response_mean,alanine,9,-0.34469041659287886,-1.8926063776016235,0.11095093935728073,0.2771327954508185,False,0.12269382852402913
confsolv_water_response_mean,alanine,10,-0.34472363342966356,-1.8926063776016235,0.11095093935728073,0.2771327954508185,False,0.12257396960682425
confsolv_water_response_mean,alanine,11,-0.3621154515659106,-1.8926063776016235,0.11095093935728073,0.2771327954508185,False,0.059817708270249716
confsolv_water_response_mean,alanine,12,-0.354039805575554,-1.8926063776016235,0.11095093935728073,0.2771327954508185,False,0.08895769503081968
confsolv_water_response_mean,alkane,1,-0.21136041349402127,-1.8926063776016235,0.11095093935728073,0.2771327954508185,False,0.6037989351281267
confsolv_water_response_mean,alkane,2,-0.22550711330242024,-1.8926063776016235,0.11095093935728073,0.2771327954508185,False,0.5527522887527448
confsolv_water_response_mean,alkane,3,-0.2271146336298988,-1.8926063776016235,0.11095093935728073,0.2771327954508185,False,0.5469517470851173
confsolv_water_response_mean,alkane,4,-0.06233028990016619,-1.8926063776016235,0.11095093935728073,0.2771327954508185,False,1.1415560177982749
confsolv_water_response_mean,alkane,5,-0.24148546950325406,-1.8926063776016235,0.11095093935728073,0.2771327954508185,False,0.4950963329686542
confsolv_water_response_mean,alkane,6,-0.24781126342971818,-1.8926063776016235,0.11095093935728073,0.2771327954508185,False,0.47227047464259864
confsolv_water_response_mean,alkane,7,-0.24002699649341633,-1.8926063776016235,0.11095093935728073,0.2771327954508185,False,0.5003590555109834
confsolv_water_response_mean,alkane,8,-0.3187417130142969,-1.8926063776016235,0.11095093935728073,0.2771327954508185,False,0.21632657067701253
confsolv_water_response_mean,alkane,9,-0.3453153938546409,-1.8926063776016235,0.11095093935728073,0.2771327954508185,False,0.12043867405649179
confsolv_water_response_mean,alkane,10,-0.3411023463189609,-1.8926063776016235,0.11095093935728073,0.2771327954508185,False,0.13564094388827588
confsolv_water_response_mean,alkane,11,-0.36296483924072537,-1.8926063776016235,0.11095093935728073,0.2771327954508185,False,0.056752796109878816
confsolv_water_response_mean,alkane,12,-0.3561955308762191,-1.8926063776016235,0.11095093935728073,0.2771327954508185,False,0.08117902236539828
confsolv_water_response_mean,alkane,13,-0.3851327318153211,-1.8926063776016235,0.11095093935728073,0.2771327954508185,False,-0.023237349186836034
confsolv_water_response_mean,alkane,14,-0.39128639631572576,-1.8926063776016235,0.11095093935728073,0.2771327954508185,False,-0.04544209940556909
confsolv_water_response_mean,alkane,15,-0.4134361685826532,-1.8926063776016235,0.11095093935728073,0.2771327954508185,False,-0.125366859775037
confsolv_water_response_mean,alkane,16,-0.42689568780731935,-1.8926063776016235,0.11095093935728073,0.2771327954508185,False,-0.17393389855791086
confsolv_water_response_mean,alkane,17,-0.46856419018842144,-1.8926063776016235,0.11095093935728073,0.2771327954508185,False,-0.3242896235572526
confsolv_water_response_mean,alkane,18,-0.5257156099073017,-1.8926063776016235,0.11095093935728073,0.2771327954508185,False,-0.5305135734362654
confsolv_water_response_mean,alkane,19,-0.5257156099073017,-1.8926063776016235,0.11095093935728073,0.2771327954508185,False,-0.5305135734362654
confsolv_water_response_mean,alkane,20,-0.5417633971457061,-1.8926063776016235,0.11095093935728073,0.2771327954508185,False,-0.5884200626783598
confsolv_water_response_mean,alkane,21,-0.5424366028850146,-1.8926063776016235,0.11095093935728073,0.2771327954508185,False,-0.5908492437437526
confsolv_water_response_mean,alkane,22,-0.5344352388681268,-1.8926063776016235,0.11095093935728073,0.2771327954508185,False,-0.5619772944536234
confsolv_water_response_mean,alkane,23,-0.51743400790741,-1.8926063776016235,0.11095093935728073,0.2771327954508185,False,-0.5006304194543636
confsolv_water_response_mean,alkane,24,-0.5180585117867913,-1.8926063776016235,0.11095093935728073,0.2771327954508185,False,-0.5028838657791314
confsolv_water_response_mean,alkane,25,-0.5392976885728111,-1.8926063776016235,0.11095093935728073,0.2771327954508185,False,-0.5795228530612737
confsolv_water_response_mean,alkane,26,-0.5222617994288093,-1.8926063776016235,0.11095093935728073,0.2771327954508185,False,-0.5180509182211943
confsolv_water_response_mean,alkane,27,-0.51719122917902,-1.8926063776016235,0.11095093935728073,0.2771327954508185,False,-0.4997543819287613
confsolv_water_response_mean,alkane,28,-0.5196609398373868,-1.8926063776016235,0.11095093935728073,0.2771327954508185,False,-0.5086660325847193
confsolv_water_response_mean,alkane,29,-0.5200859321228322,-1.8926063776016235,0.11095093935728073,0.2771327954508185,False,-0.510199565578366
confsolv_water_response_mean,alkane,30,-0.5200859321228322,-1.8926063776016235,0.11095093935728073,0.2771327954508185,False,-0.510199565578366
confsolv_water_response_std,glycine,0,0.6603157170091597,-0.012319309636950493,2.297584056854248,0.3201350735838902,False,-0.09384322181593555
confsolv_water_response_std,glycine,1,0.8104916789061009,-0.012319309636950493,2.297584056854248,0.3201350735838902,False,0.3752586488904871
confsolv_water_response_std,glycine,2,0.9214654456764003,-0.012319309636950493,2.297584056854248,0.3201350735838902,False,0.7219053487598758
confsolv_water_response_std,glycine,3,1.1095272487164571,-0.012319309636950493,2.297584056854248,0.3201350735838902,False,1.3093505197457282
confsolv_water_response_std,glycine,4,1.0835791415977432,-0.012319309636950493,2.297584056854248,0.3201350735838902,False,1.2282968981346167
confsolv_water_response_std,glycine,5,1.1027464177019002,-0.012319309636950493,2.297584056854248,0.3201350735838902,False,1.2881693634961302
confsolv_water_response_std,glycine,6,1.0835185082657854,-0.012319309636950493,2.297584056854248,0.3201350735838902,False,1.2281074989185954
confsolv_water_response_std,glycine,7,1.1497468665363477,-0.012319309636950493,2.297584056854248,0.3201350735838902,False,1.4349837950055575
confsolv_water_response_std,glycine,8,1.169175474983173,-0.012319309636950493,2.297584056854248,0.3201350735838902,False,1.4956725793656198
confsolv_water_response_std,glycine,9,1.1487295967697273,-0.012319309636950493,2.297584056854248,0.3201350735838902,False,1.431806168276839
confsolv_water_response_std,glycine,10,1.112800133988742,-0.012319309636950493,2.297584056854248,0.3201350735838902,False,1.3195739708523033
confsolv_water_response_std,glycine,11,1.0982519108344095,-0.012319309636950493,2.297584056854248,0.3201350735838902,False,1.2741299556387686
confsolv_water_response_std,glycine,12,1.1360508793244715,-0.012319309636950493,2.297584056854248,0.3201350735838902,False,1.3922018934208589
confsolv_water_response_std,alanine,0,0.6603157170091597,-0.012319309636950493,2.297584056854248,0.3201350735838902,False,-0.09384322181593555
confsolv_water_response_std,alanine,1,0.9499478530301234,-0.012319309636950493,2.297584056854248,0.3201350735838902,False,0.8108753170762633
confsolv_water_response_std,alanine,2,1.1531116180096332,-0.012319309636950493,2.297584056854248,0.3201350735838902,False,1.445494206862707
confsolv_water_response_std,alanine,3,1.3616131913574443,-0.012319309636950493,2.297584056854248,0.3201350735838902,False,2.0967867097854582
confsolv_water_response_std,alanine,4,1.2833909775042285,-0.012319309636950493,2.297584056854248,0.3201350735838902,False,1.8524454291581172
confsolv_water_response_std,alanine,5,1.286730673299662,-0.012319309636950493,2.297584056854248,0.3201350735838902,False,1.8628775750584268
confsolv_water_response_std,alanine,6,1.3061765058030883,-0.012319309636950493,2.297584056854248,0.3201350735838902,False,1.9236201618850797
confsolv_water_response_std,alanine,7,1.3041015946064207,-0.012319309636950493,2.297584056854248,0.3201350735838902,False,1.917138800210337
confsolv_water_response_std,alanine,8,1.3061394282851426,-0.012319309636950493,2.297584056854248,0.3201350735838902,False,1.9235043435290007
confsolv_water_response_std,alanine,9,1.3078189043466317,-0.012319309636950493,2.297584056854248,0.3201350735838902,False,1.928750491796004
confsolv_water_response_std,alanine,10,1.2733076283924392,-0.012319309636950493,2.297584056854248,0.3201350735838902,False,1.8209482582954968
confsolv_water_response_std,alanine,11,1.2770048957742042,-0.012319309636950493,2.297584056854248,0.3201350735838902,False,1.8324973439372991
confsolv_water_response_std,alanine,12,1.2709400838858809,-0.012319309636950493,2.297584056854248,0.3201350735838902,False,1.813552803370631
confsolv_water_response_std,alkane,1,0.43187241231016166,-0.012319309636950493,2.297584056854248,0.3201350735838902,False,-0.8074273416113422
confsolv_water_response_std,alkane,2,0.35439769411640865,-0.012319309636950493,2.297584056854248,0.3201350735838902,False,-1.0494336838918954
confsolv_water_response_std,alkane,3,0.3556810825435705,-0.012319309636950493,2.297584056854248,0.3201350735838902,False,-1.0454247872321374
confsolv_water_response_std,alkane,4,0.38233571167828556,-0.012319309636950493,2.297584056854248,0.3201350735838902,False,-0.9621642158854294
confsolv_water_response_std,alkane,5,0.4826613138511449,-0.012319309636950493,2.297584056854248,0.3201350735838902,False,-0.6487789905500074
confsolv_water_response_std,alkane,6,0.46011440954405425,-0.012319309636950493,2.297584056854248,0.3201350735838902,False,-0.7192083379335341
confsolv_water_response_std,alkane,7,0.38177772804272225,-0.012319309636950493,2.297584056854248,0.3201350735838902,False,-0.9639071790331931
confsolv_water_response_std,alkane,8,0.4650798333422774,-0.012319309636950493,2.297584056854248,0.3201350735838902,False,-0.7036979355816906
confsolv_water_response_std,alkane,9,0.4073048612012997,-0.012319309636950493,2.297584056854248,0.3201350735838902,False,-0.8841685459843274
confsolv_water_response_std,alkane,10,0.41467899774904793,-0.012319309636950493,2.297584056854248,0.3201350735838902,False,-0.8611340922295567
confsolv_water_response_std,alkane,11,0.44966723889247356,-0.012319309636950493,2.297584056854248,0.3201350735838902,False,-0.7518419714015115
confsolv_water_response_std,alkane,12,0.5189945752563481,-0.012319309636950493,2.297584056854248,0.3201350735838902,False,-0.535285454841924
confsolv_water_response_std,alkane,13,0.5842142675095019,-0.012319309636950493,2.297584056854248,0.3201350735838902,False,-0.3315599101116205
confsolv_water_response_std,alkane,14,0.6268906067223656,-0.012319309636950493,2.297584056854248,0.3201350735838902,False,-0.19825261973851319
confsolv_water_response_std,alkane,15,0.6462170481670234,-0.012319309636950493,2.297584056854248,0.3201350735838902,False,-0.13788297255084458
confsolv_water_response_std,alkane,16,0.6958914185437538,-0.012319309636950493,2.297584056854248,0.3201350735838902,False,0.017283938155405815
confsolv_water_response_std,alkane,17,0.7635005443408526,-0.012319309636950493,2.297584056854248,0.3201350735838902,False,0.228473312191244
confsolv_water_response_std,alkane,18,0.8232321863897027,-0.012319309636950493,2.297584056854248,0.3201350735838902,False,0.41505593614481
confsolv_water_response_std,alkane,19,0.8498799902416739,-0.012319309636950493,2.297584056854248,0.3201350735838902,False,0.49829518748222473
confsolv_water_response_std,alkane,20,0.8852602953431497,-0.012319309636950493,2.297584056854248,0.3201350735838902,False,0.6088119912344523
confsolv_water_response_std,alkane,21,0.998337513264102,-0.012319309636950493,2.297584056854248,0.3201350735838902,False,0.9620292025042475
confsolv_water_response_std,alkane,22,0.998337513264102,-0.012319309636950493,2.297584056854248,0.3201350735838902,False,0.9620292025042475
confsolv_water_response_std,alkane,23,0.9935187162171071,-0.012319309636950493,2.297584056854248,0.3201350735838902,False,0.9469768154194809
confsolv_water_response_std,alkane,24,0.9787813931592664,-0.012319309636950493,2.297584056854248,0.3201350735838902,False,0.9009421123397546
confsolv_water_response_std,alkane,25,1.0057282716331513,-0.012319309636950493,2.297584056854248,0.3201350735838902,False,0.9851155775343564
confsolv_water_response_std,alkane,26,1.003044529190411,-0.012319309636950493,2.297584056854248,0.3201350735838902,False,0.9767324209726719
confsolv_water_response_std,alkane,27,1.003397049177633,-0.012319309636950493,2.297584056854248,0.3201350735838902,False,0.9778335811275884
confsolv_water_response_std,alkane,28,1.003397049177633,-0.012319309636950493,2.297584056854248,0.3201350735838902,False,0.9778335811275884
confsolv_water_response_std,alkane,29,1.0030261863251115,-0.012319309636950493,2.297584056854248,0.3201350735838902,False,0.9766751237040714
confsolv_water_response_std,alkane,30,1.002071611661851,-0.012319309636950493,2.297584056854248,0.3201350735838902,False,0.9736933365085166
