id,smiles,y,part,fold,weight,strict,similarity,model,prediction,seed_11,seed_29,seed_47
VNWKTOKETHGBQD-UHFFFAOYSA-N,C,1.9598,arrow,0,3.0,False,,structure,1.2685898897707215,1.3383206481481458,1.1967667757936504,1.2706822453703686
IJDNQMDRQITEOD-UHFFFAOYSA-N,CCCC,2.1032,arrow,0,3.0,False,,structure,2.090479513668433,2.1048349530423307,2.070146468915346,2.0964571190476216
QQONPFPTGQHPMA-UHFFFAOYSA-N,C=CC,1.32,arrow,0,3.0,False,,structure,1.1996392217813072,1.2398598941798962,1.186026517857144,1.1730312533068812
BAVYZALUXZFZLV-UHFFFAOYSA-N,CN,-4.55,arrow,0,3.0,False,,structure,-4.614227193562603,-4.574690277777771,-4.6494906415343875,-4.618500661375652
QUSNBJAOOMFDIB-UHFFFAOYSA-N,CCN,-4.5,arrow,0,3.0,False,,structure,-4.533958481040557,-4.544366798941793,-4.558530158730153,-4.498978485449726
NBBJYMSMWIIQGU-UHFFFAOYSA-N,CCC=O,-3.43,arrow,0,3.0,False,,structure,-3.4759624779541434,-3.4481490410052893,-3.48118538359788,-3.498553009259261
ZTQSAGDEMFDKMZ-UHFFFAOYSA-N,CCCC=O,-3.18,arrow,0,3.0,False,,structure,-3.4585170965608474,-3.4322362764550265,-3.4609537698412707,-3.482361243386246
QQZOPKMRPOGIEB-UHFFFAOYSA-N,CCCCC(C)=O,-3.28,arrow,0,3.0,False,,structure,-3.0866328593474415,-3.1024064814814816,-3.0749993716931194,-3.0824927248677234
QTBSBXVTEAMEQO-UHFFFAOYSA-N,CC(=O)O,-6.69,arrow,0,3.0,False,,structure,-6.483702480158727,-6.488175793650795,-6.511075132275128,-6.4518565145502595
UHOVQNZJYSORNB-UHFFFAOYSA-N,c1ccccc1,-0.88,arrow,0,3.0,False,,structure,-0.685547313712522,-0.6542330687830685,-0.6441905853174604,-0.758218287037037
UFWIBTONFRDIAS-UHFFFAOYSA-N,c1ccc2ccccc2c1,-2.4,arrow,0,3.0,False,,structure,-2.4928990520282226,-2.5110688492063513,-2.4575490410052954,-2.510079265873021
MWPLVEDNUUSJAV-UHFFFAOYSA-N,c1ccc2cc3ccccc3cc2c1,-3.95,arrow,0,3.0,False,,structure,-3.890337731481481,-3.807758961640212,-3.9551881283068786,-3.908066104497353
YNPNZTXNASCQKK-UHFFFAOYSA-N,c1ccc2c(c1)ccc1ccccc12,-3.88,arrow,0,3.0,False,,structure,-4.218135218253971,-4.144674503968255,-4.263429662698415,-4.246301488095241
KFZMGEQAYNKOFK-UHFFFAOYSA-N,CC(C)O,-4.62,arrow,0,3.0,False,,structure,-4.771062488977073,-4.787542361111114,-4.749594146825397,-4.776050958994708
LRHPLDYGYMQRHN-UHFFFAOYSA-N,CCCCO,-4.72,arrow,0,3.0,False,,structure,-4.6335854056437435,-4.622024041005295,-4.648502843915346,-4.630229332010589
DKGAVHZHDRPRBM-UHFFFAOYSA-N,CC(C)(C)O,-4.51,arrow,0,3.0,False,,structure,-4.451607837301587,-4.432766964285711,-4.465579100529104,-4.456477447089947
MSXVEPNJUHWQHW-UHFFFAOYSA-N,CCC(C)(C)O,-4.43,arrow,0,3.0,False,,structure,-4.314488470017629,-4.295832142857136,-4.335704563492053,-4.311928703703701
DMEGYFMYUHOHGS-UHFFFAOYSA-N,C1CCCCCC1,0.789,arrow,1,3.0,False,,structure,1.1639684358465592,1.1644770932539665,1.1700310119047594,1.1573972023809513
ATUOYWHBWRKTHZ-UHFFFAOYSA-N,CCC,1.9598,arrow,1,3.0,False,,structure,1.977806145502643,1.9747535648148105,1.9859066408730162,1.9727582308201022
OFBQJSOFQDEBGM-UHFFFAOYSA-N,CCCCC,2.3422,arrow,1,3.0,False,,structure,2.3022625674603137,2.294187572751318,2.3068621699735434,2.3057379596560805
TVMXDCGIABBOFY-UHFFFAOYSA-N,CCCCCCCC,2.8919,arrow,1,3.0,False,,structure,2.83479989638448,2.841618078703702,2.8408793981481493,2.821902212301587
VNKYTQGIUYNRMY-UHFFFAOYSA-N,CCCOC,-1.66,arrow,1,3.0,False,,structure,-2.4108474096119905,-2.298178141534389,-2.299490773809522,-2.6348733134920597
FERIUCNNQQJTOY-UHFFFAOYSA-N,CCCC(=O)O,-6.35,arrow,1,3.0,False,,structure,-6.242372167107585,-6.248766633597888,-6.259986474867724,-6.2183633928571425
ZUOUZKKEUPVFJK-UHFFFAOYSA-N,c1ccc(-c2ccccc2)cc1,-2.66,arrow,1,3.0,False,,structure,-2.8036555886243377,-2.827207407407407,-2.7727178571428555,-2.8110415013227508
OKKJLVBELUTLKV-UHFFFAOYSA-N,CO,-5.11,arrow,1,3.0,False,,structure,-4.796940674603166,-4.812725595238084,-4.794615773809517,-4.783480654761899
HPXRVTGHNJAIIH-UHFFFAOYSA-N,OC1CCCCC1,-5.47,arrow,1,3.0,False,,structure,-5.3813773919753,-5.3735652777777725,-5.397536805555543,-5.373030092592585
RJUFJBKOKNCXHH-UHFFFAOYSA-N,CCC(=O)OC,-2.93,arrow,1,3.0,False,,structure,-2.9146040123456793,-2.931124107142857,-2.9054886243386258,-2.907199305555556
YKYONYBAUNKHLG-UHFFFAOYSA-N,CCCOC(C)=O,-2.86,arrow,1,3.0,False,,structure,-2.7429108024691398,-2.7584115740740787,-2.7326689814814866,-2.737651851851854
QLNJFJADRCOGBJ-UHFFFAOYSA-N,CCC(N)=O,-9.4,arrow,1,3.0,False,,structure,-9.408487962962981,-9.437690740740761,-9.390187896825417,-9.397585251322766
DNJIEGIFACGWOD-UHFFFAOYSA-N,CCS,-1.24,arrow,1,3.0,False,,structure,-0.9908366600529092,-0.9965236243386235,-0.9878168320105807,-0.9881695238095233
SUVIGLJNEAMWEG-UHFFFAOYSA-N,CCCS,-1.05,arrow,1,3.0,False,,structure,-0.9539282451499109,-0.9562255158730146,-0.9490467724867715,-0.9565124470899465
QMMFVYPAHWMCMS-UHFFFAOYSA-N,CSC,-1.54,arrow,1,3.0,False,,structure,-1.4926657186948835,-1.4999353703703682,-1.478744523809522,-1.4993172619047603
PAYRUJLWNCNPSJ-UHFFFAOYSA-N,Nc1ccccc1,-5.54,arrow,1,3.0,False,,structure,-5.773149415784819,-5.751726851851836,-5.773251884920626,-5.794469510581997
RAXXELZNTBOGNW-UHFFFAOYSA-N,c1c[nH]cn1,-9.6,arrow,1,3.0,False,,structure,-9.01683650793652,-9.269560813492083,-8.863726488095242,-8.917222222222238
RGSFGYAAUTVSQA-UHFFFAOYSA-N,C1CCCC1,1.2,arrow,2,3.0,False,,structure,0.9140054717813033,0.9074869841269823,0.9169730423280399,0.9175563888888876
VGGSQFUCUMXWEO-UHFFFAOYSA-N,C=C,1.28,arrow,2,3.0,False,,structure,1.1083101902557304,1.1613304748677227,1.0593762910052897,1.1042238048941784
KAKZBPTYRLMSJV-UHFFFAOYSA-N,C=CC=C,0.61,arrow,2,3.0,False,,structure,0.49944309413580285,0.510629275793651,0.48181589947089976,0.5058841071428577
GETQZCLCWQTVFV-UHFFFAOYSA-N,CN(C)C,-3.2,arrow,2,3.0,False,,structure,-3.843785780423278,-3.7313992724867715,-3.8643007605820068,-3.9356573082010544
LCGLNKUTAGEVQW-UHFFFAOYSA-N,COC,-1.91,arrow,2,3.0,False,,structure,-2.2486025462962993,-2.3474960978836026,-2.215484093915347,-2.1828274470899487
RTZKZFJDLAIYFH-UHFFFAOYSA-N,CCOCC,-1.75,arrow,2,3.0,False,,structure,-1.679843981481482,-1.6827971560846562,-1.687934292328043,-1.6688004960317475
CSCPPACGZOOCGX-UHFFFAOYSA-N,CC(C)=O,-3.8,arrow,2,3.0,False,,structure,-3.598257550705467,-3.599968584656085,-3.6356567129629638,-3.5591473544973526
BBEAQIROQSPTKN-UHFFFAOYSA-N,c1cc2ccc3cccc4ccc(c1)c2c34,-4.52,arrow,2,3.0,False,,structure,-5.337113029100505,-5.241654298941777,-5.3670531084655835,-5.4026316798941565
YXFVVABEGXRONW-UHFFFAOYSA-N,Cc1ccccc1,-0.89,arrow,2,3.0,False,,structure,-0.9051042438271604,-0.9061370370370366,-0.8881041666666667,-0.9210715277777778
ISWSIDIOOBJBQZ-UHFFFAOYSA-N,Oc1ccccc1,-6.62,arrow,2,3.0,False,,structure,-5.765652458112872,-5.764909490740738,-5.765921726190475,-5.766126157407404
QWVGKYWNOKOFNN-UHFFFAOYSA-N,Cc1ccccc1O,-5.87,arrow,2,3.0,False,,structure,-5.671452689594351,-5.649157605820103,-5.664734887566133,-5.700465575396819
LFQSCWFLJHTTHZ-UHFFFAOYSA-N,CCO,-5.01,arrow,2,3.0,False,,structure,-4.980690432098772,-4.983573478835984,-4.977543088624345,-4.980954728835985
AMQJEAYHLZJPGS-UHFFFAOYSA-N,CCCCCO,-4.47,arrow,2,3.0,False,,structure,-4.498747486772491,-4.506319014550269,-4.509888392857146,-4.480035052910058
AQIXEPGDORPWBJ-UHFFFAOYSA-N,CCC(O)CC,-4.35,arrow,2,3.0,False,,structure,-4.3060106922398615,-4.301581382275136,-4.305549933862437,-4.310900760582013
XEKOWRVHYACXOJ-UHFFFAOYSA-N,CCOC(C)=O,-3.12,arrow,2,3.0,False,,structure,-2.840726278659611,-2.8457667989418005,-2.835280820105818,-2.841131216931215
WQOXQRCZOLPYPM-UHFFFAOYSA-N,CSSC,-1.83,arrow,2,3.0,False,,structure,-1.5264546141975277,-1.5475322222222192,-1.5711110317460284,-1.4607205886243355
JUJWROOIHBZHMG-UHFFFAOYSA-N,c1ccncc1,-4.69,arrow,2,3.0,False,,structure,-4.0307183972663125,-4.0783775793650765,-4.008215806878305,-4.005561805555554
CRSOQBOWXPBRES-UHFFFAOYSA-N,CC(C)(C)C,2.5,arrow,3,3.0,False,,structure,2.2799313359788367,2.2739962314814823,2.2827377552910044,2.2830600211640224
OTMSDBZUPAUEDD-UHFFFAOYSA-N,CC,1.7925,arrow,3,3.0,False,,structure,1.8288016538800713,1.8443361309523816,1.7798875952380948,1.8621812354497378
VLKZOEOYAKHREP-UHFFFAOYSA-N,CCCCCC,2.5095,arrow,3,3.0,False,,structure,2.454277983686066,2.4305497962962943,2.4769415886243373,2.455342566137567
YWAKXRMUMFPDSH-UHFFFAOYSA-N,C=CCCC,1.6800000000000002,arrow,3,3.0,False,,structure,1.47315513888889,1.4853144272486785,1.4577252023809535,1.476425787037038
ROSDSFDQCJNGOL-UHFFFAOYSA-N,CNC,-4.3,arrow,3,3.0,False,,structure,-4.444798313492061,-4.434198214285713,-4.444071329365079,-4.456125396825391
HQABUPZFAYXKJW-UHFFFAOYSA-N,CCCCN,-4.24,arrow,3,3.0,False,,structure,-4.313880599647262,-4.32187258597883,-4.317085218253964,-4.302683994708992
XNLICIUVMPYHGG-UHFFFAOYSA-N,CCCC(C)=O,-3.52,arrow,3,3.0,False,,structure,-3.381048170194003,-3.37899503968254,-3.3756568121693102,-3.38849265873016
IWDCLRJOBJJRNH-UHFFFAOYSA-N,Cc1ccc(O)cc1,-6.14,arrow,3,3.0,False,,structure,-5.900304177689605,-5.892846825396839,-5.901093617724874,-5.906972089947099
XLYOFNOQVPJJNP-UHFFFAOYSA-N,O,-6.3,arrow,3,3.0,False,,structure,-2.286369015873014,-2.361218755291004,-2.3359088955026444,-2.1619793968253944
BDERNNFJNOPAEC-UHFFFAOYSA-N,CCCO,-4.92,arrow,3,3.0,False,,structure,-4.760840156525575,-4.783551355820108,-4.751940773809525,-4.747028339947091
KBPLFHHGFOOTCA-UHFFFAOYSA-N,CCCCCCCCO,-4.09,arrow,3,3.0,False,,structure,-3.8932586419752973,-3.8847435185185075,-3.899046759259249,-3.8959856481481356
DKPFZGUDAPQIHT-UHFFFAOYSA-N,CCCCOC(C)=O,-2.55,arrow,3,3.0,False,,structure,-2.562008763227514,-2.5632351851851873,-2.5627935185185184,-2.559997585978836
WQAQPCDUOCURKW-UHFFFAOYSA-N,CCCCS,-0.99,arrow,3,3.0,False,,structure,-0.7796063461199303,-0.8277433134920642,-0.8205836904761908,-0.690492034391536
LJSQFQKUNVCTIA-UHFFFAOYSA-N,CCSCC,-1.43,arrow,3,3.0,False,,structure,-1.3972919951499152,-1.3789240079365117,-1.416865925925929,-1.3960860515873046
WXEHBUMAEPOYKP-UHFFFAOYSA-N,CCSC,-1.5,arrow,3,3.0,False,,structure,-1.4388014241622609,-1.4422337632275162,-1.445193022486776,-1.4289774867724905
ZFRKQXVRDFCRJG-UHFFFAOYSA-N,Cc1c[nH]c2ccccc12,-5.88,arrow,3,3.0,False,,structure,-6.642153703703701,-6.634759027777773,-6.43504143518518,-6.85666064814815
KAESVJOAVNADME-UHFFFAOYSA-N,c1cc[nH]c1,-4.8,arrow,3,3.0,False,,structure,-5.198042802028213,-5.120648974867719,-5.055676124338619,-5.417803306878302
LVZWSLJZHVFIQJ-UHFFFAOYSA-N,C1CC1,0.75,arrow,4,3.0,False,,structure,1.229168960978835,1.2363694186507928,1.2293278703703694,1.2218095939153426
XDTMQSROBMDMFD-UHFFFAOYSA-N,C1CCCCC1,1.23,arrow,4,3.0,False,,structure,1.0344774603174611,1.0367839814814823,1.0411611243386245,1.0254872751322759
NNPPMTNAJDCUHE-UHFFFAOYSA-N,CC(C)C,2.2800000000000002,arrow,4,3.0,False,,structure,2.1283692793209865,2.1456837394179895,2.1070817123015853,2.1323423862433852
VXNZUUAINFGPBY-UHFFFAOYSA-N,C=CCC,1.38,arrow,4,3.0,False,,structure,1.3354898842592586,1.3433200132275112,1.332085870370371,1.331063769179893
XTHFKEDIFFGKHM-UHFFFAOYSA-N,COCCOC,-4.84,arrow,4,3.0,False,,structure,-3.6917091380070537,-3.6953558531746045,-3.6801924272486746,-3.6995791335978803
IKHGUXGNUITLKF-UHFFFAOYSA-N,CC=O,-3.5,arrow,4,3.0,False,,structure,-3.1487524029982352,-3.1399537037037013,-3.1516211309523823,-3.154682374338621
ZWEHNKRNPOVVGH-UHFFFAOYSA-N,CCC(C)=O,-3.71,arrow,4,3.0,False,,structure,-3.3846054122574976,-3.374444378306881,-3.372029067460318,-3.407342791005293
FDPIMTJIUBPUKL-UHFFFAOYSA-N,CCC(=O)CC,-3.41,arrow,4,3.0,False,,structure,-3.169322211199292,-3.1563366402116393,-3.1786162367724837,-3.173013756613753
XBDQKXXYIPTUBI-UHFFFAOYSA-N,CCC(=O)O,-6.46,arrow,4,3.0,False,,structure,-6.440467217813047,-6.463506117724863,-6.436547949735448,-6.42134758597883
IFLREYGFSNHWGE-UHFFFAOYSA-N,c1ccc2cc3cc4ccccc4cc3cc2c1,-5.5,arrow,4,3.0,False,,structure,-6.271254894179893,-6.2874687169312145,-6.289809259259259,-6.236486706349204
RLSSMJSEOOYNOY-UHFFFAOYSA-N,Cc1cccc(O)c1,-5.49,arrow,4,3.0,False,,structure,-6.368680610670199,-6.362418154761907,-6.3801641203703765,-6.363459556878312
BTANRVKWQNVYAZ-UHFFFAOYSA-N,CCC(C)O,-4.58,arrow,4,3.0,False,,structure,-4.485528681657848,-4.48788253968254,-4.4872167328042325,-4.481486772486772
JYVLIDXNZAXMDK-UHFFFAOYSA-N,CCCC(C)O,-4.39,arrow,4,3.0,False,,structure,-4.341917361111108,-4.353070502645498,-4.343690476190474,-4.328991104497352
DLFVBJFMPXGRIB-UHFFFAOYSA-N,CC(N)=O,-9.71,arrow,4,3.0,False,,structure,-9.795799228395056,-9.837097652116396,-9.772394510582005,-9.77790552248677
OHLUUHNLEMFGTQ-UHFFFAOYSA-N,CNC(C)=O,-10.0,arrow,4,3.0,False,,structure,-8.707569257054667,-8.74103568121692,-8.73061828703703,-8.651053802910049
FXHOOIRPVKKKFG-UHFFFAOYSA-N,CC(=O)N(C)C,-8.5,arrow,4,3.0,False,,structure,-7.053119984567895,-7.0095960648148115,-7.093786111111105,-7.055977777777768
LSDPWZHWYPCBBB-UHFFFAOYSA-N,CS,-1.219,arrow,4,3.0,False,,structure,-1.0083761133156952,-1.0306600859788344,-0.9859539484126968,-1.0085143055555545
AAUJSCRITBXDJH,Clc1ccc2c(Cl)c(Cl)ccc2c1,-3.580763582585761,external,-1,0.0,False,0.4583333333333333,structure,-2.7038358245149947,-2.675637500000003,-2.7614474206349233,-2.674422552910057
AKDRYEADQPNLOH,CC=NOCc1c(F)c(F)c(F)c(F)c1F,-2.282416084376685,external,-1,0.0,True,0.22727272727272727,structure,-4.3408415343915365,-4.44937314814815,-4.340506547619051,-4.232644907407408
ALVPFGSHPUPROW,CCCSSCCC,-1.653482212099156,external,-1,0.0,False,0.5384615384615384,structure,-1.5529357442680762,-1.5790453941798932,-1.5782046296296288,-1.5015572089947073
ALVYVCQIFHTIRD,O=S(=O)(O)CCC(F)(F)C(F)(F)C(F)(F)C(F)(F)C(F)(F)C(F)(F)C(F)(F)C(F)(F)F,-1.0050294233768833,external,-1,0.0,True,0.2,structure,-9.843290884038804,-9.52342830687831,-10.22992867063492,-9.776515674603186
AWZOLILCOUMRDG,CCOP(=O)(Sc1ccccc1)Sc1ccccc1,-9.676930122691385,external,-1,0.0,True,0.35714285714285715,structure,-8.345922993827164,-8.489856944444453,-8.066243055555558,-8.481668981481482
BAOLNVSMVTYGDA,Clc1ccc2c(Cl)c(Cl)c(Cl)c(Cl)c2c1,-3.119164713968704,external,-1,0.0,False,0.5,structure,-2.865457583774251,-2.8705800925925926,-2.882959722222221,-2.842832936507938
BAYUSCHCCGXLAY,COc1cccc(C(C)=O)c1,-6.3751571234794,external,-1,0.0,False,0.5714285714285714,structure,-4.4605933641975275,-4.4514583333333295,-4.477847222222219,-4.452474537037035
BBABSCYTNHOKOG,COc1c(Cl)c(Cl)c(Cl)c(Cl)c1Cl,-0.9774670142527602,external,-1,0.0,False,0.391304347826087,structure,-2.7666014991181633,-2.7439195105820073,-2.756916005291004,-2.798968981481478
BCTASVPUYLXFBW,CC(CO)=NOCc1c(F)c(F)c(F)c(F)c1F,-2.4906140436893542,external,-1,0.0,True,0.2,structure,-10.024749867724866,-9.992254629629631,-10.2516412037037,-9.830353769841269
BDFAOUQQXJIZDG,CC(C)CS,-0.5378803038700118,external,-1,0.0,False,0.4166666666666667,structure,-0.8582772707231032,-0.8477005952380945,-0.8865136904761896,-0.8406175264550259
BIVDISPRSYAHQQ,Clc1cc(Cl)c2c(Cl)cccc2c1Cl,-3.50660630412664,external,-1,0.0,False,0.45454545454545453,structure,-2.871299415784835,-2.9215870370370403,-2.8739273148148174,-2.8183838955026475
BMZVDHQOAJUZJL,COc1c(Br)cccc1Br,-2.677294821763553,external,-1,0.0,True,0.36363636363636365,structure,-3.232020866402116,-3.2838866732804255,-3.1485643518518494,-3.263611574074073
BRLQWZUYTZBJKN,ClCC1CO1,-3.897199417405152,external,-1,0.0,False,0.4444444444444444,structure,-3.563169962522046,-3.5742101851851866,-3.459460714285711,-3.65583898809524
BTRCDLZQISXWHZ,COc1ccc(Br)c(Cl)c1Cl,-1.9585971639928248,external,-1,0.0,True,0.42857142857142855,structure,-2.962751499118163,-3.009205886243385,-2.891911574074072,-2.9871370370370327
BULLJMKUVKYZDJ,FC(F)(F)C(F)(F)C(F)(F)C(F)(F)C(F)(F)C(F)(F)I,-0.0777986830724094,external,-1,0.0,True,0.23529411764705882,structure,1.5841646759259271,1.50179587962963,1.559989814814815,1.6907083333333361
BVSOVPUWHJWGEP,COc1c(Cl)ccc(Cl)c1Br,-1.7472726277691262,external,-1,0.0,True,0.4666666666666667,structure,-3.0242643077601383,-3.036589219576718,-2.9635157407407386,-3.0726879629629593
BYGQBDHUGHBGMD,CCC(C)C=O,-2.39561343672259,external,-1,0.0,False,0.45,structure,-3.036763304673718,-3.0251297288359753,-3.01470499338624,-3.070455191798938
CAFROQYMUICGNO,O=COCC(F)(F)F,-1.5370463030734125,external,-1,0.0,False,0.38095238095238093,structure,-1.7939114638447975,-1.6836843915343909,-1.8391097222222215,-1.85894027777778
CCEFMUBVSUDRLG,C=C(C)C1CCC2(C)OC2C1,-2.92284059793544,external,-1,0.0,True,0.4722222222222222,structure,-3.2043143408289207,-3.262403935185182,-3.2180974537036984,-3.1324416335978817
CCEKAJIANROZEO,CCNS(=O)(=O)C(F)(F)C(F)(F)C(F)(F)C(F)(F)C(F)(F)C(F)(F)C(F)(F)C(F)(F)F,-0.501220058409582,external,-1,0.0,True,0.20588235294117646,structure,-8.71717049162258,-8.629549603174606,-8.694553439153443,-8.82740843253969
CGFCSKMZZXPWEY,CC(O)C(C)O[N+](=O)[O-],-7.359115369041204,external,-1,0.0,True,0.46153846153846156,structure,-8.21635880731923,-8.247716203703709,-8.14022681878308,-8.261133399470904
CHIFOSRWCNZCFN,CCC(CC)Nc1c([N+](=O)[O-])cc(C)c(C)c1[N+](=O)[O-],-6.102891134415766,external,-1,0.0,True,0.3488372093023256,structure,-8.106439506172844,-7.943124074074071,-8.28913425925927,-8.08706018518519
CICQUFBZCADHHX,COc1ccc(Cl)cc1Cl,-2.010150095313052,external,-1,0.0,False,0.4782608695652174,structure,-2.7593391534391505,-2.817862367724864,-2.7049995370370357,-2.7551555555555516
COAUHYBSXMIJDK,FC(F)(F)C(F)(F)C(Cl)Cl,0.8383365091933289,external,-1,0.0,True,0.375,structure,1.865430709876544,1.8707384259259268,1.9201018518518513,1.8054518518518534
CTLMCQOGOWNFHA,Clc1ccc2c(Cl)c(Cl)c(Cl)c(Cl)c2c1Cl,-4.483411727002943,external,-1,0.0,False,0.47368421052631576,structure,-3.0819401014109347,-3.0626351190476213,-3.0752449074074053,-3.107940277777778
CWJSHJJYOPWUGX,CC(C)OC(=O)Nc1cccc(Cl)c1,-6.488354475825306,external,-1,0.0,True,0.3684210526315789,structure,-9.750060339506172,-9.699328240740742,-9.88565787037036,-9.665194907407413
DCEPGADSNJKOJK,O=C(F)C(F)(F)F,-2.553038563510698,external,-1,0.0,True,0.4375,structure,-1.7174859347442675,-1.6047596560846569,-1.9135693121693111,-1.6341288359788342
DIRFUJHNVNOBMY,CCC(C)c1ccccc1OC(=O)NC,-7.599347343229355,external,-1,0.0,True,0.5,structure,-9.608880015432094,-9.645039814814814,-9.647781944444443,-9.533818287037029
DKEGCUDAFWNSSO,BrCCCCCCCCBr,-2.0575741949439603,external,-1,0.0,False,0.6153846153846154,structure,-1.3830424096119922,-1.4042645833333327,-1.442943994708993,-1.301918650793651
DLIFNTQMBOCKTL,CC(C)=NOCc1c(F)c(F)c(F)c(F)c1F,-1.9585971639928248,external,-1,0.0,True,0.22727272727272727,structure,-4.588202226631395,-4.591492361111116,-4.686418948412699,-4.486695370370371
DPCILIMHENXHQX,CCc1nccnc1OC,-4.393344412065939,external,-1,0.0,False,0.3333333333333333,structure,-6.184057826278657,-6.16286111111111,-6.211702645502644,-6.177609722222219
DWEYPOWXNBAIDU,CN(Cl)Cl,-1.2452613975650346,external,-1,0.0,False,0.42857142857142855,structure,-2.5034429805996465,-2.471276547619046,-2.5146847949735447,-2.5243675992063492
DWPLEOPKBWNPQV,COc1ccccc1C(C)=O,-6.309257608654238,external,-1,0.0,False,0.6923076923076923,structure,-4.5455362654321,-4.533303240740743,-4.555812500000001,-4.547493055555554
DZHZYPCCEISGSQ,Clc1cc(Cl)c2cccc(Cl)c2c1,-3.063453976464707,external,-1,0.0,False,0.5652173913043478,structure,-2.4355883267195773,-2.47059212962963,-2.405071031746032,-2.431101818783069
FALCMQXTWHPRIH,C=C(Cl)CCl,-1.2801235082622549,external,-1,0.0,False,0.45454545454545453,structure,-0.5539264660493822,-0.540490277777777,-0.5802784722222213,-0.5410106481481481
FCOAHACKGGIURQ,CC(C)OP(=O)(OC(C)C)SCc1ccccc1,-7.92524151949921,external,-1,0.0,True,0.36363636363636365,structure,-6.965317901234568,-6.936268518518521,-7.024655092592591,-6.9350300925925925
FEIKEVSWLMYFFF,Clc1cc(Cl)c2c(Cl)ccc(Cl)c2c1Cl,-3.832500480396495,external,-1,0.0,False,0.47368421052631576,structure,-2.97233321208113,-3.0290953703703716,-2.974218055555556,-2.9136862103174614
FHUDAMLDXFJHJE,CC(=O)C(F)(F)F,-4.8299760791673245,external,-1,0.0,False,0.5,structure,-2.5450432429453262,-2.6029312169312178,-2.5413355489417997,-2.4908629629629613
FLXYIZWPNQYPIT,OCCC(F)(F)C(F)(F)C(F)(F)C(F)(F)C(F)(F)C(F)(F)C(F)(F)C(F)(F)C(F)(F)C(F)(F)F,0.6270119729696298,external,-1,0.0,False,0.2857142857142857,structure,-5.635623941798941,-5.714952777777778,-5.615915575396828,-5.576003472222217
FMGGHNGKHRCJLL,ClCc1ccccc1CCl,-3.266374329938489,external,-1,0.0,False,0.5,structure,-1.747407892416227,-1.7117587962962981,-1.7644921296296303,-1.7659727513227532
FMWLUWPQPKEARP,ClC(Cl)Br,-1.4672616271154053,external,-1,0.0,False,0.42857142857142855,structure,-1.2051217041446198,-1.159987208994709,-1.2526340343915316,-1.2027438690476184
FPIQNBOUYZLESW,COc1ccc(Br)cc1Cl,-2.0575741949439603,external,-1,0.0,True,0.41379310344827586,structure,-2.9712932429453236,-3.0493635251322737,-2.850610648148147,-3.0139055555555503
FQTLCLSUCSAZDY,C=CC(C)(O)CCC=C(C)CCC=C(C)C,0.1372173601069845,external,-1,0.0,True,0.7857142857142857,structure,-4.0714886574074045,-4.0212196759259236,-4.029572685185183,-4.163673611111106
FRQUNVLMWIYOLV,COc1ccc(Cl)c(Cl)c1Cl,-2.0575741949439603,external,-1,0.0,False,0.5833333333333334,structure,-2.7910189373897665,-2.8059619047619,-2.7906384259259247,-2.7764564814814747
FSPSELPMWGWDRY,CC(=O)c1cccc(C)c1,-4.870853317160879,external,-1,0.0,False,0.68,structure,-4.693485648148152,-4.718264814814816,-4.687362500000004,-4.6748296296296346
FUNUTBJJKQIVSY,Cc1ccc(Cl)cc1Cl,-1.126367030655116,external,-1,0.0,False,0.55,structure,-1.1740677689594365,-1.1717175925925927,-1.169873677248679,-1.1806120370370379
FWKUBDOTUFVPBX,COc1c(Br)cc(Br)c(Cl)c1Br,-1.846249658720261,external,-1,0.0,True,0.36666666666666664,structure,-2.9365743386243364,-2.904399404761901,-2.9201782407407397,-2.9851453703703683
FYQFWFHDPNXORA,C=CC(F)(F)C(F)(F)C(F)(F)C(F)(F)C(F)(F)C(F)(F)F,0.7698968620756514,external,-1,0.0,True,0.25,structure,1.7666872244268086,1.6564141203703704,1.9323739417989423,1.7112736111111129
GAPFWGOSHOCNBM,CC(C)O[N+](=O)[O-],-1.6514177962544974,external,-1,0.0,False,0.5454545454545454,structure,-2.2983486882716058,-2.3429183201058206,-2.16780992063492,-2.3843178240740763
GEWDNTWNSAZUDX,CC/C=C/C[C@@H]1C(=O)CC[C@H]1CC(=O)OC,-6.948436096622908,external,-1,0.0,True,0.32653061224489793,structure,-6.245067901234569,-6.3824791666666645,-6.1610972222222244,-6.191627314814819
GGDYAKVUZMZKRV,OCCF,-4.170539722175125,external,-1,0.0,False,0.4444444444444444,structure,-5.229997034832448,-5.22719272486772,-5.252544543650791,-5.210253835978831
GPAVMFOMYSGJDM,CCCCCC=NOCc1c(F)c(F)c(F)c(F)c1F,-1.5793846637549709,external,-1,0.0,True,0.3125,structure,-4.595340784832452,-4.702932539682542,-4.517764351851854,-4.565325462962961
GUCFBWGWRCILHN,COc1cc(Cl)c(Cl)c(Cl)c1,-1.4157086957951794,external,-1,0.0,False,0.5,structure,-2.6872876984126948,-2.7257893518518475,-2.6601069444444443,-2.675966798941794
GUVLYNGULCJVDO,CCCN(CCC)C(=O)SCC,-3.4900914838823294,external,-1,0.0,False,0.7083333333333334,structure,-4.652333234126979,-4.799391832010575,-4.598287037037032,-4.559320833333331
GVYLCNUFSHDAAW,ClC1(Cl)C2(Cl)C3(Cl)C4(Cl)C(Cl)(Cl)C5(Cl)C3(Cl)C1(Cl)C5(Cl)C24Cl,-2.010150095313052,external,-1,0.0,False,0.21428571428571427,structure,-3.428352568342154,-3.4023245039682575,-3.4604745370370398,-3.422258664021164
GWQOOADXMVQEFT,Cc1ccc(C)s1,-1.3130478087293145,external,-1,0.0,False,0.3684210526315789,structure,-1.3489156040564367,-1.2989777447089947,-1.3132720436507932,-1.4344970238095225
HCRBXQFHJMCTLF,CCOC(=O)C(C)CC,-2.161848414164622,external,-1,0.0,False,0.47619047619047616,structure,-2.383300507054672,-2.3802964285714263,-2.3844962962962954,-2.3851087962962945
HFEASCCDHUVYKU,COc1cccc(Cl)c1Cl,-2.3692764364111216,external,-1,0.0,False,0.5238095238095238,structure,-2.767786684303348,-2.8263230158730117,-2.7333930555555552,-2.743643981481476
HFVMLYAGWXSTQI,C[C@]12CCC(=O)C[C@@H]1CC[C@@H]1[C@@H]2CC[C@]2(C)C=CC[C@@H]12,-2.6271958419698187,external,-1,0.0,False,0.22807017543859648,structure,-4.6897214506172915,-4.696159722222233,-4.718040740740744,-4.654963888888897
HGCMMKIIGJXXMW,CC(CO)O[N+](=O)[O-],-6.872696747932133,external,-1,0.0,False,0.625,structure,-7.865594378306882,-7.770949074074075,-7.890856448412703,-7.93497761243387
HGSDQSUMXKHGTH,Clc1cc(Cl)c2c(Cl)c(Cl)cc(Cl)c2c1,-3.266374329938489,external,-1,0.0,False,0.5238095238095238,structure,-2.9161518849206356,-2.991570833333334,-2.9103731481481474,-2.8465116732804248
HHLFWLYXYJOTON,O=CC(=O)O,-7.41558521612978,external,-1,0.0,False,0.5,structure,-8.495706338183426,-8.380613062169319,-8.515326851851851,-8.591179100529109
HKPHPIREJKHECO,CCCCOCN(C(=O)CCl)c1c(CC)cccc1CC,-7.637585445680149,external,-1,0.0,True,0.6829268292682927,structure,-8.274456172839503,-8.194994907407404,-8.303364814814815,-8.325008796296292
HLCSDJLATUNSSI,CC(C)=CCC/C(C)=C/C#N,-2.532952404370913,external,-1,0.0,True,0.5185185185185185,structure,-3.4595831679894182,-3.4649966600529103,-3.4953947089947097,-3.4183581349206342
HSNWZBCBUUSSQD,CCCCCO[N+](=O)[O-],-1.6559406699833308,external,-1,0.0,False,0.9523809523809523,structure,-1.8464915123456802,-1.8372685185185207,-1.835268518518519,-1.866937500000002
HTDQSWDEWGSAMN,COc1ccccc1Br,-2.532952404370913,external,-1,0.0,False,0.631578947368421,structure,-2.8970378417107554,-2.952201488095236,-2.8111430555555534,-2.9277689814814774
HVYRFNJXZVEGFK,Clc1cc2c(Cl)ccc(Cl)c2c(Cl)c1Cl,-3.580763582585761,external,-1,0.0,False,0.45,structure,-3.0063568231922413,-3.0204550925925946,-3.015964351851852,-2.9826510251322773
HYHMYONEYJINON,C=C(C)C(CO)OO,-7.467138147450005,external,-1,0.0,True,0.2857142857142857,structure,-11.558149371693125,-11.451799272486774,-11.645583564814814,-11.577065277777784
IAIHUHQCLTYTSF,CC1(C)[C@H]2CC[C@](C)(C2)[C@H]1O,-4.025308354953737,external,-1,0.0,True,0.5,structure,-4.731640432098761,-4.755063657407403,-4.771944378306873,-4.667913260582005
ICDUEGOPUWNJNF,C=CC=NOCc1c(F)c(F)c(F)c(F)c1F,-1.871736811958389,external,-1,0.0,True,0.20833333333333334,structure,-4.472554805996474,-4.559400925925927,-4.453249140211644,-4.405014351851851
IDJOCJAIQSKSOP,OCC(Cl)Cl,-4.041541834797791,external,-1,0.0,False,0.4166666666666667,structure,-5.959690068342145,-5.9688432539682506,-6.030031977513224,-5.880194973544965
ILHIHKRJJMKBEE,CCOO,-5.338002436667749,external,-1,0.0,False,0.4166666666666667,structure,-6.279252050264553,-6.228362466931216,-6.370456382275135,-6.238937301587306
ISAVYTVYFVQUDY,CC(C)(C)CC(C)(C)c1ccc(O)cc1,-5.124107462791067,external,-1,0.0,False,0.5416666666666666,structure,-6.573784126984134,-6.5542756944444545,-6.608673842592596,-6.558402843915354
ITXDBGLYYSJNPK,COc1c(Cl)cc(Cl)c(Cl)c1Cl,-1.2082190270028623,external,-1,0.0,False,0.5833333333333334,structure,-2.6906421296296266,-2.7061236111111073,-2.697628703703702,-2.6681740740740696
IYRWEQXVUNLMAY,O=C(F)F,-4.008617534330732,external,-1,0.0,False,0.3333333333333333,structure,-1.8797241653439147,-1.9010482500000003,-1.9199366071428554,-1.8181876388888882
JCMNMOBHVPONLD,OCCC(F)(F)C(F)(F)C(F)(F)C(F)(F)F,-1.3754506884268412,external,-1,0.0,False,0.3,structure,-4.703394268077599,-4.727047420634913,-4.72347863756614,-4.659656746031742
JIVCPRHFBFVZQL,COc1cc(Cl)c(Cl)c(Cl)c1Br,-1.890157516875148,external,-1,0.0,True,0.64,structure,-2.7769325617283918,-2.803545370370366,-2.7242124999999984,-2.80303981481481
JJUBFBTUBACDHW,OCCC(F)(F)C(F)(F)C(F)(F)C(F)(F)C(F)(F)C(F)(F)C(F)(F)C(F)(F)F,0.4156874367459304,external,-1,0.0,False,0.2857142857142857,structure,-5.410729111552027,-5.47983630952381,-5.317550066137569,-5.434800958994702
JLJXMZMKMRQOLN,OCOOCO,-9.60119077400061,external,-1,0.0,False,0.3,structure,-11.460441898148153,-11.5273675925926,-11.370665509259254,-11.4832925925926
JPQLLIUTUFJWMH,Clc1cc2c(Cl)cc(Cl)c(Cl)c2c(Cl)c1Cl,-4.130581778314352,external,-1,0.0,False,0.5263157894736842,structure,-3.166857848324515,-3.203774074074073,-3.130153108465609,-3.1666463624338625
JZBCTZLGKSYRSF,CCc1ncc(C)nc1C,-5.261446430439389,external,-1,0.0,False,0.3076923076923077,structure,-5.481057330246908,-5.443753703703697,-5.558756249999996,-5.440662037037031
KJRACWZCOVHBQU,CCCCCC(C)(C)OC,-0.9181690713424469,external,-1,0.0,True,0.47619047619047616,structure,-1.2934730643738979,-1.3111132010582007,-1.25966921957672,-1.3096367724867723
KNUQGVIXAYDSOX,CCC(O)CO[N+](=O)[O-],-7.026068370085849,external,-1,0.0,True,0.5384615384615384,structure,-7.696542912257502,-7.675013657407413,-7.730212698412709,-7.684402380952386
KOCVACNWDMSLBM,CCOCc1ccc(O)c(OC)c1,-8.195103915206705,external,-1,0.0,True,0.6363636363636364,structure,-7.813365586419754,-7.663024537037036,-7.887439814814809,-7.889632407407415
KPOZENRUJCHWOA,Clc1cc(Cl)c2c(Cl)c(Cl)ccc2c1Cl,-3.4657290661330857,external,-1,0.0,False,0.42857142857142855,structure,-2.98792997134039,-3.044472222222224,-2.9758143518518527,-2.9435033399470925
KSMVNVHUTQZITP,Clc1cc2oc3cc(Cl)c(Cl)cc3c2cc1Cl,-4.318006884312718,external,-1,0.0,False,0.4117647058823529,structure,-3.8120487433862458,-3.8062871031746073,-3.8565732473545,-3.7732858796296305
KZLMCDNAVVJKPX,COc1c(Cl)cccc1Cl,-1.826387968213476,external,-1,0.0,False,0.4642857142857143,structure,-2.8347419312169273,-2.8908554232804193,-2.7996476851851826,-2.813722685185181
LBCOXKFWBDTJTF,Clc1ccc2c(Cl)cc(Cl)c(Cl)c2c1Cl,-3.580763582585761,external,-1,0.0,False,0.45,structure,-2.9978673170194017,-3.0432824074074087,-2.9941620370370376,-2.956157506613758
LCFKURIJYIJNRU,CCCCC(C)CO,-4.410771696363276,external,-1,0.0,True,0.6,structure,-3.9314640432098806,-3.9478784722222247,-3.9326692129629683,-3.9138444444444493
LCHJNNXHVDDVAT,COc1cc(Cl)cc(Cl)c1Br,-1.9585971639928248,external,-1,0.0,True,0.41379310344827586,structure,-2.857051432980597,-2.9267606481481456,-2.780469444444444,-2.8639242063492008
LFVCJQWZGDLHSD,COc1cc(CC(C)=O)ccc1O,-10.195632173518485,external,-1,0.0,True,0.5882352941176471,structure,-9.806191600529113,-9.727842129629636,-9.73761276455028,-9.953119907407423
LFYXNXGVLGKVCJ,CC1(C)C2CCC1(C)[C@](C)(O)C2,-3.197329797674128,external,-1,0.0,True,0.3548387096774194,structure,-4.581230742945322,-4.638295601851847,-4.566720304232803,-4.538676322751315
LITCKAVLJAKHOE,Clc1ccc(Cl)c2c(Cl)ccc(Cl)c12,-4.008617534330732,external,-1,0.0,False,0.5384615384615384,structure,-2.5450960207231037,-2.552795767195767,-2.549497222222221,-2.532995072751323
LNDQFOSWZJYEIC,CCC(C)=NOCc1c(F)c(F)c(F)c(F)c1F,-1.4547877990255242,external,-1,0.0,True,0.20689655172413793,structure,-4.795486596119933,-4.7018993055555605,-4.943579001322756,-4.740981481481482
MEUKEBNAABNAEX,COO,-5.281532589579175,external,-1,0.0,False,0.42857142857142855,structure,-6.257955152116405,-6.291423624338628,-6.36600873015873,-6.116433101851854
MMHZKSMAFILONG,Clc1ccc2c(Cl)cccc2c1Cl,-3.322844177027064,external,-1,0.0,False,0.55,structure,-2.693405048500883,-2.701605092592594,-2.7233472222222246,-2.65526283068783
MSWVMWGCNZQPIA,CC(=O)CF,-4.170539722175125,external,-1,0.0,False,0.5,structure,-3.496951466049382,-3.4616040013227485,-3.513847255291007,-3.5154031415343905
MUUDTVDSRYEMBU,COc1c(Br)cc(Br)c(Cl)c1Cl,-1.890157516875148,external,-1,0.0,True,0.3793103448275862,structure,-2.9103360670193976,-2.8871308862433827,-2.8889587962962953,-2.954918518518516
NDZIBNJHNBUHKW,Clc1cc2c(Cl)c(Cl)c(Cl)c(Cl)c2c(Cl)c1Cl,-5.389555367987976,external,-1,0.0,False,0.5555555555555556,structure,-3.3952560185185185,-3.425738558201061,-3.367048015873015,-3.3929814814814803
NEZWFWIACBUQMN,OCOO,-10.366079471748629,external,-1,0.0,False,0.3,structure,-10.580554376102299,-10.655491534391539,-10.55652199074074,-10.52964960317462
NMRPBPVERJPACX,CCCCCC(O)CC,-3.37439710834729,external,-1,0.0,False,0.8333333333333334,structure,-3.8826374228395117,-3.8856516203703753,-3.88402870370371,-3.8782319444444506
NMWKWBPNKPGATC,O=C1OCc2c(Cl)c(Cl)c(Cl)c(Cl)c21,-6.343123108603918,external,-1,0.0,True,0.3181818181818182,structure,-4.6495176917989385,-4.7054548611111064,-4.616585714285713,-4.626512499999998
NQFUSWIGRKFAHK,CC1(C)C2CC3OC3(C)C1C2,-2.39561343672259,external,-1,0.0,False,0.25,structure,-2.601514616402112,-2.530985747354493,-2.7663162037036972,-2.5072418981481457
NSKIRYMHNFTRLR,Brc1ccc(Oc2c(Br)cc(Br)cc2Br)c(Br)c1,-5.389555367987976,external,-1,0.0,True,0.39285714285714285,structure,-4.0779155423280455,-3.999323148148151,-4.0771480158730204,-4.157275462962965
NTHGIYFSMNNHSC,CC(C)CCO[N+](=O)[O-],-1.491448044485954,external,-1,0.0,True,0.6538461538461539,structure,-1.8711256172839512,-1.8988425925925942,-1.8438523148148145,-1.8706819444444451
NUGDFCWVLOJWOP,CCCCCCCCCC=NOCc1c(F)c(F)c(F)c(F)c1F,-2.420829367731348,external,-1,0.0,True,0.3333333333333333,structure,-4.846504078483243,-4.871746031746033,-4.867338888888887,-4.800427314814812
NULBEPOZYDYWOV,COc1cc(CCC(C)=O)cc(OC)c1O,-12.924126199586958,external,-1,0.0,True,0.4857142857142857,structure,-9.678581106701946,-9.620835648148148,-9.521541931216941,-9.893365740740748
NVVZEKTVIXIUKW,FC(F)(F)C(F)(F)C(F)(F)C(F)(F)C(F)(F)C(F)(F)CCI,-0.6933271819097218,external,-1,0.0,False,0.18181818181818182,structure,1.1634422993827167,1.1269454166666677,1.1176175925925924,1.24576388888889
NWOYYECMNBWCNK,COc1c(Cl)cccc1Br,-2.1014820530988474,external,-1,0.0,True,0.3939393939393939,structure,-3.021353428130509,-3.100136673280423,-2.9362634259259224,-3.027660185185181
OAWAZQITIZDJRB,O=C(O)C(F)(F)Cl,-7.877817419868301,external,-1,0.0,True,0.38461538461538464,structure,-6.4062375000000005,-6.447505720899468,-6.442752380952386,-6.328454398148148
OAYSFAKCFYRCRU,COc1c(Cl)cc(Br)cc1Cl,-2.010150095313052,external,-1,0.0,True,0.52,structure,-3.0079475308641963,-3.0906966269841267,-2.8786685185185172,-3.054477447089944
OEBRKCOSUFCWJD,COP(=O)(OC)OC=C(Cl)Cl,-4.971375885474463,external,-1,0.0,False,0.42857142857142855,structure,-7.363734347442681,-7.373381481481478,-7.4970185185185265,-7.22080304232804
OEYKUHBCPJRXGZ,COc1c(Cl)cc(Cl)cc1Br,-1.8973491088834296,external,-1,0.0,True,0.4642857142857143,structure,-2.999716820987653,-3.100455886243386,-2.8640851851851843,-3.0346093915343886
OIHHRLYOSUNYTC,COc1c(Cl)cc(Cl)c(Br)c1Cl,-1.9021273169042503,external,-1,0.0,True,0.5185185185185185,structure,-2.8323402777777744,-2.841125925925922,-2.7789023148148133,-2.876992592592588
OJYLAHXKWMRDGS,COc1cc(CCC(C)=O)ccc1O,-10.195632173518485,external,-1,0.0,False,0.6470588235294118,structure,-9.62552539682541,-9.53658518518519,-9.552580820105835,-9.787410185185202
OMDFJTSKBNDDRM,CC(O)CO[N+](=O)[O-],-7.41558521612978,external,-1,0.0,False,0.6521739130434783,structure,-7.975446274250447,-7.878628703703707,-8.076467791005296,-7.971242328042336
ONUFSRWQCKNVSL,Fc1c(F)c(F)c(-c2c(F)c(F)c(F)c(F)c2F)c(F)c1F,-1.6648503859974622,external,-1,0.0,False,0.625,structure,-2.718561695326278,-2.7649051917989405,-2.6063241402116413,-2.7844557539682535
OTFNCXLUCRUNCH,COc1c(Cl)ccc(Cl)c1Cl,-1.9243773404339863,external,-1,0.0,False,0.5,structure,-2.8472758818342103,-2.869188756613752,-2.8415712962962933,-2.831067592592586
OTQFXRBLGNEOGH,Clc1cc(Cl)c2c(c1)Oc1c(Cl)cc(Cl)cc1O2,-3.4657290661330857,external,-1,0.0,True,0.45161290322580644,structure,-3.711164351851851,-3.70724537037037,-3.707807407407409,-3.7184402777777734
OTTCXKPQKOLSJN,Clc1cc(Cl)c2cc(Cl)cc(Cl)c2c1,-2.92284059793544,external,-1,0.0,False,0.6,structure,-2.4416546296296295,-2.4433175264550258,-2.4541635251322735,-2.427482837301589
OWIKHYCFFJSOEH,N=C=O,-3.705961040321237,external,-1,0.0,False,0.42857142857142855,structure,-6.1632161948853605,-6.163609464285714,-6.308308498677249,-6.0177306216931195
PGCDNPCENWGYMA,Clc1c(Cl)c(Cl)c2c(Cl)ccc(Cl)c2c1Cl,-4.5876242996777865,external,-1,0.0,False,0.5333333333333333,structure,-3.074687698412699,-3.0478046296296335,-3.047884722222221,-3.1283737433862435
PLDWAJLZAAHOGG,COc1cccc(Br)c1,-1.7074936013035569,external,-1,0.0,False,0.5384615384615384,structure,-2.760679817019397,-2.8013149140211597,-2.654994907407406,-2.8257296296296253
PNLDDSLZYVNPQW,COc1c(Br)ccc(Cl)c1Cl,-1.9585971639928248,external,-1,0.0,True,0.3939393939393939,structure,-3.0100305114638424,-3.0423484788359776,-2.9590296296296277,-3.028713425925922
PNQBEPDZQUOCNY,O=C(Cl)C(F)(F)F,-2.3128065893225465,external,-1,0.0,True,0.4117647058823529,structure,-2.010167912257495,-1.936693915343917,-2.1334449404761884,-1.9603648809523786
POIARNZEYGURDG,C/C=C/C(=O)C1=C(C)C=CCC1(C)C,-3.95552367899573,external,-1,0.0,False,0.21951219512195122,structure,-4.765735879629632,-4.748487500000003,-4.758052546296296,-4.790667592592595
PPXUHEORWJQRHJ,CCOC(=O)CC(C)C,-1.9585971639928248,external,-1,0.0,False,0.5454545454545454,structure,-2.384221219135797,-2.3804421296296234,-2.3890081018518483,-2.3832134259259203
PSINWXIDJYEXLO,CCc1ncc(C)nc1CC,-4.5057723033300405,external,-1,0.0,False,0.32,structure,-5.499756095679007,-5.470515277777769,-5.586773842592588,-5.441979166666662
PVFOMCVHYWHZJE,O=C(Cl)C(Cl)(Cl)Cl,-2.3128065893225465,external,-1,0.0,False,0.2727272727272727,structure,-3.105064737654318,-2.9546993055555544,-3.2540081349206296,-3.106486772486769
QGRPVMLBTFGQDQ,COc1ccccc1Cl,-3.266374329938489,external,-1,0.0,False,0.631578947368421,structure,-2.670738304673718,-2.71556028439153,-2.602210185185184,-2.6944444444444406
QHTQREMOGMZHJV,CCN(CC)C(=O)SCc1ccc(Cl)cc1,-5.973688203519483,external,-1,0.0,True,0.35,structure,-8.300207716049387,-8.17509027777778,-8.42604861111112,-8.299484259259263
QJPJQTDYNZXKQF,COc1ccc(Br)cc1,-1.9585971639928248,external,-1,0.0,False,0.5238095238095238,structure,-2.8939151565255705,-2.934240839947087,-2.8417587962962947,-2.90574583333333
QKMNFFSBZRGHDJ,COc1cc(Cl)ccc1Cl,-2.3417140272869985,external,-1,0.0,False,0.4782608695652174,structure,-2.763808641975306,-2.797243981481478,-2.7218134259259252,-2.772368518518514
QNPFFCQTVXPCLD,CC=CC=NOCc1c(F)c(F)c(F)c(F)c1F,-1.6736281013538763,external,-1,0.0,True,0.2222222222222222,structure,-4.54721550925926,-4.693280555555558,-4.516387731481484,-4.431978240740738
QTGGFXPTAQEODO,C=CC(C)(CO)OO,-8.831385160484244,external,-1,0.0,True,0.4,structure,-11.332585714285718,-11.260380291005296,-11.322670370370371,-11.414706481481492
QUGUFLJIAFISSW,Fc1ccc(F)cc1,-0.8163503805089578,external,-1,0.0,False,0.6153846153846154,structure,-0.5315711419753092,-0.5302441137566141,-0.5308329365079371,-0.5336363756613761
QUKRIOLKOHUUBM,C=CC(=O)OCCC(F)(F)C(F)(F)C(F)(F)C(F)(F)C(F)(F)C(F)(F)C(F)(F)C(F)(F)F,-0.6933271819097218,external,-1,0.0,True,0.2127659574468085,structure,-3.7599649691358032,-3.7132675925925915,-4.185100462962967,-3.3815268518518513
QYEGXUUXWMKHHS,Clc1cc(Cl)c2c(Cl)c(Cl)c(Cl)c(Cl)c2c1Cl,-5.149323393799825,external,-1,0.0,False,0.5882352941176471,structure,-3.4230998015873,-3.4396848544973535,-3.384293253968252,-3.445321296296295
RFFOTVCVTJUTAD,CC(C)C12CCC(C)(CC1)O2,-2.7084854415504074,external,-1,0.0,False,0.21875,structure,-2.9058834104938214,-2.9053240740740667,-2.9387828703703653,-2.873543287037031
RFUGYJHXLQAXOX,COc1c(Br)c(Cl)c(Cl)c(Cl)c1Br,-1.8127670246641712,external,-1,0.0,True,0.3333333333333333,structure,-2.943696384479715,-2.8652189814814784,-2.9860016534391516,-2.9798685185185154
RGXWDWUGBIJHDO,CCCCCCCCCC(=O)OCC,-2.1014820530988474,external,-1,0.0,False,1.0,structure,-2.8285490740740653,-2.8495652777777707,-2.8515662037036944,-2.784515740740732
RHLVCLIPMVJYKS,CCCCCC(=O)CC,-2.532952404370913,external,-1,0.0,False,0.8333333333333334,structure,-2.8727055246913555,-2.8782174999999977,-2.856246296296295,-2.883652777777774
RLSQIXNUITTXKZ,CCCCCCCC=NOCc1c(F)c(F)c(F)c(F)c1F,-1.7624653819816083,external,-1,0.0,True,0.3333333333333333,structure,-4.710421362433863,-4.753320105820108,-4.6937643518518515,-4.68417962962963
RTNLUFLDZOAXIC,Clc1c(Cl)c(Cl)c2c(Cl)c(Cl)c(Cl)c(Cl)c2c1Cl,-4.738644121381529,external,-1,0.0,False,0.625,structure,-3.1114632936507935,-3.1052682539682546,-3.1273818121693138,-3.1017398148148136
RUPAXCPQAAOIPB,CC(C)(C)OC=O,-2.1014820530988474,external,-1,0.0,False,0.375,structure,-3.355926565255731,-3.349915244708995,-3.386895271164021,-3.3309691798941774
RWRBSYOTDDOXKC,CCCC(C)O[N+](=O)[O-],-1.3049310688072877,external,-1,0.0,True,0.6666666666666666,structure,-1.8893915343915353,-1.89155720899471,-1.897265542328042,-1.8793518518518535
RZXIRSKYBISPGF,Brc1cc(Br)c(Oc2cc(Br)c(Br)cc2Br)cc1Br,-5.3893266975985,external,-1,0.0,True,0.5333333333333333,structure,-4.094764373897708,-4.0617074074074075,-4.098150925925929,-4.124434788359789
SFNAUTSNWPPDSY,Brc1ccc(Oc2cc(Br)c(Br)c(Br)c2Br)cc1,-4.41157948966362,external,-1,0.0,True,0.3333333333333333,structure,-4.098132363315699,-3.985151851851854,-4.12689801587302,-4.182347222222224
SJIIFORJBWPNPM,COc1cc(Br)c(Cl)cc1Cl,-1.9585971639928248,external,-1,0.0,True,0.42857142857142855,structure,-2.853047685185183,-2.922596626984125,-2.775388425925925,-2.8611580026454977
SNGREZUHAYWORS,O=C(O)C(F)(F)C(F)(F)C(F)(F)C(F)(F)C(F)(F)C(F)(F)C(F)(F)F,-3.4657290661330853,external,-1,0.0,True,0.25,structure,-7.841773159171075,-7.917084821428566,-8.0080525462963,-7.600182109788361
SRMWNTGHXHOWBT,CNS(=O)(=O)C(F)(F)C(F)(F)C(F)(F)C(F)(F)C(F)(F)C(F)(F)C(F)(F)C(F)(F)F,-0.0514616827609407,external,-1,0.0,True,0.2,structure,-8.881357815255738,-8.716824603174604,-8.90897589285715,-9.018272949735456
SRTQFRQWTUMMTC,C=NOCc1c(F)c(F)c(F)c(F)c1F,-2.1805973935431964,external,-1,0.0,True,0.2631578947368421,structure,-4.3143535714285735,-4.377037037037041,-4.3827125661375685,-4.183311111111114
SSNXYMVLSOMJLU,COc1cc(Cl)cc(Cl)c1,-1.0313664236883515,external,-1,0.0,False,0.5,structure,-2.6691753086419734,-2.7491148148148117,-2.597681018518519,-2.6607300925925896
STNJBCKSHOAVAJ,C=C(C)C=O,-2.8315086401496434,external,-1,0.0,False,0.5,structure,-3.672619775132272,-3.7040109457671924,-3.6359835317460307,-3.677864847883592
SVEZPKVUIXAEOX,COc1cc(Cl)c(Br)c(Cl)c1,-1.9585971639928248,external,-1,0.0,True,0.35714285714285715,structure,-2.8216245370370348,-2.8969707010581986,-2.7403259259259256,-2.827576984126979
SXKBHOQOOGRFJF,COc1cc(Cl)c(Cl)cc1Cl,-1.9585971639928248,external,-1,0.0,False,0.5652173913043478,structure,-2.69504320987654,-2.720794312169308,-2.6807606481481483,-2.683574669312163
TXGIGTRUEITPSC,O=S(=O)(O)CCC(F)(F)C(F)(F)C(F)(F)C(F)(F)F,-1.4290235246646108,external,-1,0.0,True,0.20689655172413793,structure,-9.185754265873014,-9.003050859788358,-9.537486937830684,-9.016725000000001
TXINBPKSWKFMNB,CCC(=O)OO[N+](=O)[O-],-2.1805973935431964,external,-1,0.0,False,0.4,structure,-5.3551903990299765,-5.389897123015865,-5.294531249999999,-5.381142824074068
UABDVZDYKDIZFO,Fc1c(F)c(F)c(CON=C2c3ccccc3-c3ccccc32)c(F)c1F,-1.9585971639928248,external,-1,0.0,True,0.2727272727272727,structure,-7.467979629629632,-7.521541666666675,-7.669548611111111,-7.21284861111111
UBJVUCKUDDKUJF,C=CCSCC=C,-1.53653790673299,external,-1,0.0,False,0.35714285714285715,structure,-1.558321071428572,-1.5698410052910052,-1.587835813492064,-1.517286395502647
UCASBURGYXMQLW,Cc1ccc(C=NOCc2c(F)c(F)c(F)c(F)c2F)cc1,-1.6559406699833308,external,-1,0.0,True,0.3142857142857143,structure,-6.559579938271605,-6.588490740740739,-6.713004629629632,-6.377244444444443
UHEPJGULSIKKTP,CC(=O)CCC=C(C)C,-3.37439710834729,external,-1,0.0,False,0.52,structure,-3.3549713734567894,-3.36398458994709,-3.35714851190476,-3.3437810185185177
UHXUZOCRWCRNSJ,CNC(=O)ON=C(C)SC,-7.7697946414595,external,-1,0.0,True,0.42857142857142855,structure,-9.572368540564371,-9.576257936507934,-9.65335734126984,-9.487490343915342
UIHCLUNTQKBZGK,CCC(C)C(C)=O,-3.126712395015846,external,-1,0.0,False,0.47058823529411764,structure,-3.1517366732804195,-3.1436913690476147,-3.1543703703703647,-3.1571482804232787
UJIGKESMIPTWJH,FC(Cl)C(F)(F)C(F)(F)Cl,0.7698968620756514,external,-1,0.0,False,0.5,structure,1.5043149691358035,1.523229166666667,1.5223379629629639,1.4673777777777803
UKSAZCDAGVHMRF,Fc1c(F)c(F)c(CON=Cc2ccccc2)c(F)c1F,-1.491448044485954,external,-1,0.0,True,0.2903225806451613,structure,-6.658912191358023,-6.617956018518516,-6.813169907407407,-6.545610648148146
UPNBETHEXPIWQX,Brc1ccc(Oc2ccc(Br)cc2Br)cc1,-3.5448444065774347,external,-1,0.0,True,0.39285714285714285,structure,-3.878407649911821,-3.9348491402116452,-3.8995277777777826,-3.8008460317460346
UXFSPRAGHGMRSQ,COc1nccnc1CC(C)C,-3.628908592471273,external,-1,0.0,False,0.3939393939393939,structure,-6.3961119929453245,-6.289294444444441,-6.444344543650791,-6.4546969907407385
UZYYBZNZSSNYSA,Cc1c(Cl)ccc(Cl)c1Cl,-1.6559406699833308,external,-1,0.0,False,0.5625,structure,-1.2059763888888908,-1.208979166666669,-1.198064814814817,-1.2108851851851863
VEFNQGLEDJPUJF,COc1c(Br)c(Br)c(Br)c(Br)c1Br,-4.630621342972727,external,-1,0.0,True,0.38461538461538464,structure,-3.1177025573192227,-3.082611904761905,-3.0942132275132264,-3.176282539682537
VGQXTTSVLMQFHM,CC(=O)OO[N+](=O)[O-],-2.512161325517144,external,-1,0.0,False,0.4230769230769231,structure,-5.5415804453262725,-5.483976157407396,-5.560854298941796,-5.579910879629624
VHNPZYZQKWIWOD,Brc1cc(Br)c(Oc2cc(Br)c(Br)cc2Br)c(Br)c1,-5.800177489354709,external,-1,0.0,True,0.38095238095238093,structure,-3.980166049382717,-3.9260430555555565,-3.9795143518518543,-4.034940740740741
VIONGDJUYAYOPU,O=S(=O)(O)CCC(F)(F)C(F)(F)C(F)(F)C(F)(F)C(F)(F)C(F)(F)F,-0.9774670142527602,external,-1,0.0,True,0.2,structure,-9.528310570987657,-9.253878174603175,-9.996425429894177,-9.334628108465616
VISJRVXHPNMYRH,COc1ccc(Cl)c(Cl)c1,-1.852724968524944,external,-1,0.0,False,0.43478260869565216,structure,-2.7566656194885333,-2.827201488095234,-2.675341203703703,-2.7674541666666626
VJZRCIYSYVGDMU,Clc1cc2c(Cl)ccc(Cl)c2cc1Cl,-3.2169719815591824,external,-1,0.0,False,0.5,structure,-2.72343163580247,-2.726693518518521,-2.7348505291005294,-2.7087508597883607
VNVBOBJSRGZDCW,Fc1c(F)c(F)c(CON=CC=NOCc2c(F)c(F)c(F)c(F)c2F)c(F)c1F,-2.1805973935431964,external,-1,0.0,True,0.25,structure,-8.675180864197532,-9.152715277777776,-8.370194444444444,-8.502632870370377
VNWPJWLGZUDTBZ,CC(=NOCc1c(F)c(F)c(F)c(F)c1F)C(C)(C)O,-2.010150095313052,external,-1,0.0,True,0.1951219512195122,structure,-10.398353262786593,-10.196826388888883,-10.763887037037033,-10.234346362433863
VOGSDFLJZPNWHY,OCC(F)F,-4.581218994593421,external,-1,0.0,False,0.38461538461538464,structure,-4.9439904651675475,-4.918341369047617,-4.9793256944444435,-4.934304332010581
VQSNXLCFFHGXTI,Clc1ccc(Cl)c2c(Cl)cccc12,-3.73352344944536,external,-1,0.0,False,0.45,structure,-2.44912738095238,-2.4725331018518513,-2.4125590277777773,-2.4622900132275123
VVAAXDBMZVCVPA,ClCC(Cl)CCCCCCCC(Cl)CCl,-3.5448444065774347,external,-1,0.0,True,0.375,structure,-1.9020644126984119,-1.9978722222222207,-1.8061983306878309,-1.9021226851851845
VVJKKWFAADXIJK,C=CCN,-4.630621342972727,external,-1,0.0,False,0.4166666666666667,structure,-4.789122993827166,-4.823070932539684,-4.799808763227523,-4.74448928571429
VXBHNYIEBLRXAW,ClCC(Cl)CCCCCCC(Cl)CCl,-2.92284059793544,external,-1,0.0,True,0.375,structure,-1.9084856759259254,-1.985997453703703,-1.861688740740741,-1.8777708333333318
VZRSUQWPXPUWCS,COc1c(Cl)cc(Br)c(Cl)c1Cl,-1.9021273169042503,external,-1,0.0,True,0.4642857142857143,structure,-2.844892460317457,-2.845070899470895,-2.793981018518517,-2.8956254629629585
WCJYTPVNMWIZCG,CNC(=O)Oc1ccc(C)c(C)c1,-7.303237710857214,external,-1,0.0,False,0.3939393939393939,structure,-9.654573897707232,-9.674570965608469,-9.725702645502649,-9.563448082010577
WCVOGSZTONGSQY,COc1c(Cl)cc(Cl)cc1Cl,-1.442045696106648,external,-1,0.0,False,0.5652173913043478,structure,-2.7840234126984096,-2.8523665343915305,-2.7283185185185186,-2.7713851851851796
WDRCOFFEZVLCLX,COc1c(Cl)c(Cl)cc(Br)c1Br,-1.846249658720261,external,-1,0.0,True,0.4,structure,-2.982003968253965,-2.9952998677248646,-2.948043518518517,-3.002668518518515
WDWNMIBWWPZNJK,FC(F)(F)C(F)(F)C(F)(F)C(F)(F)C(F)(F)C(F)(F)/C=C/I,-0.434578546055114,external,-1,0.0,False,0.18181818181818182,structure,1.373509737654322,1.4127125462962968,1.3362796296296304,1.3715370370370386
WHHGLZMJPXIBIX,Brc1c(Br)c(Br)c(Oc2c(Br)c(Br)c(Br)c(Br)c2Br)c(Br)c1Br,-6.343123108603918,external,-1,0.0,True,0.45454545454545453,structure,-4.070720039682539,-4.035082870370369,-3.964700132275132,-4.212377116402115
WHPVYXDFIXRKLN,Brc1ccc(Oc2cc(Br)c(Br)cc2Br)c(Br)c1,-4.870853317160879,external,-1,0.0,False,0.39285714285714285,structure,-4.092023567019403,-4.014489814814817,-4.097696626984131,-4.1638842592592615
WHRDPXDGAMJNGH,COc1c(Br)cc(Cl)cc1Br,-2.135701876657686,external,-1,0.0,True,0.4074074074074074,structure,-3.0783548941798937,-3.203610846560848,-2.9149879629629627,-3.1164658730158705
WMMFIDNWZNCBCT,COc1c(Cl)c(Cl)cc(Cl)c1Cl,-1.227029652927254,external,-1,0.0,False,0.5652173913043478,structure,-2.7606876543209844,-2.7654870370370337,-2.799927314814813,-2.7166486111111063
WNYADZVDBIBLJJ,O=NN1CCCC1,-7.599347343229355,external,-1,0.0,False,0.9285714285714286,structure,-6.496598919753075,-6.431442592592581,-6.547137037037023,-6.511217129629621
WQZKKVJFBZPJSU,CCC(CC)O[N+](=O)[O-],-1.3288483437607428,external,-1,0.0,True,0.6086956521739131,structure,-2.00403774250441,-2.0213285052910064,-2.0244976851851835,-1.9662870370370396
WUOACPNHFRMFPN,CC1=CCC(C(C)(C)O)CC1,-5.508449734897895,external,-1,0.0,False,0.5714285714285714,structure,-4.928381944444445,-4.9108935846560815,-4.902688425925927,-4.9715638227513255
WXCMHFPAUCOJIG,CC(=O)c1c(C)c([N+](=O)[O-])c(C(C)(C)C)c([N+](=O)[O-])c1C,-5.281532589579175,external,-1,0.0,True,0.27906976744186046,structure,-7.82302083333333,-7.958099537037032,-7.780287037037032,-7.730675925925927
WYLDWCYZCFRVRH,Clc1cc(Cl)c2c(Cl)cc(Cl)c(Cl)c2c1,-3.197329797674128,external,-1,0.0,False,0.55,structure,-2.9135176256613757,-2.987381018518519,-2.9115027777777773,-2.8416690806878315
XGXUGXPKRBQINS,COc1ccc(Br)cc1Br,-3.141525290295802,external,-1,0.0,True,0.4230769230769231,structure,-3.1709344466490292,-3.2621713955026483,-3.04211296296296,-3.2085189814814794
XTBXSCIWOVSSGB,O=C(O)CC(F)(F)C(F)(F)C(F)(F)C(F)(F)C(F)(F)C(F)(F)C(F)(F)C(F)(F)F,-0.2151376507207325,external,-1,0.0,True,0.2692307692307692,structure,-7.926126642416226,-7.8495518187830635,-8.090145998677254,-7.838682109788361
XYBSIYMGXVUVGY,Brc1ccc(Oc2ccc(Br)cc2Br)c(Br)c1,-4.548110664011599,external,-1,0.0,True,0.4583333333333333,structure,-3.953247001763671,-3.897083399470903,-3.95733240740741,-4.0053251984127
YAWIAFUBXXPJMQ,Brc1ccc(Oc2ccc(Br)cc2)cc1,-3.094814183963434,external,-1,0.0,True,0.5714285714285714,structure,-4.028035868606707,-4.155421296296301,-3.898384259259266,-4.030302050264554
YGHRJJRRZDOVPD,CC(C)CC=O,-2.381271697509173,external,-1,0.0,False,0.4444444444444444,structure,-3.030941380070541,-3.0306331349206297,-3.0172924603174547,-3.0448985449735395
YGYAWVDWMABLBF,O=C(Cl)Cl,-0.2673234667648203,external,-1,0.0,False,0.375,structure,-2.9247031746031724,-2.89447275132275,-3.004119444444442,-2.875517328042325
YJEMGEBDXDPBSP,COc1ccc(Cl)cc1Br,-2.250382069501203,external,-1,0.0,True,0.36666666666666664,structure,-2.988478119488535,-3.068671395502645,-2.840570370370369,-3.056192592592589
YKQOTQPNOJSJFA,CCCC(C)=NOCc1c(F)c(F)c(F)c(F)c1F,-1.3130478087293145,external,-1,0.0,True,0.25,structure,-4.765304960317461,-4.770471064814815,-4.787430390211642,-4.738013425925924
YORCIIVHUBAYBQ,C#CCBr,-1.826387968213476,external,-1,0.0,False,0.38461538461538464,structure,-0.9193376719576715,-0.8681831679894174,-0.9281580224867714,-0.9616718253968257
YRGAYAGBVIXNAQ,COc1ccc(Cl)cc1,-2.943631676789209,external,-1,0.0,False,0.5238095238095238,structure,-2.6504612985008804,-2.7123241732804213,-2.5665944444444437,-2.6724652777777753
YSVAURKXNCNUNS,COc1c(Cl)c(Cl)c(Br)c(Cl)c1Cl,-1.852724968524944,external,-1,0.0,True,0.3333333333333333,structure,-2.9016400793650767,-2.8167051587301555,-2.927409060846559,-2.9608060185185163
YUKILTJWFRTXGB,COc1cccc(Cl)c1,-2.793270537698849,external,-1,0.0,False,0.5384615384615384,structure,-2.548712070105818,-2.581199173280422,-2.4670967592592588,-2.5978402777777743
YXMNEYKMHSBVTD,CCC(CO)O[N+](=O)[O-],-7.046500910381195,external,-1,0.0,True,0.5185185185185185,structure,-7.765641743827164,-7.723668485449734,-7.816229365079374,-7.757027380952383
YXWWHNCQZBVZPV,CC(=O)c1ccccc1C,-4.468021642247516,external,-1,0.0,False,0.6521739130434783,structure,-4.800991512345685,-4.804357407407411,-4.78819120370371,-4.810425925925932
YYZUSRORWSJGET,CCCCCCCC(=O)OCC,-1.9585971639928248,external,-1,0.0,False,1.0,structure,-2.5688183641975244,-2.611799074074069,-2.5529296296296233,-2.541726388888881
YZMXEWDTXSTFIJ,COc1cc(Cl)c(Br)c(Cl)c1Br,-1.846249658720261,external,-1,0.0,True,0.5185185185185185,structure,-2.8334607583774223,-2.8143623677248644,-2.8027634259259244,-2.8832564814814785
ZENOXNGFMSCLLL,COc1cc(CO)ccc1O,-11.42766999077337,external,-1,0.0,True,0.6666666666666666,structure,-11.68033287037037,-11.66823148148148,-11.681889814814811,-11.69087731481482
ZLIBICFPKPWGIZ,Cc1cc(C)nc(Nc2ccccc2)n1,-8.084183894106772,external,-1,0.0,False,0.37037037037037035,structure,-10.22744598765432,-10.354275925925922,-10.177965740740742,-10.150096296296299
ZNOLGFHPUIJIMJ,COP(=S)(OC)Oc1ccc([N+](=O)[O-])c(C)c1,-6.6500280506858855,external,-1,0.0,False,0.6052631578947368,structure,-7.29410570987655,-7.2951041666666745,-7.280928240740742,-7.306284722222232
ZOASGOXWEHUTKZ,CCCSC,-1.402087752245875,external,-1,0.0,False,0.5,structure,-1.414914142416225,-1.4215427579365068,-1.4128605820105815,-1.4103390873015866
ZOKXUAHZSKEQSS,CCCCSP(=O)(SCCCC)SCCCC,-6.719936881072535,external,-1,0.0,True,0.6363636363636364,structure,-6.524418375220456,-6.6082443783068765,-6.384292691798939,-6.580718055555555
ZOWSJJBOQDKOHI,CC(=O)OCC(F)(F)F,-1.5690803179488944,external,-1,0.0,False,0.47619047619047616,structure,-1.87500987654321,-1.7185370370370379,-1.9183840277777764,-1.988108564814816
ZUXVGCIQOSXRJN,COc1c(Cl)c(Cl)cc(Br)c1Cl,-1.9021273169042503,external,-1,0.0,True,0.41379310344827586,structure,-2.9759742504409146,-3.0518972883597866,-2.8961013888888867,-2.97992407407407
ZVJHJDDKYZXRJI,C1=NCCC1,-4.9090914196116735,external,-1,0.0,False,0.25,structure,-4.0255575507054635,-3.859864914021158,-4.11641028439153,-4.100397453703702
VNWKTOKETHGBQD-UHFFFAOYSA-N,C,1.9598,arrow,0,3.0,False,,solvai,0.8577792535273371,0.8837178379629624,0.8021582010582015,0.8874617215608473
IJDNQMDRQITEOD-UHFFFAOYSA-N,CCCC,2.1032,arrow,0,3.0,False,,solvai,2.0300732810846553,2.0351771448412683,1.9995770892857128,2.055465609126984
QQONPFPTGQHPMA-UHFFFAOYSA-N,C=CC,1.32,arrow,0,3.0,False,,solvai,1.2352114539241643,1.2398583763227546,1.2304420039682549,1.2353339814814832
BAVYZALUXZFZLV-UHFFFAOYSA-N,CN,-4.55,arrow,0,3.0,False,,solvai,-4.264119290123456,-4.240304960317462,-4.254992724867725,-4.297060185185181
QUSNBJAOOMFDIB-UHFFFAOYSA-N,CCN,-4.5,arrow,0,3.0,False,,solvai,-4.576524052028216,-4.5769891865079355,-4.5846107804232785,-4.567972189153438
NBBJYMSMWIIQGU-UHFFFAOYSA-N,CCC=O,-3.43,arrow,0,3.0,False,,solvai,-3.292918044532629,-3.292473941798942,-3.2926479166666676,-3.2936322751322784
ZTQSAGDEMFDKMZ-UHFFFAOYSA-N,CCCC=O,-3.18,arrow,0,3.0,False,,solvai,-3.188818022486776,-3.1753788359788397,-3.203595965608468,-3.18747926587302
QQZOPKMRPOGIEB-UHFFFAOYSA-N,CCCCC(C)=O,-3.28,arrow,0,3.0,False,,solvai,-3.2538938822751327,-3.2677754960317453,-3.2415286706349233,-3.2523774801587297
QTBSBXVTEAMEQO-UHFFFAOYSA-N,CC(=O)O,-6.69,arrow,0,3.0,False,,solvai,-7.240937632275134,-7.216767824074077,-7.368582671957672,-7.137462400793653
UHOVQNZJYSORNB-UHFFFAOYSA-N,c1ccccc1,-0.88,arrow,0,3.0,False,,solvai,-0.7315056569664905,-0.7670387103174613,-0.6743318981481482,-0.7531463624338622
UFWIBTONFRDIAS-UHFFFAOYSA-N,c1ccc2ccccc2c1,-2.4,arrow,0,3.0,False,,solvai,-2.4730768849206366,-2.4497200066137577,-2.465284027777779,-2.504226620370374
MWPLVEDNUUSJAV-UHFFFAOYSA-N,c1ccc2cc3ccccc3cc2c1,-3.95,arrow,0,3.0,False,,solvai,-4.043696439594357,-4.0487582010582,-4.001101851851855,-4.081229265873016
YNPNZTXNASCQKK-UHFFFAOYSA-N,c1ccc2c(c1)ccc1ccccc12,-3.88,arrow,0,3.0,False,,solvai,-4.329250154320987,-4.278125033068782,-4.2933667989418,-4.41625863095238
KFZMGEQAYNKOFK-UHFFFAOYSA-N,CC(C)O,-4.62,arrow,0,3.0,False,,solvai,-4.975824404761902,-4.972562334656077,-4.977271957671956,-4.977638921957671
LRHPLDYGYMQRHN-UHFFFAOYSA-N,CCCCO,-4.72,arrow,0,3.0,False,,solvai,-4.702045480599647,-4.688784093915347,-4.705700462962962,-4.711651884920633
DKGAVHZHDRPRBM-UHFFFAOYSA-N,CC(C)(C)O,-4.51,arrow,0,3.0,False,,solvai,-5.562208245149912,-5.583942195767195,-5.609112301587302,-5.4935702380952405
MSXVEPNJUHWQHW-UHFFFAOYSA-N,CCC(C)(C)O,-4.43,arrow,0,3.0,False,,solvai,-4.3580192019400315,-4.359439748677244,-4.370843981481481,-4.343773875661371
DMEGYFMYUHOHGS-UHFFFAOYSA-N,C1CCCCCC1,0.789,arrow,1,3.0,False,,solvai,1.2380387334656067,1.2690916302910027,1.232069950396824,1.2129546197089938
ATUOYWHBWRKTHZ-UHFFFAOYSA-N,CCC,1.9598,arrow,1,3.0,False,,solvai,1.8912625813492079,1.8933227023809536,1.8834673167989442,1.8969977248677257
OFBQJSOFQDEBGM-UHFFFAOYSA-N,CCCCC,2.3422,arrow,1,3.0,False,,solvai,2.249311821649027,2.2347143227513193,2.258953703703701,2.254267438492061
TVMXDCGIABBOFY-UHFFFAOYSA-N,CCCCCCCC,2.8919,arrow,1,3.0,False,,solvai,2.927295277777778,2.9201848148148146,2.938884907407408,2.9228161111111097
VNKYTQGIUYNRMY-UHFFFAOYSA-N,CCCOC,-1.66,arrow,1,3.0,False,,solvai,-1.8514420414462072,-1.8791244907407392,-1.7935648346560848,-1.8816367989417977
FERIUCNNQQJTOY-UHFFFAOYSA-N,CCCC(=O)O,-6.35,arrow,1,3.0,False,,solvai,-6.233119609788353,-6.217130191798934,-6.206226455026449,-6.276002182539679
ZUOUZKKEUPVFJK-UHFFFAOYSA-N,c1ccc(-c2ccccc2)cc1,-2.66,arrow,1,3.0,False,,solvai,-2.681137973985889,-2.702504530423279,-2.717272552910053,-2.6236368386243347
OKKJLVBELUTLKV-UHFFFAOYSA-N,CO,-5.11,arrow,1,3.0,False,,solvai,-4.7620842041446165,-4.766188359788354,-4.7392218253968235,-4.780842427248673
HPXRVTGHNJAIIH-UHFFFAOYSA-N,OC1CCCCC1,-5.47,arrow,1,3.0,False,,solvai,-5.651143099647261,-5.5996496031745995,-5.676734457671954,-5.677045238095234
RJUFJBKOKNCXHH-UHFFFAOYSA-N,CCC(=O)OC,-2.93,arrow,1,3.0,False,,solvai,-2.9422936397707233,-2.9484046957671945,-2.970585052910053,-2.907891170634922
YKYONYBAUNKHLG-UHFFFAOYSA-N,CCCOC(C)=O,-2.86,arrow,1,3.0,False,,solvai,-2.8428107032627885,-2.8396412367724895,-2.826034226190477,-2.862756646825399
QLNJFJADRCOGBJ-UHFFFAOYSA-N,CCC(N)=O,-9.4,arrow,1,3.0,False,,solvai,-9.55456581790124,-9.570083201058207,-9.535330390211639,-9.558283862433873
DNJIEGIFACGWOD-UHFFFAOYSA-N,CCS,-1.24,arrow,1,3.0,False,,solvai,-1.171267484567901,-1.1769140079365072,-1.167027261904762,-1.1698611838624338
SUVIGLJNEAMWEG-UHFFFAOYSA-N,CCCS,-1.05,arrow,1,3.0,False,,solvai,-1.1260554695767195,-1.1108303835978828,-1.1512728505291006,-1.1160631746031748
QMMFVYPAHWMCMS-UHFFFAOYSA-N,CSC,-1.54,arrow,1,3.0,False,,solvai,-1.4908163602292754,-1.462693088624338,-1.5126956878306859,-1.497060304232803
PAYRUJLWNCNPSJ-UHFFFAOYSA-N,Nc1ccccc1,-5.54,arrow,1,3.0,False,,solvai,-5.6858998677248715,-5.6627516865079395,-5.716471428571434,-5.678476488095241
RAXXELZNTBOGNW-UHFFFAOYSA-N,c1c[nH]cn1,-9.6,arrow,1,3.0,False,,solvai,-9.74495195105821,-9.79792708333334,-9.806872685185198,-9.630056084656093
RGSFGYAAUTVSQA-UHFFFAOYSA-N,C1CCCC1,1.2,arrow,2,3.0,False,,solvai,0.9581741732804225,0.9630868485449726,0.9545531283068779,0.9568825429894174
VGGSQFUCUMXWEO-UHFFFAOYSA-N,C=C,1.28,arrow,2,3.0,False,,solvai,1.2166915317460303,1.2374174669312157,1.1928625284391514,1.2197945998677238
KAKZBPTYRLMSJV-UHFFFAOYSA-N,C=CC=C,0.61,arrow,2,3.0,False,,solvai,0.46692415784832475,0.4785432605820109,0.45510462301587334,0.4671245899470899
GETQZCLCWQTVFV-UHFFFAOYSA-N,CN(C)C,-3.2,arrow,2,3.0,False,,solvai,-3.302760835537917,-3.389581415343915,-3.302929960317459,-3.215771130952379
LCGLNKUTAGEVQW-UHFFFAOYSA-N,COC,-1.91,arrow,2,3.0,False,,solvai,-1.8834077500000017,-1.8352518386243408,-1.919641554232808,-1.895329857142857
RTZKZFJDLAIYFH-UHFFFAOYSA-N,CCOCC,-1.75,arrow,2,3.0,False,,solvai,-1.7736435405643736,-1.7486683862433867,-1.8025908399470896,-1.7696713955026449
CSCPPACGZOOCGX-UHFFFAOYSA-N,CC(C)=O,-3.8,arrow,2,3.0,False,,solvai,-3.5773856591710786,-3.5609320767195825,-3.600858498677252,-3.570366402116402
BBEAQIROQSPTKN-UHFFFAOYSA-N,c1cc2ccc3cccc4ccc(c1)c2c34,-4.52,arrow,2,3.0,False,,solvai,-5.236562147266305,-5.215193088624328,-5.261063591269831,-5.2334297619047545
YXFVVABEGXRONW-UHFFFAOYSA-N,Cc1ccccc1,-0.89,arrow,2,3.0,False,,solvai,-0.9494184193121687,-0.9684162896825392,-0.9197224933862435,-0.9601164748677237
ISWSIDIOOBJBQZ-UHFFFAOYSA-N,Oc1ccccc1,-6.62,arrow,2,3.0,False,,solvai,-6.131583190035272,-6.122312566137567,-6.150151917989413,-6.122285085978836
QWVGKYWNOKOFNN-UHFFFAOYSA-N,Cc1ccccc1O,-5.87,arrow,2,3.0,False,,solvai,-5.761756492504407,-5.7783350859788305,-5.771105191798941,-5.735829199735451
LFQSCWFLJHTTHZ-UHFFFAOYSA-N,CCO,-5.01,arrow,2,3.0,False,,solvai,-5.150713458994708,-5.1268797619047595,-5.159394742063491,-5.165865873015873
AMQJEAYHLZJPGS-UHFFFAOYSA-N,CCCCCO,-4.47,arrow,2,3.0,False,,solvai,-4.581373324514992,-4.59824242724868,-4.585078637566135,-4.56079890873016
AQIXEPGDORPWBJ-UHFFFAOYSA-N,CCC(O)CC,-4.35,arrow,2,3.0,False,,solvai,-4.290406062610232,-4.301692427248682,-4.274899007936508,-4.294626752645504
XEKOWRVHYACXOJ-UHFFFAOYSA-N,CCOC(C)=O,-3.12,arrow,2,3.0,False,,solvai,-2.9808218694885347,-2.9697110780423253,-2.9591327050264535,-3.0136218253968248
WQOXQRCZOLPYPM-UHFFFAOYSA-N,CSSC,-1.83,arrow,2,3.0,False,,solvai,-1.5920861331569653,-1.6463196891534375,-1.561505059523808,-1.56843365079365
JUJWROOIHBZHMG-UHFFFAOYSA-N,c1ccncc1,-4.69,arrow,2,3.0,False,,solvai,-4.565645866402115,-4.495056977513227,-4.577525529100528,-4.624355092592589
CRSOQBOWXPBRES-UHFFFAOYSA-N,CC(C)(C)C,2.5,arrow,3,3.0,False,,solvai,2.4042070934744255,2.412332440476188,2.3943413015873003,2.405947538359788
OTMSDBZUPAUEDD-UHFFFAOYSA-N,CC,1.7925,arrow,3,3.0,False,,solvai,1.8556583346560842,1.8728516216931208,1.830799543650794,1.8633238386243378
VLKZOEOYAKHREP-UHFFFAOYSA-N,CCCCCC,2.5095,arrow,3,3.0,False,,solvai,2.4028343123897686,2.3921157896825376,2.407230640873015,2.409156506613754
YWAKXRMUMFPDSH-UHFFFAOYSA-N,C=CCCC,1.6800000000000002,arrow,3,3.0,False,,solvai,1.5490530370370372,1.5417013452380954,1.5733038809523814,1.5321538849206349
ROSDSFDQCJNGOL-UHFFFAOYSA-N,CNC,-4.3,arrow,3,3.0,False,,solvai,-4.077093805114639,-4.0560718915343905,-4.046217063492062,-4.128992460317462
HQABUPZFAYXKJW-UHFFFAOYSA-N,CCCCN,-4.24,arrow,3,3.0,False,,solvai,-4.236144091710762,-4.238309391534396,-4.228556018518525,-4.241566865079364
XNLICIUVMPYHGG-UHFFFAOYSA-N,CCCC(C)=O,-3.52,arrow,3,3.0,False,,solvai,-3.3675539021164025,-3.361100165343916,-3.3895096891534395,-3.3520518518518525
IWDCLRJOBJJRNH-UHFFFAOYSA-N,Cc1ccc(O)cc1,-6.14,arrow,3,3.0,False,,solvai,-6.315668342151672,-6.346887731481479,-6.277882109788355,-6.322235185185184
XLYOFNOQVPJJNP-UHFFFAOYSA-N,O,-6.3,arrow,3,3.0,False,,solvai,-6.125901154761905,-6.132275560846561,-6.222810441798946,-6.02261746164021
BDERNNFJNOPAEC-UHFFFAOYSA-N,CCCO,-4.92,arrow,3,3.0,False,,solvai,-4.8433360670194,-4.811576521164021,-4.862201455026453,-4.856230224867725
KBPLFHHGFOOTCA-UHFFFAOYSA-N,CCCCCCCCO,-4.09,arrow,3,3.0,False,,solvai,-4.044837444885357,-4.051811805555549,-4.029855324074071,-4.052845205026452
DKPFZGUDAPQIHT-UHFFFAOYSA-N,CCCCOC(C)=O,-2.55,arrow,3,3.0,False,,solvai,-2.600607517636686,-2.608609424603175,-2.6041604497354527,-2.5890526785714303
WQAQPCDUOCURKW-UHFFFAOYSA-N,CCCCS,-0.99,arrow,3,3.0,False,,solvai,-0.9523405643738977,-0.941247817460317,-0.9234158399470899,-0.9923580357142862
LJSQFQKUNVCTIA-UHFFFAOYSA-N,CCSCC,-1.43,arrow,3,3.0,False,,solvai,-1.3357743055555573,-1.3600231547619055,-1.3140136111111134,-1.3332861507936529
WXEHBUMAEPOYKP-UHFFFAOYSA-N,CCSC,-1.5,arrow,3,3.0,False,,solvai,-1.4221497861552044,-1.4393404828042338,-1.418149464285716,-1.4089594113756638
ZFRKQXVRDFCRJG-UHFFFAOYSA-N,Cc1c[nH]c2ccccc12,-5.88,arrow,3,3.0,False,,solvai,-6.022644697971779,-5.97884097222222,-6.030740244708993,-6.058352876984125
KAESVJOAVNADME-UHFFFAOYSA-N,c1cc[nH]c1,-4.8,arrow,3,3.0,False,,solvai,-4.854100304232805,-4.895379398148149,-4.81497328042328,-4.8519482341269855
LVZWSLJZHVFIQJ-UHFFFAOYSA-N,C1CC1,0.75,arrow,4,3.0,False,,solvai,1.1459860987654318,1.1303161759259257,1.1931831924603176,1.1144589279100523
XDTMQSROBMDMFD-UHFFFAOYSA-N,C1CCCCC1,1.23,arrow,4,3.0,False,,solvai,1.0471455529100544,1.0499053664021183,1.0570009682539703,1.0345303240740749
NNPPMTNAJDCUHE-UHFFFAOYSA-N,CC(C)C,2.2800000000000002,arrow,4,3.0,False,,solvai,2.148603499559083,2.174689798280423,2.155403376984127,2.115717323412698
VXNZUUAINFGPBY-UHFFFAOYSA-N,C=CCC,1.38,arrow,4,3.0,False,,solvai,1.3768404962522032,1.3462853015873002,1.3892504788359776,1.394985708333332
XTHFKEDIFFGKHM-UHFFFAOYSA-N,COCCOC,-4.84,arrow,4,3.0,False,,solvai,-4.116507749118166,-4.262825165343916,-4.066298743386245,-4.020399338624336
IKHGUXGNUITLKF-UHFFFAOYSA-N,CC=O,-3.5,arrow,4,3.0,False,,solvai,-3.295875152116403,-3.276079219576722,-3.357015112433864,-3.254531124338624
ZWEHNKRNPOVVGH-UHFFFAOYSA-N,CCC(C)=O,-3.71,arrow,4,3.0,False,,solvai,-3.5388202160493822,-3.534062037037039,-3.5373926587301563,-3.545005952380951
FDPIMTJIUBPUKL-UHFFFAOYSA-N,CCC(=O)CC,-3.41,arrow,4,3.0,False,,solvai,-3.180741523368605,-3.213129199735448,-3.1713796626984117,-3.1577157076719566
XBDQKXXYIPTUBI-UHFFFAOYSA-N,CCC(=O)O,-6.46,arrow,4,3.0,False,,solvai,-6.481625507054667,-6.496943187830679,-6.47978356481481,-6.468149768518511
IFLREYGFSNHWGE-UHFFFAOYSA-N,c1ccc2cc3cc4ccccc4cc3cc2c1,-5.5,arrow,4,3.0,False,,solvai,-6.253779783950616,-6.3244550264550226,-6.290172453703704,-6.146711871693122
RLSSMJSEOOYNOY-UHFFFAOYSA-N,Cc1cccc(O)c1,-5.49,arrow,4,3.0,False,,solvai,-6.299778273809525,-6.299865443121699,-6.297650264550265,-6.30181911375661
BTANRVKWQNVYAZ-UHFFFAOYSA-N,CCC(C)O,-4.58,arrow,4,3.0,False,,solvai,-4.529601752645505,-4.546046130952383,-4.510549206349208,-4.532209920634922
JYVLIDXNZAXMDK-UHFFFAOYSA-N,CCCC(C)O,-4.39,arrow,4,3.0,False,,solvai,-4.348597288359787,-4.340885350529098,-4.331681613756614,-4.37322490079365
DLFVBJFMPXGRIB-UHFFFAOYSA-N,CC(N)=O,-9.71,arrow,4,3.0,False,,solvai,-9.672832649911813,-9.664674834656083,-9.70565720899471,-9.64816590608465
OHLUUHNLEMFGTQ-UHFFFAOYSA-N,CNC(C)=O,-10.0,arrow,4,3.0,False,,solvai,-8.959736474867727,-9.0274830026455,-8.934260317460321,-8.917466104497358
FXHOOIRPVKKKFG-UHFFFAOYSA-N,CC(=O)N(C)C,-8.5,arrow,4,3.0,False,,solvai,-7.799899503968258,-7.85457175925926,-7.763922817460325,-7.781203935185189
LSDPWZHWYPCBBB-UHFFFAOYSA-N,CS,-1.219,arrow,4,3.0,False,,solvai,-1.0201359607583766,-0.9929030978835978,-1.0412652976190462,-1.0262394867724858
AAUJSCRITBXDJH,Clc1ccc2c(Cl)c(Cl)ccc2c1,-3.580763582585761,external,-1,0.0,False,0.4583333333333333,solvai,-3.013045778218695,-3.035423148148148,-2.9998751322751325,-3.0038390542328037
AKDRYEADQPNLOH,CC=NOCc1c(F)c(F)c(F)c(F)c1F,-2.282416084376685,external,-1,0.0,True,0.22727272727272727,solvai,-3.231792204585536,-3.254698564814812,-3.237785687830687,-3.2028923611111093
ALVPFGSHPUPROW,CCCSSCCC,-1.653482212099156,external,-1,0.0,False,0.5384615384615384,solvai,-1.4240810736331564,-1.4377713293650791,-1.4270559523809518,-1.407415939153438
ALVYVCQIFHTIRD,O=S(=O)(O)CCC(F)(F)C(F)(F)C(F)(F)C(F)(F)C(F)(F)C(F)(F)C(F)(F)C(F)(F)F,-1.0050294233768833,external,-1,0.0,True,0.2,solvai,-5.3552262345678985,-5.529863888888888,-5.186758796296294,-5.349056018518516
AWZOLILCOUMRDG,CCOP(=O)(Sc1ccccc1)Sc1ccccc1,-9.676930122691385,external,-1,0.0,True,0.35714285714285715,solvai,-9.19785219356261,-9.30317830687831,-9.222646130952379,-9.067732142857144
BAOLNVSMVTYGDA,Clc1ccc2c(Cl)c(Cl)c(Cl)c(Cl)c2c1,-3.119164713968704,external,-1,0.0,False,0.5,solvai,-3.1905739638447983,-3.199208796296299,-3.1623632275132265,-3.2101498677248697
BAYUSCHCCGXLAY,COc1cccc(C(C)=O)c1,-6.3751571234794,external,-1,0.0,False,0.5714285714285714,solvai,-5.13115485008818,-5.107541732804228,-5.0821108796296235,-5.203811937830687
BBABSCYTNHOKOG,COc1c(Cl)c(Cl)c(Cl)c(Cl)c1Cl,-0.9774670142527602,external,-1,0.0,False,0.391304347826087,solvai,-3.0784415343915335,-3.0838329365079358,-3.028070370370367,-3.1234212962962973
BCTASVPUYLXFBW,CC(CO)=NOCc1c(F)c(F)c(F)c(F)c1F,-2.4906140436893542,external,-1,0.0,True,0.2,solvai,-7.110327722663139,-6.968561805555554,-7.11875138888889,-7.243669973544973
BDFAOUQQXJIZDG,CC(C)CS,-0.5378803038700118,external,-1,0.0,False,0.4166666666666667,solvai,-0.792287991622575,-0.7826175595238103,-0.816058055555555,-0.7781883597883597
BIVDISPRSYAHQQ,Clc1cc(Cl)c2c(Cl)cccc2c1Cl,-3.50660630412664,external,-1,0.0,False,0.45454545454545453,solvai,-2.9336073192239858,-2.9808553240740725,-2.920803373015873,-2.8991632605820112
BMZVDHQOAJUZJL,COc1c(Br)cccc1Br,-2.677294821763553,external,-1,0.0,True,0.36363636363636365,solvai,-3.2663228395061723,-3.29368134920635,-3.2654510582010556,-3.2398361111111114
BRLQWZUYTZBJKN,ClCC1CO1,-3.897199417405152,external,-1,0.0,False,0.4444444444444444,solvai,-4.24097309303351,-4.2473080687830675,-4.241022486772488,-4.234588723544973
BTRCDLZQISXWHZ,COc1ccc(Br)c(Cl)c1Cl,-1.9585971639928248,external,-1,0.0,True,0.42857142857142855,solvai,-3.10706172839506,-3.081896296296297,-3.134183796296292,-3.105105092592591
BULLJMKUVKYZDJ,FC(F)(F)C(F)(F)C(F)(F)C(F)(F)C(F)(F)C(F)(F)I,-0.0777986830724094,external,-1,0.0,True,0.23529411764705882,solvai,2.720219892416227,2.7169007473544973,2.689105992063493,2.7546529378306897
BVSOVPUWHJWGEP,COc1c(Cl)ccc(Cl)c1Br,-1.7472726277691262,external,-1,0.0,True,0.4666666666666667,solvai,-3.1419687169312156,-3.119091798941799,-3.1675972222222186,-3.1392171296296296
BYGQBDHUGHBGMD,CCC(C)C=O,-2.39561343672259,external,-1,0.0,False,0.45,solvai,-3.0451852623456794,-3.0549043650793655,-3.0424088624338625,-3.0382425595238103
CAFROQYMUICGNO,O=COCC(F)(F)F,-1.5370463030734125,external,-1,0.0,False,0.38095238095238093,solvai,-1.9058768474426813,-1.8833838293650818,-1.90821712962963,-1.9260295833333316
CCEFMUBVSUDRLG,C=C(C)C1CCC2(C)OC2C1,-2.92284059793544,external,-1,0.0,True,0.4722222222222222,solvai,-3.5673516203703692,-3.5731499338624366,-3.608666269841267,-3.520238657407405
CCEKAJIANROZEO,CCNS(=O)(=O)C(F)(F)C(F)(F)C(F)(F)C(F)(F)C(F)(F)C(F)(F)C(F)(F)C(F)(F)F,-0.501220058409582,external,-1,0.0,True,0.20588235294117646,solvai,-4.514718716931216,-4.5103392526455,-4.340365046296297,-4.69345185185185
CGFCSKMZZXPWEY,CC(O)C(C)O[N+](=O)[O-],-7.359115369041204,external,-1,0.0,True,0.46153846153846156,solvai,-7.363177843915341,-7.50477222222221,-7.397812268518519,-7.186949041005292
CHIFOSRWCNZCFN,CCC(CC)Nc1c([N+](=O)[O-])cc(C)c(C)c1[N+](=O)[O-],-6.102891134415766,external,-1,0.0,True,0.3488372093023256,solvai,-6.958855423280429,-7.063008796296306,-6.922663888888893,-6.890893584656087
CICQUFBZCADHHX,COc1ccc(Cl)cc1Cl,-2.010150095313052,external,-1,0.0,False,0.4782608695652174,solvai,-2.7665050154320965,-2.8015326388888884,-2.725848379629627,-2.7721340277777733
COAUHYBSXMIJDK,FC(F)(F)C(F)(F)C(Cl)Cl,0.8383365091933289,external,-1,0.0,True,0.375,solvai,2.196649369488536,2.161536919312168,2.259482049603174,2.168929139550266
CTLMCQOGOWNFHA,Clc1ccc2c(Cl)c(Cl)c(Cl)c(Cl)c2c1Cl,-4.483411727002943,external,-1,0.0,False,0.47368421052631576,solvai,-3.385741170634922,-3.4331311177248716,-3.385997949735445,-3.3380944444444487
CWJSHJJYOPWUGX,CC(C)OC(=O)Nc1cccc(Cl)c1,-6.488354475825306,external,-1,0.0,True,0.3684210526315789,solvai,-7.969983035714285,-7.93438855820106,-8.00243078703704,-7.9731297619047545
DCEPGADSNJKOJK,O=C(F)C(F)(F)F,-2.553038563510698,external,-1,0.0,True,0.4375,solvai,-0.08041382142857141,-0.09412264153439157,-0.11327027777777766,-0.033848544973544996
DIRFUJHNVNOBMY,CCC(C)c1ccccc1OC(=O)NC,-7.599347343229355,external,-1,0.0,True,0.5,solvai,-8.015331327160494,-7.995159722222216,-8.038682407407414,-8.01215185185185
DKEGCUDAFWNSSO,BrCCCCCCCCBr,-2.0575741949439603,external,-1,0.0,False,0.6153846153846154,solvai,-1.8053760687830682,-1.7363096587301587,-1.8889452314814794,-1.7908733161375667
DLIFNTQMBOCKTL,CC(C)=NOCc1c(F)c(F)c(F)c(F)c1F,-1.9585971639928248,external,-1,0.0,True,0.22727272727272727,solvai,-3.3408438734567887,-3.3390414351851834,-3.4197029166666657,-3.263787268518516
DPCILIMHENXHQX,CCc1nccnc1OC,-4.393344412065939,external,-1,0.0,False,0.3333333333333333,solvai,-5.763517824074075,-5.8015784722222214,-5.798431481481481,-5.690543518518523
DWEYPOWXNBAIDU,CN(Cl)Cl,-1.2452613975650346,external,-1,0.0,False,0.42857142857142855,solvai,-2.0237939814814814,-2.0730424603174598,-2.0002062830687835,-1.9981332010582011
DWPLEOPKBWNPQV,COc1ccccc1C(C)=O,-6.309257608654238,external,-1,0.0,False,0.6923076923076923,solvai,-5.095007804232803,-5.039623148148144,-5.158561144179893,-5.086839120370372
DZHZYPCCEISGSQ,Clc1cc(Cl)c2cccc(Cl)c2c1,-3.063453976464707,external,-1,0.0,False,0.5652173913043478,solvai,-2.524430930335098,-2.5478429232804234,-2.5327139880952383,-2.4927358796296315
FALCMQXTWHPRIH,C=C(Cl)CCl,-1.2801235082622549,external,-1,0.0,False,0.45454545454545453,solvai,-0.7436598765432096,-0.7252249999999996,-0.7866738425925921,-0.7190807870370372
FCOAHACKGGIURQ,CC(C)OP(=O)(OC(C)C)SCc1ccccc1,-7.92524151949921,external,-1,0.0,True,0.36363636363636365,solvai,-7.047580092592592,-6.9621958333333245,-7.146930555555558,-7.033613888888892
FEIKEVSWLMYFFF,Clc1cc(Cl)c2c(Cl)ccc(Cl)c2c1Cl,-3.832500480396495,external,-1,0.0,False,0.47368421052631576,solvai,-3.4086060405643743,-3.546672056878308,-3.3192092923280407,-3.3599367724867744
FHUDAMLDXFJHJE,CC(=O)C(F)(F)F,-4.8299760791673245,external,-1,0.0,False,0.5,solvai,-1.626567962962964,-1.6283647817460332,-1.648151474867725,-1.6031876322751333
FLXYIZWPNQYPIT,OCCC(F)(F)C(F)(F)C(F)(F)C(F)(F)C(F)(F)C(F)(F)C(F)(F)C(F)(F)C(F)(F)C(F)(F)F,0.6270119729696298,external,-1,0.0,False,0.2857142857142857,solvai,-1.9349347993827186,-1.985956250000003,-1.9905819444444464,-1.8282662037037063
FMGGHNGKHRCJLL,ClCc1ccccc1CCl,-3.266374329938489,external,-1,0.0,False,0.5,solvai,-2.819597960758377,-2.736746759259257,-2.834025958994712,-2.888021164021163
FMWLUWPQPKEARP,ClC(Cl)Br,-1.4672616271154053,external,-1,0.0,False,0.42857142857142855,solvai,-1.3196168694885364,-1.332192612433863,-1.3239830886243389,-1.3026749074074078
FPIQNBOUYZLESW,COc1ccc(Br)cc1Cl,-2.0575741949439603,external,-1,0.0,True,0.41379310344827586,solvai,-3.0513200176366824,-3.008670502645503,-3.033246494708992,-3.112043055555554
FQTLCLSUCSAZDY,C=CC(C)(O)CCC=C(C)CCC=C(C)C,0.1372173601069845,external,-1,0.0,True,0.7857142857142857,solvai,-4.244575440917108,-4.300784953703702,-4.192598974867727,-4.240342394179896
FRQUNVLMWIYOLV,COc1ccc(Cl)c(Cl)c1Cl,-2.0575741949439603,external,-1,0.0,False,0.5833333333333334,solvai,-2.7571478395061697,-2.789186574074072,-2.737422685185182,-2.7448342592592554
FSPSELPMWGWDRY,CC(=O)c1cccc(C)c1,-4.870853317160879,external,-1,0.0,False,0.68,solvai,-4.705908917548499,-4.729295337301585,-4.688628869047618,-4.699802546296296
FUNUTBJJKQIVSY,Cc1ccc(Cl)cc1Cl,-1.126367030655116,external,-1,0.0,False,0.55,solvai,-1.1213139395943552,-1.1089787235449724,-1.1086709986772485,-1.146292096560845
FWKUBDOTUFVPBX,COc1c(Br)cc(Br)c(Cl)c1Br,-1.846249658720261,external,-1,0.0,True,0.36666666666666664,solvai,-3.2799568342151666,-3.419884722222223,-3.2451195767195737,-3.174866203703703
FYQFWFHDPNXORA,C=CC(F)(F)C(F)(F)C(F)(F)C(F)(F)C(F)(F)C(F)(F)F,0.7698968620756514,external,-1,0.0,True,0.25,solvai,2.790807169753086,2.6968937731481484,2.7441808101851843,2.931346925925925
GAPFWGOSHOCNBM,CC(C)O[N+](=O)[O-],-1.6514177962544974,external,-1,0.0,False,0.5454545454545454,solvai,-1.8719732495590844,-1.8978279431216953,-1.835131157407409,-1.882960648148149
GEWDNTWNSAZUDX,CC/C=C/C[C@@H]1C(=O)CC[C@H]1CC(=O)OC,-6.948436096622908,external,-1,0.0,True,0.32653061224489793,solvai,-8.07800725308642,-8.133682407407408,-8.060827777777773,-8.03951157407408
GGDYAKVUZMZKRV,OCCF,-4.170539722175125,external,-1,0.0,False,0.4444444444444444,solvai,-5.891471086860666,-5.836979563492057,-5.904152116402113,-5.933281580687828
GPAVMFOMYSGJDM,CCCCCC=NOCc1c(F)c(F)c(F)c(F)c1F,-1.5793846637549709,external,-1,0.0,True,0.3125,solvai,-3.567022916666664,-3.6042280092592573,-3.5307925925925905,-3.566048148148145
GUCFBWGWRCILHN,COc1cc(Cl)c(Cl)c(Cl)c1,-1.4157086957951794,external,-1,0.0,False,0.5,solvai,-3.0317844135802443,-3.0397452380952363,-3.025335317460315,-3.030272685185181
GUVLYNGULCJVDO,CCCN(CCC)C(=O)SCC,-3.4900914838823294,external,-1,0.0,False,0.7083333333333334,solvai,-4.24671350308642,-4.277293981481486,-4.176349768518517,-4.286496759259258
GVYLCNUFSHDAAW,ClC1(Cl)C2(Cl)C3(Cl)C4(Cl)C(Cl)(Cl)C5(Cl)C3(Cl)C1(Cl)C5(Cl)C24Cl,-2.010150095313052,external,-1,0.0,False,0.21428571428571427,solvai,-3.559972497795414,-3.484182407407405,-3.592726058201059,-3.603009027777779
GWQOOADXMVQEFT,Cc1ccc(C)s1,-1.3130478087293145,external,-1,0.0,False,0.3684210526315789,solvai,-1.1854852888007048,-1.167918194444443,-1.18150996031746,-1.207027711640211
HCRBXQFHJMCTLF,CCOC(=O)C(C)CC,-2.161848414164622,external,-1,0.0,False,0.47619047619047616,solvai,-1.7284088355379172,-1.697527714285713,-1.8014125462962953,-1.6862862460317432
HFEASCCDHUVYKU,COc1cccc(Cl)c1Cl,-2.3692764364111216,external,-1,0.0,False,0.5238095238095238,solvai,-2.8692330246913564,-2.9308782407407428,-2.80784421296296,-2.8689766203703666
HFVMLYAGWXSTQI,C[C@]12CCC(=O)C[C@@H]1CC[C@@H]1[C@@H]2CC[C@]2(C)C=CC[C@@H]12,-2.6271958419698187,external,-1,0.0,False,0.22807017543859648,solvai,-6.0002814594356275,-5.912179960317466,-5.85973158068783,-6.228932837301589
HGCMMKIIGJXXMW,CC(CO)O[N+](=O)[O-],-6.872696747932133,external,-1,0.0,False,0.625,solvai,-7.41819664902998,-7.478459292328033,-7.48397311507937,-7.292157539682537
HGSDQSUMXKHGTH,Clc1cc(Cl)c2c(Cl)c(Cl)cc(Cl)c2c1,-3.266374329938489,external,-1,0.0,False,0.5238095238095238,solvai,-2.8914010471781304,-2.9171689484126975,-2.8915920634920624,-2.865442129629631
HHLFWLYXYJOTON,O=CC(=O)O,-7.41558521612978,external,-1,0.0,False,0.5,solvai,-7.883810085978837,-7.750889517195766,-7.905099669312167,-7.995441071428575
HKPHPIREJKHECO,CCCCOCN(C(=O)CCl)c1c(CC)cccc1CC,-7.637585445680149,external,-1,0.0,True,0.6829268292682927,solvai,-8.034638425925921,-7.962761574074067,-8.068163425925926,-8.072990277777773
HLCSDJLATUNSSI,CC(C)=CCC/C(C)=C/C#N,-2.532952404370913,external,-1,0.0,True,0.5185185185185185,solvai,-3.684163414902999,-3.6726783399470913,-3.7232787037037043,-3.6565332010582003
HSNWZBCBUUSSQD,CCCCCO[N+](=O)[O-],-1.6559406699833308,external,-1,0.0,False,0.9523809523809523,solvai,-1.8185797949735456,-1.8049234788359807,-1.827771759259259,-1.823044146825397
HTDQSWDEWGSAMN,COc1ccccc1Br,-2.532952404370913,external,-1,0.0,False,0.631578947368421,solvai,-3.095200055114638,-3.1184439484127,-3.068331216931216,-3.0988249999999975
HVYRFNJXZVEGFK,Clc1cc2c(Cl)ccc(Cl)c2c(Cl)c1Cl,-3.580763582585761,external,-1,0.0,False,0.45,solvai,-3.2820538139329805,-3.322702149470901,-3.257910218253965,-3.2655490740740745
HYHMYONEYJINON,C=C(C)C(CO)OO,-7.467138147450005,external,-1,0.0,True,0.2857142857142857,solvai,-9.426680478395065,-9.361124371693128,-9.467273578042327,-9.451643485449742
IAIHUHQCLTYTSF,CC1(C)[C@H]2CC[C@](C)(C2)[C@H]1O,-4.025308354953737,external,-1,0.0,True,0.5,solvai,-4.493384446649027,-4.539366633597881,-4.445756746031742,-4.495029960317458
ICDUEGOPUWNJNF,C=CC=NOCc1c(F)c(F)c(F)c(F)c1F,-1.871736811958389,external,-1,0.0,True,0.20833333333333334,solvai,-3.425900293209875,-3.427437731481482,-3.4661770370370353,-3.384086111111108
IDJOCJAIQSKSOP,OCC(Cl)Cl,-4.041541834797791,external,-1,0.0,False,0.4166666666666667,solvai,-5.7372697200176335,-5.66583740079365,-5.7846021164021115,-5.761369642857142
ILHIHKRJJMKBEE,CCOO,-5.338002436667749,external,-1,0.0,False,0.4166666666666667,solvai,-5.395993011463843,-5.399141832010581,-5.382340873015872,-5.406496329365077
ISAVYTVYFVQUDY,CC(C)(C)CC(C)(C)c1ccc(O)cc1,-5.124107462791067,external,-1,0.0,False,0.5416666666666666,solvai,-5.898192526455024,-5.904563425925926,-5.867839847883595,-5.922174305555553
ITXDBGLYYSJNPK,COc1c(Cl)cc(Cl)c(Cl)c1Cl,-1.2082190270028623,external,-1,0.0,False,0.5833333333333334,solvai,-2.608796417548498,-2.6354805555555525,-2.6128591600529067,-2.5780495370370344
IYRWEQXVUNLMAY,O=C(F)F,-4.008617534330732,external,-1,0.0,False,0.3333333333333333,solvai,-0.18537177248677242,-0.24626221891534378,-0.19362323412698415,-0.11622986441798933
JCMNMOBHVPONLD,OCCC(F)(F)C(F)(F)C(F)(F)C(F)(F)F,-1.3754506884268412,external,-1,0.0,False,0.3,solvai,-2.101791591490301,-2.14741643783069,-2.065709457671959,-2.0922488789682543
JIVCPRHFBFVZQL,COc1cc(Cl)c(Cl)c(Cl)c1Br,-1.890157516875148,external,-1,0.0,True,0.64,solvai,-3.0588572530864178,-3.0697712962962953,-3.051351851851848,-3.0554486111111103
JJUBFBTUBACDHW,OCCC(F)(F)C(F)(F)C(F)(F)C(F)(F)C(F)(F)C(F)(F)C(F)(F)C(F)(F)F,0.4156874367459304,external,-1,0.0,False,0.2857142857142857,solvai,-1.7063349417989435,-1.7876303240740756,-1.845084325396828,-1.4862901759259266
JLJXMZMKMRQOLN,OCOOCO,-9.60119077400061,external,-1,0.0,False,0.3,solvai,-11.06181122134039,-11.10086653439154,-11.100601851851852,-10.983965277777777
JPQLLIUTUFJWMH,Clc1cc2c(Cl)cc(Cl)c(Cl)c2c(Cl)c1Cl,-4.130581778314352,external,-1,0.0,False,0.5263157894736842,solvai,-3.223514098324515,-3.209435317460319,-3.20645099206349,-3.2546559854497366
JZBCTZLGKSYRSF,CCc1ncc(C)nc1C,-5.261446430439389,external,-1,0.0,False,0.3076923076923077,solvai,-5.490203086419753,-5.4607384920634905,-5.517552182539683,-5.492318584656086
KJRACWZCOVHBQU,CCCCCC(C)(C)OC,-0.9181690713424469,external,-1,0.0,True,0.47619047619047616,solvai,-1.3827954420194006,-1.383515062830688,-1.4030703042328048,-1.361800958994709
KNUQGVIXAYDSOX,CCC(O)CO[N+](=O)[O-],-7.026068370085849,external,-1,0.0,True,0.5384615384615384,solvai,-7.33828306878307,-7.326961111111105,-7.358578009259265,-7.329310085978839
KOCVACNWDMSLBM,CCOCc1ccc(O)c(OC)c1,-8.195103915206705,external,-1,0.0,True,0.6363636363636364,solvai,-7.987447795414464,-8.208441468253968,-7.9360067129629694,-7.817895205026452
KPOZENRUJCHWOA,Clc1cc(Cl)c2c(Cl)c(Cl)ccc2c1Cl,-3.4657290661330857,external,-1,0.0,False,0.42857142857142855,solvai,-3.3672447530864207,-3.4455711309523824,-3.3249532076719555,-3.3312099206349237
KSMVNVHUTQZITP,Clc1cc2oc3cc(Cl)c(Cl)cc3c2cc1Cl,-4.318006884312718,external,-1,0.0,False,0.4117647058823529,solvai,-4.049729508377424,-4.008942824074074,-4.035289087301588,-4.104956613756611
KZLMCDNAVVJKPX,COc1c(Cl)cccc1Cl,-1.826387968213476,external,-1,0.0,False,0.4642857142857143,solvai,-2.792478549382714,-2.8154784722222206,-2.7557333333333327,-2.8062238425925887
LBCOXKFWBDTJTF,Clc1ccc2c(Cl)cc(Cl)c(Cl)c2c1Cl,-3.580763582585761,external,-1,0.0,False,0.45,solvai,-3.422098600088185,-3.46897172619048,-3.3886845238095216,-3.4086395502645526
LCFKURIJYIJNRU,CCCCC(C)CO,-4.410771696363276,external,-1,0.0,True,0.6,solvai,-3.9649012566137585,-3.9622570767195815,-3.960305919312168,-3.972140773809526
LCHJNNXHVDDVAT,COc1cc(Cl)cc(Cl)c1Br,-1.9585971639928248,external,-1,0.0,True,0.41379310344827586,solvai,-3.3154267085537916,-3.292547089947092,-3.2874075727513206,-3.3663254629629624
LFVCJQWZGDLHSD,COc1cc(CC(C)=O)ccc1O,-10.195632173518485,external,-1,0.0,True,0.5882352941176471,solvai,-9.746966159612002,-9.7703302910053,-9.691876521164026,-9.778691666666683
LFYXNXGVLGKVCJ,CC1(C)C2CCC1(C)[C@](C)(O)C2,-3.197329797674128,external,-1,0.0,True,0.3548387096774194,solvai,-4.441248357583774,-4.459633564814816,-4.430093915343914,-4.434017592592593
LITCKAVLJAKHOE,Clc1ccc(Cl)c2c(Cl)ccc(Cl)c12,-4.008617534330732,external,-1,0.0,False,0.5384615384615384,solvai,-2.9620967372134026,-2.9859499338624307,-2.8590753968253964,-3.0412648809523817
LNDQFOSWZJYEIC,CCC(C)=NOCc1c(F)c(F)c(F)c(F)c1F,-1.4547877990255242,external,-1,0.0,True,0.20689655172413793,solvai,-3.4422882407407394,-3.430835879629629,-3.5257820833333327,-3.3702467592592558
MEUKEBNAABNAEX,COO,-5.281532589579175,external,-1,0.0,False,0.42857142857142855,solvai,-5.355053913139329,-5.372420535714287,-5.411375066137564,-5.2813661375661365
MMHZKSMAFILONG,Clc1ccc2c(Cl)cccc2c1Cl,-3.322844177027064,external,-1,0.0,False,0.55,solvai,-2.823798688271605,-2.842643022486771,-2.843176091269841,-2.7855769510582027
MSWVMWGCNZQPIA,CC(=O)CF,-4.170539722175125,external,-1,0.0,False,0.5,solvai,-3.5602748897707213,-3.553338326719575,-3.562311342592593,-3.565174999999996
MUUDTVDSRYEMBU,COc1c(Br)cc(Br)c(Cl)c1Cl,-1.890157516875148,external,-1,0.0,True,0.3793103448275862,solvai,-3.149864858906524,-3.236744907407407,-3.107629298941796,-3.1052203703703696
NDZIBNJHNBUHKW,Clc1cc2c(Cl)c(Cl)c(Cl)c(Cl)c2c(Cl)c1Cl,-5.389555367987976,external,-1,0.0,False,0.5555555555555556,solvai,-3.3130866291887107,-3.295194246031743,-3.318709424603173,-3.3253562169312167
NEZWFWIACBUQMN,OCOO,-10.366079471748629,external,-1,0.0,False,0.3,solvai,-9.798681183862444,-9.816216435185193,-9.79034384920636,-9.789483267195777
NMRPBPVERJPACX,CCCCCC(O)CC,-3.37439710834729,external,-1,0.0,False,0.8333333333333334,solvai,-3.8343570546737222,-3.822508002645504,-3.84642328042328,-3.8341398809523835
NMWKWBPNKPGATC,O=C1OCc2c(Cl)c(Cl)c(Cl)c(Cl)c21,-6.343123108603918,external,-1,0.0,True,0.3181818181818182,solvai,-5.1643806547619056,-5.177704166666662,-5.165626917989423,-5.149810879629632
NQFUSWIGRKFAHK,CC1(C)C2CC3OC3(C)C1C2,-2.39561343672259,external,-1,0.0,False,0.25,solvai,-3.38647174823633,-3.3871879629629618,-3.4450872354497335,-3.3271400462962952
NSKIRYMHNFTRLR,Brc1ccc(Oc2c(Br)cc(Br)cc2Br)c(Br)c1,-5.389555367987976,external,-1,0.0,True,0.39285714285714285,solvai,-3.878342592592593,-3.960787566137569,-3.9272065476190487,-3.7470336640211626
NTHGIYFSMNNHSC,CC(C)CCO[N+](=O)[O-],-1.491448044485954,external,-1,0.0,True,0.6538461538461539,solvai,-1.8788940983245155,-1.8950673280423282,-1.872499953703704,-1.8691150132275138
NUGDFCWVLOJWOP,CCCCCCCCCC=NOCc1c(F)c(F)c(F)c(F)c1F,-2.420829367731348,external,-1,0.0,True,0.3333333333333333,solvai,-3.6535508928571416,-3.66733740079365,-3.6745916666666645,-3.6187236111111103
NULBEPOZYDYWOV,COc1cc(CCC(C)=O)cc(OC)c1O,-12.924126199586958,external,-1,0.0,True,0.4857142857142857,solvai,-11.14540015432099,-11.098048611111118,-11.159969907407412,-11.178181944444445
NVVZEKTVIXIUKW,FC(F)(F)C(F)(F)C(F)(F)C(F)(F)C(F)(F)C(F)(F)CCI,-0.6933271819097218,external,-1,0.0,False,0.18181818181818182,solvai,2.433640103395062,2.3735736018518523,2.4500379503968244,2.4773087579365094
NWOYYECMNBWCNK,COc1c(Cl)cccc1Br,-2.1014820530988474,external,-1,0.0,True,0.3939393939393939,solvai,-3.1085129298941774,-3.096345502645502,-3.104904861111107,-3.1242884259259243
OAWAZQITIZDJRB,O=C(O)C(F)(F)Cl,-7.877817419868301,external,-1,0.0,True,0.38461538461538464,solvai,-5.573891512345678,-5.518125033068778,-5.652387367724868,-5.5511621362433825
OAYSFAKCFYRCRU,COc1c(Cl)cc(Br)cc1Cl,-2.010150095313052,external,-1,0.0,True,0.52,solvai,-2.942433377425042,-2.9671172619047588,-2.9044347222222195,-2.955748148148148
OEBRKCOSUFCWJD,COP(=O)(OC)OC=C(Cl)Cl,-4.971375885474463,external,-1,0.0,False,0.42857142857142855,solvai,-7.890773225308643,-7.814681250000006,-7.920225000000005,-7.93741342592592
OEYKUHBCPJRXGZ,COc1c(Cl)cc(Cl)cc1Br,-1.8973491088834296,external,-1,0.0,True,0.4642857142857143,solvai,-2.8278223434744247,-2.8580732804232785,-2.7927071759259228,-2.8326865740740717
OIHHRLYOSUNYTC,COc1c(Cl)cc(Cl)c(Br)c1Cl,-1.9021273169042503,external,-1,0.0,True,0.5185185185185185,solvai,-3.061423765432096,-3.102210648148146,-3.0595240740740692,-3.0225365740740733
OJYLAHXKWMRDGS,COc1cc(CCC(C)=O)ccc1O,-10.195632173518485,external,-1,0.0,False,0.6470588235294118,solvai,-10.387554916225755,-10.503367989418,-10.271523611111117,-10.387773148148147
OMDFJTSKBNDDRM,CC(O)CO[N+](=O)[O-],-7.41558521612978,external,-1,0.0,False,0.6521739130434783,solvai,-7.73470825617284,-7.780661441798938,-7.785033796296298,-7.638429530423284
ONUFSRWQCKNVSL,Fc1c(F)c(F)c(-c2c(F)c(F)c(F)c(F)c2F)c(F)c1F,-1.6648503859974622,external,-1,0.0,False,0.625,solvai,-1.2321049382716056,-1.2416762566137574,-1.162772817460318,-1.2918657407407415
OTFNCXLUCRUNCH,COc1c(Cl)ccc(Cl)c1Cl,-1.9243773404339863,external,-1,0.0,False,0.5,solvai,-2.789387885802466,-2.8088106481481456,-2.7704546296296266,-2.7888983796296265
OTQFXRBLGNEOGH,Clc1cc(Cl)c2c(c1)Oc1c(Cl)cc(Cl)cc1O2,-3.4657290661330857,external,-1,0.0,True,0.45161290322580644,solvai,-3.522629938271605,-3.520361111111111,-3.530783333333333,-3.516745370370372
OTTCXKPQKOLSJN,Clc1cc(Cl)c2cc(Cl)cc(Cl)c2c1,-2.92284059793544,external,-1,0.0,False,0.6,solvai,-2.4226504519400343,-2.438588425925925,-2.4421484126984128,-2.3872145171957655
OWIKHYCFFJSOEH,N=C=O,-3.705961040321237,external,-1,0.0,False,0.42857142857142855,solvai,-3.631108063932979,-3.6333478108465593,-3.5502310238095225,-3.709745357142855
PGCDNPCENWGYMA,Clc1c(Cl)c(Cl)c2c(Cl)ccc(Cl)c2c1Cl,-4.5876242996777865,external,-1,0.0,False,0.5333333333333333,solvai,-3.3027937940917105,-3.341982043650794,-3.286753042328038,-3.279646296296299
PLDWAJLZAAHOGG,COc1cccc(Br)c1,-1.7074936013035569,external,-1,0.0,False,0.5384615384615384,solvai,-3.2788182319223984,-3.2995511574074095,-3.2559109788359764,-3.2809925595238085
PNLDDSLZYVNPQW,COc1c(Br)ccc(Cl)c1Cl,-1.9585971639928248,external,-1,0.0,True,0.3939393939393939,solvai,-3.097273544973543,-3.066277314814815,-3.136468320105816,-3.0890749999999993
PNQBEPDZQUOCNY,O=C(Cl)C(F)(F)F,-2.3128065893225465,external,-1,0.0,True,0.4117647058823529,solvai,-0.3698551058201058,-0.41177351190476214,-0.33266380952380925,-0.365127996031746
POIARNZEYGURDG,C/C=C/C(=O)C1=C(C)C=CCC1(C)C,-3.95552367899573,external,-1,0.0,False,0.21951219512195122,solvai,-4.2905423721340386,-4.242301785714286,-4.303897949735451,-4.325427380952381
PPXUHEORWJQRHJ,CCOC(=O)CC(C)C,-1.9585971639928248,external,-1,0.0,False,0.5454545454545454,solvai,-2.379464351851846,-2.4019236111111053,-2.386036574074069,-2.350432870370364
PSINWXIDJYEXLO,CCc1ncc(C)nc1CC,-4.5057723033300405,external,-1,0.0,False,0.32,solvai,-5.33995947971781,-5.284269841269836,-5.4301896825396785,-5.305418915343916
PVFOMCVHYWHZJE,O=C(Cl)C(Cl)(Cl)Cl,-2.3128065893225465,external,-1,0.0,False,0.2727272727272727,solvai,-1.6980793077601408,-1.6969626653439147,-1.6472091798941793,-1.7500660780423283
QGRPVMLBTFGQDQ,COc1ccccc1Cl,-3.266374329938489,external,-1,0.0,False,0.631578947368421,solvai,-2.781809270282185,-2.8167666666666658,-2.731924570105819,-2.7967365740740715
QHTQREMOGMZHJV,CCN(CC)C(=O)SCc1ccc(Cl)cc1,-5.973688203519483,external,-1,0.0,True,0.35,solvai,-8.523213315696657,-8.62989675925927,-8.551324206349213,-8.388418981481486
QJPJQTDYNZXKQF,COc1ccc(Br)cc1,-1.9585971639928248,external,-1,0.0,False,0.5238095238095238,solvai,-3.3068829034391545,-3.329849470899473,-3.288543948412698,-3.3022552910052925
QKMNFFSBZRGHDJ,COc1cc(Cl)ccc1Cl,-2.3417140272869985,external,-1,0.0,False,0.4782608695652174,solvai,-2.997448809523808,-3.0305746693121693,-2.9680983796296276,-2.9936733796296267
QNPFFCQTVXPCLD,CC=CC=NOCc1c(F)c(F)c(F)c(F)c1F,-1.6736281013538763,external,-1,0.0,True,0.2222222222222222,solvai,-3.6758518364197523,-3.6659997685185193,-3.738493703703703,-3.623062037037034
QTGGFXPTAQEODO,C=CC(C)(CO)OO,-8.831385160484244,external,-1,0.0,True,0.4,solvai,-9.261780059523812,-9.206779629629635,-9.313055026455023,-9.265505522486777
QUGUFLJIAFISSW,Fc1ccc(F)cc1,-0.8163503805089578,external,-1,0.0,False,0.6153846153846154,solvai,-0.537556984126984,-0.5366555555555557,-0.5977981679894179,-0.4782172288359788
QUKRIOLKOHUUBM,C=CC(=O)OCCC(F)(F)C(F)(F)C(F)(F)C(F)(F)C(F)(F)C(F)(F)C(F)(F)C(F)(F)F,-0.6933271819097218,external,-1,0.0,True,0.2127659574468085,solvai,-1.996527965167548,-2.1939192129629626,-2.0555140873015865,-1.7401505952380947
QYEGXUUXWMKHHS,Clc1cc(Cl)c2c(Cl)c(Cl)c(Cl)c(Cl)c2c1Cl,-5.149323393799825,external,-1,0.0,False,0.5882352941176471,solvai,-3.259934722222221,-3.274206216931215,-3.283755853174601,-3.221842096560847
RFFOTVCVTJUTAD,CC(C)C12CCC(C)(CC1)O2,-2.7084854415504074,external,-1,0.0,False,0.21875,solvai,-2.7342784722222215,-2.6302884259259245,-2.8628108796296283,-2.7097361111111113
RFUGYJHXLQAXOX,COc1c(Br)c(Cl)c(Cl)c(Cl)c1Br,-1.8127670246641712,external,-1,0.0,True,0.3333333333333333,solvai,-3.369312764550264,-3.414606679894179,-3.3870533730158714,-3.306278240740741
RGXWDWUGBIJHDO,CCCCCCCCCC(=O)OCC,-2.1014820530988474,external,-1,0.0,False,1.0,solvai,-2.860394466490296,-2.91101997354497,-2.822271296296291,-2.847892129629626
RHLVCLIPMVJYKS,CCCCCC(=O)CC,-2.532952404370913,external,-1,0.0,False,0.8333333333333334,solvai,-2.8546803461199293,-2.854658101851851,-2.8556352513227528,-2.853747685185184
RLSQIXNUITTXKZ,CCCCCCCC=NOCc1c(F)c(F)c(F)c(F)c1F,-1.7624653819816083,external,-1,0.0,True,0.3333333333333333,solvai,-3.6287307870370356,-3.602816898148146,-3.672117129629628,-3.6112583333333323
RTNLUFLDZOAXIC,Clc1c(Cl)c(Cl)c2c(Cl)c(Cl)c(Cl)c(Cl)c2c1Cl,-4.738644121381529,external,-1,0.0,False,0.625,solvai,-3.209085824514991,-3.224443353174604,-3.2185544312169303,-3.1842596891534374
RUPAXCPQAAOIPB,CC(C)(C)OC=O,-2.1014820530988474,external,-1,0.0,False,0.375,solvai,-2.6957095017636696,-2.7162485780423284,-2.6651107473544986,-2.7057691798941823
RWRBSYOTDDOXKC,CCCC(C)O[N+](=O)[O-],-1.3049310688072877,external,-1,0.0,True,0.6666666666666666,solvai,-1.7776033531746036,-1.7711416997354497,-1.7707305952380965,-1.7909377645502647
RZXIRSKYBISPGF,Brc1cc(Br)c(Oc2cc(Br)c(Br)cc2Br)cc1Br,-5.3893266975985,external,-1,0.0,True,0.5333333333333333,solvai,-4.083802480158733,-4.216803273809532,-4.045381613756615,-3.9892225529100522
SFNAUTSNWPPDSY,Brc1ccc(Oc2cc(Br)c(Br)c(Br)c2Br)cc1,-4.41157948966362,external,-1,0.0,True,0.3333333333333333,solvai,-4.2216602733686095,-4.283380357142862,-4.269018650793654,-4.112581812169313
SJIIFORJBWPNPM,COc1cc(Br)c(Cl)cc1Cl,-1.9585971639928248,external,-1,0.0,True,0.42857142857142855,solvai,-3.1797575176366837,-3.157485978835979,-3.1713254629629617,-3.21046111111111
SNGREZUHAYWORS,O=C(O)C(F)(F)C(F)(F)C(F)(F)C(F)(F)C(F)(F)C(F)(F)C(F)(F)F,-3.4657290661330853,external,-1,0.0,True,0.25,solvai,-4.1730208112874765,-4.04746468253968,-4.15285314153439,-4.318744609788361
SRMWNTGHXHOWBT,CNS(=O)(=O)C(F)(F)C(F)(F)C(F)(F)C(F)(F)C(F)(F)C(F)(F)C(F)(F)C(F)(F)F,-0.0514616827609407,external,-1,0.0,True,0.2,solvai,-4.548267868165783,-4.553716335978833,-4.44108912037037,-4.649998148148146
SRTQFRQWTUMMTC,C=NOCc1c(F)c(F)c(F)c(F)c1F,-2.1805973935431964,external,-1,0.0,True,0.2631578947368421,solvai,-3.196581880511463,-3.280183287037036,-3.172950780423279,-3.136611574074074
SSNXYMVLSOMJLU,COc1cc(Cl)cc(Cl)c1,-1.0313664236883515,external,-1,0.0,False,0.5,solvai,-2.9929544312169303,-3.034043452380952,-2.954029828042328,-2.9907900132275125
STNJBCKSHOAVAJ,C=C(C)C=O,-2.8315086401496434,external,-1,0.0,False,0.5,solvai,-3.1164623126102278,-3.111065178571428,-3.0578066468253944,-3.18051511243386
SVEZPKVUIXAEOX,COc1cc(Cl)c(Br)c(Cl)c1,-1.9585971639928248,external,-1,0.0,True,0.35714285714285715,solvai,-3.4356506503527338,-3.4288054232804233,-3.4510067129629647,-3.427139814814814
SXKBHOQOOGRFJF,COc1cc(Cl)c(Cl)cc1Cl,-1.9585971639928248,external,-1,0.0,False,0.5652173913043478,solvai,-2.7554043209876515,-2.80466898148148,-2.7279388888888865,-2.733605092592589
TXGIGTRUEITPSC,O=S(=O)(O)CCC(F)(F)C(F)(F)C(F)(F)C(F)(F)F,-1.4290235246646108,external,-1,0.0,True,0.20689655172413793,solvai,-5.916714589947091,-5.995152797619049,-5.958146527777779,-5.796844444444445
TXINBPKSWKFMNB,CCC(=O)OO[N+](=O)[O-],-2.1805973935431964,external,-1,0.0,False,0.4,solvai,-3.975197973985889,-4.070198148148149,-3.950715416666662,-3.904680357142855
UABDVZDYKDIZFO,Fc1c(F)c(F)c(CON=C2c3ccccc3-c3ccccc32)c(F)c1F,-1.9585971639928248,external,-1,0.0,True,0.2727272727272727,solvai,-6.340095105820107,-6.124003703703705,-6.490094576719577,-6.406187037037038
UBJVUCKUDDKUJF,C=CCSCC=C,-1.53653790673299,external,-1,0.0,False,0.35714285714285715,solvai,-1.3078153064373892,-1.299644146825396,-1.293003425925925,-1.3307983465608464
UCASBURGYXMQLW,Cc1ccc(C=NOCc2c(F)c(F)c(F)c(F)c2F)cc1,-1.6559406699833308,external,-1,0.0,True,0.3142857142857143,solvai,-4.976968749999999,-4.872207638888888,-5.113260648148148,-4.945437962962961
UHEPJGULSIKKTP,CC(=O)CCC=C(C)C,-3.37439710834729,external,-1,0.0,False,0.52,solvai,-3.707560802469137,-3.671678670634921,-3.7378800264550276,-3.713123710317461
UHXUZOCRWCRNSJ,CNC(=O)ON=C(C)SC,-7.7697946414595,external,-1,0.0,True,0.42857142857142855,solvai,-9.251868893298063,-9.18759818121693,-9.25963174603175,-9.308376752645508
UIHCLUNTQKBZGK,CCC(C)C(C)=O,-3.126712395015846,external,-1,0.0,False,0.47058823529411764,solvai,-3.1569755621693116,-3.154713128306878,-3.1598639219576716,-3.156349636243386
UJIGKESMIPTWJH,FC(Cl)C(F)(F)C(F)(F)Cl,0.7698968620756514,external,-1,0.0,False,0.5,solvai,1.3271603736772477,1.3631376858465603,1.3115094603174597,1.3068339748677238
UKSAZCDAGVHMRF,Fc1c(F)c(F)c(CON=Cc2ccccc2)c(F)c1F,-1.491448044485954,external,-1,0.0,True,0.2903225806451613,solvai,-4.8179745370370375,-4.755113888888888,-4.970861111111113,-4.727948611111109
UPNBETHEXPIWQX,Brc1ccc(Oc2ccc(Br)cc2Br)cc1,-3.5448444065774347,external,-1,0.0,True,0.39285714285714285,solvai,-4.0743401895943565,-4.1620497685185205,-4.022246197089947,-4.038724603174602
UXFSPRAGHGMRSQ,COc1nccnc1CC(C)C,-3.628908592471273,external,-1,0.0,False,0.3939393939393939,solvai,-5.552110570987655,-5.561826388888888,-5.673563657407408,-5.420941666666669
UZYYBZNZSSNYSA,Cc1c(Cl)ccc(Cl)c1Cl,-1.6559406699833308,external,-1,0.0,False,0.5625,solvai,-1.2470642857142862,-1.2534549933862444,-1.2487754629629622,-1.2389624007936524
VEFNQGLEDJPUJF,COc1c(Br)c(Br)c(Br)c(Br)c1Br,-4.630621342972727,external,-1,0.0,True,0.38461538461538464,solvai,-3.8437144510582026,-3.9644632936507964,-3.7669243055555577,-3.7997557539682543
VGQXTTSVLMQFHM,CC(=O)OO[N+](=O)[O-],-2.512161325517144,external,-1,0.0,False,0.4230769230769231,solvai,-4.022774812610227,-4.089976388888888,-3.9803075066137517,-3.998040542328041
VHNPZYZQKWIWOD,Brc1cc(Br)c(Oc2cc(Br)c(Br)cc2Br)c(Br)c1,-5.800177489354709,external,-1,0.0,True,0.38095238095238093,solvai,-3.9127277006172854,-4.04404057539683,-3.9403371031746026,-3.7538054232804243
VIONGDJUYAYOPU,O=S(=O)(O)CCC(F)(F)C(F)(F)C(F)(F)C(F)(F)C(F)(F)C(F)(F)F,-0.9774670142527602,external,-1,0.0,True,0.2,solvai,-5.146869521604937,-5.383285185185187,-4.896093749999998,-5.161229629629624
VISJRVXHPNMYRH,COc1ccc(Cl)c(Cl)c1,-1.852724968524944,external,-1,0.0,False,0.43478260869565216,solvai,-3.004047475749557,-3.0170531415343906,-2.9858550264550234,-3.0092342592592565
VJZRCIYSYVGDMU,Clc1cc2c(Cl)ccc(Cl)c2cc1Cl,-3.2169719815591824,external,-1,0.0,False,0.5,solvai,-2.900374933862434,-2.8948090277777787,-2.9019149470899475,-2.9044008267195762
VNVBOBJSRGZDCW,Fc1c(F)c(F)c(CON=CC=NOCc2c(F)c(F)c(F)c(F)c2F)c(F)c1F,-2.1805973935431964,external,-1,0.0,True,0.25,solvai,-7.091271296296294,-7.0044499999999985,-7.144220370370366,-7.125143518518517
VNWPJWLGZUDTBZ,CC(=NOCc1c(F)c(F)c(F)c(F)c1F)C(C)(C)O,-2.010150095313052,external,-1,0.0,True,0.1951219512195122,solvai,-7.175423302469135,-7.112107870370368,-7.145534722222228,-7.26862731481481
VOGSDFLJZPNWHY,OCC(F)F,-4.581218994593421,external,-1,0.0,False,0.38461538461538464,solvai,-5.109647905643736,-5.139116038359788,-5.138391964285709,-5.051435714285711
VQSNXLCFFHGXTI,Clc1ccc(Cl)c2c(Cl)cccc12,-3.73352344944536,external,-1,0.0,False,0.45,solvai,-2.6583859347442673,-2.6673971891534385,-2.6800787367724843,-2.627681878306879
VVAAXDBMZVCVPA,ClCC(Cl)CCCCCCCC(Cl)CCl,-3.5448444065774347,external,-1,0.0,True,0.375,solvai,-2.95834632142857,-2.83358866005291,-3.0373266931216922,-3.0041236111111087
VVJKKWFAADXIJK,C=CCN,-4.630621342972727,external,-1,0.0,False,0.4166666666666667,solvai,-4.53491264329806,-4.496598478835981,-4.544951653439152,-4.563187797619048
VXBHNYIEBLRXAW,ClCC(Cl)CCCCCCC(Cl)CCl,-2.92284059793544,external,-1,0.0,True,0.375,solvai,-3.0507425604056433,-2.9230503333333338,-3.1402916005290997,-3.0888857473544964
VZRSUQWPXPUWCS,COc1c(Cl)cc(Br)c(Cl)c1Cl,-1.9021273169042503,external,-1,0.0,True,0.4642857142857143,solvai,-2.9952669753086396,-3.0466199074074054,-2.991605555555552,-2.947575462962962
WCJYTPVNMWIZCG,CNC(=O)Oc1ccc(C)c(C)c1,-7.303237710857214,external,-1,0.0,False,0.3939393939393939,solvai,-9.138903516313936,-9.072705092592592,-9.124852777777788,-9.21915267857143
WCVOGSZTONGSQY,COc1c(Cl)cc(Cl)cc1Cl,-1.442045696106648,external,-1,0.0,False,0.5652173913043478,solvai,-2.6691330246913565,-2.6974106481481464,-2.6533905092592587,-2.656597916666664
WDRCOFFEZVLCLX,COc1c(Cl)c(Cl)cc(Br)c1Br,-1.846249658720261,external,-1,0.0,True,0.4,solvai,-3.35702294973545,-3.3804643518518556,-3.3436517195767186,-3.3469527777777768
WDWNMIBWWPZNJK,FC(F)(F)C(F)(F)C(F)(F)C(F)(F)C(F)(F)C(F)(F)/C=C/I,-0.434578546055114,external,-1,0.0,False,0.18181818181818182,solvai,2.59545257032628,2.6032398611111134,2.534156990740741,2.6489608591269858
WHHGLZMJPXIBIX,Brc1c(Br)c(Br)c(Oc2c(Br)c(Br)c(Br)c(Br)c2Br)c(Br)c1Br,-6.343123108603918,external,-1,0.0,True,0.45454545454545453,solvai,-4.230899129188713,-4.34278660714286,-4.194713558201057,-4.155197222222222
WHPVYXDFIXRKLN,Brc1ccc(Oc2cc(Br)c(Br)cc2Br)c(Br)c1,-4.870853317160879,external,-1,0.0,False,0.39285714285714285,solvai,-3.9696207010582025,-4.049811838624343,-4.016911970899471,-3.842138293650793
WHRDPXDGAMJNGH,COc1c(Br)cc(Cl)cc1Br,-2.135701876657686,external,-1,0.0,True,0.4074074074074074,solvai,-3.0377422619047607,-3.083537764550263,-3.0346880952380944,-2.995000925925925
WMMFIDNWZNCBCT,COc1c(Cl)c(Cl)cc(Cl)c1Cl,-1.227029652927254,external,-1,0.0,False,0.5652173913043478,solvai,-2.7715508377425007,-2.7777830687830654,-2.780874999999995,-2.7559944444444415
WNYADZVDBIBLJJ,O=NN1CCCC1,-7.599347343229355,external,-1,0.0,False,0.9285714285714286,solvai,-7.048749878747793,-7.094956580687827,-7.0766944444444375,-6.974598611111114
WQZKKVJFBZPJSU,CCC(CC)O[N+](=O)[O-],-1.3288483437607428,external,-1,0.0,True,0.6086956521739131,solvai,-1.7760488712522056,-1.7938884589947097,-1.7723033597883608,-1.7619547949735461
WUOACPNHFRMFPN,CC1=CCC(C(C)(C)O)CC1,-5.508449734897895,external,-1,0.0,False,0.5714285714285714,solvai,-4.857542405202821,-4.867576091269841,-4.844835648148145,-4.8602154761904774
WXCMHFPAUCOJIG,CC(=O)c1c(C)c([N+](=O)[O-])c(C(C)(C)C)c([N+](=O)[O-])c1C,-5.281532589579175,external,-1,0.0,True,0.27906976744186046,solvai,-6.5705805555555585,-6.636006944444444,-6.595193055555558,-6.480541666666673
WYLDWCYZCFRVRH,Clc1cc(Cl)c2c(Cl)cc(Cl)c(Cl)c2c1,-3.197329797674128,external,-1,0.0,False,0.55,solvai,-2.8663613646384483,-2.899526818783069,-2.8479457671957658,-2.8516115079365085
XGXUGXPKRBQINS,COc1ccc(Br)cc1Br,-3.141525290295802,external,-1,0.0,True,0.4230769230769231,solvai,-3.2145313271604934,-3.267017261904764,-3.2140628306878285,-3.162513888888888
XTBXSCIWOVSSGB,O=C(O)CC(F)(F)C(F)(F)C(F)(F)C(F)(F)C(F)(F)C(F)(F)C(F)(F)C(F)(F)F,-0.2151376507207325,external,-1,0.0,True,0.2692307692307692,solvai,-4.731515200617282,-4.762962499999997,-4.7745738425925905,-4.657009259259259
XYBSIYMGXVUVGY,Brc1ccc(Oc2ccc(Br)cc2Br)c(Br)c1,-4.548110664011599,external,-1,0.0,True,0.4583333333333333,solvai,-3.8947058862433876,-4.021286838624342,-3.8528115079365093,-3.810019312169312
YAWIAFUBXXPJMQ,Brc1ccc(Oc2ccc(Br)cc2)cc1,-3.094814183963434,external,-1,0.0,True,0.5714285714285714,solvai,-4.375613756613756,-4.308934656084656,-4.415913624338623,-4.401992989417988
YGHRJJRRZDOVPD,CC(C)CC=O,-2.381271697509173,external,-1,0.0,False,0.4444444444444444,solvai,-3.036816049382716,-3.0334415674603146,-3.0456641203703714,-3.0313424603174624
YGYAWVDWMABLBF,O=C(Cl)Cl,-0.2673234667648203,external,-1,0.0,False,0.375,solvai,-1.0040162235449743,-1.1639308862433875,-0.891221038359789,-0.9568967460317465
YJEMGEBDXDPBSP,COc1ccc(Cl)cc1Br,-2.250382069501203,external,-1,0.0,True,0.36666666666666664,solvai,-2.96165576499118,-2.9452214285714287,-2.945262301587299,-2.994483564814812
YKQOTQPNOJSJFA,CCCC(C)=NOCc1c(F)c(F)c(F)c(F)c1F,-1.3130478087293145,external,-1,0.0,True,0.25,solvai,-3.4594121604938266,-3.420536342592593,-3.5104575462962946,-3.447242592592591
YORCIIVHUBAYBQ,C#CCBr,-1.826387968213476,external,-1,0.0,False,0.38461538461538464,solvai,-1.1227074519400349,-1.068132251322751,-1.1349658320105813,-1.1650242724867725
YRGAYAGBVIXNAQ,COc1ccc(Cl)cc1,-2.943631676789209,external,-1,0.0,False,0.5238095238095238,solvai,-2.7720260912698405,-2.7973701719576725,-2.709586375661374,-2.8091217261904755
YSVAURKXNCNUNS,COc1c(Cl)c(Cl)c(Br)c(Cl)c1Cl,-1.852724968524944,external,-1,0.0,True,0.3333333333333333,solvai,-3.257829651675484,-3.3067953042328044,-3.2441422619047584,-3.2225513888888884
YUKILTJWFRTXGB,COc1cccc(Cl)c1,-2.793270537698849,external,-1,0.0,False,0.5384615384615384,solvai,-2.8464739969135793,-2.8049261904761895,-2.8455006944444423,-2.8889951058201055
YXMNEYKMHSBVTD,CCC(CO)O[N+](=O)[O-],-7.046500910381195,external,-1,0.0,True,0.5185185185185185,solvai,-6.923610791446208,-6.949959391534388,-6.953421230158732,-6.867451752645502
YXWWHNCQZBVZPV,CC(=O)c1ccccc1C,-4.468021642247516,external,-1,0.0,False,0.6521739130434783,solvai,-4.668688370811285,-4.697629894179893,-4.659519808201053,-4.6489154100529095
YYZUSRORWSJGET,CCCCCCCC(=O)OCC,-1.9585971639928248,external,-1,0.0,False,1.0,solvai,-2.6050759259259233,-2.6110189814814793,-2.6162597222222175,-2.5879490740740727
YZMXEWDTXSTFIJ,COc1cc(Cl)c(Br)c(Cl)c1Br,-1.846249658720261,external,-1,0.0,True,0.5185185185185185,solvai,-3.410834126984126,-3.4359152777777795,-3.3481921957671936,-3.448394907407405
ZENOXNGFMSCLLL,COc1cc(CO)ccc1O,-11.42766999077337,external,-1,0.0,True,0.6666666666666666,solvai,-11.275020833333334,-11.202871296296305,-11.253141203703697,-11.369050000000003
ZLIBICFPKPWGIZ,Cc1cc(C)nc(Nc2ccccc2)n1,-8.084183894106772,external,-1,0.0,False,0.37037037037037035,solvai,-9.189759611992947,-9.102968650793652,-9.244536111111115,-9.221774074074078
ZNOLGFHPUIJIMJ,COP(=S)(OC)Oc1ccc([N+](=O)[O-])c(C)c1,-6.6500280506858855,external,-1,0.0,False,0.6052631578947368,solvai,-7.576113734567907,-7.6310263888888965,-7.441125462962962,-7.656189351851861
ZOASGOXWEHUTKZ,CCCSC,-1.402087752245875,external,-1,0.0,False,0.5,solvai,-1.3824485956790111,-1.3966324074074055,-1.370484808201057,-1.3802285714285711
ZOKXUAHZSKEQSS,CCCCSP(=O)(SCCCC)SCCCC,-6.719936881072535,external,-1,0.0,True,0.6363636363636364,solvai,-6.86834314373898,-6.754342691798941,-7.000071097883602,-6.850615641534397
ZOWSJJBOQDKOHI,CC(=O)OCC(F)(F)F,-1.5690803179488944,external,-1,0.0,False,0.47619047619047616,solvai,-1.9461609347442679,-1.9767183862433875,-1.9978430886243388,-1.8639213293650783
ZUXVGCIQOSXRJN,COc1c(Cl)c(Cl)cc(Br)c1Cl,-1.9021273169042503,external,-1,0.0,True,0.41379310344827586,solvai,-3.2000328703703684,-3.2008046296296273,-3.256380555555552,-3.1429134259259266
ZVJHJDDKYZXRJI,C1=NCCC1,-4.9090914196116735,external,-1,0.0,False,0.25,solvai,-4.665891534391533,-4.745291071428571,-4.620004001322748,-4.63237953042328
VNWKTOKETHGBQD-UHFFFAOYSA-N,C,1.9598,arrow,0,3.0,False,,computed_only,-0.04388124999999998,-0.08860100859788357,-0.0555434259259259,0.012500684523809534
IJDNQMDRQITEOD-UHFFFAOYSA-N,CCCC,2.1032,arrow,0,3.0,False,,computed_only,1.990164138007055,1.9799847777777775,1.997730789021164,1.9927768472222238
QQONPFPTGQHPMA-UHFFFAOYSA-N,C=CC,1.32,arrow,0,3.0,False,,computed_only,1.162949306878308,1.170335208333335,1.1876895800264562,1.1308231322751334
BAVYZALUXZFZLV-UHFFFAOYSA-N,CN,-4.55,arrow,0,3.0,False,,computed_only,-4.400674146825398,-4.403173710317465,-4.345391435185183,-4.4534572949735445
QUSNBJAOOMFDIB-UHFFFAOYSA-N,CCN,-4.5,arrow,0,3.0,False,,computed_only,-4.61622610229277,-4.586378240740741,-4.575576223544973,-4.686723842592595
NBBJYMSMWIIQGU-UHFFFAOYSA-N,CCC=O,-3.43,arrow,0,3.0,False,,computed_only,-3.270441358024691,-3.2494734788359767,-3.274668783068784,-3.287181812169314
ZTQSAGDEMFDKMZ-UHFFFAOYSA-N,CCCC=O,-3.18,arrow,0,3.0,False,,computed_only,-3.218699151234569,-3.1869211970899483,-3.2355814814814816,-3.2335947751322762
QQZOPKMRPOGIEB-UHFFFAOYSA-N,CCCCC(C)=O,-3.28,arrow,0,3.0,False,,computed_only,-3.215588447971781,-3.2246354828042336,-3.2058276455026444,-3.2163022156084655
QTBSBXVTEAMEQO-UHFFFAOYSA-N,CC(=O)O,-6.69,arrow,0,3.0,False,,computed_only,-7.774687455908295,-7.761569279100534,-7.77021815476191,-7.79227493386244
UHOVQNZJYSORNB-UHFFFAOYSA-N,c1ccccc1,-0.88,arrow,0,3.0,False,,computed_only,-0.9810330963403874,-0.986960383597883,-0.9612818121693117,-0.9948570932539677
UFWIBTONFRDIAS-UHFFFAOYSA-N,c1ccc2ccccc2c1,-2.4,arrow,0,3.0,False,,computed_only,-2.5300897266313953,-2.5089754298941833,-2.5466274470899486,-2.5346663029100536
MWPLVEDNUUSJAV-UHFFFAOYSA-N,c1ccc2cc3ccccc3cc2c1,-3.95,arrow,0,3.0,False,,computed_only,-4.102332506613757,-4.038746560846563,-4.114143849206348,-4.1541071097883595
YNPNZTXNASCQKK-UHFFFAOYSA-N,c1ccc2c(c1)ccc1ccccc12,-3.88,arrow,0,3.0,False,,computed_only,-4.375276399911819,-4.362387070105822,-4.3848887566137575,-4.378553373015875
KFZMGEQAYNKOFK-UHFFFAOYSA-N,CC(C)O,-4.62,arrow,0,3.0,False,,computed_only,-4.88942099867725,-4.853024140211641,-4.906347023809526,-4.90889183201058
LRHPLDYGYMQRHN-UHFFFAOYSA-N,CCCCO,-4.72,arrow,0,3.0,False,,computed_only,-4.67794529320988,-4.702136177248683,-4.661158862433864,-4.670540839947091
DKGAVHZHDRPRBM-UHFFFAOYSA-N,CC(C)(C)O,-4.51,arrow,0,3.0,False,,computed_only,-5.442540972222222,-5.3776119047619035,-5.389358465608467,-5.560652546296297
MSXVEPNJUHWQHW-UHFFFAOYSA-N,CCC(C)(C)O,-4.43,arrow,0,3.0,False,,computed_only,-4.395517294973543,-4.383462235449732,-4.410171197089945,-4.39291845238095
DMEGYFMYUHOHGS-UHFFFAOYSA-N,C1CCCCCC1,0.789,arrow,1,3.0,False,,computed_only,1.192574581128746,1.1886713630952366,1.2029222949735432,1.1861300853174583
ATUOYWHBWRKTHZ-UHFFFAOYSA-N,CCC,1.9598,arrow,1,3.0,False,,computed_only,1.7824895899470892,1.8116214252645497,1.7707864292328033,1.765060915343915
OFBQJSOFQDEBGM-UHFFFAOYSA-N,CCCCC,2.3422,arrow,1,3.0,False,,computed_only,2.2163693511904743,2.2285926415343913,2.2158968101851824,2.204618601851849
TVMXDCGIABBOFY-UHFFFAOYSA-N,CCCCCCCC,2.8919,arrow,1,3.0,False,,computed_only,2.8714942052469143,2.8778417824074083,2.8830060185185187,2.853634814814816
VNKYTQGIUYNRMY-UHFFFAOYSA-N,CCCOC,-1.66,arrow,1,3.0,False,,computed_only,-1.6674709435626092,-1.7068562037037036,-1.6055662962962942,-1.68999033068783
FERIUCNNQQJTOY-UHFFFAOYSA-N,CCCC(=O)O,-6.35,arrow,1,3.0,False,,computed_only,-6.234654706790117,-6.2391713624338525,-6.209170965608458,-6.2556217923280375
ZUOUZKKEUPVFJK-UHFFFAOYSA-N,c1ccc(-c2ccccc2)cc1,-2.66,arrow,1,3.0,False,,computed_only,-2.687379783950617,-2.697493253968254,-2.638369543650793,-2.726276554232803
OKKJLVBELUTLKV-UHFFFAOYSA-N,CO,-5.11,arrow,1,3.0,False,,computed_only,-4.835712455908287,-4.807512797619048,-4.87436474867725,-4.825259821428564
HPXRVTGHNJAIIH-UHFFFAOYSA-N,OC1CCCCC1,-5.47,arrow,1,3.0,False,,computed_only,-5.535522266313929,-5.525500231481482,-5.548485152116397,-5.53258141534391
RJUFJBKOKNCXHH-UHFFFAOYSA-N,CCC(=O)OC,-2.93,arrow,1,3.0,False,,computed_only,-2.8536690365961213,-2.8612883267195772,-2.8477390211640214,-2.851979761904764
YKYONYBAUNKHLG-UHFFFAOYSA-N,CCCOC(C)=O,-2.86,arrow,1,3.0,False,,computed_only,-2.868484292328043,-2.8765517526455047,-2.8661976851851882,-2.8627034391534374
QLNJFJADRCOGBJ-UHFFFAOYSA-N,CCC(N)=O,-9.4,arrow,1,3.0,False,,computed_only,-9.540001565255736,-9.566809358465607,-9.535207175925931,-9.51798816137567
DNJIEGIFACGWOD-UHFFFAOYSA-N,CCS,-1.24,arrow,1,3.0,False,,computed_only,-1.1464411089065258,-1.155545641534392,-1.167564338624339,-1.1162133465608464
SUVIGLJNEAMWEG-UHFFFAOYSA-N,CCCS,-1.05,arrow,1,3.0,False,,computed_only,-1.1246157826278662,-1.1531006415343914,-1.1177245965608464,-1.103022109788361
QMMFVYPAHWMCMS-UHFFFAOYSA-N,CSC,-1.54,arrow,1,3.0,False,,computed_only,-1.442779867724867,-1.4721905820105816,-1.4242555026455026,-1.4318935185185173
PAYRUJLWNCNPSJ-UHFFFAOYSA-N,Nc1ccccc1,-5.54,arrow,1,3.0,False,,computed_only,-5.741255004409166,-5.754935218253964,-5.767884093915341,-5.700945701058197
RAXXELZNTBOGNW-UHFFFAOYSA-N,c1c[nH]cn1,-9.6,arrow,1,3.0,False,,computed_only,-9.665215641534404,-9.654372222222241,-9.687345469576737,-9.65392923280424
RGSFGYAAUTVSQA-UHFFFAOYSA-N,C1CCCC1,1.2,arrow,2,3.0,False,,computed_only,0.9787846490299822,1.0001116977513222,0.9659347724867724,0.9703074768518516
VGGSQFUCUMXWEO-UHFFFAOYSA-N,C=C,1.28,arrow,2,3.0,False,,computed_only,1.1286572976190463,1.0963095178571411,1.1307879007936494,1.1588744742063484
KAKZBPTYRLMSJV-UHFFFAOYSA-N,C=CC=C,0.61,arrow,2,3.0,False,,computed_only,0.633685612433863,0.6113398551587307,0.6332273981481485,0.6564895839947098
GETQZCLCWQTVFV-UHFFFAOYSA-N,CN(C)C,-3.2,arrow,2,3.0,False,,computed_only,-3.3746448434744245,-3.382710006613755,-3.3788460185185154,-3.362378505291003
LCGLNKUTAGEVQW-UHFFFAOYSA-N,COC,-1.91,arrow,2,3.0,False,,computed_only,-1.9583146732804255,-2.011185628306881,-1.946197449735452,-1.9175609417989439
RTZKZFJDLAIYFH-UHFFFAOYSA-N,CCOCC,-1.75,arrow,2,3.0,False,,computed_only,-1.6990456459435632,-1.7169453042328056,-1.6661071428571435,-1.7140844907407402
CSCPPACGZOOCGX-UHFFFAOYSA-N,CC(C)=O,-3.8,arrow,2,3.0,False,,computed_only,-3.574796119929454,-3.5810616071428583,-3.572792691798942,-3.570534060846562
BBEAQIROQSPTKN-UHFFFAOYSA-N,c1cc2ccc3cccc4ccc(c1)c2c34,-4.52,arrow,2,3.0,False,,computed_only,-5.14650315255731,-5.215788690476179,-5.180608664021154,-5.043112103174597
YXFVVABEGXRONW-UHFFFAOYSA-N,Cc1ccccc1,-0.89,arrow,2,3.0,False,,computed_only,-0.9241962940917102,-0.9063390873015864,-0.9363496759259259,-0.9299001190476185
ISWSIDIOOBJBQZ-UHFFFAOYSA-N,Oc1ccccc1,-6.62,arrow,2,3.0,False,,computed_only,-6.042879475308637,-6.051672156084654,-6.027848181216924,-6.049118088624332
QWVGKYWNOKOFNN-UHFFFAOYSA-N,Cc1ccccc1O,-5.87,arrow,2,3.0,False,,computed_only,-5.622359611992942,-5.6160570105820105,-5.642143320105817,-5.608878505291
LFQSCWFLJHTTHZ-UHFFFAOYSA-N,CCO,-5.01,arrow,2,3.0,False,,computed_only,-5.138730941358018,-5.123338359788353,-5.1389748677248654,-5.153879596560836
AMQJEAYHLZJPGS-UHFFFAOYSA-N,CCCCCO,-4.47,arrow,2,3.0,False,,computed_only,-4.593151014109349,-4.611918915343916,-4.589310019841273,-4.578224107142859
AQIXEPGDORPWBJ-UHFFFAOYSA-N,CCC(O)CC,-4.35,arrow,2,3.0,False,,computed_only,-4.302973908730158,-4.319523611111113,-4.311015443121691,-4.27838267195767
XEKOWRVHYACXOJ-UHFFFAOYSA-N,CCOC(C)=O,-3.12,arrow,2,3.0,False,,computed_only,-2.924733774250441,-2.892482771164019,-2.9403144841269864,-2.9414040674603164
WQOXQRCZOLPYPM-UHFFFAOYSA-N,CSSC,-1.83,arrow,2,3.0,False,,computed_only,-1.5368496525573176,-1.6051227711640192,-1.4657875423280409,-1.5396386441798926
JUJWROOIHBZHMG-UHFFFAOYSA-N,c1ccncc1,-4.69,arrow,2,3.0,False,,computed_only,-4.577689925044093,-4.59271957671958,-4.580670866402116,-4.559679332010581
CRSOQBOWXPBRES-UHFFFAOYSA-N,CC(C)(C)C,2.5,arrow,3,3.0,False,,computed_only,2.4250767378747784,2.441354970238095,2.430487020502644,2.403388222883595
OTMSDBZUPAUEDD-UHFFFAOYSA-N,CC,1.7925,arrow,3,3.0,False,,computed_only,1.5958711843033495,1.6406166944444427,1.53790946031746,1.6090873981481464
VLKZOEOYAKHREP-UHFFFAOYSA-N,CCCCCC,2.5095,arrow,3,3.0,False,,computed_only,2.4291589446649007,2.4282366355820098,2.423009428571424,2.4362307698412673
YWAKXRMUMFPDSH-UHFFFAOYSA-N,C=CCCC,1.6800000000000002,arrow,3,3.0,False,,computed_only,1.5118858434744273,1.519278466931218,1.5041093558201049,1.5122697076719593
ROSDSFDQCJNGOL-UHFFFAOYSA-N,CNC,-4.3,arrow,3,3.0,False,,computed_only,-4.20035023148148,-4.164810648148149,-4.21486183862434,-4.221378207671951
HQABUPZFAYXKJW-UHFFFAOYSA-N,CCCCN,-4.24,arrow,3,3.0,False,,computed_only,-4.194522222222218,-4.201084457671953,-4.204832837301582,-4.177649371693118
XNLICIUVMPYHGG-UHFFFAOYSA-N,CCCC(C)=O,-3.52,arrow,3,3.0,False,,computed_only,-3.323794587742505,-3.3363002314814802,-3.3109865410052923,-3.3240969907407423
IWDCLRJOBJJRNH-UHFFFAOYSA-N,Cc1ccc(O)cc1,-6.14,arrow,3,3.0,False,,computed_only,-6.342639539241618,-6.346174404761901,-6.319383630952371,-6.362360582010581
XLYOFNOQVPJJNP-UHFFFAOYSA-N,O,-6.3,arrow,3,3.0,False,,computed_only,-6.230679082451499,-6.262517525132272,-6.24807997486773,-6.1814397473544975
BDERNNFJNOPAEC-UHFFFAOYSA-N,CCCO,-4.92,arrow,3,3.0,False,,computed_only,-4.8400057539682555,-4.838143253968253,-4.811238855820111,-4.870635152116403
KBPLFHHGFOOTCA-UHFFFAOYSA-N,CCCCCCCCO,-4.09,arrow,3,3.0,False,,computed_only,-4.009626344797175,-4.001936739417986,-3.9997639219576673,-4.02717837301587
DKPFZGUDAPQIHT-UHFFFAOYSA-N,CCCCOC(C)=O,-2.55,arrow,3,3.0,False,,computed_only,-2.6512170304232816,-2.6716475529100547,-2.6303635251322772,-2.651640013227513
WQAQPCDUOCURKW-UHFFFAOYSA-N,CCCCS,-0.99,arrow,3,3.0,False,,computed_only,-0.8137010912698415,-0.7879599867724867,-0.7722454034391544,-0.8808978835978835
LJSQFQKUNVCTIA-UHFFFAOYSA-N,CCSCC,-1.43,arrow,3,3.0,False,,computed_only,-1.2752424404761917,-1.2646147486772503,-1.2669654431216943,-1.29414712962963
WXEHBUMAEPOYKP-UHFFFAOYSA-N,CCSC,-1.5,arrow,3,3.0,False,,computed_only,-1.4132948015873026,-1.405095853174605,-1.4249411507936514,-1.4098474007936512
ZFRKQXVRDFCRJG-UHFFFAOYSA-N,Cc1c[nH]c2ccccc12,-5.88,arrow,3,3.0,False,,computed_only,-6.0509029100529075,-6.0336851521164006,-6.014103968253961,-6.104919609788361
KAESVJOAVNADME-UHFFFAOYSA-N,c1cc[nH]c1,-4.8,arrow,3,3.0,False,,computed_only,-4.954050701058201,-4.954747453703707,-4.95112625661375,-4.956278392857147
LVZWSLJZHVFIQJ-UHFFFAOYSA-N,C1CC1,0.75,arrow,4,3.0,False,,computed_only,1.1691183395061724,1.1725688776455017,1.1563356587301588,1.1784504821428563
XDTMQSROBMDMFD-UHFFFAOYSA-N,C1CCCCC1,1.23,arrow,4,3.0,False,,computed_only,1.01601630665785,1.0240145013227533,1.0102012407407421,1.0138331779100545
NNPPMTNAJDCUHE-UHFFFAOYSA-N,CC(C)C,2.2800000000000002,arrow,4,3.0,False,,computed_only,2.2129882416225746,2.209322429232804,2.226962187169311,2.202680108465608
VXNZUUAINFGPBY-UHFFFAOYSA-N,C=CCC,1.38,arrow,4,3.0,False,,computed_only,1.342930707010581,1.3468201547619032,1.3685864074074066,1.3133855588624328
XTHFKEDIFFGKHM-UHFFFAOYSA-N,COCCOC,-4.84,arrow,4,3.0,False,,computed_only,-3.8571467482363313,-3.9494007936507916,-3.877918518518521,-3.744120932539681
IKHGUXGNUITLKF-UHFFFAOYSA-N,CC=O,-3.5,arrow,4,3.0,False,,computed_only,-3.33242723765432,-3.3516187499999996,-3.288856779100528,-3.3568061838624317
ZWEHNKRNPOVVGH-UHFFFAOYSA-N,CCC(C)=O,-3.71,arrow,4,3.0,False,,computed_only,-3.5579934193121683,-3.5685802910052895,-3.55644289021164,-3.548957076719574
FDPIMTJIUBPUKL-UHFFFAOYSA-N,CCC(=O)CC,-3.41,arrow,4,3.0,False,,computed_only,-3.188399272486772,-3.187154563492063,-3.1909061177248694,-3.1871371362433845
XBDQKXXYIPTUBI-UHFFFAOYSA-N,CCC(=O)O,-6.46,arrow,4,3.0,False,,computed_only,-6.603127259700173,-6.6431058862433865,-6.587893650793648,-6.578382242063485
IFLREYGFSNHWGE-UHFFFAOYSA-N,c1ccc2cc3cc4ccccc4cc3cc2c1,-5.5,arrow,4,3.0,False,,computed_only,-6.274090928130509,-6.25804861111111,-6.318429629629622,-6.245794543650795
RLSSMJSEOOYNOY-UHFFFAOYSA-N,Cc1cccc(O)c1,-5.49,arrow,4,3.0,False,,computed_only,-6.275037301587301,-6.258814484126986,-6.299062499999999,-6.267234920634921
BTANRVKWQNVYAZ-UHFFFAOYSA-N,CCC(C)O,-4.58,arrow,4,3.0,False,,computed_only,-4.572618805114637,-4.543968055555549,-4.5745814814814825,-4.599306878306879
JYVLIDXNZAXMDK-UHFFFAOYSA-N,CCCC(C)O,-4.39,arrow,4,3.0,False,,computed_only,-4.373425176366841,-4.342502447089946,-4.396547354497352,-4.381225727513226
DLFVBJFMPXGRIB-UHFFFAOYSA-N,CC(N)=O,-9.71,arrow,4,3.0,False,,computed_only,-9.619872178130514,-9.593493121693118,-9.57263045634921,-9.693492956349212
OHLUUHNLEMFGTQ-UHFFFAOYSA-N,CNC(C)=O,-10.0,arrow,4,3.0,False,,computed_only,-8.742233487654321,-8.674546164021162,-8.791915277777779,-8.760239021164022
FXHOOIRPVKKKFG-UHFFFAOYSA-N,CC(=O)N(C)C,-8.5,arrow,4,3.0,False,,computed_only,-7.755107021604939,-7.7397795304232835,-7.782601388888888,-7.7429401455026445
LSDPWZHWYPCBBB-UHFFFAOYSA-N,CS,-1.219,arrow,4,3.0,False,,computed_only,-0.8576973891093473,-0.8965873015873017,-0.80826217526455,-0.8682426904761902
AAUJSCRITBXDJH,Clc1ccc2c(Cl)c(Cl)ccc2c1,-3.580763582585761,external,-1,0.0,False,0.4583333333333333,computed_only,-2.8853581679894194,-2.895725132275131,-2.8968040013227534,-2.8635453703703724
AKDRYEADQPNLOH,CC=NOCc1c(F)c(F)c(F)c(F)c1F,-2.282416084376685,external,-1,0.0,True,0.22727272727272727,computed_only,-2.726625462962964,-2.602198148148148,-2.6677740740740763,-2.9099041666666676
ALVPFGSHPUPROW,CCCSSCCC,-1.653482212099156,external,-1,0.0,False,0.5384615384615384,computed_only,-1.4538231450617285,-1.4335835648148145,-1.449066492063491,-1.4788193783068793
ALVYVCQIFHTIRD,O=S(=O)(O)CCC(F)(F)C(F)(F)C(F)(F)C(F)(F)C(F)(F)C(F)(F)C(F)(F)C(F)(F)F,-1.0050294233768833,external,-1,0.0,True,0.2,computed_only,-5.068488942901233,-5.101996759259257,-5.117400439814815,-4.986069629629628
AWZOLILCOUMRDG,CCOP(=O)(Sc1ccccc1)Sc1ccccc1,-9.676930122691385,external,-1,0.0,True,0.35714285714285715,computed_only,-8.878891843033506,-8.608177380952373,-8.952271296296294,-9.07622685185185
BAOLNVSMVTYGDA,Clc1ccc2c(Cl)c(Cl)c(Cl)c(Cl)c2c1,-3.119164713968704,external,-1,0.0,False,0.5,computed_only,-2.9285144731040567,-2.977478373015874,-2.9198844907407393,-2.888180555555556
BAYUSCHCCGXLAY,COc1cccc(C(C)=O)c1,-6.3751571234794,external,-1,0.0,False,0.5714285714285714,computed_only,-5.397629783950616,-5.377079629629628,-5.450013425925923,-5.365796296296296
BBABSCYTNHOKOG,COc1c(Cl)c(Cl)c(Cl)c(Cl)c1Cl,-0.9774670142527602,external,-1,0.0,False,0.391304347826087,computed_only,-2.8549719797178112,-2.8486456018518505,-2.8773826388888875,-2.838887698412696
BCTASVPUYLXFBW,CC(CO)=NOCc1c(F)c(F)c(F)c(F)c1F,-2.4906140436893542,external,-1,0.0,True,0.2,computed_only,-6.766328273809525,-6.693391666666673,-6.8965111111111055,-6.709082043650797
BDFAOUQQXJIZDG,CC(C)CS,-0.5378803038700118,external,-1,0.0,False,0.4166666666666667,computed_only,-0.8313235537918867,-0.8347713492063494,-0.794008042328042,-0.8651912698412688
BIVDISPRSYAHQQ,Clc1cc(Cl)c2c(Cl)cccc2c1Cl,-3.50660630412664,external,-1,0.0,False,0.45454545454545453,computed_only,-2.8325156856261042,-2.8436940476190466,-2.8457837962962995,-2.808069212962966
BMZVDHQOAJUZJL,COc1c(Br)cccc1Br,-2.677294821763553,external,-1,0.0,True,0.36363636363636365,computed_only,-3.103061254409169,-3.041589517195765,-3.1913004629629604,-3.076293783068781
BRLQWZUYTZBJKN,ClCC1CO1,-3.897199417405152,external,-1,0.0,False,0.4444444444444444,computed_only,-4.135574757495592,-4.090394047619049,-4.146359358465608,-4.169970866402119
BTRCDLZQISXWHZ,COc1ccc(Br)c(Cl)c1Cl,-1.9585971639928248,external,-1,0.0,True,0.42857142857142855,computed_only,-3.077358167989415,-3.0567353505290984,-3.1546624999999966,-3.0206766534391516
BULLJMKUVKYZDJ,FC(F)(F)C(F)(F)C(F)(F)C(F)(F)C(F)(F)C(F)(F)I,-0.0777986830724094,external,-1,0.0,True,0.23529411764705882,computed_only,1.9082988059964732,1.960610671296295,1.8180284550264556,1.9462572916666685
BVSOVPUWHJWGEP,COc1c(Cl)ccc(Cl)c1Br,-1.7472726277691262,external,-1,0.0,True,0.4666666666666667,computed_only,-3.0403837411816563,-3.0350158068783064,-3.122689120370368,-2.963446296296293
BYGQBDHUGHBGMD,CCC(C)C=O,-2.39561343672259,external,-1,0.0,False,0.45,computed_only,-3.0680833112874786,-3.0790926587301586,-3.0625027116402124,-3.062654563492063
CAFROQYMUICGNO,O=COCC(F)(F)F,-1.5370463030734125,external,-1,0.0,False,0.38095238095238093,computed_only,-2.0497047244268085,-2.0348100529100543,-2.0287580687830684,-2.0855460515873028
CCEFMUBVSUDRLG,C=C(C)C1CCC2(C)OC2C1,-2.92284059793544,external,-1,0.0,True,0.4722222222222222,computed_only,-3.496553979276897,-3.4716807870370374,-3.531774206349209,-3.4862069444444455
CCEKAJIANROZEO,CCNS(=O)(=O)C(F)(F)C(F)(F)C(F)(F)C(F)(F)C(F)(F)C(F)(F)C(F)(F)C(F)(F)F,-0.501220058409582,external,-1,0.0,True,0.20588235294117646,computed_only,-4.303749915123456,-4.442305092592591,-4.325574745370371,-4.143369907407406
CGFCSKMZZXPWEY,CC(O)C(C)O[N+](=O)[O-],-7.359115369041204,external,-1,0.0,True,0.46153846153846156,computed_only,-7.208036563051144,-7.1397693452380935,-7.2476871693121705,-7.236653174603167
CHIFOSRWCNZCFN,CCC(CC)Nc1c([N+](=O)[O-])cc(C)c(C)c1[N+](=O)[O-],-6.102891134415766,external,-1,0.0,True,0.3488372093023256,computed_only,-6.560863745590829,-6.511325231481483,-6.637969576719576,-6.533296428571427
CICQUFBZCADHHX,COc1ccc(Cl)cc1Cl,-2.010150095313052,external,-1,0.0,False,0.4782608695652174,computed_only,-2.5389661155202807,-2.5496126322751307,-2.5042787037037018,-2.5630070105820097
COAUHYBSXMIJDK,FC(F)(F)C(F)(F)C(Cl)Cl,0.8383365091933289,external,-1,0.0,True,0.375,computed_only,1.4520330780423283,1.493225701058201,1.474923791005291,1.3879497420634928
CTLMCQOGOWNFHA,Clc1ccc2c(Cl)c(Cl)c(Cl)c(Cl)c2c1Cl,-4.483411727002943,external,-1,0.0,False,0.47368421052631576,computed_only,-3.13762452601411,-3.1502838955026466,-3.1410369047619042,-3.12155277777778
CWJSHJJYOPWUGX,CC(C)OC(=O)Nc1cccc(Cl)c1,-6.488354475825306,external,-1,0.0,True,0.3684210526315789,computed_only,-8.03994729938272,-8.021524074074078,-8.022087268518522,-8.076230555555563
DCEPGADSNJKOJK,O=C(F)C(F)(F)F,-2.553038563510698,external,-1,0.0,True,0.4375,computed_only,0.2142543231922398,0.1337597817460319,0.26810275793650756,0.24090042989417992
DIRFUJHNVNOBMY,CCC(C)c1ccccc1OC(=O)NC,-7.599347343229355,external,-1,0.0,True,0.5,computed_only,-7.939071902557321,-7.9711300595238095,-7.976759722222222,-7.869325925925932
DKEGCUDAFWNSSO,BrCCCCCCCCBr,-2.0575741949439603,external,-1,0.0,False,0.6153846153846154,computed_only,-1.7597218099647265,-1.7969457341269828,-1.7935143187830698,-1.688705376984127
DLIFNTQMBOCKTL,CC(C)=NOCc1c(F)c(F)c(F)c(F)c1F,-1.9585971639928248,external,-1,0.0,True,0.22727272727272727,computed_only,-2.7790784567901246,-2.64488101851852,-2.7271200925925925,-2.9652342592592618
DPCILIMHENXHQX,CCc1nccnc1OC,-4.393344412065939,external,-1,0.0,False,0.3333333333333333,computed_only,-5.748315211640211,-5.751132175925924,-5.762793551587299,-5.731019907407411
DWEYPOWXNBAIDU,CN(Cl)Cl,-1.2452613975650346,external,-1,0.0,False,0.42857142857142855,computed_only,-2.06140033068783,-2.0333613095238094,-2.0915494708994693,-2.059290211640211
DWPLEOPKBWNPQV,COc1ccccc1C(C)=O,-6.309257608654238,external,-1,0.0,False,0.6923076923076923,computed_only,-5.11016111111111,-5.097727314814812,-5.1517671296296275,-5.08098888888889
DZHZYPCCEISGSQ,Clc1cc(Cl)c2cccc(Cl)c2c1,-3.063453976464707,external,-1,0.0,False,0.5652173913043478,computed_only,-2.4698082782186965,-2.4503019179894197,-2.4692261574074075,-2.4898967592592625
FALCMQXTWHPRIH,C=C(Cl)CCl,-1.2801235082622549,external,-1,0.0,False,0.45454545454545453,computed_only,-0.7256747156084659,-0.71643837962963,-0.7069740079365083,-0.7536117592592594
FCOAHACKGGIURQ,CC(C)OP(=O)(OC(C)C)SCc1ccccc1,-7.92524151949921,external,-1,0.0,True,0.36363636363636365,computed_only,-6.824035185185184,-6.838412962962958,-6.830934722222226,-6.8027578703703675
FEIKEVSWLMYFFF,Clc1cc(Cl)c2c(Cl)ccc(Cl)c2c1Cl,-3.832500480396495,external,-1,0.0,False,0.47368421052631576,computed_only,-3.1174299713403872,-3.1530999338624333,-3.165898313492061,-3.0332916666666665
FHUDAMLDXFJHJE,CC(=O)C(F)(F)F,-4.8299760791673245,external,-1,0.0,False,0.5,computed_only,-1.5347402447089955,-1.626031183862436,-1.5093371693121695,-1.4688523809523808
FLXYIZWPNQYPIT,OCCC(F)(F)C(F)(F)C(F)(F)C(F)(F)C(F)(F)C(F)(F)C(F)(F)C(F)(F)C(F)(F)C(F)(F)F,0.6270119729696298,external,-1,0.0,False,0.2857142857142857,computed_only,-1.8939668353174612,-2.0509881944444457,-1.9488053670634922,-1.6821069444444459
FMGGHNGKHRCJLL,ClCc1ccccc1CCl,-3.266374329938489,external,-1,0.0,False,0.5,computed_only,-2.9978260537918877,-2.9514919973544957,-3.0281875529100533,-3.0137986111111124
FMWLUWPQPKEARP,ClC(Cl)Br,-1.4672616271154053,external,-1,0.0,False,0.42857142857142855,computed_only,-1.009833595679012,-1.042975601851852,-0.9795356481481476,-1.0069895370370368
FPIQNBOUYZLESW,COc1ccc(Br)cc1Cl,-2.0575741949439603,external,-1,0.0,True,0.41379310344827586,computed_only,-2.923143176807758,-2.8925833333333326,-2.978410350529098,-2.8984358465608433
FQTLCLSUCSAZDY,C=CC(C)(O)CCC=C(C)CCC=C(C)C,0.1372173601069845,external,-1,0.0,True,0.7857142857142857,computed_only,-4.261822652116404,-4.2322234457672,-4.335796296296296,-4.217448214285715
FRQUNVLMWIYOLV,COc1ccc(Cl)c(Cl)c1Cl,-2.0575741949439603,external,-1,0.0,False,0.5833333333333334,computed_only,-2.591223611111109,-2.5901986111111093,-2.5783592592592566,-2.605112962962962
FSPSELPMWGWDRY,CC(=O)c1cccc(C)c1,-4.870853317160879,external,-1,0.0,False,0.68,computed_only,-4.683033928571432,-4.660763359788362,-4.696870370370371,-4.691468055555563
FUNUTBJJKQIVSY,Cc1ccc(Cl)cc1Cl,-1.126367030655116,external,-1,0.0,False,0.55,computed_only,-1.121414138007055,-1.1289140873015877,-1.1211065145502648,-1.1142218121693122
FWKUBDOTUFVPBX,COc1c(Br)cc(Br)c(Cl)c1Br,-1.846249658720261,external,-1,0.0,True,0.36666666666666664,computed_only,-3.038003494268077,-2.996690112433862,-3.056435152116402,-3.0608852182539668
FYQFWFHDPNXORA,C=CC(F)(F)C(F)(F)C(F)(F)C(F)(F)C(F)(F)C(F)(F)F,0.7698968620756514,external,-1,0.0,True,0.25,computed_only,2.117725113977072,2.1157403677248654,2.0418826620370383,2.1955523121693115
GAPFWGOSHOCNBM,CC(C)O[N+](=O)[O-],-1.6514177962544974,external,-1,0.0,False,0.5454545454545454,computed_only,-1.907269638447973,-1.8450158597883601,-1.9029854166666682,-1.973807638888891
GEWDNTWNSAZUDX,CC/C=C/C[C@@H]1C(=O)CC[C@H]1CC(=O)OC,-6.948436096622908,external,-1,0.0,True,0.32653061224489793,computed_only,-8.155645568783067,-8.208046296296295,-8.041213558201061,-8.217676851851847
GGDYAKVUZMZKRV,OCCF,-4.170539722175125,external,-1,0.0,False,0.4444444444444444,computed_only,-5.858064307760134,-5.864554034391529,-5.79678531746031,-5.912853571428564
GPAVMFOMYSGJDM,CCCCCC=NOCc1c(F)c(F)c(F)c(F)c1F,-1.5793846637549709,external,-1,0.0,True,0.3125,computed_only,-2.9443207671957694,-2.794723412698413,-2.9964837962962974,-3.041755092592597
GUCFBWGWRCILHN,COc1cc(Cl)c(Cl)c(Cl)c1,-1.4157086957951794,external,-1,0.0,False,0.5,computed_only,-2.908559424603173,-2.9112912037037026,-2.9348719246031725,-2.879515145502644
GUVLYNGULCJVDO,CCCN(CCC)C(=O)SCC,-3.4900914838823294,external,-1,0.0,False,0.7083333333333334,computed_only,-4.213407848324516,-4.184693650793649,-4.288194642857146,-4.167335251322751
GVYLCNUFSHDAAW,ClC1(Cl)C2(Cl)C3(Cl)C4(Cl)C(Cl)(Cl)C5(Cl)C3(Cl)C1(Cl)C5(Cl)C24Cl,-2.010150095313052,external,-1,0.0,False,0.21428571428571427,computed_only,-3.4186449735449744,-3.434825330687832,-3.40484761904762,-3.416261970899472
GWQOOADXMVQEFT,Cc1ccc(C)s1,-1.3130478087293145,external,-1,0.0,False,0.3684210526315789,computed_only,-1.2000207945326264,-1.197627936507935,-1.198792056878306,-1.2036423902116387
HCRBXQFHJMCTLF,CCOC(=O)C(C)CC,-2.161848414164622,external,-1,0.0,False,0.47619047619047616,computed_only,-2.4713839506172826,-2.5405509259259236,-2.440861342592591,-2.4327395833333325
HFEASCCDHUVYKU,COc1cccc(Cl)c1Cl,-2.3692764364111216,external,-1,0.0,False,0.5238095238095238,computed_only,-2.643915608465607,-2.6797657407407396,-2.6274414351851836,-2.624539649470898
HFVMLYAGWXSTQI,C[C@]12CCC(=O)C[C@@H]1CC[C@@H]1[C@@H]2CC[C@]2(C)C=CC[C@@H]12,-2.6271958419698187,external,-1,0.0,False,0.22807017543859648,computed_only,-5.97080887345679,-5.920177215608467,-5.960536342592595,-6.03171306216931
HGCMMKIIGJXXMW,CC(CO)O[N+](=O)[O-],-6.872696747932133,external,-1,0.0,False,0.625,computed_only,-7.124818309082888,-7.108019940476185,-7.13723597883598,-7.129199007936501
HGSDQSUMXKHGTH,Clc1cc(Cl)c2c(Cl)c(Cl)cc(Cl)c2c1,-3.266374329938489,external,-1,0.0,False,0.5238095238095238,computed_only,-2.9086050705467383,-2.9454392857142877,-2.9291064814814827,-2.8512694444444455
HHLFWLYXYJOTON,O=CC(=O)O,-7.41558521612978,external,-1,0.0,False,0.5,computed_only,-7.89810828924162,-7.850479166666659,-7.785942724867728,-8.057902976190473
HKPHPIREJKHECO,CCCCOCN(C(=O)CCl)c1c(CC)cccc1CC,-7.637585445680149,external,-1,0.0,True,0.6829268292682927,computed_only,-7.950249360670191,-7.9405236111111055,-8.017010648148148,-7.893213822751318
HLCSDJLATUNSSI,CC(C)=CCC/C(C)=C/C#N,-2.532952404370913,external,-1,0.0,True,0.5185185185185185,computed_only,-3.6192525352733695,-3.6783330026455063,-3.57610625,-3.6033183531746023
HSNWZBCBUUSSQD,CCCCCO[N+](=O)[O-],-1.6559406699833308,external,-1,0.0,False,0.9523809523809523,computed_only,-1.8276429739858913,-1.8194069973544986,-1.864764715608465,-1.7987572089947106
HTDQSWDEWGSAMN,COc1ccccc1Br,-2.532952404370913,external,-1,0.0,False,0.631578947368421,computed_only,-2.943877094356259,-2.9194603505290995,-2.99870972222222,-2.913461210317458
HVYRFNJXZVEGFK,Clc1cc2c(Cl)ccc(Cl)c2c(Cl)c1Cl,-3.580763582585761,external,-1,0.0,False,0.45,computed_only,-3.049031635802469,-3.091323082010583,-3.0372246031746024,-3.018547222222222
HYHMYONEYJINON,C=C(C)C(CO)OO,-7.467138147450005,external,-1,0.0,True,0.2857142857142857,computed_only,-9.586019609788362,-9.455842394179891,-9.698500661375665,-9.60371577380953
IAIHUHQCLTYTSF,CC1(C)[C@H]2CC[C@](C)(C2)[C@H]1O,-4.025308354953737,external,-1,0.0,True,0.5,computed_only,-4.575126884920632,-4.578164748677246,-4.576930753968252,-4.570285152116399
ICDUEGOPUWNJNF,C=CC=NOCc1c(F)c(F)c(F)c(F)c1F,-1.871736811958389,external,-1,0.0,True,0.20833333333333334,computed_only,-2.8069616512345683,-2.724563425925924,-2.7366747685185198,-2.9596467592592615
IDJOCJAIQSKSOP,OCC(Cl)Cl,-4.041541834797791,external,-1,0.0,False,0.4166666666666667,computed_only,-5.693880302028215,-5.6996972222222135,-5.701854861111108,-5.6800888227513235
ILHIHKRJJMKBEE,CCOO,-5.338002436667749,external,-1,0.0,False,0.4166666666666667,computed_only,-5.0740488315696615,-5.068741468253961,-5.0681625661375636,-5.085242460317459
ISAVYTVYFVQUDY,CC(C)(C)CC(C)(C)c1ccc(O)cc1,-5.124107462791067,external,-1,0.0,False,0.5416666666666666,computed_only,-5.9757490520282195,-6.0055769841269875,-5.980076653439151,-5.941593518518519
ITXDBGLYYSJNPK,COc1c(Cl)cc(Cl)c(Cl)c1Cl,-1.2082190270028623,external,-1,0.0,False,0.5833333333333334,computed_only,-2.471575286596119,-2.4671031746031726,-2.455228637566137,-2.492394047619048
IYRWEQXVUNLMAY,O=C(F)F,-4.008617534330732,external,-1,0.0,False,0.3333333333333333,computed_only,0.27600166005291005,0.13182934523809534,0.4287802414021162,0.2673953935185186
JCMNMOBHVPONLD,OCCC(F)(F)C(F)(F)C(F)(F)C(F)(F)F,-1.3754506884268412,external,-1,0.0,False,0.3,computed_only,-2.665010460758379,-2.647981679894182,-2.681016600529103,-2.6660331018518515
JIVCPRHFBFVZQL,COc1cc(Cl)c(Cl)c(Cl)c1Br,-1.890157516875148,external,-1,0.0,True,0.64,computed_only,-3.0933482363315683,-3.0298319444444424,-3.1779712962962945,-3.0722414682539676
JJUBFBTUBACDHW,OCCC(F)(F)C(F)(F)C(F)(F)C(F)(F)C(F)(F)C(F)(F)C(F)(F)C(F)(F)F,0.4156874367459304,external,-1,0.0,False,0.2857142857142857,computed_only,-1.8331026157407415,-2.0428747023809537,-1.829233607804233,-1.627199537037038
JLJXMZMKMRQOLN,OCOOCO,-9.60119077400061,external,-1,0.0,False,0.3,computed_only,-10.9075695436508,-10.898854761904767,-11.072250165343924,-10.751603703703712
JPQLLIUTUFJWMH,Clc1cc2c(Cl)cc(Cl)c(Cl)c2c(Cl)c1Cl,-4.130581778314352,external,-1,0.0,False,0.5263157894736842,computed_only,-3.2762190696649007,-3.2875509259259212,-3.2600998015873,-3.2810064814814806
JZBCTZLGKSYRSF,CCc1ncc(C)nc1C,-5.261446430439389,external,-1,0.0,False,0.3076923076923077,computed_only,-5.43526837522046,-5.469400859788357,-5.368705621693125,-5.467698644179899
KJRACWZCOVHBQU,CCCCCC(C)(C)OC,-0.9181690713424469,external,-1,0.0,True,0.47619047619047616,computed_only,-1.3748814440035277,-1.4069675132275141,-1.3545906746031748,-1.363086144179895
KNUQGVIXAYDSOX,CCC(O)CO[N+](=O)[O-],-7.026068370085849,external,-1,0.0,True,0.5384615384615384,computed_only,-7.166608520723102,-7.201715806878303,-7.163184259259261,-7.13492549603174
KOCVACNWDMSLBM,CCOCc1ccc(O)c(OC)c1,-8.195103915206705,external,-1,0.0,True,0.6363636363636364,computed_only,-7.962517669753086,-7.957724537037025,-8.049996990740743,-7.87983148148149
KPOZENRUJCHWOA,Clc1cc(Cl)c2c(Cl)c(Cl)ccc2c1Cl,-3.4657290661330857,external,-1,0.0,False,0.42857142857142855,computed_only,-3.079878571428571,-3.1183396164021144,-3.1148679894179896,-3.0064281084656095
KSMVNVHUTQZITP,Clc1cc2oc3cc(Cl)c(Cl)cc3c2cc1Cl,-4.318006884312718,external,-1,0.0,False,0.4117647058823529,computed_only,-3.8237583774250425,-3.7995130952380944,-3.806682407407403,-3.8650796296296304
KZLMCDNAVVJKPX,COc1c(Cl)cccc1Cl,-1.826387968213476,external,-1,0.0,False,0.4642857142857143,computed_only,-2.5406355489417973,-2.5551566137566133,-2.511608961640209,-2.5551410714285696
LBCOXKFWBDTJTF,Clc1ccc2c(Cl)cc(Cl)c(Cl)c2c1Cl,-3.580763582585761,external,-1,0.0,False,0.45,computed_only,-3.187270899470898,-3.2265615079365064,-3.2357513227513195,-3.0994998677248677
LCFKURIJYIJNRU,CCCCC(C)CO,-4.410771696363276,external,-1,0.0,True,0.6,computed_only,-3.9445855599647284,-3.9600059193121675,-3.93239196428572,-3.941358796296298
LCHJNNXHVDDVAT,COc1cc(Cl)cc(Cl)c1Br,-1.9585971639928248,external,-1,0.0,True,0.41379310344827586,computed_only,-3.3090558311287475,-3.240878935185185,-3.43402093253968,-3.2522676256613767
LFVCJQWZGDLHSD,COc1cc(CC(C)=O)ccc1O,-10.195632173518485,external,-1,0.0,True,0.5882352941176471,computed_only,-9.654312786596128,-9.68560396825397,-9.655541335978848,-9.621793055555568
LFYXNXGVLGKVCJ,CC1(C)C2CCC1(C)[C@](C)(O)C2,-3.197329797674128,external,-1,0.0,True,0.3548387096774194,computed_only,-4.545530974426807,-4.50348621031746,-4.591420304232804,-4.541686408730157
LITCKAVLJAKHOE,Clc1ccc(Cl)c2c(Cl)ccc(Cl)c12,-4.008617534330732,external,-1,0.0,False,0.5384615384615384,computed_only,-2.8136900022045848,-2.84664011243386,-2.868773346560846,-2.725656547619049
LNDQFOSWZJYEIC,CCC(C)=NOCc1c(F)c(F)c(F)c(F)c1F,-1.4547877990255242,external,-1,0.0,True,0.20689655172413793,computed_only,-2.8703688492063506,-2.7599319444444443,-2.7836578703703707,-3.067516732804236
MEUKEBNAABNAEX,COO,-5.281532589579175,external,-1,0.0,False,0.42857142857142855,computed_only,-5.038753229717812,-5.081731746031745,-5.089216964285711,-4.945310978835976
MMHZKSMAFILONG,Clc1ccc2c(Cl)cccc2c1Cl,-3.322844177027064,external,-1,0.0,False,0.55,computed_only,-2.708967030423281,-2.7199595238095227,-2.7058239748677257,-2.7011175925925954
MSWVMWGCNZQPIA,CC(=O)CF,-4.170539722175125,external,-1,0.0,False,0.5,computed_only,-3.55157422839506,-3.586662235449736,-3.5890242724867703,-3.479036177248675
MUUDTVDSRYEMBU,COc1c(Br)cc(Br)c(Cl)c1Cl,-1.890157516875148,external,-1,0.0,True,0.3793103448275862,computed_only,-2.955590244708992,-2.9224602843915317,-3.0157643187830674,-2.928546130952378
NDZIBNJHNBUHKW,Clc1cc2c(Cl)c(Cl)c(Cl)c(Cl)c2c(Cl)c1Cl,-5.389555367987976,external,-1,0.0,False,0.5555555555555556,computed_only,-3.316331030423281,-3.3115193148148143,-3.3009510912698414,-3.336522685185187
NEZWFWIACBUQMN,OCOO,-10.366079471748629,external,-1,0.0,False,0.3,computed_only,-9.676127028218703,-9.585880489417995,-9.761853637566146,-9.680646957671964
NMRPBPVERJPACX,CCCCCC(O)CC,-3.37439710834729,external,-1,0.0,False,0.8333333333333334,computed_only,-3.809524239417993,-3.8155886904761935,-3.7851680224867765,-3.82781600529101
NMWKWBPNKPGATC,O=C1OCc2c(Cl)c(Cl)c(Cl)c(Cl)c21,-6.343123108603918,external,-1,0.0,True,0.3181818181818182,computed_only,-5.050588150352734,-5.003121097883598,-5.074812962962964,-5.07383039021164
NQFUSWIGRKFAHK,CC1(C)C2CC3OC3(C)C1C2,-2.39561343672259,external,-1,0.0,False,0.25,computed_only,-3.2781356812169324,-3.2786158399470877,-3.306541600529103,-3.249249603174606
NSKIRYMHNFTRLR,Brc1ccc(Oc2c(Br)cc(Br)cc2Br)c(Br)c1,-5.389555367987976,external,-1,0.0,True,0.39285714285714285,computed_only,-3.6186481040564384,-3.638795866402117,-3.638258333333335,-3.578890112433863
NTHGIYFSMNNHSC,CC(C)CCO[N+](=O)[O-],-1.491448044485954,external,-1,0.0,True,0.6538461538461539,computed_only,-1.9257876719576725,-1.930062632275134,-1.9591239947089947,-1.8881763888888894
NUGDFCWVLOJWOP,CCCCCCCCCC=NOCc1c(F)c(F)c(F)c(F)c1F,-2.420829367731348,external,-1,0.0,True,0.3333333333333333,computed_only,-3.006760566578485,-2.785646560846561,-3.06810689814815,-3.1665282407407433
NULBEPOZYDYWOV,COc1cc(CCC(C)=O)cc(OC)c1O,-12.924126199586958,external,-1,0.0,True,0.4857142857142857,computed_only,-11.176995216049384,-11.09295648148148,-11.481265740740742,-10.95676342592593
NVVZEKTVIXIUKW,FC(F)(F)C(F)(F)C(F)(F)C(F)(F)C(F)(F)C(F)(F)CCI,-0.6933271819097218,external,-1,0.0,False,0.18181818181818182,computed_only,1.2977327003968266,1.411755641534393,1.2045869041005302,1.2768555555555563
NWOYYECMNBWCNK,COc1c(Cl)cccc1Br,-2.1014820530988474,external,-1,0.0,True,0.3939393939393939,computed_only,-2.9050201278659586,-2.906159722222221,-2.979068683862431,-2.8298319775132237
OAWAZQITIZDJRB,O=C(O)C(F)(F)Cl,-7.877817419868301,external,-1,0.0,True,0.38461538461538464,computed_only,-5.778699261463845,-5.710344675925922,-5.804160152116403,-5.821592956349207
OAYSFAKCFYRCRU,COc1c(Cl)cc(Br)cc1Cl,-2.010150095313052,external,-1,0.0,True,0.52,computed_only,-2.8171046847442653,-2.8255386574074044,-2.8437223875661357,-2.782053009259257
OEBRKCOSUFCWJD,COP(=O)(OC)OC=C(Cl)Cl,-4.971375885474463,external,-1,0.0,False,0.42857142857142855,computed_only,-7.902036618165778,-7.957669907407395,-7.82053551587301,-7.9279044312169304
OEYKUHBCPJRXGZ,COc1c(Cl)cc(Cl)cc1Br,-1.8973491088834296,external,-1,0.0,True,0.4642857142857143,computed_only,-2.6689849537037014,-2.665327314814812,-2.6992874999999983,-2.6423400462962947
OIHHRLYOSUNYTC,COc1c(Cl)cc(Cl)c(Br)c1Cl,-1.9021273169042503,external,-1,0.0,True,0.5185185185185185,computed_only,-2.9649622574955887,-2.9472120370370356,-3.0138497023809503,-2.93382503306878
OJYLAHXKWMRDGS,COc1cc(CCC(C)=O)ccc1O,-10.195632173518485,external,-1,0.0,False,0.6470588235294118,computed_only,-10.298594554673725,-10.309255357142852,-10.327378306878318,-10.259150000000007
OMDFJTSKBNDDRM,CC(O)CO[N+](=O)[O-],-7.41558521612978,external,-1,0.0,False,0.6521739130434783,computed_only,-7.553804486331566,-7.578203505291002,-7.588668287037036,-7.494541666666659
ONUFSRWQCKNVSL,Fc1c(F)c(F)c(-c2c(F)c(F)c(F)c(F)c2F)c(F)c1F,-1.6648503859974622,external,-1,0.0,False,0.625,computed_only,-0.9978637775573195,-0.9937227645502643,-0.9279107473544973,-1.0719578207671967
OTFNCXLUCRUNCH,COc1c(Cl)ccc(Cl)c1Cl,-1.9243773404339863,external,-1,0.0,False,0.5,computed_only,-2.6617412037037016,-2.687091203703701,-2.6335004629629606,-2.6646319444444426
OTQFXRBLGNEOGH,Clc1cc(Cl)c2c(c1)Oc1c(Cl)cc(Cl)cc1O2,-3.4657290661330857,external,-1,0.0,True,0.45161290322580644,computed_only,-3.618052259700178,-3.582639814814815,-3.6517007275132287,-3.6198162367724893
OTTCXKPQKOLSJN,Clc1cc(Cl)c2cc(Cl)cc(Cl)c2c1,-2.92284059793544,external,-1,0.0,False,0.6,computed_only,-2.475674581128747,-2.512741732804231,-2.424556249999999,-2.4897257605820107
OWIKHYCFFJSOEH,N=C=O,-3.705961040321237,external,-1,0.0,False,0.42857142857142855,computed_only,-3.3736967879188704,-3.272788853174603,-3.466346484126981,-3.381955026455028
PGCDNPCENWGYMA,Clc1c(Cl)c(Cl)c2c(Cl)ccc(Cl)c2c1Cl,-4.5876242996777865,external,-1,0.0,False,0.5333333333333333,computed_only,-3.050737577160494,-3.052513657407408,-3.0322055555555534,-3.067493518518521
PLDWAJLZAAHOGG,COc1cccc(Br)c1,-1.7074936013035569,external,-1,0.0,False,0.5384615384615384,computed_only,-3.1247925705467363,-3.1280856812169318,-3.205935945767194,-3.0403560846560835
PNLDDSLZYVNPQW,COc1c(Br)ccc(Cl)c1Cl,-1.9585971639928248,external,-1,0.0,True,0.3939393939393939,computed_only,-3.0224808752204564,-3.0256202050264536,-3.060997850529099,-2.980824570105817
PNQBEPDZQUOCNY,O=C(Cl)C(F)(F)F,-2.3128065893225465,external,-1,0.0,True,0.4117647058823529,computed_only,-0.10649937169312164,-0.23903548280423273,-0.0261500661375661,-0.054312566137566076
POIARNZEYGURDG,C/C=C/C(=O)C1=C(C)C=CCC1(C)C,-3.95552367899573,external,-1,0.0,False,0.21951219512195122,computed_only,-4.140069422398589,-4.16171798941799,-4.114218452380952,-4.144271825396826
PPXUHEORWJQRHJ,CCOC(=O)CC(C)C,-1.9585971639928248,external,-1,0.0,False,0.5454545454545454,computed_only,-2.488991512345676,-2.5198106481481437,-2.477462962962961,-2.469700925925923
PSINWXIDJYEXLO,CCc1ncc(C)nc1CC,-4.5057723033300405,external,-1,0.0,False,0.32,computed_only,-5.373660934744269,-5.355171064814815,-5.373944742063491,-5.3918669973545
PVFOMCVHYWHZJE,O=C(Cl)C(Cl)(Cl)Cl,-2.3128065893225465,external,-1,0.0,False,0.2727272727272727,computed_only,-1.2740298192239867,-1.3209055224867734,-1.252609027777778,-1.2485749074074084
QGRPVMLBTFGQDQ,COc1ccccc1Cl,-3.266374329938489,external,-1,0.0,False,0.631578947368421,computed_only,-2.5573666887125213,-2.5644513888888887,-2.540440740740739,-2.567207936507936
QHTQREMOGMZHJV,CCN(CC)C(=O)SCc1ccc(Cl)cc1,-5.973688203519483,external,-1,0.0,True,0.35,computed_only,-8.508541358024697,-8.62904629629631,-8.410125000000006,-8.486452777777775
QJPJQTDYNZXKQF,COc1ccc(Br)cc1,-1.9585971639928248,external,-1,0.0,False,0.5238095238095238,computed_only,-3.2120277667548507,-3.2121933201058215,-3.264056316137566,-3.1598336640211637
QKMNFFSBZRGHDJ,COc1cc(Cl)ccc1Cl,-2.3417140272869985,external,-1,0.0,False,0.4782608695652174,computed_only,-2.8226423170193975,-2.8465562499999977,-2.827312499999997,-2.7940582010581982
QNPFFCQTVXPCLD,CC=CC=NOCc1c(F)c(F)c(F)c(F)c1F,-1.6736281013538763,external,-1,0.0,True,0.2222222222222222,computed_only,-3.0543161375661376,-2.9970771164021155,-2.9734004629629642,-3.192470833333334
QTGGFXPTAQEODO,C=CC(C)(CO)OO,-8.831385160484244,external,-1,0.0,True,0.4,computed_only,-9.419104210758379,-9.439769444444444,-9.426627414021166,-9.390915773809526
QUGUFLJIAFISSW,Fc1ccc(F)cc1,-0.8163503805089578,external,-1,0.0,False,0.6153846153846154,computed_only,-0.4608858531746039,-0.5059932539682546,-0.38976609126984163,-0.48689821428571545
QUKRIOLKOHUUBM,C=CC(=O)OCCC(F)(F)C(F)(F)C(F)(F)C(F)(F)C(F)(F)C(F)(F)C(F)(F)C(F)(F)F,-0.6933271819097218,external,-1,0.0,True,0.2127659574468085,computed_only,-0.9742917978395065,-0.9759800925925926,-0.8847367824074073,-1.0621585185185194
QYEGXUUXWMKHHS,Clc1cc(Cl)c2c(Cl)c(Cl)c(Cl)c(Cl)c2c1Cl,-5.149323393799825,external,-1,0.0,False,0.5882352941176471,computed_only,-3.277094390211639,-3.273604962962962,-3.2789328373015856,-3.2787453703703697
RFFOTVCVTJUTAD,CC(C)C12CCC(C)(CC1)O2,-2.7084854415504074,external,-1,0.0,False,0.21875,computed_only,-2.869063906525573,-2.902556977513225,-2.8832690343915344,-2.821365707671958
RFUGYJHXLQAXOX,COc1c(Br)c(Cl)c(Cl)c(Cl)c1Br,-1.8127670246641712,external,-1,0.0,True,0.3333333333333333,computed_only,-3.211236022927689,-3.1255113425925924,-3.2952002645502634,-3.2129964616402114
RGXWDWUGBIJHDO,CCCCCCCCCC(=O)OCC,-2.1014820530988474,external,-1,0.0,False,1.0,computed_only,-2.9969760802469083,-3.0668212962962906,-2.960203703703699,-2.9639032407407355
RHLVCLIPMVJYKS,CCCCCC(=O)CC,-2.532952404370913,external,-1,0.0,False,0.8333333333333334,computed_only,-2.768723423721339,-2.7687023809523796,-2.75442986111111,-2.7830380291005268
RLSQIXNUITTXKZ,CCCCCCCC=NOCc1c(F)c(F)c(F)c(F)c1F,-1.7624653819816083,external,-1,0.0,True,0.3333333333333333,computed_only,-2.972883112874781,-2.7782275793650797,-3.024134259259261,-3.1162875000000025
RTNLUFLDZOAXIC,Clc1c(Cl)c(Cl)c2c(Cl)c(Cl)c(Cl)c(Cl)c2c1Cl,-4.738644121381529,external,-1,0.0,False,0.625,computed_only,-3.1264786604938255,-3.1326413055555524,-3.1333868055555536,-3.1134078703703696
RUPAXCPQAAOIPB,CC(C)(C)OC=O,-2.1014820530988474,external,-1,0.0,False,0.375,computed_only,-2.837333410493827,-2.8942149801587296,-2.7695470899470895,-2.848238161375663
RWRBSYOTDDOXKC,CCCC(C)O[N+](=O)[O-],-1.3049310688072877,external,-1,0.0,True,0.6666666666666666,computed_only,-1.8233567460317477,-1.8294711640211654,-1.8262279761904772,-1.8143710978836
RZXIRSKYBISPGF,Brc1cc(Br)c(Oc2cc(Br)c(Br)cc2Br)cc1Br,-5.3893266975985,external,-1,0.0,True,0.5333333333333333,computed_only,-3.8484863866843035,-3.875203869047619,-3.863102513227514,-3.8071527777777767
SFNAUTSNWPPDSY,Brc1ccc(Oc2cc(Br)c(Br)c(Br)c2Br)cc1,-4.41157948966362,external,-1,0.0,True,0.3333333333333333,computed_only,-4.004553919753085,-3.968728306878305,-4.1086954232804205,-3.936238029100529
SJIIFORJBWPNPM,COc1cc(Br)c(Cl)cc1Cl,-1.9585971639928248,external,-1,0.0,True,0.42857142857142855,computed_only,-3.123794235008816,-3.0847465277777757,-3.237350033068781,-3.049286144179892
SNGREZUHAYWORS,O=C(O)C(F)(F)C(F)(F)C(F)(F)C(F)(F)C(F)(F)C(F)(F)C(F)(F)F,-3.4657290661330853,external,-1,0.0,True,0.25,computed_only,-4.219319003527335,-4.2740715277777745,-4.282390046296298,-4.101495436507934
SRMWNTGHXHOWBT,CNS(=O)(=O)C(F)(F)C(F)(F)C(F)(F)C(F)(F)C(F)(F)C(F)(F)C(F)(F)C(F)(F)F,-0.0514616827609407,external,-1,0.0,True,0.2,computed_only,-4.297197600308642,-4.402372685185185,-4.336644189814816,-4.152575925925925
SRTQFRQWTUMMTC,C=NOCc1c(F)c(F)c(F)c(F)c1F,-2.1805973935431964,external,-1,0.0,True,0.2631578947368421,computed_only,-2.658793238536156,-2.530913425925926,-2.6030323611111132,-2.8424339285714293
SSNXYMVLSOMJLU,COc1cc(Cl)cc(Cl)c1,-1.0313664236883515,external,-1,0.0,False,0.5,computed_only,-2.7656055665784813,-2.801440839947087,-2.7623569444444422,-2.7330189153439157
STNJBCKSHOAVAJ,C=C(C)C=O,-2.8315086401496434,external,-1,0.0,False,0.5,computed_only,-2.985413822751321,-2.974941534391534,-3.004638558201057,-2.976661375661374
SVEZPKVUIXAEOX,COc1cc(Cl)c(Br)c(Cl)c1,-1.9585971639928248,external,-1,0.0,True,0.35714285714285715,computed_only,-3.4337075727513224,-3.356441997354497,-3.542442493386242,-3.402238227513228
SXKBHOQOOGRFJF,COc1cc(Cl)c(Cl)cc1Cl,-1.9585971639928248,external,-1,0.0,False,0.5652173913043478,computed_only,-2.571615299823631,-2.591309259259256,-2.55262222222222,-2.570914417989417
TXGIGTRUEITPSC,O=S(=O)(O)CCC(F)(F)C(F)(F)C(F)(F)C(F)(F)F,-1.4290235246646108,external,-1,0.0,True,0.20689655172413793,computed_only,-5.939560262345676,-5.9259310846560815,-5.956389980158729,-5.9363597222222175
TXINBPKSWKFMNB,CCC(=O)OO[N+](=O)[O-],-2.1805973935431964,external,-1,0.0,False,0.4,computed_only,-3.072726962081129,-3.0143652777777774,-2.950623148148147,-3.2531924603174622
UABDVZDYKDIZFO,Fc1c(F)c(F)c(CON=C2c3ccccc3-c3ccccc32)c(F)c1F,-1.9585971639928248,external,-1,0.0,True,0.2727272727272727,computed_only,-6.189348710317458,-6.2298361111111085,-6.200374999999999,-6.137835019841266
UBJVUCKUDDKUJF,C=CCSCC=C,-1.53653790673299,external,-1,0.0,False,0.35714285714285715,computed_only,-1.3852584545855375,-1.439243022486773,-1.3685356283068777,-1.347996712962962
UCASBURGYXMQLW,Cc1ccc(C=NOCc2c(F)c(F)c(F)c(F)c2F)cc1,-1.6559406699833308,external,-1,0.0,True,0.3142857142857143,computed_only,-4.6290457671957705,-4.736881812169317,-4.55423564814815,-4.596019841269845
UHEPJGULSIKKTP,CC(=O)CCC=C(C)C,-3.37439710834729,external,-1,0.0,False,0.52,computed_only,-3.8316597222222266,-3.8479599867724894,-3.8218992063492125,-3.8251199735449766
UHXUZOCRWCRNSJ,CNC(=O)ON=C(C)SC,-7.7697946414595,external,-1,0.0,True,0.42857142857142855,computed_only,-9.024350540123466,-8.971040509259264,-9.01140191798943,-9.090609193121704
UIHCLUNTQKBZGK,CCC(C)C(C)=O,-3.126712395015846,external,-1,0.0,False,0.47058823529411764,computed_only,-3.0972067239858885,-3.100482539682537,-3.089262334656083,-3.101875297619045
UJIGKESMIPTWJH,FC(Cl)C(F)(F)C(F)(F)Cl,0.7698968620756514,external,-1,0.0,False,0.5,computed_only,1.3040916243386242,1.3037648280423286,1.3049264312169306,1.3035836137566137
UKSAZCDAGVHMRF,Fc1c(F)c(F)c(CON=Cc2ccccc2)c(F)c1F,-1.491448044485954,external,-1,0.0,True,0.2903225806451613,computed_only,-4.5272203483245175,-4.649919444444445,-4.407575925925928,-4.524165674603179
UPNBETHEXPIWQX,Brc1ccc(Oc2ccc(Br)cc2Br)cc1,-3.5448444065774347,external,-1,0.0,True,0.39285714285714285,computed_only,-3.946074404761905,-3.9357516865079383,-3.9632968915343887,-3.9391746362433873
UXFSPRAGHGMRSQ,COc1nccnc1CC(C)C,-3.628908592471273,external,-1,0.0,False,0.3939393939393939,computed_only,-5.473470833333334,-5.561695833333333,-5.4255462962962975,-5.43317037037037
UZYYBZNZSSNYSA,Cc1c(Cl)ccc(Cl)c1Cl,-1.6559406699833308,external,-1,0.0,False,0.5625,computed_only,-1.2003935714285727,-1.1923556547619056,-1.2202424140211654,-1.1885826455026476
VEFNQGLEDJPUJF,COc1c(Br)c(Br)c(Br)c(Br)c1Br,-4.630621342972727,external,-1,0.0,True,0.38461538461538464,computed_only,-3.6889907517636673,-3.656828406084654,-3.7924941137566135,-3.617649735449736
VGQXTTSVLMQFHM,CC(=O)OO[N+](=O)[O-],-2.512161325517144,external,-1,0.0,False,0.4230769230769231,computed_only,-3.247147619047618,-3.1189976851851844,-3.115504166666665,-3.506941005291005
VHNPZYZQKWIWOD,Brc1cc(Br)c(Oc2cc(Br)c(Br)cc2Br)c(Br)c1,-5.800177489354709,external,-1,0.0,True,0.38095238095238093,computed_only,-3.6360603174603185,-3.663458366402116,-3.676447222222224,-3.5682753637566154
VIONGDJUYAYOPU,O=S(=O)(O)CCC(F)(F)C(F)(F)C(F)(F)C(F)(F)C(F)(F)C(F)(F)F,-0.9774670142527602,external,-1,0.0,True,0.2,computed_only,-5.218821898148147,-5.30281527777778,-5.188453009259259,-5.165197407407404
VISJRVXHPNMYRH,COc1ccc(Cl)c(Cl)c1,-1.852724968524944,external,-1,0.0,False,0.43478260869565216,computed_only,-2.805367768959434,-2.8261099537037007,-2.802373148148147,-2.787620205026454
VJZRCIYSYVGDMU,Clc1cc2c(Cl)ccc(Cl)c2cc1Cl,-3.2169719815591824,external,-1,0.0,False,0.5,computed_only,-2.787335427689596,-2.8378486772486764,-2.7565321428571457,-2.7676254629629646
VNVBOBJSRGZDCW,Fc1c(F)c(F)c(CON=CC=NOCc2c(F)c(F)c(F)c(F)c2F)c(F)c1F,-2.1805973935431964,external,-1,0.0,True,0.25,computed_only,-6.661667272927692,-6.699494444444443,-6.848228670634922,-6.4372787037037105
VNWPJWLGZUDTBZ,CC(=NOCc1c(F)c(F)c(F)c(F)c1F)C(C)(C)O,-2.010150095313052,external,-1,0.0,True,0.1951219512195122,computed_only,-6.7667274470899486,-6.759813425925933,-6.838139054232798,-6.702229861111115
VOGSDFLJZPNWHY,OCC(F)F,-4.581218994593421,external,-1,0.0,False,0.38461538461538464,computed_only,-5.479726410934741,-5.523958465608463,-5.413062103174598,-5.50215866402116
VQSNXLCFFHGXTI,Clc1ccc(Cl)c2c(Cl)cccc12,-3.73352344944536,external,-1,0.0,False,0.45,computed_only,-2.5316133597883597,-2.571172949735449,-2.536374305555555,-2.4872928240740753
VVAAXDBMZVCVPA,ClCC(Cl)CCCCCCCC(Cl)CCl,-3.5448444065774347,external,-1,0.0,True,0.375,computed_only,-3.221640553350968,-3.2479097883597863,-3.311900231481481,-3.1051116402116374
VVJKKWFAADXIJK,C=CCN,-4.630621342972727,external,-1,0.0,False,0.4166666666666667,computed_only,-4.537341424162258,-4.495687599206347,-4.531009126984128,-4.585327546296299
VXBHNYIEBLRXAW,ClCC(Cl)CCCCCCC(Cl)CCl,-2.92284059793544,external,-1,0.0,True,0.375,computed_only,-3.2330337632275117,-3.279049834656082,-3.2644407407407394,-3.1556107142857126
VZRSUQWPXPUWCS,COc1c(Cl)cc(Br)c(Cl)c1Cl,-1.9021273169042503,external,-1,0.0,True,0.4642857142857143,computed_only,-2.9059851962081105,-2.840914814814812,-2.986126355820104,-2.8909144179894164
WCJYTPVNMWIZCG,CNC(=O)Oc1ccc(C)c(C)c1,-7.303237710857214,external,-1,0.0,False,0.3939393939393939,computed_only,-9.240096009700183,-9.261130555555564,-9.116300462962966,-9.34285701058202
WCVOGSZTONGSQY,COc1c(Cl)cc(Cl)cc1Cl,-1.442045696106648,external,-1,0.0,False,0.5652173913043478,computed_only,-2.4543979828042315,-2.4546448412698387,-2.4414992394179893,-2.467049867724868
WDRCOFFEZVLCLX,COc1c(Cl)c(Cl)cc(Br)c1Br,-1.846249658720261,external,-1,0.0,True,0.4,computed_only,-3.282108664021164,-3.245414980158731,-3.3506861772486762,-3.2502248346560836
WDWNMIBWWPZNJK,FC(F)(F)C(F)(F)C(F)(F)C(F)(F)C(F)(F)C(F)(F)/C=C/I,-0.434578546055114,external,-1,0.0,False,0.18181818181818182,computed_only,1.58562722883598,1.6742060879629639,1.4968382837301608,1.5858373148148157
WHHGLZMJPXIBIX,Brc1c(Br)c(Br)c(Oc2c(Br)c(Br)c(Br)c(Br)c2Br)c(Br)c1Br,-6.343123108603918,external,-1,0.0,True,0.45454545454545453,computed_only,-3.8576364417989413,-3.8572889880952377,-3.935171064814814,-3.7804492724867713
WHPVYXDFIXRKLN,Brc1ccc(Oc2cc(Br)c(Br)cc2Br)c(Br)c1,-4.870853317160879,external,-1,0.0,False,0.39285714285714285,computed_only,-3.7353267526455016,-3.7297112103174586,-3.781895370370369,-3.694373677248677
WHRDPXDGAMJNGH,COc1c(Br)cc(Cl)cc1Br,-2.135701876657686,external,-1,0.0,True,0.4074074074074074,computed_only,-2.861444190917105,-2.81777212301587,-2.948719907407405,-2.8178405423280397
WMMFIDNWZNCBCT,COc1c(Cl)c(Cl)cc(Cl)c1Cl,-1.227029652927254,external,-1,0.0,False,0.5652173913043478,computed_only,-2.704905191798939,-2.7228708333333294,-2.714861111111109,-2.6769836309523787
WNYADZVDBIBLJJ,O=NN1CCCC1,-7.599347343229355,external,-1,0.0,False,0.9285714285714286,computed_only,-7.081421031746032,-7.161072883597887,-7.009142956349206,-7.074047255291003
WQZKKVJFBZPJSU,CCC(CC)O[N+](=O)[O-],-1.3288483437607428,external,-1,0.0,True,0.6086956521739131,computed_only,-1.823375562169314,-1.830566997354498,-1.8377670965608477,-1.801792592592596
WUOACPNHFRMFPN,CC1=CCC(C(C)(C)O)CC1,-5.508449734897895,external,-1,0.0,False,0.5714285714285714,computed_only,-5.017693727954143,-5.03574093915344,-4.97779914021164,-5.039541104497349
WXCMHFPAUCOJIG,CC(=O)c1c(C)c([N+](=O)[O-])c(C(C)(C)C)c([N+](=O)[O-])c1C,-5.281532589579175,external,-1,0.0,True,0.27906976744186046,computed_only,-6.134338558201058,-6.156084722222222,-6.143114351851854,-6.103816600529099
WYLDWCYZCFRVRH,Clc1cc(Cl)c2c(Cl)cc(Cl)c(Cl)c2c1,-3.197329797674128,external,-1,0.0,False,0.55,computed_only,-2.8766461199294553,-2.9067753968253993,-2.900395833333336,-2.822767129629631
XGXUGXPKRBQINS,COc1ccc(Br)cc1Br,-3.141525290295802,external,-1,0.0,True,0.4230769230769231,computed_only,-3.077938128306876,-3.0453691468253945,-3.1447032407407374,-3.0437419973544957
XTBXSCIWOVSSGB,O=C(O)CC(F)(F)C(F)(F)C(F)(F)C(F)(F)C(F)(F)C(F)(F)C(F)(F)C(F)(F)F,-0.2151376507207325,external,-1,0.0,True,0.2692307692307692,computed_only,-4.762476623677245,-4.739540244708992,-4.839547430555555,-4.708342195767191
XYBSIYMGXVUVGY,Brc1ccc(Oc2ccc(Br)cc2Br)c(Br)c1,-4.548110664011599,external,-1,0.0,True,0.4583333333333333,computed_only,-3.64133907627866,-3.607575892857143,-3.6751444444444434,-3.641296891534393
YAWIAFUBXXPJMQ,Brc1ccc(Oc2ccc(Br)cc2)cc1,-3.094814183963434,external,-1,0.0,True,0.5714285714285714,computed_only,-4.424868088624339,-4.3014038029100545,-4.489630985449735,-4.483569477513228
YGHRJJRRZDOVPD,CC(C)CC=O,-2.381271697509173,external,-1,0.0,False,0.4444444444444444,computed_only,-3.0287221230158714,-3.0463453042328017,-3.0273061838624344,-3.012514880952378
YGYAWVDWMABLBF,O=C(Cl)Cl,-0.2673234667648203,external,-1,0.0,False,0.375,computed_only,-0.6425232826278661,-0.7199567658730157,-0.5377641865079364,-0.6698488955026459
YJEMGEBDXDPBSP,COc1ccc(Cl)cc1Br,-2.250382069501203,external,-1,0.0,True,0.36666666666666664,computed_only,-2.851192272927687,-2.827759589947089,-2.8690578703703675,-2.8567593584656046
YKQOTQPNOJSJFA,CCCC(C)=NOCc1c(F)c(F)c(F)c(F)c1F,-1.3130478087293145,external,-1,0.0,True,0.25,computed_only,-2.9028160493827175,-2.7712759259259263,-2.87804675925926,-3.0591254629629656
YORCIIVHUBAYBQ,C#CCBr,-1.826387968213476,external,-1,0.0,False,0.38461538461538464,computed_only,-1.0445020423280418,-1.0370072182539678,-0.9983310317460313,-1.098167876984126
YRGAYAGBVIXNAQ,COc1ccc(Cl)cc1,-2.943631676789209,external,-1,0.0,False,0.5238095238095238,computed_only,-2.6039317791005288,-2.646027777777777,-2.572359027777778,-2.593408531746031
YSVAURKXNCNUNS,COc1c(Cl)c(Cl)c(Br)c(Cl)c1Cl,-1.852724968524944,external,-1,0.0,True,0.3333333333333333,computed_only,-3.1367139329805975,-3.0672141865079343,-3.1744815145502616,-3.1684460978835958
YUKILTJWFRTXGB,COc1cccc(Cl)c1,-2.793270537698849,external,-1,0.0,False,0.5384615384615384,computed_only,-2.673079387125219,-2.7256736111111106,-2.654237499999999,-2.6393270502645487
YXMNEYKMHSBVTD,CCC(CO)O[N+](=O)[O-],-7.046500910381195,external,-1,0.0,True,0.5185185185185185,computed_only,-6.648253957231039,-6.619148974867726,-6.64957857142857,-6.676034325396818
YXWWHNCQZBVZPV,CC(=O)c1ccccc1C,-4.468021642247516,external,-1,0.0,False,0.6521739130434783,computed_only,-4.6105312389770745,-4.605165211640211,-4.600457738095238,-4.625970767195773
YYZUSRORWSJGET,CCCCCCCC(=O)OCC,-1.9585971639928248,external,-1,0.0,False,1.0,computed_only,-2.628226851851848,-2.643905092592589,-2.6285949074074026,-2.612180555555552
YZMXEWDTXSTFIJ,COc1cc(Cl)c(Br)c(Cl)c1Br,-1.846249658720261,external,-1,0.0,True,0.5185185185185185,computed_only,-3.4128315806878304,-3.3561692460317443,-3.531582870370369,-3.350742625661377
ZENOXNGFMSCLLL,COc1cc(CO)ccc1O,-11.42766999077337,external,-1,0.0,True,0.6666666666666666,computed_only,-11.107569444444442,-11.258641203703698,-11.068255092592594,-10.995812037037037
ZLIBICFPKPWGIZ,Cc1cc(C)nc(Nc2ccccc2)n1,-8.084183894106772,external,-1,0.0,False,0.37037037037037035,computed_only,-9.207633134920636,-9.066314351851855,-9.267546296296295,-9.289038756613756
ZNOLGFHPUIJIMJ,COP(=S)(OC)Oc1ccc([N+](=O)[O-])c(C)c1,-6.6500280506858855,external,-1,0.0,False,0.6052631578947368,computed_only,-7.576543827160497,-7.682850925925926,-7.588170833333338,-7.458609722222228
ZOASGOXWEHUTKZ,CCCSC,-1.402087752245875,external,-1,0.0,False,0.5,computed_only,-1.387976069223985,-1.384228042328043,-1.3936944444444428,-1.3860057208994696
ZOKXUAHZSKEQSS,CCCCSP(=O)(SCCCC)SCCCC,-6.719936881072535,external,-1,0.0,True,0.6363636363636364,computed_only,-6.288801146384478,-6.390091832010577,-6.298303604497351,-6.178008002645505
ZOWSJJBOQDKOHI,CC(=O)OCC(F)(F)F,-1.5690803179488944,external,-1,0.0,False,0.47619047619047616,computed_only,-2.0710628703703713,-2.0574771164021173,-2.0681323082010596,-2.087579186507938
ZUXVGCIQOSXRJN,COc1c(Cl)c(Cl)cc(Br)c1Cl,-1.9021273169042503,external,-1,0.0,True,0.41379310344827586,computed_only,-3.18118816137566,-3.1256367394179887,-3.2759576719576704,-3.1419700727513216
ZVJHJDDKYZXRJI,C1=NCCC1,-4.9090914196116735,external,-1,0.0,False,0.25,computed_only,-4.562694102733683,-4.529156084656086,-4.569166600529095,-4.58975962301587
VNWKTOKETHGBQD-UHFFFAOYSA-N,C,1.9598,arrow,0,3.0,False,,dmpnn,-1.7453778584798176,-2.2230024337768555,-1.1780798435211182,-1.8350512981414795
IJDNQMDRQITEOD-UHFFFAOYSA-N,CCCC,2.1032,arrow,0,3.0,False,,dmpnn,2.1691559155782065,2.577800750732422,1.9676642417907715,1.9620027542114258
QQONPFPTGQHPMA-UHFFFAOYSA-N,C=CC,1.32,arrow,0,3.0,False,,dmpnn,1.0843710899353027,0.8508896827697754,1.1255288124084473,1.2766947746276855
BAVYZALUXZFZLV-UHFFFAOYSA-N,CN,-4.55,arrow,0,3.0,False,,dmpnn,-4.830016454060872,-4.606215476989746,-4.793972015380859,-5.089861869812012
QUSNBJAOOMFDIB-UHFFFAOYSA-N,CCN,-4.5,arrow,0,3.0,False,,dmpnn,-4.313784122467041,-4.0945353507995605,-4.532728672027588,-4.314088344573975
NBBJYMSMWIIQGU-UHFFFAOYSA-N,CCC=O,-3.43,arrow,0,3.0,False,,dmpnn,-2.8377817471822104,-2.8596062660217285,-2.6152148246765137,-3.0385241508483887
ZTQSAGDEMFDKMZ-UHFFFAOYSA-N,CCCC=O,-3.18,arrow,0,3.0,False,,dmpnn,-2.528488794962565,-2.448101282119751,-2.3273134231567383,-2.810051679611206
QQZOPKMRPOGIEB-UHFFFAOYSA-N,CCCCC(C)=O,-3.28,arrow,0,3.0,False,,dmpnn,-3.0029589335123696,-3.104029655456543,-2.7350478172302246,-3.169799327850342
QTBSBXVTEAMEQO-UHFFFAOYSA-N,CC(=O)O,-6.69,arrow,0,3.0,False,,dmpnn,-7.133013884226481,-7.352973937988281,-6.890165328979492,-7.15590238571167
UHOVQNZJYSORNB-UHFFFAOYSA-N,c1ccccc1,-0.88,arrow,0,3.0,False,,dmpnn,0.004241943359375,0.24798870086669922,0.1372213363647461,-0.3724842071533203
UFWIBTONFRDIAS-UHFFFAOYSA-N,c1ccc2ccccc2c1,-2.4,arrow,0,3.0,False,,dmpnn,-2.0499391555786133,-2.2606773376464844,-1.352177619934082,-2.5369625091552734
MWPLVEDNUUSJAV-UHFFFAOYSA-N,c1ccc2cc3ccccc3cc2c1,-3.95,arrow,0,3.0,False,,dmpnn,-3.831124464670817,-4.435941219329834,-2.7446303367614746,-4.312801837921143
YNPNZTXNASCQKK-UHFFFAOYSA-N,c1ccc2c(c1)ccc1ccccc12,-3.88,arrow,0,3.0,False,,dmpnn,-3.3976669311523438,-4.0704827308654785,-2.1790175437927246,-3.943500518798828
KFZMGEQAYNKOFK-UHFFFAOYSA-N,CC(C)O,-4.62,arrow,0,3.0,False,,dmpnn,-4.345163822174072,-4.08854866027832,-4.474847316741943,-4.472095489501953
LRHPLDYGYMQRHN-UHFFFAOYSA-N,CCCCO,-4.72,arrow,0,3.0,False,,dmpnn,-4.1562449137369795,-4.229004859924316,-4.125095844268799,-4.114634037017822
DKGAVHZHDRPRBM-UHFFFAOYSA-N,CC(C)(C)O,-4.51,arrow,0,3.0,False,,dmpnn,-3.750603675842285,-4.1040425300598145,-3.494304656982422,-3.653463840484619
MSXVEPNJUHWQHW-UHFFFAOYSA-N,CCC(C)(C)O,-4.43,arrow,0,3.0,False,,dmpnn,-3.690007050832113,-4.054199695587158,-3.2560019493103027,-3.759819507598877
DMEGYFMYUHOHGS-UHFFFAOYSA-N,C1CCCCCC1,0.789,arrow,1,3.0,False,,dmpnn,1.2685564359029133,0.9837484359741211,1.4757990837097168,1.3461217880249023
ATUOYWHBWRKTHZ-UHFFFAOYSA-N,CCC,1.9598,arrow,1,3.0,False,,dmpnn,2.0223142306009927,1.6532392501831055,2.2186431884765625,2.1950602531433105
OFBQJSOFQDEBGM-UHFFFAOYSA-N,CCCCC,2.3422,arrow,1,3.0,False,,dmpnn,2.5645364125569663,2.174478530883789,2.9364547729492188,2.5826759338378906
TVMXDCGIABBOFY-UHFFFAOYSA-N,CCCCCCCC,2.8919,arrow,1,3.0,False,,dmpnn,3.321126143137614,2.9183568954467773,3.6104912757873535,3.434530258178711
VNKYTQGIUYNRMY-UHFFFAOYSA-N,CCCOC,-1.66,arrow,1,3.0,False,,dmpnn,-2.2023977438608804,-2.3465287685394287,-2.263629674911499,-1.9970347881317139
FERIUCNNQQJTOY-UHFFFAOYSA-N,CCCC(=O)O,-6.35,arrow,1,3.0,False,,dmpnn,-6.085936387379964,-6.450568675994873,-6.006577968597412,-5.800662517547607
ZUOUZKKEUPVFJK-UHFFFAOYSA-N,c1ccc(-c2ccccc2)cc1,-2.66,arrow,1,3.0,False,,dmpnn,-2.2204278310139975,-2.6170854568481445,-1.858184576034546,-2.1860134601593018
OKKJLVBELUTLKV-UHFFFAOYSA-N,CO,-5.11,arrow,1,3.0,False,,dmpnn,-4.024427890777588,-4.283736705780029,-4.047412872314453,-3.7421340942382812
HPXRVTGHNJAIIH-UHFFFAOYSA-N,OC1CCCCC1,-5.47,arrow,1,3.0,False,,dmpnn,-5.2874382336934405,-5.933060646057129,-4.75579833984375,-5.173455715179443
RJUFJBKOKNCXHH-UHFFFAOYSA-N,CCC(=O)OC,-2.93,arrow,1,3.0,False,,dmpnn,-2.4960033098856607,-2.7968039512634277,-2.632896661758423,-2.058309316635132
YKYONYBAUNKHLG-UHFFFAOYSA-N,CCCOC(C)=O,-2.86,arrow,1,3.0,False,,dmpnn,-2.681794007619222,-2.851562976837158,-2.89164137840271,-2.302177667617798
QLNJFJADRCOGBJ-UHFFFAOYSA-N,CCC(N)=O,-9.4,arrow,1,3.0,False,,dmpnn,-8.464803059895834,-8.650904655456543,-9.007833480834961,-7.735671043395996
DNJIEGIFACGWOD-UHFFFAOYSA-N,CCS,-1.24,arrow,1,3.0,False,,dmpnn,-1.384631872177124,-1.7122325897216797,-1.4102036952972412,-1.0314593315124512
SUVIGLJNEAMWEG-UHFFFAOYSA-N,CCCS,-1.05,arrow,1,3.0,False,,dmpnn,-1.3879690170288086,-1.492509126663208,-1.3288922309875488,-1.342505693435669
QMMFVYPAHWMCMS-UHFFFAOYSA-N,CSC,-1.54,arrow,1,3.0,False,,dmpnn,-1.1633596420288086,-1.4287796020507812,-1.0083882808685303,-1.0529110431671143
PAYRUJLWNCNPSJ-UHFFFAOYSA-N,Nc1ccccc1,-5.54,arrow,1,3.0,False,,dmpnn,-5.520800908406575,-5.915740013122559,-4.923289775848389,-5.723372936248779
RAXXELZNTBOGNW-UHFFFAOYSA-N,c1c[nH]cn1,-9.6,arrow,1,3.0,False,,dmpnn,-8.339703241984049,-9.313182830810547,-6.994452476501465,-8.711474418640137
RGSFGYAAUTVSQA-UHFFFAOYSA-N,C1CCCC1,1.2,arrow,2,3.0,False,,dmpnn,0.8996445337931315,0.7776679992675781,0.8155393600463867,1.1057262420654297
VGGSQFUCUMXWEO-UHFFFAOYSA-N,C=C,1.28,arrow,2,3.0,False,,dmpnn,0.8474353154500326,0.813051700592041,0.8582839965820312,0.8709702491760254
KAKZBPTYRLMSJV-UHFFFAOYSA-N,C=CC=C,0.61,arrow,2,3.0,False,,dmpnn,0.8947550455729166,1.13218355178833,0.6787800788879395,0.8733015060424805
GETQZCLCWQTVFV-UHFFFAOYSA-N,CN(C)C,-3.2,arrow,2,3.0,False,,dmpnn,-4.381004333496094,-4.274121284484863,-4.298088073730469,-4.570803642272949
LCGLNKUTAGEVQW-UHFFFAOYSA-N,COC,-1.91,arrow,2,3.0,False,,dmpnn,-2.387460788091024,-2.280912160873413,-2.4920973777770996,-2.3893728256225586
RTZKZFJDLAIYFH-UHFFFAOYSA-N,CCOCC,-1.75,arrow,2,3.0,False,,dmpnn,-2.3630806605021157,-2.184746742248535,-2.1514651775360107,-2.7530300617218018
CSCPPACGZOOCGX-UHFFFAOYSA-N,CC(C)=O,-3.8,arrow,2,3.0,False,,dmpnn,-3.876966714859009,-3.6377363204956055,-4.034422874450684,-3.9587409496307373
BBEAQIROQSPTKN-UHFFFAOYSA-N,c1cc2ccc3cccc4ccc(c1)c2c34,-4.52,arrow,2,3.0,False,,dmpnn,-5.322397232055664,-4.967311382293701,-4.041172504425049,-6.958707809448242
YXFVVABEGXRONW-UHFFFAOYSA-N,Cc1ccccc1,-0.89,arrow,2,3.0,False,,dmpnn,-0.6520740191141764,-0.782965898513794,-0.5249834060668945,-0.6482727527618408
ISWSIDIOOBJBQZ-UHFFFAOYSA-N,Oc1ccccc1,-6.62,arrow,2,3.0,False,,dmpnn,-5.191290219624837,-5.519373416900635,-4.3946404457092285,-5.659856796264648
QWVGKYWNOKOFNN-UHFFFAOYSA-N,Cc1ccccc1O,-5.87,arrow,2,3.0,False,,dmpnn,-5.140546957651774,-5.183098316192627,-4.434358596801758,-5.8041839599609375
LFQSCWFLJHTTHZ-UHFFFAOYSA-N,CCO,-5.01,arrow,2,3.0,False,,dmpnn,-4.907491207122803,-5.005955219268799,-5.083559989929199,-4.63295841217041
AMQJEAYHLZJPGS-UHFFFAOYSA-N,CCCCCO,-4.47,arrow,2,3.0,False,,dmpnn,-4.3239485422770185,-4.078250408172607,-4.111400127410889,-4.782195091247559
AQIXEPGDORPWBJ-UHFFFAOYSA-N,CCC(O)CC,-4.35,arrow,2,3.0,False,,dmpnn,-4.464829921722412,-4.162314414978027,-4.443458080291748,-4.788717269897461
XEKOWRVHYACXOJ-UHFFFAOYSA-N,CCOC(C)=O,-3.12,arrow,2,3.0,False,,dmpnn,-3.330912987391154,-3.1949117183685303,-3.3653368949890137,-3.432490348815918
WQOXQRCZOLPYPM-UHFFFAOYSA-N,CSSC,-1.83,arrow,2,3.0,False,,dmpnn,-2.608725388844808,-2.5970239639282227,-2.3671231269836426,-2.8620290756225586
JUJWROOIHBZHMG-UHFFFAOYSA-N,c1ccncc1,-4.69,arrow,2,3.0,False,,dmpnn,-3.2728939056396484,-3.5587029457092285,-2.9617128372192383,-3.2982659339904785
CRSOQBOWXPBRES-UHFFFAOYSA-N,CC(C)(C)C,2.5,arrow,3,3.0,False,,dmpnn,2.1905554135640464,1.7478861808776855,2.497506618499756,2.3262734413146973
OTMSDBZUPAUEDD-UHFFFAOYSA-N,CC,1.7925,arrow,3,3.0,False,,dmpnn,0.6693857510884603,0.39574480056762695,0.7816686630249023,0.8307437896728516
VLKZOEOYAKHREP-UHFFFAOYSA-N,CCCCCC,2.5095,arrow,3,3.0,False,,dmpnn,2.691831111907959,2.095734119415283,2.606329917907715,3.373429298400879
YWAKXRMUMFPDSH-UHFFFAOYSA-N,C=CCCC,1.6800000000000002,arrow,3,3.0,False,,dmpnn,1.3926130930582683,0.8587546348571777,1.4694738388061523,1.8496108055114746
ROSDSFDQCJNGOL-UHFFFAOYSA-N,CNC,-4.3,arrow,3,3.0,False,,dmpnn,-4.1178404490153,-4.480059623718262,-4.2269392013549805,-3.6465225219726562
HQABUPZFAYXKJW-UHFFFAOYSA-N,CCCCN,-4.24,arrow,3,3.0,False,,dmpnn,-3.417048613230387,-3.7907633781433105,-3.495197296142578,-2.9651851654052734
XNLICIUVMPYHGG-UHFFFAOYSA-N,CCCC(C)=O,-3.52,arrow,3,3.0,False,,dmpnn,-3.1486289501190186,-3.5524182319641113,-3.160400152206421,-2.7330684661865234
IWDCLRJOBJJRNH-UHFFFAOYSA-N,Cc1ccc(O)cc1,-6.14,arrow,3,3.0,False,,dmpnn,-5.9518130620320635,-7.158964157104492,-5.823904991149902,-4.872570037841797
XLYOFNOQVPJJNP-UHFFFAOYSA-N,O,-6.3,arrow,3,3.0,False,,dmpnn,-3.824091911315918,-3.567124128341675,-4.359560012817383,-3.5455915927886963
BDERNNFJNOPAEC-UHFFFAOYSA-N,CCCO,-4.92,arrow,3,3.0,False,,dmpnn,-4.3716951211293535,-5.030045509338379,-4.480079174041748,-3.6049606800079346
KBPLFHHGFOOTCA-UHFFFAOYSA-N,CCCCCCCCO,-4.09,arrow,3,3.0,False,,dmpnn,-4.668575604756673,-5.033236980438232,-4.778905391693115,-4.193584442138672
DKPFZGUDAPQIHT-UHFFFAOYSA-N,CCCCOC(C)=O,-2.55,arrow,3,3.0,False,,dmpnn,-3.019357999165853,-3.2082009315490723,-3.121335029602051,-2.7285380363464355
WQAQPCDUOCURKW-UHFFFAOYSA-N,CCCCS,-0.99,arrow,3,3.0,False,,dmpnn,-0.6614033381144205,-1.0055370330810547,-0.5471792221069336,-0.43149375915527344
LJSQFQKUNVCTIA-UHFFFAOYSA-N,CCSCC,-1.43,arrow,3,3.0,False,,dmpnn,-1.0105504194895427,-1.150144100189209,-1.2776212692260742,-0.6038858890533447
WXEHBUMAEPOYKP-UHFFFAOYSA-N,CCSC,-1.5,arrow,3,3.0,False,,dmpnn,-1.0396870772043865,-1.1190190315246582,-1.1544127464294434,-0.8456294536590576
ZFRKQXVRDFCRJG-UHFFFAOYSA-N,Cc1c[nH]c2ccccc12,-5.88,arrow,3,3.0,False,,dmpnn,-6.55848503112793,-8.013589859008789,-6.38876485824585,-5.27310037612915
KAESVJOAVNADME-UHFFFAOYSA-N,c1cc[nH]c1,-4.8,arrow,3,3.0,False,,dmpnn,-4.591596762339274,-6.254690647125244,-4.322994232177734,-3.1971054077148438
LVZWSLJZHVFIQJ-UHFFFAOYSA-N,C1CC1,0.75,arrow,4,3.0,False,,dmpnn,1.190381685892741,0.8415694236755371,1.4292840957641602,1.3002915382385254
XDTMQSROBMDMFD-UHFFFAOYSA-N,C1CCCCC1,1.23,arrow,4,3.0,False,,dmpnn,1.1903818448384602,0.8415694236755371,1.4292845726013184,1.3002915382385254
NNPPMTNAJDCUHE-UHFFFAOYSA-N,CC(C)C,2.2800000000000002,arrow,4,3.0,False,,dmpnn,2.189046065012614,2.1191601753234863,2.1593990325927734,2.288578987121582
VXNZUUAINFGPBY-UHFFFAOYSA-N,C=CCC,1.38,arrow,4,3.0,False,,dmpnn,1.6022804578145344,1.493278980255127,1.686692237854004,1.6268701553344727
XTHFKEDIFFGKHM-UHFFFAOYSA-N,COCCOC,-4.84,arrow,4,3.0,False,,dmpnn,-4.728273232777913,-4.454326629638672,-4.773230075836182,-4.957262992858887
IKHGUXGNUITLKF-UHFFFAOYSA-N,CC=O,-3.5,arrow,4,3.0,False,,dmpnn,-3.338172753651937,-3.447904109954834,-3.167191982269287,-3.3994221687316895
ZWEHNKRNPOVVGH-UHFFFAOYSA-N,CCC(C)=O,-3.71,arrow,4,3.0,False,,dmpnn,-2.899139324824015,-2.8595709800720215,-2.7085378170013428,-3.1293091773986816
FDPIMTJIUBPUKL-UHFFFAOYSA-N,CCC(=O)CC,-3.41,arrow,4,3.0,False,,dmpnn,-2.8966729640960693,-2.9147212505340576,-2.5809144973754883,-3.194383144378662
XBDQKXXYIPTUBI-UHFFFAOYSA-N,CCC(=O)O,-6.46,arrow,4,3.0,False,,dmpnn,-6.45492951075236,-6.18032693862915,-6.174199104309082,-7.010262489318848
IFLREYGFSNHWGE-UHFFFAOYSA-N,c1ccc2cc3cc4ccccc4cc3cc2c1,-5.5,arrow,4,3.0,False,,dmpnn,-5.1928582191467285,-5.163282871246338,-4.118142127990723,-6.297149658203125
RLSSMJSEOOYNOY-UHFFFAOYSA-N,Cc1cccc(O)c1,-5.49,arrow,4,3.0,False,,dmpnn,-5.872772693634033,-6.040256500244141,-5.116823673248291,-6.461237907409668
BTANRVKWQNVYAZ-UHFFFAOYSA-N,CCC(C)O,-4.58,arrow,4,3.0,False,,dmpnn,-4.025529940923055,-3.9263951778411865,-3.6464552879333496,-4.503739356994629
JYVLIDXNZAXMDK-UHFFFAOYSA-N,CCCC(C)O,-4.39,arrow,4,3.0,False,,dmpnn,-4.011551936467488,-3.948930501937866,-3.6983394622802734,-4.387385845184326
DLFVBJFMPXGRIB-UHFFFAOYSA-N,CC(N)=O,-9.71,arrow,4,3.0,False,,dmpnn,-8.973746299743652,-8.61109733581543,-9.24125862121582,-9.068882942199707
OHLUUHNLEMFGTQ-UHFFFAOYSA-N,CNC(C)=O,-10.0,arrow,4,3.0,False,,dmpnn,-7.025015989939372,-6.565918922424316,-7.074234485626221,-7.434894561767578
FXHOOIRPVKKKFG-UHFFFAOYSA-N,CC(=O)N(C)C,-8.5,arrow,4,3.0,False,,dmpnn,-6.1427334149678545,-5.369926929473877,-6.060366630554199,-6.997906684875488
LSDPWZHWYPCBBB-UHFFFAOYSA-N,CS,-1.219,arrow,4,3.0,False,,dmpnn,-1.6723033587137859,-1.781144380569458,-1.328153133392334,-1.9076125621795654
AAUJSCRITBXDJH,Clc1ccc2c(Cl)c(Cl)ccc2c1,-3.580763582585761,external,-1,0.0,False,0.4583333333333333,dmpnn,-2.541367292404175,-2.4024341106414795,-2.23354434967041,-2.9881234169006348
AKDRYEADQPNLOH,CC=NOCc1c(F)c(F)c(F)c(F)c1F,-2.282416084376685,external,-1,0.0,True,0.22727272727272727,dmpnn,-4.0558115641276045,-3.877061367034912,-4.031665802001953,-4.258707523345947
ALVPFGSHPUPROW,CCCSSCCC,-1.653482212099156,external,-1,0.0,False,0.5384615384615384,dmpnn,-1.3612408638000488,-1.0485663414001465,-1.2432482242584229,-1.7919080257415771
ALVYVCQIFHTIRD,O=S(=O)(O)CCC(F)(F)C(F)(F)C(F)(F)C(F)(F)C(F)(F)C(F)(F)C(F)(F)C(F)(F)F,-1.0050294233768833,external,-1,0.0,True,0.2,dmpnn,-0.8420985539754232,0.5020971298217773,-1.503462314605713,-1.524930477142334
AWZOLILCOUMRDG,CCOP(=O)(Sc1ccccc1)Sc1ccccc1,-9.676930122691385,external,-1,0.0,True,0.35714285714285715,dmpnn,-7.431735356648763,-5.990564346313477,-7.194753646850586,-9.109888076782227
BAOLNVSMVTYGDA,Clc1ccc2c(Cl)c(Cl)c(Cl)c(Cl)c2c1,-3.119164713968704,external,-1,0.0,False,0.5,dmpnn,-2.800694783528646,-2.4233975410461426,-2.6302618980407715,-3.3484249114990234
BAYUSCHCCGXLAY,COc1cccc(C(C)=O)c1,-6.3751571234794,external,-1,0.0,False,0.5714285714285714,dmpnn,-6.116325378417969,-5.883264064788818,-6.086182594299316,-6.3795294761657715
BBABSCYTNHOKOG,COc1c(Cl)c(Cl)c(Cl)c(Cl)c1Cl,-0.9774670142527602,external,-1,0.0,False,0.391304347826087,dmpnn,-3.0134965578715005,-2.6584417819976807,-2.968268632888794,-3.4137792587280273
BCTASVPUYLXFBW,CC(CO)=NOCc1c(F)c(F)c(F)c(F)c1F,-2.4906140436893542,external,-1,0.0,True,0.2,dmpnn,-6.923702081044515,-6.950474262237549,-6.883761405944824,-6.936870574951172
BDFAOUQQXJIZDG,CC(C)CS,-0.5378803038700118,external,-1,0.0,False,0.4166666666666667,dmpnn,-0.5793023109436035,-0.38884639739990234,-0.3479743003845215,-1.0010862350463867
BIVDISPRSYAHQQ,Clc1cc(Cl)c2c(Cl)cccc2c1Cl,-3.50660630412664,external,-1,0.0,False,0.45454545454545453,dmpnn,-2.3869803746541343,-2.308387041091919,-2.0064165592193604,-2.846137523651123
BMZVDHQOAJUZJL,COc1c(Br)cccc1Br,-2.677294821763553,external,-1,0.0,True,0.36363636363636365,dmpnn,-3.0556450684865317,-2.9063706398010254,-2.6981210708618164,-3.562443494796753
BRLQWZUYTZBJKN,ClCC1CO1,-3.897199417405152,external,-1,0.0,False,0.4444444444444444,dmpnn,-7.688518524169922,-7.181534767150879,-8.460101127624512,-7.423919677734375
BTRCDLZQISXWHZ,COc1ccc(Br)c(Cl)c1Cl,-1.9585971639928248,external,-1,0.0,True,0.42857142857142855,dmpnn,-3.1948450406392417,-2.9483113288879395,-3.0375518798828125,-3.5986719131469727
BULLJMKUVKYZDJ,FC(F)(F)C(F)(F)C(F)(F)C(F)(F)C(F)(F)C(F)(F)I,-0.0777986830724094,external,-1,0.0,True,0.23529411764705882,dmpnn,3.197134494781494,3.843480110168457,3.216197967529297,2.5317254066467285
BVSOVPUWHJWGEP,COc1c(Cl)ccc(Cl)c1Br,-1.7472726277691262,external,-1,0.0,True,0.4666666666666667,dmpnn,-2.9090166886647544,-2.7377593517303467,-2.6429624557495117,-3.3463282585144043
BYGQBDHUGHBGMD,CCC(C)C=O,-2.39561343672259,external,-1,0.0,False,0.45,dmpnn,-2.490663925806681,-1.9731042385101318,-2.686892509460449,-2.811995029449463
CAFROQYMUICGNO,O=COCC(F)(F)F,-1.5370463030734125,external,-1,0.0,False,0.38095238095238093,dmpnn,-2.1096749305725098,-1.4095470905303955,-2.378575086593628,-2.540902614593506
CCEFMUBVSUDRLG,C=C(C)C1CCC2(C)OC2C1,-2.92284059793544,external,-1,0.0,True,0.4722222222222222,dmpnn,-6.281396865844727,-6.487486839294434,-7.550625801086426,-4.80607795715332
CCEKAJIANROZEO,CCNS(=O)(=O)C(F)(F)C(F)(F)C(F)(F)C(F)(F)C(F)(F)C(F)(F)C(F)(F)C(F)(F)F,-0.501220058409582,external,-1,0.0,True,0.20588235294117646,dmpnn,-0.9519046942392985,0.7991418838500977,-1.959777593612671,-1.6950783729553223
CGFCSKMZZXPWEY,CC(O)C(C)O[N+](=O)[O-],-7.359115369041204,external,-1,0.0,True,0.46153846153846156,dmpnn,-6.634509245554606,-5.837925434112549,-7.50216007232666,-6.563442230224609
CHIFOSRWCNZCFN,CCC(CC)Nc1c([N+](=O)[O-])cc(C)c(C)c1[N+](=O)[O-],-6.102891134415766,external,-1,0.0,True,0.3488372093023256,dmpnn,-6.897064367930095,-7.178529739379883,-7.081036567687988,-6.431626796722412
CICQUFBZCADHHX,COc1ccc(Cl)cc1Cl,-2.010150095313052,external,-1,0.0,False,0.4782608695652174,dmpnn,-2.7870497703552246,-2.738440990447998,-2.5116686820983887,-3.111039638519287
COAUHYBSXMIJDK,FC(F)(F)C(F)(F)C(Cl)Cl,0.8383365091933289,external,-1,0.0,True,0.375,dmpnn,1.5522236824035645,2.0619053840637207,1.6252965927124023,0.9694690704345703
CTLMCQOGOWNFHA,Clc1ccc2c(Cl)c(Cl)c(Cl)c(Cl)c2c1Cl,-4.483411727002943,external,-1,0.0,False,0.47368421052631576,dmpnn,-2.836463212966919,-2.373941659927368,-2.701141357421875,-3.4343066215515137
CWJSHJJYOPWUGX,CC(C)OC(=O)Nc1cccc(Cl)c1,-6.488354475825306,external,-1,0.0,True,0.3684210526315789,dmpnn,-7.572911739349365,-6.837070465087891,-7.8004584312438965,-8.081206321716309
DCEPGADSNJKOJK,O=C(F)C(F)(F)F,-2.553038563510698,external,-1,0.0,True,0.4375,dmpnn,0.402318795522054,0.9700078964233398,0.20550012588500977,0.0314483642578125
DIRFUJHNVNOBMY,CCC(C)c1ccccc1OC(=O)NC,-7.599347343229355,external,-1,0.0,True,0.5,dmpnn,-6.6779459317525225,-5.971354007720947,-6.879938125610352,-7.1825456619262695
DKEGCUDAFWNSSO,BrCCCCCCCCBr,-2.0575741949439603,external,-1,0.0,False,0.6153846153846154,dmpnn,-0.353557825088501,-0.016575336456298828,-0.44022512435913086,-0.6038730144500732
DLIFNTQMBOCKTL,CC(C)=NOCc1c(F)c(F)c(F)c(F)c1F,-1.9585971639928248,external,-1,0.0,True,0.22727272727272727,dmpnn,-4.063969771067302,-4.025294303894043,-4.039583683013916,-4.127031326293945
DPCILIMHENXHQX,CCc1nccnc1OC,-4.393344412065939,external,-1,0.0,False,0.3333333333333333,dmpnn,-6.443683624267578,-5.7708659172058105,-6.8498334884643555,-6.710351467132568
DWEYPOWXNBAIDU,CN(Cl)Cl,-1.2452613975650346,external,-1,0.0,False,0.42857142857142855,dmpnn,-3.372237761815389,-2.9937024116516113,-4.390340328216553,-2.732670545578003
DWPLEOPKBWNPQV,COc1ccccc1C(C)=O,-6.309257608654238,external,-1,0.0,False,0.6923076923076923,dmpnn,-5.201677004496257,-4.956043720245361,-5.075092792510986,-5.573894500732422
DZHZYPCCEISGSQ,Clc1cc(Cl)c2cccc(Cl)c2c1,-3.063453976464707,external,-1,0.0,False,0.5652173913043478,dmpnn,-2.336678663889567,-2.333807945251465,-1.9420981407165527,-2.7341299057006836
FALCMQXTWHPRIH,C=C(Cl)CCl,-1.2801235082622549,external,-1,0.0,False,0.45454545454545453,dmpnn,-1.1245046456654866,-0.9143774509429932,-0.9820797443389893,-1.4770567417144775
FCOAHACKGGIURQ,CC(C)OP(=O)(OC(C)C)SCc1ccccc1,-7.92524151949921,external,-1,0.0,True,0.36363636363636365,dmpnn,-6.93534501393636,-6.000048637390137,-7.377287864685059,-7.428698539733887
FEIKEVSWLMYFFF,Clc1cc(Cl)c2c(Cl)ccc(Cl)c2c1Cl,-3.832500480396495,external,-1,0.0,False,0.47368421052631576,dmpnn,-2.3996177514394126,-2.2982916831970215,-2.0890634059906006,-2.8114981651306152
FHUDAMLDXFJHJE,CC(=O)C(F)(F)F,-4.8299760791673245,external,-1,0.0,False,0.5,dmpnn,-0.6703644593556722,0.041577816009521484,-0.8499283790588379,-1.2027428150177002
FLXYIZWPNQYPIT,OCCC(F)(F)C(F)(F)C(F)(F)C(F)(F)C(F)(F)C(F)(F)C(F)(F)C(F)(F)C(F)(F)C(F)(F)F,0.6270119729696298,external,-1,0.0,False,0.2857142857142857,dmpnn,2.3231005668640137,3.1802268028259277,2.0678353309631348,1.7212395668029785
FMGGHNGKHRCJLL,ClCc1ccccc1CCl,-3.266374329938489,external,-1,0.0,False,0.5,dmpnn,-3.1047422885894775,-2.885560989379883,-2.894207000732422,-3.534458875656128
FMWLUWPQPKEARP,ClC(Cl)Br,-1.4672616271154053,external,-1,0.0,False,0.42857142857142855,dmpnn,-1.0529719988505046,-0.8194608688354492,-1.070159912109375,-1.2692952156066895
FPIQNBOUYZLESW,COc1ccc(Br)cc1Cl,-2.0575741949439603,external,-1,0.0,True,0.41379310344827586,dmpnn,-3.1108198960622153,-3.023798704147339,-2.881343126296997,-3.4273178577423096
FQTLCLSUCSAZDY,C=CC(C)(O)CCC=C(C)CCC=C(C)C,0.1372173601069845,external,-1,0.0,True,0.7857142857142857,dmpnn,-4.066622893015544,-3.6416878700256348,-4.383739948272705,-4.174440860748291
FRQUNVLMWIYOLV,COc1ccc(Cl)c(Cl)c1Cl,-2.0575741949439603,external,-1,0.0,False,0.5833333333333334,dmpnn,-2.976210912068685,-2.732728958129883,-2.767970085144043,-3.427933692932129
FSPSELPMWGWDRY,CC(=O)c1cccc(C)c1,-4.870853317160879,external,-1,0.0,False,0.68,dmpnn,-4.638389905293782,-4.343653202056885,-4.361243724822998,-5.210272789001465
FUNUTBJJKQIVSY,Cc1ccc(Cl)cc1Cl,-1.126367030655116,external,-1,0.0,False,0.55,dmpnn,-1.331729571024577,-1.3131601810455322,-0.9410004615783691,-1.741028070449829
FWKUBDOTUFVPBX,COc1c(Br)cc(Br)c(Cl)c1Br,-1.846249658720261,external,-1,0.0,True,0.36666666666666664,dmpnn,-3.472968816757202,-3.201930046081543,-3.336836814880371,-3.8801395893096924
FYQFWFHDPNXORA,C=CC(F)(F)C(F)(F)C(F)(F)C(F)(F)C(F)(F)C(F)(F)F,0.7698968620756514,external,-1,0.0,True,0.25,dmpnn,2.999821186065674,3.5682601928710938,3.0395097732543945,2.391693592071533
GAPFWGOSHOCNBM,CC(C)O[N+](=O)[O-],-1.6514177962544974,external,-1,0.0,False,0.5454545454545454,dmpnn,-2.918520530064901,-2.6263628005981445,-3.540008068084717,-2.589190721511841
GEWDNTWNSAZUDX,CC/C=C/C[C@@H]1C(=O)CC[C@H]1CC(=O)OC,-6.948436096622908,external,-1,0.0,True,0.32653061224489793,dmpnn,-6.300216833750407,-5.671178817749023,-6.43455171585083,-6.794919967651367
GGDYAKVUZMZKRV,OCCF,-4.170539722175125,external,-1,0.0,False,0.4444444444444444,dmpnn,-6.569729328155518,-5.762714385986328,-7.010653495788574,-6.93582010269165
GPAVMFOMYSGJDM,CCCCCC=NOCc1c(F)c(F)c(F)c(F)c1F,-1.5793846637549709,external,-1,0.0,True,0.3125,dmpnn,-3.9354584217071533,-3.7705695629119873,-3.7957873344421387,-4.240018367767334
GUCFBWGWRCILHN,COc1cc(Cl)c(Cl)c(Cl)c1,-1.4157086957951794,external,-1,0.0,False,0.5,dmpnn,-3.163134495417277,-2.861801862716675,-3.034618854522705,-3.592982769012451
GUVLYNGULCJVDO,CCCN(CCC)C(=O)SCC,-3.4900914838823294,external,-1,0.0,False,0.7083333333333334,dmpnn,-4.112290541330974,-3.740757465362549,-4.53096866607666,-4.065145492553711
GVYLCNUFSHDAAW,ClC1(Cl)C2(Cl)C3(Cl)C4(Cl)C(Cl)(Cl)C5(Cl)C3(Cl)C1(Cl)C5(Cl)C24Cl,-2.010150095313052,external,-1,0.0,False,0.21428571428571427,dmpnn,-0.5546185970306396,0.6499404907226562,-1.8940327167510986,-0.41976356506347656
GWQOOADXMVQEFT,Cc1ccc(C)s1,-1.3130478087293145,external,-1,0.0,False,0.3684210526315789,dmpnn,-1.8324824174245198,-2.0188164710998535,-1.4798083305358887,-1.9988224506378174
HCRBXQFHJMCTLF,CCOC(=O)C(C)CC,-2.161848414164622,external,-1,0.0,False,0.47619047619047616,dmpnn,-2.903417984644572,-2.8214564323425293,-3.0297818183898926,-2.859015703201294
HFEASCCDHUVYKU,COc1cccc(Cl)c1Cl,-2.3692764364111216,external,-1,0.0,False,0.5238095238095238,dmpnn,-2.776174306869507,-2.6093456745147705,-2.4544901847839355,-3.2646870613098145
HFVMLYAGWXSTQI,C[C@]12CCC(=O)C[C@@H]1CC[C@@H]1[C@@H]2CC[C@]2(C)C=CC[C@@H]12,-2.6271958419698187,external,-1,0.0,False,0.22807017543859648,dmpnn,-0.46918320655822754,-0.13997459411621094,-0.48896336555480957,-0.7786116600036621
HGCMMKIIGJXXMW,CC(CO)O[N+](=O)[O-],-6.872696747932133,external,-1,0.0,False,0.625,dmpnn,-7.326478163401286,-6.6720170974731445,-7.782139301300049,-7.525278091430664
HGSDQSUMXKHGTH,Clc1cc(Cl)c2c(Cl)c(Cl)cc(Cl)c2c1,-3.266374329938489,external,-1,0.0,False,0.5238095238095238,dmpnn,-2.5494850476582847,-2.4095516204833984,-2.265690326690674,-2.9732131958007812
HHLFWLYXYJOTON,O=CC(=O)O,-7.41558521612978,external,-1,0.0,False,0.5,dmpnn,-9.396374066670736,-8.0496826171875,-10.339645385742188,-9.79979419708252
HKPHPIREJKHECO,CCCCOCN(C(=O)CCl)c1c(CC)cccc1CC,-7.637585445680149,external,-1,0.0,True,0.6829268292682927,dmpnn,-8.88632074991862,-8.056060791015625,-9.449155807495117,-9.153745651245117
HLCSDJLATUNSSI,CC(C)=CCC/C(C)=C/C#N,-2.532952404370913,external,-1,0.0,True,0.5185185185185185,dmpnn,-3.211604913075765,-2.6284656524658203,-3.375232219696045,-3.6311168670654297
HSNWZBCBUUSSQD,CCCCCO[N+](=O)[O-],-1.6559406699833308,external,-1,0.0,False,0.9523809523809523,dmpnn,-2.571774959564209,-2.342944383621216,-3.1955764293670654,-2.1768040657043457
HTDQSWDEWGSAMN,COc1ccccc1Br,-2.532952404370913,external,-1,0.0,False,0.631578947368421,dmpnn,-2.941908280054728,-2.820802927017212,-2.6159119606018066,-3.389009952545166
HVYRFNJXZVEGFK,Clc1cc2c(Cl)ccc(Cl)c2c(Cl)c1Cl,-3.580763582585761,external,-1,0.0,False,0.45,dmpnn,-2.583561102549235,-2.371000051498413,-2.3219141960144043,-3.0577690601348877
HYHMYONEYJINON,C=C(C)C(CO)OO,-7.467138147450005,external,-1,0.0,True,0.2857142857142857,dmpnn,-10.86696720123291,-11.153383255004883,-11.465295791625977,-9.982222557067871
IAIHUHQCLTYTSF,CC1(C)[C@H]2CC[C@](C)(C2)[C@H]1O,-4.025308354953737,external,-1,0.0,True,0.5,dmpnn,-4.473493734995524,-4.237189292907715,-4.864103317260742,-4.319188594818115
ICDUEGOPUWNJNF,C=CC=NOCc1c(F)c(F)c(F)c(F)c1F,-1.871736811958389,external,-1,0.0,True,0.20833333333333334,dmpnn,-4.326000690460205,-3.9560651779174805,-4.319064617156982,-4.702872276306152
IDJOCJAIQSKSOP,OCC(Cl)Cl,-4.041541834797791,external,-1,0.0,False,0.4166666666666667,dmpnn,-6.163957913716634,-5.412076950073242,-6.171056747436523,-6.908740043640137
ILHIHKRJJMKBEE,CCOO,-5.338002436667749,external,-1,0.0,False,0.4166666666666667,dmpnn,-6.073391119639079,-5.509526252746582,-6.039721488952637,-6.670925617218018
ISAVYTVYFVQUDY,CC(C)(C)CC(C)(C)c1ccc(O)cc1,-5.124107462791067,external,-1,0.0,False,0.5416666666666666,dmpnn,-3.7692105770111084,-3.5742931365966797,-3.388556718826294,-4.344781875610352
ITXDBGLYYSJNPK,COc1c(Cl)cc(Cl)c(Cl)c1Cl,-1.2082190270028623,external,-1,0.0,False,0.5833333333333334,dmpnn,-2.927457571029663,-2.690842390060425,-2.712723731994629,-3.3788065910339355
IYRWEQXVUNLMAY,O=C(F)F,-4.008617534330732,external,-1,0.0,False,0.3333333333333333,dmpnn,-0.7060767809549967,-0.574979305267334,-0.9040975570678711,-0.6391534805297852
JCMNMOBHVPONLD,OCCC(F)(F)C(F)(F)C(F)(F)C(F)(F)F,-1.3754506884268412,external,-1,0.0,False,0.3,dmpnn,0.7320958773295084,1.6961555480957031,0.34216880798339844,0.15796327590942383
JIVCPRHFBFVZQL,COc1cc(Cl)c(Cl)c(Cl)c1Br,-1.890157516875148,external,-1,0.0,True,0.64,dmpnn,-3.288074493408203,-2.9210548400878906,-3.2703046798706055,-3.6728639602661133
JJUBFBTUBACDHW,OCCC(F)(F)C(F)(F)C(F)(F)C(F)(F)C(F)(F)C(F)(F)C(F)(F)C(F)(F)F,0.4156874367459304,external,-1,0.0,False,0.2857142857142857,dmpnn,2.017357031504313,2.8941006660461426,1.7385001182556152,1.4194703102111816
JLJXMZMKMRQOLN,OCOOCO,-9.60119077400061,external,-1,0.0,False,0.3,dmpnn,-10.146713574727377,-9.341894149780273,-9.766890525817871,-11.331356048583984
JPQLLIUTUFJWMH,Clc1cc2c(Cl)cc(Cl)c(Cl)c2c(Cl)c1Cl,-4.130581778314352,external,-1,0.0,False,0.5263157894736842,dmpnn,-2.7928855419158936,-2.430349349975586,-2.6306447982788086,-3.317662477493286
JZBCTZLGKSYRSF,CCc1ncc(C)nc1C,-5.261446430439389,external,-1,0.0,False,0.3076923076923077,dmpnn,-6.460359573364258,-6.3866143226623535,-6.833485126495361,-6.160979270935059
KJRACWZCOVHBQU,CCCCCC(C)(C)OC,-0.9181690713424469,external,-1,0.0,True,0.47619047619047616,dmpnn,0.027007897694905598,0.30643510818481445,-0.031694889068603516,-0.19371652603149414
KNUQGVIXAYDSOX,CCC(O)CO[N+](=O)[O-],-7.026068370085849,external,-1,0.0,True,0.5384615384615384,dmpnn,-7.1017351150512695,-6.275111198425293,-7.7206525802612305,-7.309441566467285
KOCVACNWDMSLBM,CCOCc1ccc(O)c(OC)c1,-8.195103915206705,external,-1,0.0,True,0.6363636363636364,dmpnn,-9.317750930786133,-8.946362495422363,-8.931055068969727,-10.075835227966309
KPOZENRUJCHWOA,Clc1cc(Cl)c2c(Cl)c(Cl)ccc2c1Cl,-3.4657290661330857,external,-1,0.0,False,0.42857142857142855,dmpnn,-2.569610913594564,-2.367039680480957,-2.284759044647217,-3.0570340156555176
KSMVNVHUTQZITP,Clc1cc2oc3cc(Cl)c(Cl)cc3c2cc1Cl,-4.318006884312718,external,-1,0.0,False,0.4117647058823529,dmpnn,-5.689881642659505,-5.1997880935668945,-5.453248023986816,-6.416608810424805
KZLMCDNAVVJKPX,COc1c(Cl)cccc1Cl,-1.826387968213476,external,-1,0.0,False,0.4642857142857143,dmpnn,-2.5579779148101807,-2.549381732940674,-2.125821352005005,-2.9987306594848633
LBCOXKFWBDTJTF,Clc1ccc2c(Cl)cc(Cl)c(Cl)c2c1Cl,-3.580763582585761,external,-1,0.0,False,0.45,dmpnn,-2.5631460348765054,-2.37368106842041,-2.270299196243286,-3.0454578399658203
LCFKURIJYIJNRU,CCCCC(C)CO,-4.410771696363276,external,-1,0.0,True,0.6,dmpnn,-4.1216379801432295,-3.935901165008545,-4.292904853820801,-4.136107921600342
LCHJNNXHVDDVAT,COc1cc(Cl)cc(Cl)c1Br,-1.9585971639928248,external,-1,0.0,True,0.41379310344827586,dmpnn,-3.129453182220459,-2.8676838874816895,-2.987649440765381,-3.5330262184143066
LFVCJQWZGDLHSD,COc1cc(CC(C)=O)ccc1O,-10.195632173518485,external,-1,0.0,True,0.5882352941176471,dmpnn,-10.545779863993326,-9.625795364379883,-10.343721389770508,-11.66782283782959
LFYXNXGVLGKVCJ,CC1(C)C2CCC1(C)[C@](C)(O)C2,-3.197329797674128,external,-1,0.0,True,0.3548387096774194,dmpnn,-2.709338585535685,-2.2683956623077393,-3.6965131759643555,-2.163106918334961
LITCKAVLJAKHOE,Clc1ccc(Cl)c2c(Cl)ccc(Cl)c12,-4.008617534330732,external,-1,0.0,False,0.5384615384615384,dmpnn,-2.193568785985311,-2.2353148460388184,-1.8107845783233643,-2.53460693359375
LNDQFOSWZJYEIC,CCC(C)=NOCc1c(F)c(F)c(F)c(F)c1F,-1.4547877990255242,external,-1,0.0,True,0.20689655172413793,dmpnn,-3.9592463175455728,-3.8256444931030273,-3.9072933197021484,-4.144801139831543
MEUKEBNAABNAEX,COO,-5.281532589579175,external,-1,0.0,False,0.42857142857142855,dmpnn,-6.327017466227214,-5.7468085289001465,-6.369986057281494,-6.8642578125
MMHZKSMAFILONG,Clc1ccc2c(Cl)cccc2c1Cl,-3.322844177027064,external,-1,0.0,False,0.55,dmpnn,-2.3526200453440347,-2.28989577293396,-1.95820951461792,-2.8097548484802246
MSWVMWGCNZQPIA,CC(=O)CF,-4.170539722175125,external,-1,0.0,False,0.5,dmpnn,-3.967587868372599,-3.477771043777466,-4.3647141456604,-4.060278415679932
MUUDTVDSRYEMBU,COc1c(Br)cc(Br)c(Cl)c1Cl,-1.890157516875148,external,-1,0.0,True,0.3793103448275862,dmpnn,-3.324517011642456,-3.0583863258361816,-3.179530143737793,-3.7356345653533936
NDZIBNJHNBUHKW,Clc1cc2c(Cl)c(Cl)c(Cl)c(Cl)c2c(Cl)c1Cl,-5.389555367987976,external,-1,0.0,False,0.5555555555555556,dmpnn,-2.984292984008789,-2.431034803390503,-2.963839292526245,-3.558004856109619
NEZWFWIACBUQMN,OCOO,-10.366079471748629,external,-1,0.0,False,0.3,dmpnn,-10.103833516438803,-9.380311012268066,-9.847572326660156,-11.083617210388184
NMRPBPVERJPACX,CCCCCC(O)CC,-3.37439710834729,external,-1,0.0,False,0.8333333333333334,dmpnn,-4.156440099080403,-4.072219371795654,-4.434372901916504,-3.9627280235290527
NMWKWBPNKPGATC,O=C1OCc2c(Cl)c(Cl)c(Cl)c(Cl)c21,-6.343123108603918,external,-1,0.0,True,0.3181818181818182,dmpnn,-6.446094830830892,-5.689188480377197,-6.961050510406494,-6.688045501708984
NQFUSWIGRKFAHK,CC1(C)C2CC3OC3(C)C1C2,-2.39561343672259,external,-1,0.0,False,0.25,dmpnn,-3.8622851371765137,-4.682466983795166,-5.470503330230713,-1.433885097503662
NSKIRYMHNFTRLR,Brc1ccc(Oc2c(Br)cc(Br)cc2Br)c(Br)c1,-5.389555367987976,external,-1,0.0,True,0.39285714285714285,dmpnn,-4.543806552886963,-4.162015914916992,-4.237965106964111,-5.231438636779785
NTHGIYFSMNNHSC,CC(C)CCO[N+](=O)[O-],-1.491448044485954,external,-1,0.0,True,0.6538461538461539,dmpnn,-2.479484717051188,-2.247319221496582,-3.0335206985473633,-2.157614231109619
NUGDFCWVLOJWOP,CCCCCCCCCC=NOCc1c(F)c(F)c(F)c(F)c1F,-2.420829367731348,external,-1,0.0,True,0.3333333333333333,dmpnn,-3.7890456517537436,-3.6375484466552734,-3.628702163696289,-4.100886344909668
NULBEPOZYDYWOV,COc1cc(CCC(C)=O)cc(OC)c1O,-12.924126199586958,external,-1,0.0,True,0.4857142857142857,dmpnn,-10.708725929260254,-9.575786590576172,-10.789673805236816,-11.760717391967773
NVVZEKTVIXIUKW,FC(F)(F)C(F)(F)C(F)(F)C(F)(F)C(F)(F)C(F)(F)CCI,-0.6933271819097218,external,-1,0.0,False,0.18181818181818182,dmpnn,2.562440554300944,3.162367343902588,2.5229201316833496,2.0020341873168945
NWOYYECMNBWCNK,COc1c(Cl)cccc1Br,-2.1014820530988474,external,-1,0.0,True,0.3939393939393939,dmpnn,-2.8037144343058267,-2.720930576324463,-2.4092750549316406,-3.280937671661377
OAWAZQITIZDJRB,O=C(O)C(F)(F)Cl,-7.877817419868301,external,-1,0.0,True,0.38461538461538464,dmpnn,-4.8671003977457685,-3.793105125427246,-5.715957164764404,-5.092238903045654
OAYSFAKCFYRCRU,COc1c(Cl)cc(Br)cc1Cl,-2.010150095313052,external,-1,0.0,True,0.52,dmpnn,-3.032418727874756,-2.9284934997558594,-2.72599458694458,-3.442768096923828
OEBRKCOSUFCWJD,COP(=O)(OC)OC=C(Cl)Cl,-4.971375885474463,external,-1,0.0,False,0.42857142857142855,dmpnn,-7.588736057281494,-5.832456111907959,-9.086559295654297,-7.847192764282227
OEYKUHBCPJRXGZ,COc1c(Cl)cc(Cl)cc1Br,-1.8973491088834296,external,-1,0.0,True,0.4642857142857143,dmpnn,-2.9955039024353027,-2.8634562492370605,-2.6925888061523438,-3.430466651916504
OIHHRLYOSUNYTC,COc1c(Cl)cc(Cl)c(Br)c1Cl,-1.9021273169042503,external,-1,0.0,True,0.5185185185185185,dmpnn,-3.106250445048014,-2.8895211219787598,-2.93416166305542,-3.4950685501098633
OJYLAHXKWMRDGS,COc1cc(CCC(C)=O)ccc1O,-10.195632173518485,external,-1,0.0,False,0.6470588235294118,dmpnn,-9.745393753051758,-9.00527286529541,-9.472886085510254,-10.75802230834961
OMDFJTSKBNDDRM,CC(O)CO[N+](=O)[O-],-7.41558521612978,external,-1,0.0,False,0.6521739130434783,dmpnn,-7.007223447163899,-6.125598430633545,-7.6093220710754395,-7.286749839782715
ONUFSRWQCKNVSL,Fc1c(F)c(F)c(-c2c(F)c(F)c(F)c(F)c2F)c(F)c1F,-1.6648503859974622,external,-1,0.0,False,0.625,dmpnn,-1.5152587095896404,-1.9861102104187012,-1.2611668109893799,-1.2984991073608398
OTFNCXLUCRUNCH,COc1c(Cl)ccc(Cl)c1Cl,-1.9243773404339863,external,-1,0.0,False,0.5,dmpnn,-2.725080728530884,-2.5733602046966553,-2.4130611419677734,-3.1888208389282227
OTQFXRBLGNEOGH,Clc1cc(Cl)c2c(c1)Oc1c(Cl)cc(Cl)cc1O2,-3.4657290661330857,external,-1,0.0,True,0.45161290322580644,dmpnn,-4.115128358205159,-4.095328330993652,-3.9134316444396973,-4.336625099182129
OTTCXKPQKOLSJN,Clc1cc(Cl)c2cc(Cl)cc(Cl)c2c1,-2.92284059793544,external,-1,0.0,False,0.6,dmpnn,-2.5132917563120523,-2.4802088737487793,-2.2127492427825928,-2.846917152404785
OWIKHYCFFJSOEH,N=C=O,-3.705961040321237,external,-1,0.0,False,0.42857142857142855,dmpnn,-4.044911702473958,-3.1097841262817383,-4.944400787353516,-4.080550193786621
PGCDNPCENWGYMA,Clc1c(Cl)c(Cl)c2c(Cl)ccc(Cl)c2c1Cl,-4.5876242996777865,external,-1,0.0,False,0.5333333333333333,dmpnn,-2.6945744355519614,-2.3079302310943604,-2.5275402069091797,-3.2482528686523438
PLDWAJLZAAHOGG,COc1cccc(Br)c1,-1.7074936013035569,external,-1,0.0,False,0.5384615384615384,dmpnn,-3.221409797668457,-3.034592628479004,-3.069810390472412,-3.559826374053955
PNLDDSLZYVNPQW,COc1c(Br)ccc(Cl)c1Cl,-1.9585971639928248,external,-1,0.0,True,0.3939393939393939,dmpnn,-2.956199884414673,-2.743366003036499,-2.6899075508117676,-3.435326099395752
PNQBEPDZQUOCNY,O=C(Cl)C(F)(F)F,-2.3128065893225465,external,-1,0.0,True,0.4117647058823529,dmpnn,-0.07255045572916667,0.5188498497009277,-0.35784149169921875,-0.378659725189209
POIARNZEYGURDG,C/C=C/C(=O)C1=C(C)C=CCC1(C)C,-3.95552367899573,external,-1,0.0,False,0.21951219512195122,dmpnn,-3.99153200785319,-3.118687629699707,-3.9964394569396973,-4.859468936920166
PPXUHEORWJQRHJ,CCOC(=O)CC(C)C,-1.9585971639928248,external,-1,0.0,False,0.5454545454545454,dmpnn,-2.9346667925516763,-2.6958389282226562,-3.151090621948242,-2.957070827484131
PSINWXIDJYEXLO,CCc1ncc(C)nc1CC,-4.5057723033300405,external,-1,0.0,False,0.32,dmpnn,-5.95957072575887,-5.863670349121094,-6.155862808227539,-5.8591790199279785
PVFOMCVHYWHZJE,O=C(Cl)C(Cl)(Cl)Cl,-2.3128065893225465,external,-1,0.0,False,0.2727272727272727,dmpnn,-1.4923748175303142,-1.1546413898468018,-1.9369125366210938,-1.3855705261230469
QGRPVMLBTFGQDQ,COc1ccccc1Cl,-3.266374329938489,external,-1,0.0,False,0.631578947368421,dmpnn,-2.655111789703369,-2.61177396774292,-2.291240692138672,-3.0623207092285156
QHTQREMOGMZHJV,CCN(CC)C(=O)SCc1ccc(Cl)cc1,-5.973688203519483,external,-1,0.0,True,0.35,dmpnn,-6.154745260874431,-5.177832126617432,-6.561118125915527,-6.725285530090332
QJPJQTDYNZXKQF,COc1ccc(Br)cc1,-1.9585971639928248,external,-1,0.0,False,0.5238095238095238,dmpnn,-3.2753315766652427,-3.1643519401550293,-3.202521800994873,-3.459120988845825
QKMNFFSBZRGHDJ,COc1cc(Cl)ccc1Cl,-2.3417140272869985,external,-1,0.0,False,0.4782608695652174,dmpnn,-2.7318667570749917,-2.6690030097961426,-2.462721109390259,-3.063876152038574
QNPFFCQTVXPCLD,CC=CC=NOCc1c(F)c(F)c(F)c(F)c1F,-1.6736281013538763,external,-1,0.0,True,0.2222222222222222,dmpnn,-4.123507181803386,-3.782592296600342,-4.100870132446289,-4.487059116363525
QTGGFXPTAQEODO,C=CC(C)(CO)OO,-8.831385160484244,external,-1,0.0,True,0.4,dmpnn,-12.649569511413574,-13.681283950805664,-12.77000904083252,-11.497415542602539
QUGUFLJIAFISSW,Fc1ccc(F)cc1,-0.8163503805089578,external,-1,0.0,False,0.6153846153846154,dmpnn,-0.7023127873738607,-0.7307016849517822,-0.3869304656982422,-0.9893062114715576
QUKRIOLKOHUUBM,C=CC(=O)OCCC(F)(F)C(F)(F)C(F)(F)C(F)(F)C(F)(F)C(F)(F)C(F)(F)C(F)(F)F,-0.6933271819097218,external,-1,0.0,True,0.2127659574468085,dmpnn,1.2121628125508626,2.193772315979004,0.8933520317077637,0.5493640899658203
QYEGXUUXWMKHHS,Clc1cc(Cl)c2c(Cl)c(Cl)c(Cl)c(Cl)c2c1Cl,-5.149323393799825,external,-1,0.0,False,0.5882352941176471,dmpnn,-2.855494976043701,-2.3659908771514893,-2.764831781387329,-3.435662269592285
RFFOTVCVTJUTAD,CC(C)C12CCC(C)(CC1)O2,-2.7084854415504074,external,-1,0.0,False,0.21875,dmpnn,-4.296491940816243,-4.86624002456665,-5.2795586585998535,-2.7436771392822266
RFUGYJHXLQAXOX,COc1c(Br)c(Cl)c(Cl)c(Cl)c1Br,-1.8127670246641712,external,-1,0.0,True,0.3333333333333333,dmpnn,-3.3242971102396646,-2.957848072052002,-3.3345813751220703,-3.680461883544922
RGXWDWUGBIJHDO,CCCCCCCCCC(=O)OCC,-2.1014820530988474,external,-1,0.0,False,1.0,dmpnn,-3.379035552342733,-3.1626429557800293,-3.525650978088379,-3.44881272315979
RHLVCLIPMVJYKS,CCCCCC(=O)CC,-2.532952404370913,external,-1,0.0,False,0.8333333333333334,dmpnn,-2.8538713455200195,-2.5941314697265625,-3.0294253826141357,-2.9380571842193604
RLSQIXNUITTXKZ,CCCCCCCC=NOCc1c(F)c(F)c(F)c(F)c1F,-1.7624653819816083,external,-1,0.0,True,0.3333333333333333,dmpnn,-3.931683301925659,-3.7853171825408936,-3.7674942016601562,-4.242238521575928
RTNLUFLDZOAXIC,Clc1c(Cl)c(Cl)c2c(Cl)c(Cl)c(Cl)c(Cl)c2c1Cl,-4.738644121381529,external,-1,0.0,False,0.625,dmpnn,-2.9838953018188477,-2.38798451423645,-3.021808624267578,-3.5418927669525146
RUPAXCPQAAOIPB,CC(C)(C)OC=O,-2.1014820530988474,external,-1,0.0,False,0.375,dmpnn,-3.209555228551229,-2.975097179412842,-3.3167293071746826,-3.336839199066162
RWRBSYOTDDOXKC,CCCC(C)O[N+](=O)[O-],-1.3049310688072877,external,-1,0.0,True,0.6666666666666666,dmpnn,-2.621838331222534,-2.4827234745025635,-3.0304131507873535,-2.3523783683776855
RZXIRSKYBISPGF,Brc1cc(Br)c(Oc2cc(Br)c(Br)cc2Br)cc1Br,-5.3893266975985,external,-1,0.0,True,0.5333333333333333,dmpnn,-4.945178667704265,-4.467836856842041,-4.722602844238281,-5.645096302032471
SFNAUTSNWPPDSY,Brc1ccc(Oc2cc(Br)c(Br)c(Br)c2Br)cc1,-4.41157948966362,external,-1,0.0,True,0.3333333333333333,dmpnn,-4.844250202178955,-4.380160808563232,-4.800218105316162,-5.352371692657471
SJIIFORJBWPNPM,COc1cc(Br)c(Cl)cc1Cl,-1.9585971639928248,external,-1,0.0,True,0.42857142857142855,dmpnn,-3.1685171127319336,-3.013587474822998,-2.9502906799316406,-3.541673183441162
SNGREZUHAYWORS,O=C(O)C(F)(F)C(F)(F)C(F)(F)C(F)(F)C(F)(F)C(F)(F)C(F)(F)F,-3.4657290661330853,external,-1,0.0,True,0.25,dmpnn,1.122172196706136,2.2793397903442383,0.7334556579589844,0.35372114181518555
SRMWNTGHXHOWBT,CNS(=O)(=O)C(F)(F)C(F)(F)C(F)(F)C(F)(F)C(F)(F)C(F)(F)C(F)(F)C(F)(F)F,-0.0514616827609407,external,-1,0.0,True,0.2,dmpnn,-0.7908421357472738,0.9994058609008789,-1.7974202632904053,-1.574512004852295
SRTQFRQWTUMMTC,C=NOCc1c(F)c(F)c(F)c(F)c1F,-2.1805973935431964,external,-1,0.0,True,0.2631578947368421,dmpnn,-4.073276360829671,-3.977665424346924,-4.159494400024414,-4.082669258117676
SSNXYMVLSOMJLU,COc1cc(Cl)cc(Cl)c1,-1.0313664236883515,external,-1,0.0,False,0.5,dmpnn,-2.9896809260050454,-2.80226469039917,-2.8353967666625977,-3.331381320953369
STNJBCKSHOAVAJ,C=C(C)C=O,-2.8315086401496434,external,-1,0.0,False,0.5,dmpnn,-3.454054514567057,-3.283785343170166,-3.644942283630371,-3.4334359169006348
SVEZPKVUIXAEOX,COc1cc(Cl)c(Br)c(Cl)c1,-1.9585971639928248,external,-1,0.0,True,0.35714285714285715,dmpnn,-3.347460667292277,-3.0801796913146973,-3.259223699569702,-3.7029786109924316
SXKBHOQOOGRFJF,COc1cc(Cl)c(Cl)cc1Cl,-1.9585971639928248,external,-1,0.0,False,0.5652173913043478,dmpnn,-2.933845043182373,-2.7843270301818848,-2.672426700592041,-3.3447813987731934
TXGIGTRUEITPSC,O=S(=O)(O)CCC(F)(F)C(F)(F)C(F)(F)C(F)(F)F,-1.4290235246646108,external,-1,0.0,True,0.20689655172413793,dmpnn,-3.4075381755828857,-2.4120805263519287,-4.2830491065979,-3.527484893798828
TXINBPKSWKFMNB,CCC(=O)OO[N+](=O)[O-],-2.1805973935431964,external,-1,0.0,False,0.4,dmpnn,-4.374675273895264,-3.179452419281006,-5.320017337799072,-4.624556064605713
UABDVZDYKDIZFO,Fc1c(F)c(F)c(CON=C2c3ccccc3-c3ccccc32)c(F)c1F,-1.9585971639928248,external,-1,0.0,True,0.2727272727272727,dmpnn,-6.599522749582927,-5.928642272949219,-6.403249263763428,-7.466676712036133
UBJVUCKUDDKUJF,C=CCSCC=C,-1.53653790673299,external,-1,0.0,False,0.35714285714285715,dmpnn,-1.9217506249745686,-1.4492194652557373,-1.7610836029052734,-2.5549488067626953
UCASBURGYXMQLW,Cc1ccc(C=NOCc2c(F)c(F)c(F)c(F)c2F)cc1,-1.6559406699833308,external,-1,0.0,True,0.3142857142857143,dmpnn,-5.053367614746094,-4.565422534942627,-4.895164966583252,-5.699515342712402
UHEPJGULSIKKTP,CC(=O)CCC=C(C)C,-3.37439710834729,external,-1,0.0,False,0.52,dmpnn,-3.0803071657816568,-2.6114654541015625,-3.2248921394348145,-3.4045639038085938
UHXUZOCRWCRNSJ,CNC(=O)ON=C(C)SC,-7.7697946414595,external,-1,0.0,True,0.42857142857142855,dmpnn,-7.618950208028157,-6.518449306488037,-8.800200462341309,-7.538200855255127
UIHCLUNTQKBZGK,CCC(C)C(C)=O,-3.126712395015846,external,-1,0.0,False,0.47058823529411764,dmpnn,-2.7652411460876465,-2.2356271743774414,-3.0288853645324707,-3.0312108993530273
UJIGKESMIPTWJH,FC(Cl)C(F)(F)C(F)(F)Cl,0.7698968620756514,external,-1,0.0,False,0.5,dmpnn,1.6343782742818196,2.128885269165039,1.694725513458252,1.079524040222168
UKSAZCDAGVHMRF,Fc1c(F)c(F)c(CON=Cc2ccccc2)c(F)c1F,-1.491448044485954,external,-1,0.0,True,0.2903225806451613,dmpnn,-5.000503698984782,-4.428870677947998,-4.861517429351807,-5.711122989654541
UPNBETHEXPIWQX,Brc1ccc(Oc2ccc(Br)cc2Br)cc1,-3.5448444065774347,external,-1,0.0,True,0.39285714285714285,dmpnn,-4.542509396870931,-4.3129377365112305,-4.284233570098877,-5.0303568840026855
UXFSPRAGHGMRSQ,COc1nccnc1CC(C)C,-3.628908592471273,external,-1,0.0,False,0.3939393939393939,dmpnn,-5.382198333740234,-4.8399176597595215,-5.706336975097656,-5.600340366363525
UZYYBZNZSSNYSA,Cc1c(Cl)ccc(Cl)c1Cl,-1.6559406699833308,external,-1,0.0,False,0.5625,dmpnn,-1.574588457743327,-1.4424748420715332,-1.3283357620239258,-1.9529547691345215
VEFNQGLEDJPUJF,COc1c(Br)c(Br)c(Br)c(Br)c1Br,-4.630621342972727,external,-1,0.0,True,0.38461538461538464,dmpnn,-3.775000254313151,-3.4622488021850586,-3.8434391021728516,-4.019312858581543
VGQXTTSVLMQFHM,CC(=O)OO[N+](=O)[O-],-2.512161325517144,external,-1,0.0,False,0.4230769230769231,dmpnn,-4.514533042907715,-3.3889904022216797,-5.568520545959473,-4.586088180541992
VHNPZYZQKWIWOD,Brc1cc(Br)c(Oc2cc(Br)c(Br)cc2Br)c(Br)c1,-5.800177489354709,external,-1,0.0,True,0.38095238095238093,dmpnn,-4.7443718910217285,-4.2851481437683105,-4.475367069244385,-5.47260046005249
VIONGDJUYAYOPU,O=S(=O)(O)CCC(F)(F)C(F)(F)C(F)(F)C(F)(F)C(F)(F)C(F)(F)F,-0.9774670142527602,external,-1,0.0,True,0.2,dmpnn,-1.8695666790008545,-0.61434006690979,-2.6517820358276367,-2.3425779342651367
VISJRVXHPNMYRH,COc1ccc(Cl)c(Cl)c1,-1.852724968524944,external,-1,0.0,False,0.43478260869565216,dmpnn,-2.984188954035441,-2.8415048122406006,-2.7721595764160156,-3.338902473449707
VJZRCIYSYVGDMU,Clc1cc2c(Cl)ccc(Cl)c2cc1Cl,-3.2169719815591824,external,-1,0.0,False,0.5,dmpnn,-2.489646593729655,-2.439408779144287,-2.1958541870117188,-2.833676815032959
VNVBOBJSRGZDCW,Fc1c(F)c(F)c(CON=CC=NOCc2c(F)c(F)c(F)c(F)c2F)c(F)c1F,-2.1805973935431964,external,-1,0.0,True,0.25,dmpnn,-5.327986081441243,-4.878159999847412,-5.28372859954834,-5.8220696449279785
VNWPJWLGZUDTBZ,CC(=NOCc1c(F)c(F)c(F)c(F)c1F)C(C)(C)O,-2.010150095313052,external,-1,0.0,True,0.1951219512195122,dmpnn,-6.260059356689453,-6.097773551940918,-6.604005813598633,-6.078398704528809
VOGSDFLJZPNWHY,OCC(F)F,-4.581218994593421,external,-1,0.0,False,0.38461538461538464,dmpnn,-5.841755708058675,-5.054085731506348,-6.141058444976807,-6.330122947692871
VQSNXLCFFHGXTI,Clc1ccc(Cl)c2c(Cl)cccc12,-3.73352344944536,external,-1,0.0,False,0.45,dmpnn,-2.1715643405914307,-2.2073588371276855,-1.7306201457977295,-2.576714038848877
VVAAXDBMZVCVPA,ClCC(Cl)CCCCCCCC(Cl)CCl,-3.5448444065774347,external,-1,0.0,True,0.375,dmpnn,-1.5026233990987141,-1.1119921207427979,-1.997751235961914,-1.3981268405914307
VVJKKWFAADXIJK,C=CCN,-4.630621342972727,external,-1,0.0,False,0.4166666666666667,dmpnn,-5.082938989003499,-4.754457950592041,-5.392282962799072,-5.102076053619385
VXBHNYIEBLRXAW,ClCC(Cl)CCCCCCC(Cl)CCl,-2.92284059793544,external,-1,0.0,True,0.375,dmpnn,-1.8275565306345622,-1.384969711303711,-2.279097318649292,-1.8186025619506836
VZRSUQWPXPUWCS,COc1c(Cl)cc(Br)c(Cl)c1Cl,-1.9021273169042503,external,-1,0.0,True,0.4642857142857143,dmpnn,-3.1316397984822593,-2.9009461402893066,-2.9609508514404297,-3.533022403717041
WCJYTPVNMWIZCG,CNC(=O)Oc1ccc(C)c(C)c1,-7.303237710857214,external,-1,0.0,False,0.3939393939393939,dmpnn,-8.486181259155273,-7.809991836547852,-8.666820526123047,-8.981731414794922
WCVOGSZTONGSQY,COc1c(Cl)cc(Cl)cc1Cl,-1.442045696106648,external,-1,0.0,False,0.5652173913043478,dmpnn,-2.762007236480713,-2.7033939361572266,-2.4199776649475098,-3.1626501083374023
WDRCOFFEZVLCLX,COc1c(Cl)c(Cl)cc(Br)c1Br,-1.846249658720261,external,-1,0.0,True,0.4,dmpnn,-3.27531107266744,-2.980523109436035,-3.17633318901062,-3.669076919555664
WDWNMIBWWPZNJK,FC(F)(F)C(F)(F)C(F)(F)C(F)(F)C(F)(F)C(F)(F)/C=C/I,-0.434578546055114,external,-1,0.0,False,0.18181818181818182,dmpnn,2.5468907356262207,3.1763906478881836,2.5713796615600586,1.89290189743042
WHHGLZMJPXIBIX,Brc1c(Br)c(Br)c(Oc2c(Br)c(Br)c(Br)c(Br)c2Br)c(Br)c1Br,-6.343123108603918,external,-1,0.0,True,0.45454545454545453,dmpnn,-4.664326826731364,-4.165484428405762,-4.897397994995117,-4.930098056793213
WHPVYXDFIXRKLN,Brc1ccc(Oc2cc(Br)c(Br)cc2Br)c(Br)c1,-4.870853317160879,external,-1,0.0,False,0.39285714285714285,dmpnn,-4.769271532694499,-4.35360860824585,-4.506616592407227,-5.44758939743042
WHRDPXDGAMJNGH,COc1c(Br)cc(Cl)cc1Br,-2.135701876657686,external,-1,0.0,True,0.4074074074074074,dmpnn,-3.2164762814839682,-3.026883125305176,-2.942112445831299,-3.6804332733154297
WMMFIDNWZNCBCT,COc1c(Cl)c(Cl)cc(Cl)c1Cl,-1.227029652927254,external,-1,0.0,False,0.5652173913043478,dmpnn,-2.888747533162435,-2.596092462539673,-2.7033915519714355,-3.3667585849761963
WNYADZVDBIBLJJ,O=NN1CCCC1,-7.599347343229355,external,-1,0.0,False,0.9285714285714286,dmpnn,-7.229842344919841,-7.274279594421387,-7.259151935577393,-7.156095504760742
WQZKKVJFBZPJSU,CCC(CC)O[N+](=O)[O-],-1.3288483437607428,external,-1,0.0,True,0.6086956521739131,dmpnn,-2.651249408721924,-2.4303741455078125,-3.3502840995788574,-2.1730899810791016
WUOACPNHFRMFPN,CC1=CCC(C(C)(C)O)CC1,-5.508449734897895,external,-1,0.0,False,0.5714285714285714,dmpnn,-4.050979216893514,-3.4177420139312744,-4.577461242675781,-4.157734394073486
WXCMHFPAUCOJIG,CC(=O)c1c(C)c([N+](=O)[O-])c(C(C)(C)C)c([N+](=O)[O-])c1C,-5.281532589579175,external,-1,0.0,True,0.27906976744186046,dmpnn,-6.467759450276692,-6.61920166015625,-6.673764228820801,-6.110312461853027
WYLDWCYZCFRVRH,Clc1cc(Cl)c2c(Cl)cc(Cl)c(Cl)c2c1,-3.197329797674128,external,-1,0.0,False,0.55,dmpnn,-2.5581878821055093,-2.406501293182373,-2.281766653060913,-2.986295700073242
XGXUGXPKRBQINS,COc1ccc(Br)cc1Br,-3.141525290295802,external,-1,0.0,True,0.4230769230769231,dmpnn,-3.399591048558553,-3.2269928455352783,-3.203667163848877,-3.768113136291504
XTBXSCIWOVSSGB,O=C(O)CC(F)(F)C(F)(F)C(F)(F)C(F)(F)C(F)(F)C(F)(F)C(F)(F)C(F)(F)F,-0.2151376507207325,external,-1,0.0,True,0.2692307692307692,dmpnn,1.1974504788716633,2.2508864402770996,0.8514165878295898,0.4900484085083008
XYBSIYMGXVUVGY,Brc1ccc(Oc2ccc(Br)cc2Br)c(Br)c1,-4.548110664011599,external,-1,0.0,True,0.4583333333333333,dmpnn,-4.551682631174724,-4.231158256530762,-4.275758266448975,-5.148131370544434
YAWIAFUBXXPJMQ,Brc1ccc(Oc2ccc(Br)cc2)cc1,-3.094814183963434,external,-1,0.0,True,0.5714285714285714,dmpnn,-4.547178268432617,-4.41115665435791,-4.3640265464782715,-4.86635160446167
YGHRJJRRZDOVPD,CC(C)CC=O,-2.381271697509173,external,-1,0.0,False,0.4444444444444444,dmpnn,-2.32635498046875,-1.9036610126495361,-2.3164150714874268,-2.758988857269287
YGYAWVDWMABLBF,O=C(Cl)Cl,-0.2673234667648203,external,-1,0.0,False,0.375,dmpnn,-1.2714345455169678,-1.1006288528442383,-1.7200310230255127,-0.9936437606811523
YJEMGEBDXDPBSP,COc1ccc(Cl)cc1Br,-2.250382069501203,external,-1,0.0,True,0.36666666666666664,dmpnn,-3.080397923787435,-2.9292163848876953,-2.8823652267456055,-3.429612159729004
YKQOTQPNOJSJFA,CCCC(C)=NOCc1c(F)c(F)c(F)c(F)c1F,-1.3130478087293145,external,-1,0.0,True,0.25,dmpnn,-4.040256977081299,-3.964289903640747,-3.9468252658843994,-4.20965576171875
YORCIIVHUBAYBQ,C#CCBr,-1.826387968213476,external,-1,0.0,False,0.38461538461538464,dmpnn,-1.9285995960235596,-1.808330774307251,-1.6148896217346191,-2.3625783920288086
YRGAYAGBVIXNAQ,COc1ccc(Cl)cc1,-2.943631676789209,external,-1,0.0,False,0.5238095238095238,dmpnn,-2.901443084081014,-2.8213443756103516,-2.7893004417419434,-3.093684434890747
YSVAURKXNCNUNS,COc1c(Cl)c(Cl)c(Br)c(Cl)c1Cl,-1.852724968524944,external,-1,0.0,True,0.3333333333333333,dmpnn,-3.1693747838338218,-2.8342385292053223,-3.1480045318603516,-3.525881290435791
YUKILTJWFRTXGB,COc1cccc(Cl)c1,-2.793270537698849,external,-1,0.0,False,0.5384615384615384,dmpnn,-2.872554302215576,-2.7374863624572754,-2.697542667388916,-3.182633876800537
YXMNEYKMHSBVTD,CCC(CO)O[N+](=O)[O-],-7.046500910381195,external,-1,0.0,True,0.5185185185185185,dmpnn,-7.008178075154622,-6.342976093292236,-7.7485551834106445,-6.933002948760986
YXWWHNCQZBVZPV,CC(=O)c1ccccc1C,-4.468021642247516,external,-1,0.0,False,0.6521739130434783,dmpnn,-4.5293510754903155,-4.3327507972717285,-4.139782428741455,-5.115520000457764
YYZUSRORWSJGET,CCCCCCCC(=O)OCC,-1.9585971639928248,external,-1,0.0,False,1.0,dmpnn,-3.442502419153849,-3.214773654937744,-3.66294002532959,-3.449793577194214
YZMXEWDTXSTFIJ,COc1cc(Cl)c(Br)c(Cl)c1Br,-1.846249658720261,external,-1,0.0,True,0.5185185185185185,dmpnn,-3.4410951137542725,-3.1136393547058105,-3.4382405281066895,-3.7714054584503174
ZENOXNGFMSCLLL,COc1cc(CO)ccc1O,-11.42766999077337,external,-1,0.0,True,0.6666666666666666,dmpnn,-13.909379641215006,-13.472940444946289,-13.88174819946289,-14.37345027923584
ZLIBICFPKPWGIZ,Cc1cc(C)nc(Nc2ccccc2)n1,-8.084183894106772,external,-1,0.0,False,0.37037037037037035,dmpnn,-10.199885050455729,-8.938455581665039,-10.508535385131836,-11.152664184570312
ZNOLGFHPUIJIMJ,COP(=S)(OC)Oc1ccc([N+](=O)[O-])c(C)c1,-6.6500280506858855,external,-1,0.0,False,0.6052631578947368,dmpnn,-7.551048755645752,-7.049357891082764,-8.107739448547363,-7.496048927307129
ZOASGOXWEHUTKZ,CCCSC,-1.402087752245875,external,-1,0.0,False,0.5,dmpnn,-1.1604571342468262,-0.8031587600708008,-1.0568890571594238,-1.621323585510254
ZOKXUAHZSKEQSS,CCCCSP(=O)(SCCCC)SCCCC,-6.719936881072535,external,-1,0.0,True,0.6363636363636364,dmpnn,-4.19986359278361,-3.41416597366333,-4.667229652404785,-4.518195152282715
ZOWSJJBOQDKOHI,CC(=O)OCC(F)(F)F,-1.5690803179488944,external,-1,0.0,False,0.47619047619047616,dmpnn,-2.3260885874430337,-1.8514108657836914,-2.5211455821990967,-2.6057093143463135
ZUXVGCIQOSXRJN,COc1c(Cl)c(Cl)cc(Br)c1Cl,-1.9021273169042503,external,-1,0.0,True,0.41379310344827586,dmpnn,-3.1060789426167807,-2.817559242248535,-2.97186279296875,-3.5288147926330566
ZVJHJDDKYZXRJI,C1=NCCC1,-4.9090914196116735,external,-1,0.0,False,0.25,dmpnn,-6.075241565704346,-5.602768898010254,-5.614855766296387,-7.0081000328063965
VNWKTOKETHGBQD-UHFFFAOYSA-N,C,1.9598,arrow,0,3.0,False,,chemeleon,-1.2257499694824219,-1.3174245357513428,-1.281893014907837,-1.077932357788086
IJDNQMDRQITEOD-UHFFFAOYSA-N,CCCC,2.1032,arrow,0,3.0,False,,chemeleon,1.6137755711873372,1.624967098236084,1.5639972686767578,1.65236234664917
QQONPFPTGQHPMA-UHFFFAOYSA-N,C=CC,1.32,arrow,0,3.0,False,,chemeleon,0.8408815066019694,0.800757884979248,0.7611351013183594,0.9607515335083008
BAVYZALUXZFZLV-UHFFFAOYSA-N,CN,-4.55,arrow,0,3.0,False,,chemeleon,-5.003975550333659,-4.762187957763672,-5.177343368530273,-5.072395324707031
QUSNBJAOOMFDIB-UHFFFAOYSA-N,CCN,-4.5,arrow,0,3.0,False,,chemeleon,-5.004510243733724,-4.928901672363281,-4.929449558258057,-5.155179500579834
NBBJYMSMWIIQGU-UHFFFAOYSA-N,CCC=O,-3.43,arrow,0,3.0,False,,chemeleon,-3.185159206390381,-3.1571998596191406,-3.0284624099731445,-3.3698153495788574
ZTQSAGDEMFDKMZ-UHFFFAOYSA-N,CCCC=O,-3.18,arrow,0,3.0,False,,chemeleon,-2.9073192278544107,-2.826113224029541,-2.7705600261688232,-3.125284433364868
QQZOPKMRPOGIEB-UHFFFAOYSA-N,CCCCC(C)=O,-3.28,arrow,0,3.0,False,,chemeleon,-3.114271958669027,-3.091841220855713,-2.870609760284424,-3.3803648948669434
QTBSBXVTEAMEQO-UHFFFAOYSA-N,CC(=O)O,-6.69,arrow,0,3.0,False,,chemeleon,-7.465246836344401,-7.405346870422363,-7.431894302368164,-7.558499336242676
UHOVQNZJYSORNB-UHFFFAOYSA-N,c1ccccc1,-0.88,arrow,0,3.0,False,,chemeleon,-0.955538829167684,-0.9665400981903076,-0.7306520938873291,-1.169424295425415
UFWIBTONFRDIAS-UHFFFAOYSA-N,c1ccc2ccccc2c1,-2.4,arrow,0,3.0,False,,chemeleon,-2.722646474838257,-2.600346088409424,-2.62283992767334,-2.944753408432007
MWPLVEDNUUSJAV-UHFFFAOYSA-N,c1ccc2cc3ccccc3cc2c1,-3.95,arrow,0,3.0,False,,chemeleon,-4.678965250651042,-4.557626724243164,-4.674702167510986,-4.804566860198975
YNPNZTXNASCQKK-UHFFFAOYSA-N,c1ccc2c(c1)ccc1ccccc12,-3.88,arrow,0,3.0,False,,chemeleon,-4.727946917215983,-4.788468360900879,-4.59844446182251,-4.7969279289245605
KFZMGEQAYNKOFK-UHFFFAOYSA-N,CC(C)O,-4.62,arrow,0,3.0,False,,chemeleon,-4.439714431762695,-4.486238956451416,-4.39576530456543,-4.43713903427124
LRHPLDYGYMQRHN-UHFFFAOYSA-N,CCCCO,-4.72,arrow,0,3.0,False,,chemeleon,-4.736200332641602,-4.575998306274414,-4.680643558502197,-4.951959133148193
DKGAVHZHDRPRBM-UHFFFAOYSA-N,CC(C)(C)O,-4.51,arrow,0,3.0,False,,chemeleon,-3.523001511891683,-3.791990041732788,-3.375748634338379,-3.401265859603882
MSXVEPNJUHWQHW-UHFFFAOYSA-N,CCC(C)(C)O,-4.43,arrow,0,3.0,False,,chemeleon,-3.947500308354696,-3.8519251346588135,-3.790832042694092,-4.199743747711182
DMEGYFMYUHOHGS-UHFFFAOYSA-N,C1CCCCCC1,0.789,arrow,1,3.0,False,,chemeleon,1.2279303868611653,1.2911019325256348,1.345479965209961,1.0472092628479004
ATUOYWHBWRKTHZ-UHFFFAOYSA-N,CCC,1.9598,arrow,1,3.0,False,,chemeleon,1.7342316309611003,1.6689820289611816,1.8202219009399414,1.7134909629821777
OFBQJSOFQDEBGM-UHFFFAOYSA-N,CCCCC,2.3422,arrow,1,3.0,False,,chemeleon,2.17759370803833,2.0805134773254395,2.2245664596557617,2.227701187133789
TVMXDCGIABBOFY-UHFFFAOYSA-N,CCCCCCCC,2.8919,arrow,1,3.0,False,,chemeleon,2.81203826268514,2.7616324424743652,2.853236198425293,2.8212461471557617
VNKYTQGIUYNRMY-UHFFFAOYSA-N,CCCOC,-1.66,arrow,1,3.0,False,,chemeleon,-1.5232970714569092,-1.5383832454681396,-1.3201165199279785,-1.7113914489746094
FERIUCNNQQJTOY-UHFFFAOYSA-N,CCCC(=O)O,-6.35,arrow,1,3.0,False,,chemeleon,-6.0882852872212725,-5.974037170410156,-5.964276313781738,-6.326542377471924
ZUOUZKKEUPVFJK-UHFFFAOYSA-N,c1ccc(-c2ccccc2)cc1,-2.66,arrow,1,3.0,False,,chemeleon,-2.1398373444875083,-2.051647186279297,-2.0450785160064697,-2.322786331176758
OKKJLVBELUTLKV-UHFFFAOYSA-N,CO,-5.11,arrow,1,3.0,False,,chemeleon,-3.925787846247355,-4.098837852478027,-3.7161648273468018,-3.9623608589172363
HPXRVTGHNJAIIH-UHFFFAOYSA-N,OC1CCCCC1,-5.47,arrow,1,3.0,False,,chemeleon,-6.7458217938741045,-6.676307678222656,-6.5166215896606445,-7.044536113739014
RJUFJBKOKNCXHH-UHFFFAOYSA-N,CCC(=O)OC,-2.93,arrow,1,3.0,False,,chemeleon,-2.7961672147115073,-2.7570300102233887,-2.643860340118408,-2.9876112937927246
YKYONYBAUNKHLG-UHFFFAOYSA-N,CCCOC(C)=O,-2.86,arrow,1,3.0,False,,chemeleon,-2.76861834526062,-2.8836464881896973,-2.5995781421661377,-2.8226304054260254
QLNJFJADRCOGBJ-UHFFFAOYSA-N,CCC(N)=O,-9.4,arrow,1,3.0,False,,chemeleon,-8.983515421549479,-8.889724731445312,-8.791847229003906,-9.268974304199219
DNJIEGIFACGWOD-UHFFFAOYSA-N,CCS,-1.24,arrow,1,3.0,False,,chemeleon,-1.4683153629302979,-1.473647117614746,-1.3081297874450684,-1.623169183731079
SUVIGLJNEAMWEG-UHFFFAOYSA-N,CCCS,-1.05,arrow,1,3.0,False,,chemeleon,-1.2286170323689778,-1.197389841079712,-0.9991011619567871,-1.4893600940704346
QMMFVYPAHWMCMS-UHFFFAOYSA-N,CSC,-1.54,arrow,1,3.0,False,,chemeleon,-2.2730917930603027,-2.586318016052246,-1.675191879272461,-2.557765483856201
PAYRUJLWNCNPSJ-UHFFFAOYSA-N,Nc1ccccc1,-5.54,arrow,1,3.0,False,,chemeleon,-5.623507976531982,-5.426225185394287,-5.599230766296387,-5.845067977905273
RAXXELZNTBOGNW-UHFFFAOYSA-N,c1c[nH]cn1,-9.6,arrow,1,3.0,False,,chemeleon,-9.125912348429361,-8.994707107543945,-9.125293731689453,-9.257736206054688
RGSFGYAAUTVSQA-UHFFFAOYSA-N,C1CCCC1,1.2,arrow,2,3.0,False,,chemeleon,1.1029276847839355,1.1483526229858398,1.2677197456359863,0.8927106857299805
VGGSQFUCUMXWEO-UHFFFAOYSA-N,C=C,1.28,arrow,2,3.0,False,,chemeleon,0.699486255645752,0.6392960548400879,0.9180207252502441,0.5411419868469238
KAKZBPTYRLMSJV-UHFFFAOYSA-N,C=CC=C,0.61,arrow,2,3.0,False,,chemeleon,0.7504134178161621,0.8705692291259766,0.7337889671325684,0.6468820571899414
GETQZCLCWQTVFV-UHFFFAOYSA-N,CN(C)C,-3.2,arrow,2,3.0,False,,chemeleon,-3.232719580332438,-3.085172176361084,-3.0165319442749023,-3.596454620361328
LCGLNKUTAGEVQW-UHFFFAOYSA-N,COC,-1.91,arrow,2,3.0,False,,chemeleon,-1.703705072402954,-1.393153190612793,-1.6330130100250244,-2.084949016571045
RTZKZFJDLAIYFH-UHFFFAOYSA-N,CCOCC,-1.75,arrow,2,3.0,False,,chemeleon,-1.7406845092773438,-1.6179678440093994,-1.7198567390441895,-1.8842289447784424
CSCPPACGZOOCGX-UHFFFAOYSA-N,CC(C)=O,-3.8,arrow,2,3.0,False,,chemeleon,-4.125139554341634,-4.066352844238281,-3.894019603729248,-4.415046215057373
BBEAQIROQSPTKN-UHFFFAOYSA-N,c1cc2ccc3cccc4ccc(c1)c2c34,-4.52,arrow,2,3.0,False,,chemeleon,-5.371410687764485,-5.4929986000061035,-4.833098411560059,-5.788135051727295
YXFVVABEGXRONW-UHFFFAOYSA-N,Cc1ccccc1,-0.89,arrow,2,3.0,False,,chemeleon,-0.6816761493682861,-0.7555773258209229,-0.5893235206604004,-0.7001276016235352
ISWSIDIOOBJBQZ-UHFFFAOYSA-N,Oc1ccccc1,-6.62,arrow,2,3.0,False,,chemeleon,-5.627027988433838,-5.45564603805542,-5.626288414001465,-5.799149513244629
QWVGKYWNOKOFNN-UHFFFAOYSA-N,Cc1ccccc1O,-5.87,arrow,2,3.0,False,,chemeleon,-5.550800800323486,-5.4521870613098145,-5.315547943115234,-5.88466739654541
LFQSCWFLJHTTHZ-UHFFFAOYSA-N,CCO,-5.01,arrow,2,3.0,False,,chemeleon,-5.02384885152181,-4.964946269989014,-4.964083671569824,-5.142516613006592
AMQJEAYHLZJPGS-UHFFFAOYSA-N,CCCCCO,-4.47,arrow,2,3.0,False,,chemeleon,-4.466840744018555,-4.11483907699585,-4.637075424194336,-4.6486077308654785
AQIXEPGDORPWBJ-UHFFFAOYSA-N,CCC(O)CC,-4.35,arrow,2,3.0,False,,chemeleon,-4.155074914296468,-4.119118690490723,-4.100062370300293,-4.246043682098389
XEKOWRVHYACXOJ-UHFFFAOYSA-N,CCOC(C)=O,-3.12,arrow,2,3.0,False,,chemeleon,-2.906790335973104,-2.863978862762451,-2.9511001110076904,-2.90529203414917
WQOXQRCZOLPYPM-UHFFFAOYSA-N,CSSC,-1.83,arrow,2,3.0,False,,chemeleon,-2.268777847290039,-2.4356114864349365,-2.0367658138275146,-2.333956241607666
JUJWROOIHBZHMG-UHFFFAOYSA-N,c1ccncc1,-4.69,arrow,2,3.0,False,,chemeleon,-3.9495043754577637,-4.282150745391846,-3.584261417388916,-3.9821009635925293
CRSOQBOWXPBRES-UHFFFAOYSA-N,CC(C)(C)C,2.5,arrow,3,3.0,False,,chemeleon,2.717834154764811,2.96412992477417,2.7618179321289062,2.4275546073913574
OTMSDBZUPAUEDD-UHFFFAOYSA-N,CC,1.7925,arrow,3,3.0,False,,chemeleon,2.239692529042562,2.3746228218078613,2.2195377349853516,2.1249170303344727
VLKZOEOYAKHREP-UHFFFAOYSA-N,CCCCCC,2.5095,arrow,3,3.0,False,,chemeleon,2.574542840321859,2.4562292098999023,2.677272319793701,2.5901269912719727
YWAKXRMUMFPDSH-UHFFFAOYSA-N,C=CCCC,1.6800000000000002,arrow,3,3.0,False,,chemeleon,1.4270799954732258,1.4687118530273438,1.4674158096313477,1.3451123237609863
ROSDSFDQCJNGOL-UHFFFAOYSA-N,CNC,-4.3,arrow,3,3.0,False,,chemeleon,-5.342576662699382,-5.234358310699463,-5.509213447570801,-5.284158229827881
HQABUPZFAYXKJW-UHFFFAOYSA-N,CCCCN,-4.24,arrow,3,3.0,False,,chemeleon,-3.9818900426228843,-3.844630479812622,-3.934420347213745,-4.166619300842285
XNLICIUVMPYHGG-UHFFFAOYSA-N,CCCC(C)=O,-3.52,arrow,3,3.0,False,,chemeleon,-3.270923614501953,-3.157179355621338,-3.2675602436065674,-3.388031244277954
IWDCLRJOBJJRNH-UHFFFAOYSA-N,Cc1ccc(O)cc1,-6.14,arrow,3,3.0,False,,chemeleon,-6.9144260088602705,-6.691867828369141,-6.967523574829102,-7.083886623382568
XLYOFNOQVPJJNP-UHFFFAOYSA-N,O,-6.3,arrow,3,3.0,False,,chemeleon,-7.497648239135742,-7.214222431182861,-7.4600043296813965,-7.818717956542969
BDERNNFJNOPAEC-UHFFFAOYSA-N,CCCO,-4.92,arrow,3,3.0,False,,chemeleon,-4.883276621500651,-4.713097095489502,-4.839754581451416,-5.096978187561035
KBPLFHHGFOOTCA-UHFFFAOYSA-N,CCCCCCCCO,-4.09,arrow,3,3.0,False,,chemeleon,-4.421202818552653,-4.616677284240723,-4.3257598876953125,-4.321171283721924
DKPFZGUDAPQIHT-UHFFFAOYSA-N,CCCCOC(C)=O,-2.55,arrow,3,3.0,False,,chemeleon,-2.720982233683268,-2.6369476318359375,-2.7380738258361816,-2.7879252433776855
WQAQPCDUOCURKW-UHFFFAOYSA-N,CCCCS,-0.99,arrow,3,3.0,False,,chemeleon,-0.5476090908050537,-0.5257372856140137,-0.44858455657958984,-0.6685054302215576
LJSQFQKUNVCTIA-UHFFFAOYSA-N,CCSCC,-1.43,arrow,3,3.0,False,,chemeleon,-0.9065775076548258,-0.7530653476715088,-0.8356583118438721,-1.1310088634490967
WXEHBUMAEPOYKP-UHFFFAOYSA-N,CCSC,-1.5,arrow,3,3.0,False,,chemeleon,-0.873281717300415,-0.6475937366485596,-0.944610595703125,-1.0276408195495605
ZFRKQXVRDFCRJG-UHFFFAOYSA-N,Cc1c[nH]c2ccccc12,-5.88,arrow,3,3.0,False,,chemeleon,-6.841164747873942,-6.415176868438721,-6.897700309753418,-7.2106170654296875
KAESVJOAVNADME-UHFFFAOYSA-N,c1cc[nH]c1,-4.8,arrow,3,3.0,False,,chemeleon,-6.349864323933919,-5.9827117919921875,-6.437915802001953,-6.628965377807617
LVZWSLJZHVFIQJ-UHFFFAOYSA-N,C1CC1,0.75,arrow,4,3.0,False,,chemeleon,1.1761349042256672,1.084726333618164,1.5047340393066406,0.9389443397521973
XDTMQSROBMDMFD-UHFFFAOYSA-N,C1CCCCC1,1.23,arrow,4,3.0,False,,chemeleon,1.1761349042256672,1.084726333618164,1.5047340393066406,0.9389443397521973
NNPPMTNAJDCUHE-UHFFFAOYSA-N,CC(C)C,2.2800000000000002,arrow,4,3.0,False,,chemeleon,2.4717369079589844,2.596627712249756,2.5922765731811523,2.226306438446045
VXNZUUAINFGPBY-UHFFFAOYSA-N,C=CCC,1.38,arrow,4,3.0,False,,chemeleon,1.2620229721069336,1.3574881553649902,1.1000804901123047,1.3285002708435059
XTHFKEDIFFGKHM-UHFFFAOYSA-N,COCCOC,-4.84,arrow,4,3.0,False,,chemeleon,-4.333932876586914,-4.319121360778809,-4.179529190063477,-4.503148078918457
IKHGUXGNUITLKF-UHFFFAOYSA-N,CC=O,-3.5,arrow,4,3.0,False,,chemeleon,-3.4909624258677163,-3.433009624481201,-3.3622374534606934,-3.677640199661255
ZWEHNKRNPOVVGH-UHFFFAOYSA-N,CCC(C)=O,-3.71,arrow,4,3.0,False,,chemeleon,-3.281248172124227,-3.2040231227874756,-3.2656731605529785,-3.3740482330322266
FDPIMTJIUBPUKL-UHFFFAOYSA-N,CCC(=O)CC,-3.41,arrow,4,3.0,False,,chemeleon,-3.0725456873575845,-2.9453344345092773,-3.0092244148254395,-3.263078212738037
XBDQKXXYIPTUBI-UHFFFAOYSA-N,CCC(=O)O,-6.46,arrow,4,3.0,False,,chemeleon,-6.543355464935303,-6.375320911407471,-6.486475944519043,-6.7682695388793945
IFLREYGFSNHWGE-UHFFFAOYSA-N,c1ccc2cc3cc4ccccc4cc3cc2c1,-5.5,arrow,4,3.0,False,,chemeleon,-6.7175140380859375,-6.816655158996582,-6.407988548278809,-6.927898406982422
RLSSMJSEOOYNOY-UHFFFAOYSA-N,Cc1cccc(O)c1,-5.49,arrow,4,3.0,False,,chemeleon,-6.750188668568929,-6.780940055847168,-6.530270099639893,-6.939355850219727
BTANRVKWQNVYAZ-UHFFFAOYSA-N,CCC(C)O,-4.58,arrow,4,3.0,False,,chemeleon,-4.659650007883708,-4.5688862800598145,-4.713345527648926,-4.696718215942383
JYVLIDXNZAXMDK-UHFFFAOYSA-N,CCCC(C)O,-4.39,arrow,4,3.0,False,,chemeleon,-4.225411415100098,-4.190070629119873,-4.22793436050415,-4.2582292556762695
DLFVBJFMPXGRIB-UHFFFAOYSA-N,CC(N)=O,-9.71,arrow,4,3.0,False,,chemeleon,-9.140067418416342,-9.088912963867188,-8.975440979003906,-9.35584831237793
OHLUUHNLEMFGTQ-UHFFFAOYSA-N,CNC(C)=O,-10.0,arrow,4,3.0,False,,chemeleon,-7.069795290629069,-6.907901763916016,-6.8452606201171875,-7.456223487854004
FXHOOIRPVKKKFG-UHFFFAOYSA-N,CC(=O)N(C)C,-8.5,arrow,4,3.0,False,,chemeleon,-6.443130970001221,-6.202920913696289,-6.149269104003906,-6.977202892303467
LSDPWZHWYPCBBB-UHFFFAOYSA-N,CS,-1.219,arrow,4,3.0,False,,chemeleon,-0.7896711031595866,-1.1247289180755615,-0.3544888496398926,-0.8897955417633057
AAUJSCRITBXDJH,Clc1ccc2c(Cl)c(Cl)ccc2c1,-3.580763582585761,external,-1,0.0,False,0.4583333333333333,chemeleon,-2.6850059827168784,-2.84547758102417,-2.5672974586486816,-2.642242908477783
AKDRYEADQPNLOH,CC=NOCc1c(F)c(F)c(F)c(F)c1F,-2.282416084376685,external,-1,0.0,True,0.22727272727272727,chemeleon,-2.675168752670288,-2.8987879753112793,-2.6769561767578125,-2.4497621059417725
ALVPFGSHPUPROW,CCCSSCCC,-1.653482212099156,external,-1,0.0,False,0.5384615384615384,chemeleon,-0.9216713905334473,-0.8379855155944824,-1.077798843383789,-0.8492298126220703
ALVYVCQIFHTIRD,O=S(=O)(O)CCC(F)(F)C(F)(F)C(F)(F)C(F)(F)C(F)(F)C(F)(F)C(F)(F)C(F)(F)F,-1.0050294233768833,external,-1,0.0,True,0.2,chemeleon,-6.6955210367838545,-6.436378002166748,-7.12181282043457,-6.528372287750244
AWZOLILCOUMRDG,CCOP(=O)(Sc1ccccc1)Sc1ccccc1,-9.676930122691385,external,-1,0.0,True,0.35714285714285715,chemeleon,-9.376693407694498,-9.254998207092285,-9.90757942199707,-8.96750259399414
BAOLNVSMVTYGDA,Clc1ccc2c(Cl)c(Cl)c(Cl)c(Cl)c2c1,-3.119164713968704,external,-1,0.0,False,0.5,chemeleon,-2.8656198978424072,-3.066514253616333,-2.7642288208007812,-2.7661166191101074
BAYUSCHCCGXLAY,COc1cccc(C(C)=O)c1,-6.3751571234794,external,-1,0.0,False,0.5714285714285714,chemeleon,-5.823663075764974,-5.8210554122924805,-5.791711807250977,-5.858222007751465
BBABSCYTNHOKOG,COc1c(Cl)c(Cl)c(Cl)c(Cl)c1Cl,-0.9774670142527602,external,-1,0.0,False,0.391304347826087,chemeleon,-2.9955948193868003,-3.0387558937072754,-3.1277637481689453,-2.8202648162841797
BCTASVPUYLXFBW,CC(CO)=NOCc1c(F)c(F)c(F)c(F)c1F,-2.4906140436893542,external,-1,0.0,True,0.2,chemeleon,-6.622452735900879,-6.700741767883301,-6.522686958312988,-6.643929481506348
BDFAOUQQXJIZDG,CC(C)CS,-0.5378803038700118,external,-1,0.0,False,0.4166666666666667,chemeleon,-0.4841250578562419,-0.38191699981689453,-0.569331169128418,-0.5011270046234131
BIVDISPRSYAHQQ,Clc1cc(Cl)c2c(Cl)cccc2c1Cl,-3.50660630412664,external,-1,0.0,False,0.45454545454545453,chemeleon,-2.7554301420847573,-2.8101320266723633,-2.8017144203186035,-2.6544439792633057
BMZVDHQOAJUZJL,COc1c(Br)cccc1Br,-2.677294821763553,external,-1,0.0,True,0.36363636363636365,chemeleon,-3.6513137817382812,-3.6337597370147705,-3.537173271179199,-3.783008337020874
BRLQWZUYTZBJKN,ClCC1CO1,-3.897199417405152,external,-1,0.0,False,0.4444444444444444,chemeleon,-4.150204658508301,-4.334864616394043,-3.833911895751953,-4.281837463378906
BTRCDLZQISXWHZ,COc1ccc(Br)c(Cl)c1Cl,-1.9585971639928248,external,-1,0.0,True,0.42857142857142855,chemeleon,-3.0027778148651123,-3.0643229484558105,-3.0822157859802246,-2.8617947101593018
BULLJMKUVKYZDJ,FC(F)(F)C(F)(F)C(F)(F)C(F)(F)C(F)(F)C(F)(F)I,-0.0777986830724094,external,-1,0.0,True,0.23529411764705882,chemeleon,0.8880990346272787,0.6697959899902344,1.1902875900268555,0.8042135238647461
BVSOVPUWHJWGEP,COc1c(Cl)ccc(Cl)c1Br,-1.7472726277691262,external,-1,0.0,True,0.4666666666666667,chemeleon,-3.2420929272969565,-3.16031551361084,-3.3671445846557617,-3.1988186836242676
BYGQBDHUGHBGMD,CCC(C)C=O,-2.39561343672259,external,-1,0.0,False,0.45,chemeleon,-2.617253224054972,-2.643456220626831,-2.625873565673828,-2.582429885864258
CAFROQYMUICGNO,O=COCC(F)(F)F,-1.5370463030734125,external,-1,0.0,False,0.38095238095238093,chemeleon,-2.4750801722208657,-2.481973648071289,-2.4346907138824463,-2.5085761547088623
CCEFMUBVSUDRLG,C=C(C)C1CCC2(C)OC2C1,-2.92284059793544,external,-1,0.0,True,0.4722222222222222,chemeleon,-3.4602653980255127,-3.6871602535247803,-3.4279985427856445,-3.2656373977661133
CCEKAJIANROZEO,CCNS(=O)(=O)C(F)(F)C(F)(F)C(F)(F)C(F)(F)C(F)(F)C(F)(F)C(F)(F)C(F)(F)F,-0.501220058409582,external,-1,0.0,True,0.20588235294117646,chemeleon,-6.812748750050862,-6.963381767272949,-7.182543754577637,-6.292320728302002
CGFCSKMZZXPWEY,CC(O)C(C)O[N+](=O)[O-],-7.359115369041204,external,-1,0.0,True,0.46153846153846156,chemeleon,-6.808878103892009,-6.57682466506958,-7.029627799987793,-6.820181846618652
CHIFOSRWCNZCFN,CCC(CC)Nc1c([N+](=O)[O-])cc(C)c(C)c1[N+](=O)[O-],-6.102891134415766,external,-1,0.0,True,0.3488372093023256,chemeleon,-7.272160530090332,-7.187028884887695,-7.223276138305664,-7.406176567077637
CICQUFBZCADHHX,COc1ccc(Cl)cc1Cl,-2.010150095313052,external,-1,0.0,False,0.4782608695652174,chemeleon,-2.537159283955892,-2.7702994346618652,-2.4502811431884766,-2.390897274017334
COAUHYBSXMIJDK,FC(F)(F)C(F)(F)C(Cl)Cl,0.8383365091933289,external,-1,0.0,True,0.375,chemeleon,0.6897617975870768,0.9776744842529297,0.7639975547790527,0.32761335372924805
CTLMCQOGOWNFHA,Clc1ccc2c(Cl)c(Cl)c(Cl)c(Cl)c2c1Cl,-4.483411727002943,external,-1,0.0,False,0.47368421052631576,chemeleon,-3.393609364827474,-3.69966983795166,-3.2806873321533203,-3.2004709243774414
CWJSHJJYOPWUGX,CC(C)OC(=O)Nc1cccc(Cl)c1,-6.488354475825306,external,-1,0.0,True,0.3684210526315789,chemeleon,-7.441552639007568,-7.3347296714782715,-7.388249397277832,-7.601678848266602
DCEPGADSNJKOJK,O=C(F)C(F)(F)F,-2.553038563510698,external,-1,0.0,True,0.4375,chemeleon,1.9690087636311848,1.867476463317871,2.1838526725769043,1.8556971549987793
DIRFUJHNVNOBMY,CCC(C)c1ccccc1OC(=O)NC,-7.599347343229355,external,-1,0.0,True,0.5,chemeleon,-6.827357927958171,-6.6795759201049805,-6.667513847351074,-7.134984016418457
DKEGCUDAFWNSSO,BrCCCCCCCCBr,-2.0575741949439603,external,-1,0.0,False,0.6153846153846154,chemeleon,-1.5765132109324138,-1.6193790435791016,-1.6258807182312012,-1.4842798709869385
DLIFNTQMBOCKTL,CC(C)=NOCc1c(F)c(F)c(F)c(F)c1F,-1.9585971639928248,external,-1,0.0,True,0.22727272727272727,chemeleon,-2.5697046915690103,-2.906336784362793,-2.542961359024048,-2.2598159313201904
DPCILIMHENXHQX,CCc1nccnc1OC,-4.393344412065939,external,-1,0.0,False,0.3333333333333333,chemeleon,-6.64115047454834,-6.642430305480957,-6.745893478393555,-6.535127639770508
DWEYPOWXNBAIDU,CN(Cl)Cl,-1.2452613975650346,external,-1,0.0,False,0.42857142857142855,chemeleon,-3.0793317953745523,-3.561979293823242,-3.256920337677002,-2.419095754623413
DWPLEOPKBWNPQV,COc1ccccc1C(C)=O,-6.309257608654238,external,-1,0.0,False,0.6923076923076923,chemeleon,-5.526782512664795,-5.314177989959717,-5.534235000610352,-5.731934547424316
DZHZYPCCEISGSQ,Clc1cc(Cl)c2cccc(Cl)c2c1,-3.063453976464707,external,-1,0.0,False,0.5652173913043478,chemeleon,-2.5714433193206787,-2.7344284057617188,-2.589303493499756,-2.3905980587005615
FALCMQXTWHPRIH,C=C(Cl)CCl,-1.2801235082622549,external,-1,0.0,False,0.45454545454545453,chemeleon,-1.187824010848999,-1.2274577617645264,-1.0779452323913574,-1.2580690383911133
FCOAHACKGGIURQ,CC(C)OP(=O)(OC(C)C)SCc1ccccc1,-7.92524151949921,external,-1,0.0,True,0.36363636363636365,chemeleon,-8.33945369720459,-8.055614471435547,-8.475536346435547,-8.487210273742676
FEIKEVSWLMYFFF,Clc1cc(Cl)c2c(Cl)ccc(Cl)c2c1Cl,-3.832500480396495,external,-1,0.0,False,0.47368421052631576,chemeleon,-3.127876361211141,-3.253537654876709,-3.2885329723358154,-2.8415584564208984
FHUDAMLDXFJHJE,CC(=O)C(F)(F)F,-4.8299760791673245,external,-1,0.0,False,0.5,chemeleon,-0.6037467320760092,-0.6260218620300293,-0.7869443893432617,-0.39827394485473633
FLXYIZWPNQYPIT,OCCC(F)(F)C(F)(F)C(F)(F)C(F)(F)C(F)(F)C(F)(F)C(F)(F)C(F)(F)C(F)(F)C(F)(F)F,0.6270119729696298,external,-1,0.0,False,0.2857142857142857,chemeleon,-3.4868504206339517,-3.733064651489258,-3.827364921569824,-2.9001216888427734
FMGGHNGKHRCJLL,ClCc1ccccc1CCl,-3.266374329938489,external,-1,0.0,False,0.5,chemeleon,-2.914574464162191,-2.8544058799743652,-2.977942943572998,-2.911374568939209
FMWLUWPQPKEARP,ClC(Cl)Br,-1.4672616271154053,external,-1,0.0,False,0.42857142857142855,chemeleon,-1.178385575612386,-1.2538201808929443,-1.309849500656128,-0.9714870452880859
FPIQNBOUYZLESW,COc1ccc(Br)cc1Cl,-2.0575741949439603,external,-1,0.0,True,0.41379310344827586,chemeleon,-2.7777045567830405,-3.055908203125,-2.6478195190429688,-2.6293859481811523
FQTLCLSUCSAZDY,C=CC(C)(O)CCC=C(C)CCC=C(C)C,0.1372173601069845,external,-1,0.0,True,0.7857142857142857,chemeleon,-4.594354788462321,-4.303643703460693,-4.681729793548584,-4.7976908683776855
FRQUNVLMWIYOLV,COc1ccc(Cl)c(Cl)c1Cl,-2.0575741949439603,external,-1,0.0,False,0.5833333333333334,chemeleon,-2.696420987447103,-2.798952102661133,-2.7003183364868164,-2.5899925231933594
FSPSELPMWGWDRY,CC(=O)c1cccc(C)c1,-4.870853317160879,external,-1,0.0,False,0.68,chemeleon,-4.4373321533203125,-4.4895501136779785,-4.440938949584961,-4.381507396697998
FUNUTBJJKQIVSY,Cc1ccc(Cl)cc1Cl,-1.126367030655116,external,-1,0.0,False,0.55,chemeleon,-1.177255392074585,-1.125556468963623,-1.2137329578399658,-1.192476749420166
FWKUBDOTUFVPBX,COc1c(Br)cc(Br)c(Cl)c1Br,-1.846249658720261,external,-1,0.0,True,0.36666666666666664,chemeleon,-3.5972255071004233,-3.462855339050293,-3.650322914123535,-3.6784982681274414
FYQFWFHDPNXORA,C=CC(F)(F)C(F)(F)C(F)(F)C(F)(F)C(F)(F)C(F)(F)F,0.7698968620756514,external,-1,0.0,True,0.25,chemeleon,0.09804296493530273,-0.4148373603820801,0.3528127670288086,0.3561534881591797
GAPFWGOSHOCNBM,CC(C)O[N+](=O)[O-],-1.6514177962544974,external,-1,0.0,False,0.5454545454545454,chemeleon,-2.071126619974772,-2.2064383029937744,-2.045358180999756,-1.9615833759307861
GEWDNTWNSAZUDX,CC/C=C/C[C@@H]1C(=O)CC[C@H]1CC(=O)OC,-6.948436096622908,external,-1,0.0,True,0.32653061224489793,chemeleon,-9.07215658823649,-8.39644718170166,-9.34847354888916,-9.471549034118652
GGDYAKVUZMZKRV,OCCF,-4.170539722175125,external,-1,0.0,False,0.4444444444444444,chemeleon,-6.4677785237630205,-6.778908729553223,-6.631192684173584,-5.993234157562256
GPAVMFOMYSGJDM,CCCCCC=NOCc1c(F)c(F)c(F)c(F)c1F,-1.5793846637549709,external,-1,0.0,True,0.3125,chemeleon,-3.3703325589497886,-3.4952988624572754,-3.4566473960876465,-3.1590514183044434
GUCFBWGWRCILHN,COc1cc(Cl)c(Cl)c(Cl)c1,-1.4157086957951794,external,-1,0.0,False,0.5,chemeleon,-2.892520268758138,-2.9974470138549805,-2.972330093383789,-2.7077836990356445
GUVLYNGULCJVDO,CCCN(CCC)C(=O)SCC,-3.4900914838823294,external,-1,0.0,False,0.7083333333333334,chemeleon,-4.8037692705790205,-4.75112247467041,-4.876123428344727,-4.784061908721924
GVYLCNUFSHDAAW,ClC1(Cl)C2(Cl)C3(Cl)C4(Cl)C(Cl)(Cl)C5(Cl)C3(Cl)C1(Cl)C5(Cl)C24Cl,-2.010150095313052,external,-1,0.0,False,0.21428571428571427,chemeleon,-3.857140143712362,-4.112922668457031,-3.784459114074707,-3.6740386486053467
GWQOOADXMVQEFT,Cc1ccc(C)s1,-1.3130478087293145,external,-1,0.0,False,0.3684210526315789,chemeleon,-1.2758713563283284,-1.4043397903442383,-1.1807148456573486,-1.2425594329833984
HCRBXQFHJMCTLF,CCOC(=O)C(C)CC,-2.161848414164622,external,-1,0.0,False,0.47619047619047616,chemeleon,-2.7303605874379477,-2.7634003162384033,-2.7634482383728027,-2.6642332077026367
HFEASCCDHUVYKU,COc1cccc(Cl)c1Cl,-2.3692764364111216,external,-1,0.0,False,0.5238095238095238,chemeleon,-2.8141908645629883,-2.8862242698669434,-2.83933162689209,-2.7170166969299316
HFVMLYAGWXSTQI,C[C@]12CCC(=O)C[C@@H]1CC[C@@H]1[C@@H]2CC[C@]2(C)C=CC[C@@H]12,-2.6271958419698187,external,-1,0.0,False,0.22807017543859648,chemeleon,-6.080915133158366,-5.088262557983398,-6.688895225524902,-6.465587615966797
HGCMMKIIGJXXMW,CC(CO)O[N+](=O)[O-],-6.872696747932133,external,-1,0.0,False,0.625,chemeleon,-7.233453432718913,-7.23679256439209,-7.361416339874268,-7.102151393890381
HGSDQSUMXKHGTH,Clc1cc(Cl)c2c(Cl)c(Cl)cc(Cl)c2c1,-3.266374329938489,external,-1,0.0,False,0.5238095238095238,chemeleon,-2.958920478820801,-3.258669376373291,-2.807321548461914,-2.8107705116271973
HHLFWLYXYJOTON,O=CC(=O)O,-7.41558521612978,external,-1,0.0,False,0.5,chemeleon,-8.11196756362915,-8.453201293945312,-8.145134925842285,-7.7375664710998535
HKPHPIREJKHECO,CCCCOCN(C(=O)CCl)c1c(CC)cccc1CC,-7.637585445680149,external,-1,0.0,True,0.6829268292682927,chemeleon,-8.958385149637857,-9.244709968566895,-8.939640045166016,-8.690805435180664
HLCSDJLATUNSSI,CC(C)=CCC/C(C)=C/C#N,-2.532952404370913,external,-1,0.0,True,0.5185185185185185,chemeleon,-3.229113976160685,-3.2904019355773926,-3.23061466217041,-3.166325330734253
HSNWZBCBUUSSQD,CCCCCO[N+](=O)[O-],-1.6559406699833308,external,-1,0.0,False,0.9523809523809523,chemeleon,-1.6366260846455891,-1.3080971240997314,-1.660454511642456,-1.94132661819458
HTDQSWDEWGSAMN,COc1ccccc1Br,-2.532952404370913,external,-1,0.0,False,0.631578947368421,chemeleon,-3.2435335318247476,-3.304455518722534,-3.25534725189209,-3.170797824859619
HVYRFNJXZVEGFK,Clc1cc2c(Cl)ccc(Cl)c2c(Cl)c1Cl,-3.580763582585761,external,-1,0.0,False,0.45,chemeleon,-2.8450509707132974,-3.0096912384033203,-2.836263656616211,-2.6891980171203613
HYHMYONEYJINON,C=C(C)C(CO)OO,-7.467138147450005,external,-1,0.0,True,0.2857142857142857,chemeleon,-10.300118128458658,-10.4734525680542,-10.268092155456543,-10.158809661865234
IAIHUHQCLTYTSF,CC1(C)[C@H]2CC[C@](C)(C2)[C@H]1O,-4.025308354953737,external,-1,0.0,True,0.5,chemeleon,-3.8793845176696777,-3.6407079696655273,-4.192537307739258,-3.804908275604248
ICDUEGOPUWNJNF,C=CC=NOCc1c(F)c(F)c(F)c(F)c1F,-1.871736811958389,external,-1,0.0,True,0.20833333333333334,chemeleon,-4.007741053899129,-4.265223026275635,-3.9278371334075928,-3.83016300201416
IDJOCJAIQSKSOP,OCC(Cl)Cl,-4.041541834797791,external,-1,0.0,False,0.4166666666666667,chemeleon,-5.664401054382324,-5.8343505859375,-5.632781982421875,-5.526070594787598
ILHIHKRJJMKBEE,CCOO,-5.338002436667749,external,-1,0.0,False,0.4166666666666667,chemeleon,-5.46304988861084,-5.661375045776367,-5.614711284637451,-5.113063335418701
ISAVYTVYFVQUDY,CC(C)(C)CC(C)(C)c1ccc(O)cc1,-5.124107462791067,external,-1,0.0,False,0.5416666666666666,chemeleon,-4.956442197163899,-4.980251312255859,-5.164539337158203,-4.724535942077637
ITXDBGLYYSJNPK,COc1c(Cl)cc(Cl)c(Cl)c1Cl,-1.2082190270028623,external,-1,0.0,False,0.5833333333333334,chemeleon,-2.7061116695404053,-2.654909133911133,-2.8113975524902344,-2.6520283222198486
IYRWEQXVUNLMAY,O=C(F)F,-4.008617534330732,external,-1,0.0,False,0.3333333333333333,chemeleon,2.0862369537353516,2.0268869400024414,2.074711799621582,2.1571121215820312
JCMNMOBHVPONLD,OCCC(F)(F)C(F)(F)C(F)(F)C(F)(F)F,-1.3754506884268412,external,-1,0.0,False,0.3,chemeleon,-2.533038298288981,-2.712611198425293,-2.454395294189453,-2.4321084022521973
JIVCPRHFBFVZQL,COc1cc(Cl)c(Cl)c(Cl)c1Br,-1.890157516875148,external,-1,0.0,True,0.64,chemeleon,-2.956562042236328,-2.962414264678955,-3.0513811111450195,-2.8558907508850098
JJUBFBTUBACDHW,OCCC(F)(F)C(F)(F)C(F)(F)C(F)(F)C(F)(F)C(F)(F)C(F)(F)C(F)(F)F,0.4156874367459304,external,-1,0.0,False,0.2857142857142857,chemeleon,-3.49175763130188,-3.8005287647247314,-3.6755452156066895,-2.9991989135742188
JLJXMZMKMRQOLN,OCOOCO,-9.60119077400061,external,-1,0.0,False,0.3,chemeleon,-11.157113075256348,-11.6939697265625,-10.975643157958984,-10.801726341247559
JPQLLIUTUFJWMH,Clc1cc2c(Cl)cc(Cl)c(Cl)c2c(Cl)c1Cl,-4.130581778314352,external,-1,0.0,False,0.5263157894736842,chemeleon,-3.1304472287495932,-3.4267945289611816,-3.0201830863952637,-2.944364070892334
JZBCTZLGKSYRSF,CCc1ncc(C)nc1C,-5.261446430439389,external,-1,0.0,False,0.3076923076923077,chemeleon,-5.823692321777344,-5.6442461013793945,-5.756064414978027,-6.070766448974609
KJRACWZCOVHBQU,CCCCCC(C)(C)OC,-0.9181690713424469,external,-1,0.0,True,0.47619047619047616,chemeleon,-1.0715618133544922,-1.0831031799316406,-1.0703277587890625,-1.0612545013427734
KNUQGVIXAYDSOX,CCC(O)CO[N+](=O)[O-],-7.026068370085849,external,-1,0.0,True,0.5384615384615384,chemeleon,-6.745799382527669,-6.567122459411621,-6.69016170501709,-6.980113983154297
KOCVACNWDMSLBM,CCOCc1ccc(O)c(OC)c1,-8.195103915206705,external,-1,0.0,True,0.6363636363636364,chemeleon,-8.203529357910156,-8.305313110351562,-8.25218391418457,-8.053091049194336
KPOZENRUJCHWOA,Clc1cc(Cl)c2c(Cl)c(Cl)ccc2c1Cl,-3.4657290661330857,external,-1,0.0,False,0.42857142857142855,chemeleon,-3.0480355421702066,-3.3221731185913086,-2.8738033771514893,-2.9481301307678223
KSMVNVHUTQZITP,Clc1cc2oc3cc(Cl)c(Cl)cc3c2cc1Cl,-4.318006884312718,external,-1,0.0,False,0.4117647058823529,chemeleon,-4.245560169219971,-4.402380466461182,-4.231522083282471,-4.10277795791626
KZLMCDNAVVJKPX,COc1c(Cl)cccc1Cl,-1.826387968213476,external,-1,0.0,False,0.4642857142857143,chemeleon,-2.799910068511963,-2.894482135772705,-2.7249693870544434,-2.7802786827087402
LBCOXKFWBDTJTF,Clc1ccc2c(Cl)cc(Cl)c(Cl)c2c1Cl,-3.580763582585761,external,-1,0.0,False,0.45,chemeleon,-3.102238655090332,-3.4177348613739014,-3.148322105407715,-2.74065899848938
LCFKURIJYIJNRU,CCCCC(C)CO,-4.410771696363276,external,-1,0.0,True,0.6,chemeleon,-4.3640678723653155,-4.357800483703613,-4.437796115875244,-4.29660701751709
LCHJNNXHVDDVAT,COc1cc(Cl)cc(Cl)c1Br,-1.9585971639928248,external,-1,0.0,True,0.41379310344827586,chemeleon,-3.6088883876800537,-3.491269111633301,-3.628636360168457,-3.7067596912384033
LFVCJQWZGDLHSD,COc1cc(CC(C)=O)ccc1O,-10.195632173518485,external,-1,0.0,True,0.5882352941176471,chemeleon,-9.347332636515299,-9.325345993041992,-9.373462677001953,-9.343189239501953
LFYXNXGVLGKVCJ,CC1(C)C2CCC1(C)[C@](C)(O)C2,-3.197329797674128,external,-1,0.0,True,0.3548387096774194,chemeleon,-4.2358419100443525,-3.864875316619873,-4.436626434326172,-4.406023979187012
LITCKAVLJAKHOE,Clc1ccc(Cl)c2c(Cl)ccc(Cl)c12,-4.008617534330732,external,-1,0.0,False,0.5384615384615384,chemeleon,-3.2353410720825195,-3.133575677871704,-3.3691799640655518,-3.2032675743103027
LNDQFOSWZJYEIC,CCC(C)=NOCc1c(F)c(F)c(F)c(F)c1F,-1.4547877990255242,external,-1,0.0,True,0.20689655172413793,chemeleon,-2.7016824881235757,-3.0490880012512207,-2.6441125869750977,-2.411846876144409
MEUKEBNAABNAEX,COO,-5.281532589579175,external,-1,0.0,False,0.42857142857142855,chemeleon,-5.491489410400391,-5.870365142822266,-5.407443523406982,-5.196659564971924
MMHZKSMAFILONG,Clc1ccc2c(Cl)cccc2c1Cl,-3.322844177027064,external,-1,0.0,False,0.55,chemeleon,-2.587219556172689,-2.691348075866699,-2.666661024093628,-2.4036495685577393
MSWVMWGCNZQPIA,CC(=O)CF,-4.170539722175125,external,-1,0.0,False,0.5,chemeleon,-3.4995967547098794,-3.88409423828125,-3.6387672424316406,-2.975928783416748
MUUDTVDSRYEMBU,COc1c(Br)cc(Br)c(Cl)c1Cl,-1.890157516875148,external,-1,0.0,True,0.3793103448275862,chemeleon,-3.252845287322998,-3.1623291969299316,-3.301358222961426,-3.2948484420776367
NDZIBNJHNBUHKW,Clc1cc2c(Cl)c(Cl)c(Cl)c(Cl)c2c(Cl)c1Cl,-5.389555367987976,external,-1,0.0,False,0.5555555555555556,chemeleon,-3.6729734738667807,-3.8703956604003906,-3.719478130340576,-3.429046630859375
NEZWFWIACBUQMN,OCOO,-10.366079471748629,external,-1,0.0,False,0.3,chemeleon,-10.253291447957357,-10.716276168823242,-10.293935775756836,-9.749662399291992
NMRPBPVERJPACX,CCCCCC(O)CC,-3.37439710834729,external,-1,0.0,False,0.8333333333333334,chemeleon,-3.5414342085520425,-3.546189546585083,-3.542172908782959,-3.535940170288086
NMWKWBPNKPGATC,O=C1OCc2c(Cl)c(Cl)c(Cl)c(Cl)c21,-6.343123108603918,external,-1,0.0,True,0.3181818181818182,chemeleon,-4.901996612548828,-4.885773658752441,-5.008976459503174,-4.811239719390869
NQFUSWIGRKFAHK,CC1(C)C2CC3OC3(C)C1C2,-2.39561343672259,external,-1,0.0,False,0.25,chemeleon,-2.142700751622518,-2.0721559524536133,-2.239781379699707,-2.1161649227142334
NSKIRYMHNFTRLR,Brc1ccc(Oc2c(Br)cc(Br)cc2Br)c(Br)c1,-5.389555367987976,external,-1,0.0,True,0.39285714285714285,chemeleon,-5.075239181518555,-5.3098978996276855,-5.108836650848389,-4.80698299407959
NTHGIYFSMNNHSC,CC(C)CCO[N+](=O)[O-],-1.491448044485954,external,-1,0.0,True,0.6538461538461539,chemeleon,-1.6608080863952637,-1.3742449283599854,-1.7127583026885986,-1.895421028137207
NUGDFCWVLOJWOP,CCCCCCCCCC=NOCc1c(F)c(F)c(F)c(F)c1F,-2.420829367731348,external,-1,0.0,True,0.3333333333333333,chemeleon,-4.008562246958415,-3.7960991859436035,-4.1248931884765625,-4.104694366455078
NULBEPOZYDYWOV,COc1cc(CCC(C)=O)cc(OC)c1O,-12.924126199586958,external,-1,0.0,True,0.4857142857142857,chemeleon,-10.956388791402182,-10.954203605651855,-11.161797523498535,-10.753165245056152
NVVZEKTVIXIUKW,FC(F)(F)C(F)(F)C(F)(F)C(F)(F)C(F)(F)C(F)(F)CCI,-0.6933271819097218,external,-1,0.0,False,0.18181818181818182,chemeleon,-1.120538314183553,-1.187070608139038,-1.3384993076324463,-0.8360450267791748
NWOYYECMNBWCNK,COc1c(Cl)cccc1Br,-2.1014820530988474,external,-1,0.0,True,0.3939393939393939,chemeleon,-3.1410813331604004,-3.17879581451416,-3.045107841491699,-3.199340343475342
OAWAZQITIZDJRB,O=C(O)C(F)(F)Cl,-7.877817419868301,external,-1,0.0,True,0.38461538461538464,chemeleon,-2.5903537273406982,-2.893697738647461,-2.425318956375122,-2.4520444869995117
OAYSFAKCFYRCRU,COc1c(Cl)cc(Br)cc1Cl,-2.010150095313052,external,-1,0.0,True,0.52,chemeleon,-2.860811154047648,-2.979795455932617,-2.82035756111145,-2.782280445098877
OEBRKCOSUFCWJD,COP(=O)(OC)OC=C(Cl)Cl,-4.971375885474463,external,-1,0.0,False,0.42857142857142855,chemeleon,-7.8987196286519366,-7.938840389251709,-8.024358749389648,-7.732959747314453
OEYKUHBCPJRXGZ,COc1c(Cl)cc(Cl)cc1Br,-1.8973491088834296,external,-1,0.0,True,0.4642857142857143,chemeleon,-2.802655299504598,-2.900022506713867,-2.7843594551086426,-2.723583936691284
OIHHRLYOSUNYTC,COc1c(Cl)cc(Cl)c(Br)c1Cl,-1.9021273169042503,external,-1,0.0,True,0.5185185185185185,chemeleon,-2.9782791137695312,-3.0204017162323,-3.063559055328369,-2.850876569747925
OJYLAHXKWMRDGS,COc1cc(CCC(C)=O)ccc1O,-10.195632173518485,external,-1,0.0,False,0.6470588235294118,chemeleon,-10.192596753438314,-10.188146591186523,-10.177438735961914,-10.212204933166504
OMDFJTSKBNDDRM,CC(O)CO[N+](=O)[O-],-7.41558521612978,external,-1,0.0,False,0.6521739130434783,chemeleon,-7.17195192972819,-7.1668195724487305,-7.107979774475098,-7.241056442260742
ONUFSRWQCKNVSL,Fc1c(F)c(F)c(-c2c(F)c(F)c(F)c(F)c2F)c(F)c1F,-1.6648503859974622,external,-1,0.0,False,0.625,chemeleon,-2.5163782437642417,-3.6871519088745117,-2.38295316696167,-1.479029655456543
OTFNCXLUCRUNCH,COc1c(Cl)ccc(Cl)c1Cl,-1.9243773404339863,external,-1,0.0,False,0.5,chemeleon,-3.0674401919047036,-2.986637592315674,-3.1855430603027344,-3.030139923095703
OTQFXRBLGNEOGH,Clc1cc(Cl)c2c(c1)Oc1c(Cl)cc(Cl)cc1O2,-3.4657290661330857,external,-1,0.0,True,0.45161290322580644,chemeleon,-3.633985678354899,-3.5775651931762695,-3.57231068611145,-3.7520811557769775
OTTCXKPQKOLSJN,Clc1cc(Cl)c2cc(Cl)cc(Cl)c2c1,-2.92284059793544,external,-1,0.0,False,0.6,chemeleon,-2.5430983702341714,-2.9373939037323,-2.2233834266662598,-2.468517780303955
OWIKHYCFFJSOEH,N=C=O,-3.705961040321237,external,-1,0.0,False,0.42857142857142855,chemeleon,-5.767151514689128,-6.251628875732422,-5.502216339111328,-5.547609329223633
PGCDNPCENWGYMA,Clc1c(Cl)c(Cl)c2c(Cl)ccc(Cl)c2c1Cl,-4.5876242996777865,external,-1,0.0,False,0.5333333333333333,chemeleon,-3.1353774865468345,-3.235013961791992,-3.2429096698760986,-2.928208827972412
PLDWAJLZAAHOGG,COc1cccc(Br)c1,-1.7074936013035569,external,-1,0.0,False,0.5384615384615384,chemeleon,-3.4406485557556152,-3.649965286254883,-3.5010643005371094,-3.1709160804748535
PNLDDSLZYVNPQW,COc1c(Br)ccc(Cl)c1Cl,-1.9585971639928248,external,-1,0.0,True,0.3939393939393939,chemeleon,-3.2421247959136963,-3.173577308654785,-3.3456223011016846,-3.207174777984619
PNQBEPDZQUOCNY,O=C(Cl)C(F)(F)F,-2.3128065893225465,external,-1,0.0,True,0.4117647058823529,chemeleon,1.365183671315511,1.4628915786743164,1.3780817985534668,1.25457763671875
POIARNZEYGURDG,C/C=C/C(=O)C1=C(C)C=CCC1(C)C,-3.95552367899573,external,-1,0.0,False,0.21951219512195122,chemeleon,-4.460468848546346,-3.8983633518218994,-4.7958831787109375,-4.687160015106201
PPXUHEORWJQRHJ,CCOC(=O)CC(C)C,-1.9585971639928248,external,-1,0.0,False,0.5454545454545454,chemeleon,-2.7510403792063394,-2.8325138092041016,-2.649852991104126,-2.770754337310791
PSINWXIDJYEXLO,CCc1ncc(C)nc1CC,-4.5057723033300405,external,-1,0.0,False,0.32,chemeleon,-5.588717937469482,-5.284465789794922,-5.64729118347168,-5.834396839141846
PVFOMCVHYWHZJE,O=C(Cl)C(Cl)(Cl)Cl,-2.3128065893225465,external,-1,0.0,False,0.2727272727272727,chemeleon,-0.8404895464579264,-0.7211050987243652,-1.002793312072754,-0.7975702285766602
QGRPVMLBTFGQDQ,COc1ccccc1Cl,-3.266374329938489,external,-1,0.0,False,0.631578947368421,chemeleon,-2.711558739344279,-2.8895890712738037,-2.6391677856445312,-2.605919361114502
QHTQREMOGMZHJV,CCN(CC)C(=O)SCc1ccc(Cl)cc1,-5.973688203519483,external,-1,0.0,True,0.35,chemeleon,-7.93997844060262,-7.64921236038208,-8.242589950561523,-7.928133010864258
QJPJQTDYNZXKQF,COc1ccc(Br)cc1,-1.9585971639928248,external,-1,0.0,False,0.5238095238095238,chemeleon,-2.917060295740763,-3.1538944244384766,-2.975637197494507,-2.6216492652893066
QKMNFFSBZRGHDJ,COc1cc(Cl)ccc1Cl,-2.3417140272869985,external,-1,0.0,False,0.4782608695652174,chemeleon,-3.1699260075887046,-3.3503148555755615,-3.1876821517944336,-2.971781015396118
QNPFFCQTVXPCLD,CC=CC=NOCc1c(F)c(F)c(F)c(F)c1F,-1.6736281013538763,external,-1,0.0,True,0.2222222222222222,chemeleon,-3.6576290925343833,-3.8286542892456055,-3.6815977096557617,-3.4626352787017822
QTGGFXPTAQEODO,C=CC(C)(CO)OO,-8.831385160484244,external,-1,0.0,True,0.4,chemeleon,-10.44268830617269,-10.393369674682617,-10.56162166595459,-10.37307357788086
QUGUFLJIAFISSW,Fc1ccc(F)cc1,-0.8163503805089578,external,-1,0.0,False,0.6153846153846154,chemeleon,-0.7056694825490316,-1.0891549587249756,-0.6566143035888672,-0.37123918533325195
QUKRIOLKOHUUBM,C=CC(=O)OCCC(F)(F)C(F)(F)C(F)(F)C(F)(F)C(F)(F)C(F)(F)C(F)(F)C(F)(F)F,-0.6933271819097218,external,-1,0.0,True,0.2127659574468085,chemeleon,-4.502139091491699,-4.142509460449219,-4.780063152313232,-4.5838446617126465
QYEGXUUXWMKHHS,Clc1cc(Cl)c2c(Cl)c(Cl)c(Cl)c(Cl)c2c1Cl,-5.149323393799825,external,-1,0.0,False,0.5882352941176471,chemeleon,-3.4347498416900635,-3.655198812484741,-3.486175060272217,-3.1628756523132324
RFFOTVCVTJUTAD,CC(C)C12CCC(C)(CC1)O2,-2.7084854415504074,external,-1,0.0,False,0.21875,chemeleon,-3.2068369388580322,-3.085209608078003,-3.3398680686950684,-3.1954331398010254
RFUGYJHXLQAXOX,COc1c(Br)c(Cl)c(Cl)c(Cl)c1Br,-1.8127670246641712,external,-1,0.0,True,0.3333333333333333,chemeleon,-3.560828526814779,-3.5070619583129883,-3.7007131576538086,-3.474710464477539
RGXWDWUGBIJHDO,CCCCCCCCCC(=O)OCC,-2.1014820530988474,external,-1,0.0,False,1.0,chemeleon,-4.207890272140503,-3.9383938312530518,-4.426489353179932,-4.258787631988525
RHLVCLIPMVJYKS,CCCCCC(=O)CC,-2.532952404370913,external,-1,0.0,False,0.8333333333333334,chemeleon,-2.5920658906300864,-2.4700047969818115,-2.541710376739502,-2.7644824981689453
RLSQIXNUITTXKZ,CCCCCCCC=NOCc1c(F)c(F)c(F)c(F)c1F,-1.7624653819816083,external,-1,0.0,True,0.3333333333333333,chemeleon,-3.7068358262379966,-3.560271978378296,-3.7930166721343994,-3.767218828201294
RTNLUFLDZOAXIC,Clc1c(Cl)c(Cl)c2c(Cl)c(Cl)c(Cl)c(Cl)c2c1Cl,-4.738644121381529,external,-1,0.0,False,0.625,chemeleon,-3.673198858896891,-3.772700309753418,-3.781702995300293,-3.465193271636963
RUPAXCPQAAOIPB,CC(C)(C)OC=O,-2.1014820530988474,external,-1,0.0,False,0.375,chemeleon,-2.7465060551961265,-2.910243511199951,-2.706951141357422,-2.622323513031006
RWRBSYOTDDOXKC,CCCC(C)O[N+](=O)[O-],-1.3049310688072877,external,-1,0.0,True,0.6666666666666666,chemeleon,-1.8040273984273274,-1.7598624229431152,-1.7605023384094238,-1.8917174339294434
RZXIRSKYBISPGF,Brc1cc(Br)c(Oc2cc(Br)c(Br)cc2Br)cc1Br,-5.3893266975985,external,-1,0.0,True,0.5333333333333333,chemeleon,-4.874802748362224,-5.376141548156738,-5.037959575653076,-4.2103071212768555
SFNAUTSNWPPDSY,Brc1ccc(Oc2cc(Br)c(Br)c(Br)c2Br)cc1,-4.41157948966362,external,-1,0.0,True,0.3333333333333333,chemeleon,-4.919199625651042,-5.25453519821167,-5.277736186981201,-4.225327491760254
SJIIFORJBWPNPM,COc1cc(Br)c(Cl)cc1Cl,-1.9585971639928248,external,-1,0.0,True,0.42857142857142855,chemeleon,-2.7304721673329673,-2.921628475189209,-2.7852394580841064,-2.484548568725586
SNGREZUHAYWORS,O=C(O)C(F)(F)C(F)(F)C(F)(F)C(F)(F)C(F)(F)C(F)(F)C(F)(F)F,-3.4657290661330853,external,-1,0.0,True,0.25,chemeleon,-3.5865530967712402,-4.180392265319824,-3.62347412109375,-2.9557929039001465
SRMWNTGHXHOWBT,CNS(=O)(=O)C(F)(F)C(F)(F)C(F)(F)C(F)(F)C(F)(F)C(F)(F)C(F)(F)C(F)(F)F,-0.0514616827609407,external,-1,0.0,True,0.2,chemeleon,-5.3758619626363116,-5.840721130371094,-5.437889099121094,-4.848975658416748
SRTQFRQWTUMMTC,C=NOCc1c(F)c(F)c(F)c(F)c1F,-2.1805973935431964,external,-1,0.0,True,0.2631578947368421,chemeleon,-4.092920621236165,-4.288999080657959,-3.8102688789367676,-4.1794939041137695
SSNXYMVLSOMJLU,COc1cc(Cl)cc(Cl)c1,-1.0313664236883515,external,-1,0.0,False,0.5,chemeleon,-3.20447047551473,-3.3241868019104004,-3.175279140472412,-3.113945484161377
STNJBCKSHOAVAJ,C=C(C)C=O,-2.8315086401496434,external,-1,0.0,False,0.5,chemeleon,-2.707158327102661,-2.8875792026519775,-2.5288825035095215,-2.7050132751464844
SVEZPKVUIXAEOX,COc1cc(Cl)c(Br)c(Cl)c1,-1.9585971639928248,external,-1,0.0,True,0.35714285714285715,chemeleon,-3.2195361455281577,-3.3351125717163086,-3.365910530090332,-2.957585334777832
SXKBHOQOOGRFJF,COc1cc(Cl)c(Cl)cc1Cl,-1.9585971639928248,external,-1,0.0,False,0.5652173913043478,chemeleon,-2.4761234124501548,-2.6620676517486572,-2.4852824211120605,-2.281020164489746
TXGIGTRUEITPSC,O=S(=O)(O)CCC(F)(F)C(F)(F)C(F)(F)C(F)(F)F,-1.4290235246646108,external,-1,0.0,True,0.20689655172413793,chemeleon,-7.17285950978597,-6.721888542175293,-7.166299819946289,-7.630390167236328
TXINBPKSWKFMNB,CCC(=O)OO[N+](=O)[O-],-2.1805973935431964,external,-1,0.0,False,0.4,chemeleon,-3.542947292327881,-3.6679303646087646,-3.196218967437744,-3.764692544937134
UABDVZDYKDIZFO,Fc1c(F)c(F)c(CON=C2c3ccccc3-c3ccccc32)c(F)c1F,-1.9585971639928248,external,-1,0.0,True,0.2727272727272727,chemeleon,-8.030730565388998,-7.61052131652832,-8.083576202392578,-8.398094177246094
UBJVUCKUDDKUJF,C=CCSCC=C,-1.53653790673299,external,-1,0.0,False,0.35714285714285715,chemeleon,-1.3840010166168213,-1.102766990661621,-1.537346601486206,-1.5118894577026367
UCASBURGYXMQLW,Cc1ccc(C=NOCc2c(F)c(F)c(F)c(F)c2F)cc1,-1.6559406699833308,external,-1,0.0,True,0.3142857142857143,chemeleon,-6.32641617457072,-6.048048496246338,-6.451730728149414,-6.479469299316406
UHEPJGULSIKKTP,CC(=O)CCC=C(C)C,-3.37439710834729,external,-1,0.0,False,0.52,chemeleon,-3.5461625258127847,-3.375215768814087,-3.5038809776306152,-3.7593908309936523
UHXUZOCRWCRNSJ,CNC(=O)ON=C(C)SC,-7.7697946414595,external,-1,0.0,True,0.42857142857142855,chemeleon,-8.595316886901855,-8.558258056640625,-8.664318084716797,-8.563374519348145
UIHCLUNTQKBZGK,CCC(C)C(C)=O,-3.126712395015846,external,-1,0.0,False,0.47058823529411764,chemeleon,-2.823347489039103,-2.8800830841064453,-2.719939947128296,-2.8700194358825684
UJIGKESMIPTWJH,FC(Cl)C(F)(F)C(F)(F)Cl,0.7698968620756514,external,-1,0.0,False,0.5,chemeleon,1.0951162974039714,1.1939201354980469,1.1924490928649902,0.898979663848877
UKSAZCDAGVHMRF,Fc1c(F)c(F)c(CON=Cc2ccccc2)c(F)c1F,-1.491448044485954,external,-1,0.0,True,0.2903225806451613,chemeleon,-5.860289732615153,-5.829010486602783,-5.830303192138672,-5.921555519104004
UPNBETHEXPIWQX,Brc1ccc(Oc2ccc(Br)cc2Br)cc1,-3.5448444065774347,external,-1,0.0,True,0.39285714285714285,chemeleon,-4.932855288187663,-5.258074760437012,-4.875837326049805,-4.664653778076172
UXFSPRAGHGMRSQ,COc1nccnc1CC(C)C,-3.628908592471273,external,-1,0.0,False,0.3939393939393939,chemeleon,-5.238839785257976,-5.175821781158447,-5.3258490562438965,-5.214848518371582
UZYYBZNZSSNYSA,Cc1c(Cl)ccc(Cl)c1Cl,-1.6559406699833308,external,-1,0.0,False,0.5625,chemeleon,-1.4554654757181804,-1.529402494430542,-1.5158202648162842,-1.3211736679077148
VEFNQGLEDJPUJF,COc1c(Br)c(Br)c(Br)c(Br)c1Br,-4.630621342972727,external,-1,0.0,True,0.38461538461538464,chemeleon,-4.185563405354817,-4.387095928192139,-4.187834739685059,-3.981759548187256
VGQXTTSVLMQFHM,CC(=O)OO[N+](=O)[O-],-2.512161325517144,external,-1,0.0,False,0.4230769230769231,chemeleon,-3.632785161336263,-3.676128387451172,-3.473576068878174,-3.7486510276794434
VHNPZYZQKWIWOD,Brc1cc(Br)c(Oc2cc(Br)c(Br)cc2Br)c(Br)c1,-5.800177489354709,external,-1,0.0,True,0.38095238095238093,chemeleon,-4.9908833503723145,-5.273949146270752,-5.287342071533203,-4.411358833312988
VIONGDJUYAYOPU,O=S(=O)(O)CCC(F)(F)C(F)(F)C(F)(F)C(F)(F)C(F)(F)C(F)(F)F,-0.9774670142527602,external,-1,0.0,True,0.2,chemeleon,-6.901040077209473,-6.589154243469238,-7.189326286315918,-6.924639701843262
VISJRVXHPNMYRH,COc1ccc(Cl)c(Cl)c1,-1.852724968524944,external,-1,0.0,False,0.43478260869565216,chemeleon,-2.918647607167562,-3.080578565597534,-3.039666175842285,-2.635698080062866
VJZRCIYSYVGDMU,Clc1cc2c(Cl)ccc(Cl)c2cc1Cl,-3.2169719815591824,external,-1,0.0,False,0.5,chemeleon,-2.552448272705078,-2.7879843711853027,-2.428616523742676,-2.440743923187256
VNVBOBJSRGZDCW,Fc1c(F)c(F)c(CON=CC=NOCc2c(F)c(F)c(F)c(F)c2F)c(F)c1F,-2.1805973935431964,external,-1,0.0,True,0.25,chemeleon,-7.653627077738444,-7.335369110107422,-7.7046966552734375,-7.920815467834473
VNWPJWLGZUDTBZ,CC(=NOCc1c(F)c(F)c(F)c(F)c1F)C(C)(C)O,-2.010150095313052,external,-1,0.0,True,0.1951219512195122,chemeleon,-6.472047487894694,-6.505263328552246,-6.375424385070801,-6.535454750061035
VOGSDFLJZPNWHY,OCC(F)F,-4.581218994593421,external,-1,0.0,False,0.38461538461538464,chemeleon,-5.630412260691325,-5.72317361831665,-5.691946506500244,-5.47611665725708
VQSNXLCFFHGXTI,Clc1ccc(Cl)c2c(Cl)cccc12,-3.73352344944536,external,-1,0.0,False,0.45,chemeleon,-2.881585439046224,-2.7461471557617188,-3.063530445098877,-2.835078716278076
VVAAXDBMZVCVPA,ClCC(Cl)CCCCCCCC(Cl)CCl,-3.5448444065774347,external,-1,0.0,True,0.375,chemeleon,-3.479325453440348,-3.255223274230957,-3.5746195316314697,-3.608133554458618
VVJKKWFAADXIJK,C=CCN,-4.630621342972727,external,-1,0.0,False,0.4166666666666667,chemeleon,-4.8279603322347,-4.882335186004639,-4.761380195617676,-4.840165615081787
VXBHNYIEBLRXAW,ClCC(Cl)CCCCCCC(Cl)CCl,-2.92284059793544,external,-1,0.0,True,0.375,chemeleon,-3.4820061524709067,-3.1959495544433594,-3.507124185562134,-3.7429447174072266
VZRSUQWPXPUWCS,COc1c(Cl)cc(Br)c(Cl)c1Cl,-1.9021273169042503,external,-1,0.0,True,0.4642857142857143,chemeleon,-3.0060907999674478,-2.962789535522461,-3.1074228286743164,-2.9480600357055664
WCJYTPVNMWIZCG,CNC(=O)Oc1ccc(C)c(C)c1,-7.303237710857214,external,-1,0.0,False,0.3939393939393939,chemeleon,-8.479269981384277,-8.42408275604248,-8.42585563659668,-8.587871551513672
WCVOGSZTONGSQY,COc1c(Cl)cc(Cl)cc1Cl,-1.442045696106648,external,-1,0.0,False,0.5652173913043478,chemeleon,-2.6438140074412027,-2.747208595275879,-2.681020736694336,-2.5032126903533936
WDRCOFFEZVLCLX,COc1c(Cl)c(Cl)cc(Br)c1Br,-1.846249658720261,external,-1,0.0,True,0.4,chemeleon,-3.75108011563619,-3.5982911586761475,-3.8388257026672363,-3.8161234855651855
WDWNMIBWWPZNJK,FC(F)(F)C(F)(F)C(F)(F)C(F)(F)C(F)(F)C(F)(F)/C=C/I,-0.434578546055114,external,-1,0.0,False,0.18181818181818182,chemeleon,-0.5283857186635336,-0.9825763702392578,-0.5586941242218018,-0.043886661529541016
WHHGLZMJPXIBIX,Brc1c(Br)c(Br)c(Oc2c(Br)c(Br)c(Br)c(Br)c2Br)c(Br)c1Br,-6.343123108603918,external,-1,0.0,True,0.45454545454545453,chemeleon,-5.235042413075765,-5.536966323852539,-5.641651630401611,-4.5265092849731445
WHPVYXDFIXRKLN,Brc1ccc(Oc2cc(Br)c(Br)cc2Br)c(Br)c1,-4.870853317160879,external,-1,0.0,False,0.39285714285714285,chemeleon,-4.847202777862549,-5.26672887802124,-4.87523889541626,-4.3996405601501465
WHRDPXDGAMJNGH,COc1c(Br)cc(Cl)cc1Br,-2.135701876657686,external,-1,0.0,True,0.4074074074074074,chemeleon,-3.1550021966298423,-3.2504324913024902,-2.9960076808929443,-3.218566417694092
WMMFIDNWZNCBCT,COc1c(Cl)c(Cl)cc(Cl)c1Cl,-1.227029652927254,external,-1,0.0,False,0.5652173913043478,chemeleon,-3.1451114813486734,-2.9937515258789062,-3.1280059814453125,-3.3135769367218018
WNYADZVDBIBLJJ,O=NN1CCCC1,-7.599347343229355,external,-1,0.0,False,0.9285714285714286,chemeleon,-7.945071856180827,-8.451589584350586,-7.74897575378418,-7.634650230407715
WQZKKVJFBZPJSU,CCC(CC)O[N+](=O)[O-],-1.3288483437607428,external,-1,0.0,True,0.6086956521739131,chemeleon,-2.3073694705963135,-2.3091654777526855,-2.172497034072876,-2.440445899963379
WUOACPNHFRMFPN,CC1=CCC(C(C)(C)O)CC1,-5.508449734897895,external,-1,0.0,False,0.5714285714285714,chemeleon,-5.167062441507976,-4.876363754272461,-5.0473222732543945,-5.57750129699707
WXCMHFPAUCOJIG,CC(=O)c1c(C)c([N+](=O)[O-])c(C(C)(C)C)c([N+](=O)[O-])c1C,-5.281532589579175,external,-1,0.0,True,0.27906976744186046,chemeleon,-8.205012639363607,-7.459438323974609,-8.73977279663086,-8.415826797485352
WYLDWCYZCFRVRH,Clc1cc(Cl)c2c(Cl)cc(Cl)c(Cl)c2c1,-3.197329797674128,external,-1,0.0,False,0.55,chemeleon,-2.9442941347757974,-3.083237409591675,-3.1305723190307617,-2.619072675704956
XGXUGXPKRBQINS,COc1ccc(Br)cc1Br,-3.141525290295802,external,-1,0.0,True,0.4230769230769231,chemeleon,-3.0699355602264404,-3.2187094688415527,-2.8860256671905518,-3.105071544647217
XTBXSCIWOVSSGB,O=C(O)CC(F)(F)C(F)(F)C(F)(F)C(F)(F)C(F)(F)C(F)(F)C(F)(F)C(F)(F)F,-0.2151376507207325,external,-1,0.0,True,0.2692307692307692,chemeleon,-4.491368134816487,-4.85576057434082,-4.599213123321533,-4.019130706787109
XYBSIYMGXVUVGY,Brc1ccc(Oc2ccc(Br)cc2Br)c(Br)c1,-4.548110664011599,external,-1,0.0,True,0.4583333333333333,chemeleon,-4.92891279856364,-5.3327813148498535,-4.801749229431152,-4.652207851409912
YAWIAFUBXXPJMQ,Brc1ccc(Oc2ccc(Br)cc2)cc1,-3.094814183963434,external,-1,0.0,True,0.5714285714285714,chemeleon,-5.195788065592448,-5.408381938934326,-5.305899620056152,-4.873082637786865
YGHRJJRRZDOVPD,CC(C)CC=O,-2.381271697509173,external,-1,0.0,False,0.4444444444444444,chemeleon,-2.961939970652262,-2.8971776962280273,-2.962935447692871,-3.0257067680358887
YGYAWVDWMABLBF,O=C(Cl)Cl,-0.2673234667648203,external,-1,0.0,False,0.375,chemeleon,-0.19969304402669272,-0.22391891479492188,-0.3791499137878418,0.003989696502685547
YJEMGEBDXDPBSP,COc1ccc(Cl)cc1Br,-2.250382069501203,external,-1,0.0,True,0.36666666666666664,chemeleon,-2.706953684488932,-2.933284044265747,-2.5488038063049316,-2.638773202896118
YKQOTQPNOJSJFA,CCCC(C)=NOCc1c(F)c(F)c(F)c(F)c1F,-1.3130478087293145,external,-1,0.0,True,0.25,chemeleon,-2.7458182175954184,-3.0417709350585938,-2.7493205070495605,-2.4463632106781006
YORCIIVHUBAYBQ,C#CCBr,-1.826387968213476,external,-1,0.0,False,0.38461538461538464,chemeleon,-1.9233469168345134,-1.897432565689087,-1.9896600246429443,-1.8829481601715088
YRGAYAGBVIXNAQ,COc1ccc(Cl)cc1,-2.943631676789209,external,-1,0.0,False,0.5238095238095238,chemeleon,-2.7871406078338623,-3.1538784503936768,-2.695617198944092,-2.5119261741638184
YSVAURKXNCNUNS,COc1c(Cl)c(Cl)c(Br)c(Cl)c1Cl,-1.852724968524944,external,-1,0.0,True,0.3333333333333333,chemeleon,-3.186451276143392,-3.222562789916992,-3.2647533416748047,-3.072037696838379
YUKILTJWFRTXGB,COc1cccc(Cl)c1,-2.793270537698849,external,-1,0.0,False,0.5384615384615384,chemeleon,-3.0697499910990396,-3.2824254035949707,-3.0674796104431152,-2.859344959259033
YXMNEYKMHSBVTD,CCC(CO)O[N+](=O)[O-],-7.046500910381195,external,-1,0.0,True,0.5185185185185185,chemeleon,-6.524258613586426,-6.449984073638916,-6.472597599029541,-6.65019416809082
YXWWHNCQZBVZPV,CC(=O)c1ccccc1C,-4.468021642247516,external,-1,0.0,False,0.6521739130434783,chemeleon,-4.447562058766683,-4.374381065368652,-4.5082902908325195,-4.460014820098877
YYZUSRORWSJGET,CCCCCCCC(=O)OCC,-1.9585971639928248,external,-1,0.0,False,1.0,chemeleon,-4.246061245600383,-3.9958689212799072,-4.330331325531006,-4.411983489990234
YZMXEWDTXSTFIJ,COc1cc(Cl)c(Br)c(Cl)c1Br,-1.846249658720261,external,-1,0.0,True,0.5185185185185185,chemeleon,-3.4237016836802163,-3.4493231773376465,-3.5429837703704834,-3.2787981033325195
ZENOXNGFMSCLLL,COc1cc(CO)ccc1O,-11.42766999077337,external,-1,0.0,True,0.6666666666666666,chemeleon,-10.715307235717773,-10.902214050292969,-10.754898071289062,-10.488809585571289
ZLIBICFPKPWGIZ,Cc1cc(C)nc(Nc2ccccc2)n1,-8.084183894106772,external,-1,0.0,False,0.37037037037037035,chemeleon,-9.636092185974121,-9.674603462219238,-9.575746536254883,-9.657926559448242
ZNOLGFHPUIJIMJ,COP(=S)(OC)Oc1ccc([N+](=O)[O-])c(C)c1,-6.6500280506858855,external,-1,0.0,False,0.6052631578947368,chemeleon,-7.486361662546794,-7.638128757476807,-7.559416770935059,-7.261539459228516
ZOASGOXWEHUTKZ,CCCSC,-1.402087752245875,external,-1,0.0,False,0.5,chemeleon,-0.6798831621805826,-0.4402904510498047,-0.8464319705963135,-0.7529270648956299
ZOKXUAHZSKEQSS,CCCCSP(=O)(SCCCC)SCCCC,-6.719936881072535,external,-1,0.0,True,0.6363636363636364,chemeleon,-7.161829153696696,-7.017938137054443,-7.6467390060424805,-6.820810317993164
ZOWSJJBOQDKOHI,CC(=O)OCC(F)(F)F,-1.5690803179488944,external,-1,0.0,False,0.47619047619047616,chemeleon,-3.0560035705566406,-2.92293643951416,-2.9896974563598633,-3.2553768157958984
ZUXVGCIQOSXRJN,COc1c(Cl)c(Cl)cc(Br)c1Cl,-1.9021273169042503,external,-1,0.0,True,0.41379310344827586,chemeleon,-3.2925891081492105,-3.210975170135498,-3.2294023036956787,-3.437389850616455
ZVJHJDDKYZXRJI,C1=NCCC1,-4.9090914196116735,external,-1,0.0,False,0.25,chemeleon,-3.978878657023112,-4.011005401611328,-3.9818027019500732,-3.9438278675079346
VNWKTOKETHGBQD-UHFFFAOYSA-N,C,1.9598,arrow,0,3.0,False,,molformer_structure,1.1092945035273365,1.1721030079365082,1.123374507936507,1.032405994708994
IJDNQMDRQITEOD-UHFFFAOYSA-N,CCCC,2.1032,arrow,0,3.0,False,,molformer_structure,1.8340482519841264,1.8582612652116395,1.808290105158729,1.8355933855820115
QQONPFPTGQHPMA-UHFFFAOYSA-N,C=CC,1.32,arrow,0,3.0,False,,molformer_structure,1.2310498641975312,1.2540604444444459,1.2024200992063492,1.2366690489417982
BAVYZALUXZFZLV-UHFFFAOYSA-N,CN,-4.55,arrow,0,3.0,False,,molformer_structure,-4.644802541887124,-4.586975297619045,-4.750348875661376,-4.597083452380951
QUSNBJAOOMFDIB-UHFFFAOYSA-N,CCN,-4.5,arrow,0,3.0,False,,molformer_structure,-4.405918977072311,-4.4095975859788386,-4.434646693121695,-4.3735126521164
NBBJYMSMWIIQGU-UHFFFAOYSA-N,CCC=O,-3.43,arrow,0,3.0,False,,molformer_structure,-3.3855627425044097,-3.3308448743386223,-3.3955309193121694,-3.430312433862436
ZTQSAGDEMFDKMZ-UHFFFAOYSA-N,CCCC=O,-3.18,arrow,0,3.0,False,,molformer_structure,-3.188711629188712,-3.1406205357142847,-3.2176081679894173,-3.207906183862434
QQZOPKMRPOGIEB-UHFFFAOYSA-N,CCCCC(C)=O,-3.28,arrow,0,3.0,False,,molformer_structure,-3.242633002645499,-3.297087070105815,-3.2096205026454983,-3.221191435185184
QTBSBXVTEAMEQO-UHFFFAOYSA-N,CC(=O)O,-6.69,arrow,0,3.0,False,,molformer_structure,-6.593480500440916,-6.5950929894179895,-6.513659126984126,-6.671689384920631
UHOVQNZJYSORNB-UHFFFAOYSA-N,c1ccccc1,-0.88,arrow,0,3.0,False,,molformer_structure,-0.7541340421075841,-0.6813526951058206,-0.76028167989418,-0.8207677513227515
UFWIBTONFRDIAS-UHFFFAOYSA-N,c1ccc2ccccc2c1,-2.4,arrow,0,3.0,False,,molformer_structure,-2.7211246472663153,-2.736283201058203,-2.655885879629631,-2.771204861111112
MWPLVEDNUUSJAV-UHFFFAOYSA-N,c1ccc2cc3ccccc3cc2c1,-3.95,arrow,0,3.0,False,,molformer_structure,-4.315901366843035,-4.313970436507938,-4.372394444444444,-4.261339219576722
YNPNZTXNASCQKK-UHFFFAOYSA-N,c1ccc2c(c1)ccc1ccccc12,-3.88,arrow,0,3.0,False,,molformer_structure,-4.161736772486767,-4.040107870370363,-4.269507142857141,-4.1755953042327985
KFZMGEQAYNKOFK-UHFFFAOYSA-N,CC(C)O,-4.62,arrow,0,3.0,False,,molformer_structure,-4.549137742504409,-4.552820568783069,-4.572122982804236,-4.522469675925922
LRHPLDYGYMQRHN-UHFFFAOYSA-N,CCCCO,-4.72,arrow,0,3.0,False,,molformer_structure,-4.597249702380952,-4.6169405092592575,-4.5792420304232815,-4.595566567460318
DKGAVHZHDRPRBM-UHFFFAOYSA-N,CC(C)(C)O,-4.51,arrow,0,3.0,False,,molformer_structure,-4.331341104497355,-4.312833167989421,-4.375660185185184,-4.305529960317459
MSXVEPNJUHWQHW-UHFFFAOYSA-N,CCC(C)(C)O,-4.43,arrow,0,3.0,False,,molformer_structure,-4.290177976190475,-4.2912272156084645,-4.290051686507938,-4.289255026455024
DMEGYFMYUHOHGS-UHFFFAOYSA-N,C1CCCCCC1,0.789,arrow,1,3.0,False,,molformer_structure,1.1988567685185176,1.1455220833333328,1.245480275132275,1.2055679470899454
ATUOYWHBWRKTHZ-UHFFFAOYSA-N,CCC,1.9598,arrow,1,3.0,False,,molformer_structure,1.586142198633157,1.5485948320105822,1.6158884689153437,1.5939432949735457
OFBQJSOFQDEBGM-UHFFFAOYSA-N,CCCCC,2.3422,arrow,1,3.0,False,,molformer_structure,2.3293574695767187,2.2875494232804225,2.3438920562169305,2.356630929232803
TVMXDCGIABBOFY-UHFFFAOYSA-N,CCCCCCCC,2.8919,arrow,1,3.0,False,,molformer_structure,2.836819198412698,2.7957115476190486,2.819695346560845,2.8950507010582
VNKYTQGIUYNRMY-UHFFFAOYSA-N,CCCOC,-1.66,arrow,1,3.0,False,,molformer_structure,-2.9553664572310385,-3.0062520502645484,-2.861658386243384,-2.998188935185184
FERIUCNNQQJTOY-UHFFFAOYSA-N,CCCC(=O)O,-6.35,arrow,1,3.0,False,,molformer_structure,-6.220214142416225,-6.23558968253968,-6.226732341269841,-6.198320403439155
ZUOUZKKEUPVFJK-UHFFFAOYSA-N,c1ccc(-c2ccccc2)cc1,-2.66,arrow,1,3.0,False,,molformer_structure,-2.7735095789241657,-2.7351372685185216,-2.786489880952384,-2.7989015873015908
OKKJLVBELUTLKV-UHFFFAOYSA-N,CO,-5.11,arrow,1,3.0,False,,molformer_structure,-4.962265729717813,-4.933786970899471,-4.98001097883598,-4.972999239417989
HPXRVTGHNJAIIH-UHFFFAOYSA-N,OC1CCCCC1,-5.47,arrow,1,3.0,False,,molformer_structure,-5.359984501763659,-5.346111177248663,-5.34065555555555,-5.3931867724867635
RJUFJBKOKNCXHH-UHFFFAOYSA-N,CCC(=O)OC,-2.93,arrow,1,3.0,False,,molformer_structure,-2.802533983686068,-2.7956288029100573,-2.793456150793652,-2.8185169973544957
YKYONYBAUNKHLG-UHFFFAOYSA-N,CCCOC(C)=O,-2.86,arrow,1,3.0,False,,molformer_structure,-2.847956415343915,-2.7974861772486763,-2.8793528439153437,-2.867030224867725
QLNJFJADRCOGBJ-UHFFFAOYSA-N,CCC(N)=O,-9.4,arrow,1,3.0,False,,molformer_structure,-9.589696924603176,-9.602235284391531,-9.564459126984124,-9.602396362433872
DNJIEGIFACGWOD-UHFFFAOYSA-N,CCS,-1.24,arrow,1,3.0,False,,molformer_structure,-1.002745354938271,-0.9772665145502638,-0.9926535978835969,-1.0383159523809522
SUVIGLJNEAMWEG-UHFFFAOYSA-N,CCCS,-1.05,arrow,1,3.0,False,,molformer_structure,-0.9901348412698407,-0.9946084126984119,-0.9432701653439152,-1.0325259457671954
QMMFVYPAHWMCMS-UHFFFAOYSA-N,CSC,-1.54,arrow,1,3.0,False,,molformer_structure,-1.4410617385361537,-1.4365390383597867,-1.4146040013227494,-1.4720421759259255
PAYRUJLWNCNPSJ-UHFFFAOYSA-N,Nc1ccccc1,-5.54,arrow,1,3.0,False,,molformer_structure,-5.530132440476184,-5.5853007605820055,-5.5286668650793604,-5.476429695767183
RAXXELZNTBOGNW-UHFFFAOYSA-N,c1c[nH]cn1,-9.6,arrow,1,3.0,False,,molformer_structure,-8.551130445326285,-8.489156382275144,-8.360362962962963,-8.803871990740747
RGSFGYAAUTVSQA-UHFFFAOYSA-N,C1CCCC1,1.2,arrow,2,3.0,False,,molformer_structure,1.2473000374779526,1.2503305793650779,1.2155637837301583,1.276005749338622
VGGSQFUCUMXWEO-UHFFFAOYSA-N,C=C,1.28,arrow,2,3.0,False,,molformer_structure,1.024732311507936,0.9886522923280424,1.0288454087301586,1.0566992334656076
KAKZBPTYRLMSJV-UHFFFAOYSA-N,C=CC=C,0.61,arrow,2,3.0,False,,molformer_structure,0.49910090189594397,0.513728148809524,0.5039714285714291,0.4796031283068787
GETQZCLCWQTVFV-UHFFFAOYSA-N,CN(C)C,-3.2,arrow,2,3.0,False,,molformer_structure,-4.280412720458555,-4.312677281746034,-4.288713723544975,-4.239847156084656
LCGLNKUTAGEVQW-UHFFFAOYSA-N,COC,-1.91,arrow,2,3.0,False,,molformer_structure,-2.561151477072311,-2.6298000000000004,-2.5215046296296304,-2.5321498015873027
RTZKZFJDLAIYFH-UHFFFAOYSA-N,CCOCC,-1.75,arrow,2,3.0,False,,molformer_structure,-1.9241201499118172,-1.9268220238095233,-1.9108636904761918,-1.9346747354497364
CSCPPACGZOOCGX-UHFFFAOYSA-N,CC(C)=O,-3.8,arrow,2,3.0,False,,molformer_structure,-3.49851832010582,-3.5423131613756613,-3.4821366402116394,-3.47110515873016
BBEAQIROQSPTKN-UHFFFAOYSA-N,c1cc2ccc3cccc4ccc(c1)c2c34,-4.52,arrow,2,3.0,False,,molformer_structure,-5.9563123567019325,-5.990206448412692,-5.94301732804232,-5.935713293650786
YXFVVABEGXRONW-UHFFFAOYSA-N,Cc1ccccc1,-0.89,arrow,2,3.0,False,,molformer_structure,-0.9994325286596114,-0.9858784722222212,-1.0058689814814816,-1.0065501322751316
ISWSIDIOOBJBQZ-UHFFFAOYSA-N,Oc1ccccc1,-6.62,arrow,2,3.0,False,,molformer_structure,-5.574517030423279,-5.552674041005291,-5.651364914021163,-5.5195121362433825
QWVGKYWNOKOFNN-UHFFFAOYSA-N,Cc1ccccc1O,-5.87,arrow,2,3.0,False,,molformer_structure,-5.948052711640212,-5.972940211640215,-5.960927744708992,-5.9102901785714295
LFQSCWFLJHTTHZ-UHFFFAOYSA-N,CCO,-5.01,arrow,2,3.0,False,,molformer_structure,-4.734615983245153,-4.721169080687834,-4.750179662698416,-4.732499206349207
AMQJEAYHLZJPGS-UHFFFAOYSA-N,CCCCCO,-4.47,arrow,2,3.0,False,,molformer_structure,-4.361729607583774,-4.373289451058202,-4.367336144179891,-4.344563227513229
AQIXEPGDORPWBJ-UHFFFAOYSA-N,CCC(O)CC,-4.35,arrow,2,3.0,False,,molformer_structure,-4.306380213844799,-4.323991038359788,-4.25936832010582,-4.335781283068789
XEKOWRVHYACXOJ-UHFFFAOYSA-N,CCOC(C)=O,-3.12,arrow,2,3.0,False,,molformer_structure,-3.111121968694883,-3.0405426587301556,-3.115273908730157,-3.1775493386243365
WQOXQRCZOLPYPM-UHFFFAOYSA-N,CSSC,-1.83,arrow,2,3.0,False,,molformer_structure,-1.4331848619929437,-1.4461632936507913,-1.4222572876984114,-1.4311340046296281
JUJWROOIHBZHMG-UHFFFAOYSA-N,c1ccncc1,-4.69,arrow,2,3.0,False,,molformer_structure,-4.403360725308641,-4.38528210978836,-4.324258201058197,-4.500541865079366
CRSOQBOWXPBRES-UHFFFAOYSA-N,CC(C)(C)C,2.5,arrow,3,3.0,False,,molformer_structure,2.2554470958994703,2.238529941798941,2.232009712301588,2.2958016335978826
OTMSDBZUPAUEDD-UHFFFAOYSA-N,CC,1.7925,arrow,3,3.0,False,,molformer_structure,1.5984608761022925,1.5307048637566134,1.6333519034391524,1.6313258611111119
VLKZOEOYAKHREP-UHFFFAOYSA-N,CCCCCC,2.5095,arrow,3,3.0,False,,molformer_structure,2.4484461933421513,2.4460404365079356,2.4388372321428555,2.460460911375663
YWAKXRMUMFPDSH-UHFFFAOYSA-N,C=CCCC,1.6800000000000002,arrow,3,3.0,False,,molformer_structure,1.4471969254850094,1.426586157407408,1.4685051640211653,1.446499455026455
ROSDSFDQCJNGOL-UHFFFAOYSA-N,CNC,-4.3,arrow,3,3.0,False,,molformer_structure,-4.429349085097002,-4.4665530092592585,-4.437767559523808,-4.383726686507938
HQABUPZFAYXKJW-UHFFFAOYSA-N,CCCCN,-4.24,arrow,3,3.0,False,,molformer_structure,-4.314126146384479,-4.345661210317463,-4.279029861111111,-4.317687367724864
XNLICIUVMPYHGG-UHFFFAOYSA-N,CCCC(C)=O,-3.52,arrow,3,3.0,False,,molformer_structure,-3.355082264109347,-3.3574790013227527,-3.3507119708994706,-3.3570558201058183
IWDCLRJOBJJRNH-UHFFFAOYSA-N,Cc1ccc(O)cc1,-6.14,arrow,3,3.0,False,,molformer_structure,-6.124537378747795,-6.125606415343919,-6.181519510582012,-6.066486210317454
XLYOFNOQVPJJNP-UHFFFAOYSA-N,O,-6.3,arrow,3,3.0,False,,molformer_structure,-3.34535976366843,-3.269222297619046,-3.504534923280421,-3.2623220701058218
BDERNNFJNOPAEC-UHFFFAOYSA-N,CCCO,-4.92,arrow,3,3.0,False,,molformer_structure,-4.717500936948853,-4.7050147817460335,-4.702816732804232,-4.744671296296295
KBPLFHHGFOOTCA-UHFFFAOYSA-N,CCCCCCCCO,-4.09,arrow,3,3.0,False,,molformer_structure,-3.812824228395064,-3.78875138888889,-3.8387811507936522,-3.81094014550265
DKPFZGUDAPQIHT-UHFFFAOYSA-N,CCCCOC(C)=O,-2.55,arrow,3,3.0,False,,molformer_structure,-2.632397938712522,-2.631196726190476,-2.636092129629629,-2.629904960317461
WQAQPCDUOCURKW-UHFFFAOYSA-N,CCCCS,-0.99,arrow,3,3.0,False,,molformer_structure,-0.7729135242504411,-0.7886380952380959,-0.7383642791005293,-0.7917381984126982
LJSQFQKUNVCTIA-UHFFFAOYSA-N,CCSCC,-1.43,arrow,3,3.0,False,,molformer_structure,-1.3994195282186956,-1.4354748875661376,-1.3261037235449749,-1.4366799735449747
WXEHBUMAEPOYKP-UHFFFAOYSA-N,CCSC,-1.5,arrow,3,3.0,False,,molformer_structure,-1.4527401917989435,-1.4457476587301594,-1.4571436706349232,-1.4553292460317482
ZFRKQXVRDFCRJG-UHFFFAOYSA-N,Cc1c[nH]c2ccccc12,-5.88,arrow,3,3.0,False,,molformer_structure,-6.509298677248675,-6.589657870370369,-6.598858961640211,-6.339379199735442
KAESVJOAVNADME-UHFFFAOYSA-N,c1cc[nH]c1,-4.8,arrow,3,3.0,False,,molformer_structure,-5.303481168430335,-5.2701877513227515,-5.362604596560848,-5.277651157407406
LVZWSLJZHVFIQJ-UHFFFAOYSA-N,C1CC1,0.75,arrow,4,3.0,False,,molformer_structure,1.4267416225749565,1.4789652519841279,1.4127756534391547,1.388483962301587
XDTMQSROBMDMFD-UHFFFAOYSA-N,C1CCCCC1,1.23,arrow,4,3.0,False,,molformer_structure,1.209288182319225,1.238920195767198,1.2221688458994713,1.1667755052910054
NNPPMTNAJDCUHE-UHFFFAOYSA-N,CC(C)C,2.2800000000000002,arrow,4,3.0,False,,molformer_structure,2.1174207438271595,2.1202520476190467,2.0724288921957674,2.1595812916666643
VXNZUUAINFGPBY-UHFFFAOYSA-N,C=CCC,1.38,arrow,4,3.0,False,,molformer_structure,1.4283966836419737,1.4412281488095227,1.4132437910052884,1.4307181111111107
XTHFKEDIFFGKHM-UHFFFAOYSA-N,COCCOC,-4.84,arrow,4,3.0,False,,molformer_structure,-3.5266049603174605,-3.647743750000002,-3.443987731481478,-3.488083399470902
IKHGUXGNUITLKF-UHFFFAOYSA-N,CC=O,-3.5,arrow,4,3.0,False,,molformer_structure,-3.459527237654321,-3.4205993055555557,-3.4642920965608464,-3.4936903108465622
ZWEHNKRNPOVVGH-UHFFFAOYSA-N,CCC(C)=O,-3.71,arrow,4,3.0,False,,molformer_structure,-3.3445537698412693,-3.337873677248675,-3.3466613425925913,-3.3491262896825402
FDPIMTJIUBPUKL-UHFFFAOYSA-N,CCC(=O)CC,-3.41,arrow,4,3.0,False,,molformer_structure,-3.153411585097,-3.1502373346560844,-3.136943981481479,-3.173053439153437
XBDQKXXYIPTUBI-UHFFFAOYSA-N,CCC(=O)O,-6.46,arrow,4,3.0,False,,molformer_structure,-6.383765652557318,-6.400598544973541,-6.393176124338624,-6.357522288359785
IFLREYGFSNHWGE-UHFFFAOYSA-N,c1ccc2cc3cc4ccccc4cc3cc2c1,-5.5,arrow,4,3.0,False,,molformer_structure,-6.374221031746028,-6.363763194444443,-6.43990264550264,-6.318997255291002
RLSSMJSEOOYNOY-UHFFFAOYSA-N,Cc1cccc(O)c1,-5.49,arrow,4,3.0,False,,molformer_structure,-6.156016975308642,-6.159400958994709,-6.137047056878302,-6.171602910052914
BTANRVKWQNVYAZ-UHFFFAOYSA-N,CCC(C)O,-4.58,arrow,4,3.0,False,,molformer_structure,-4.47270888447972,-4.46782671957672,-4.4931499007936555,-4.457150033068785
JYVLIDXNZAXMDK-UHFFFAOYSA-N,CCCC(C)O,-4.39,arrow,4,3.0,False,,molformer_structure,-4.360971340388009,-4.34685922619048,-4.35020314153439,-4.385851653439156
DLFVBJFMPXGRIB-UHFFFAOYSA-N,CC(N)=O,-9.71,arrow,4,3.0,False,,molformer_structure,-9.516043915343912,-9.488950859788368,-9.533085019841268,-9.526095866402104
OHLUUHNLEMFGTQ-UHFFFAOYSA-N,CNC(C)=O,-10.0,arrow,4,3.0,False,,molformer_structure,-8.360859611992945,-8.408180257936515,-8.414281283068785,-8.260117294973533
FXHOOIRPVKKKFG-UHFFFAOYSA-N,CC(=O)N(C)C,-8.5,arrow,4,3.0,False,,molformer_structure,-6.632532506613756,-6.676059722222222,-6.638922156084654,-6.582615641534391
LSDPWZHWYPCBBB-UHFFFAOYSA-N,CS,-1.219,arrow,4,3.0,False,,molformer_structure,-1.161862199294532,-1.21540033068783,-1.1389378465608457,-1.1312484206349203
AAUJSCRITBXDJH,Clc1ccc2c(Cl)c(Cl)ccc2c1,-3.580763582585761,external,-1,0.0,False,0.4583333333333333,molformer_structure,-2.921379750881835,-2.886231481481484,-2.9393249999999993,-2.938582771164022
AKDRYEADQPNLOH,CC=NOCc1c(F)c(F)c(F)c(F)c1F,-2.282416084376685,external,-1,0.0,True,0.22727272727272727,molformer_structure,-4.6820584215167536,-4.692886375661378,-4.602456018518516,-4.750832870370368
ALVPFGSHPUPROW,CCCSSCCC,-1.653482212099156,external,-1,0.0,False,0.5384615384615384,molformer_structure,-1.4363278915343904,-1.4404081216931206,-1.4525454365079349,-1.4160301164021152
ALVYVCQIFHTIRD,O=S(=O)(O)CCC(F)(F)C(F)(F)C(F)(F)C(F)(F)C(F)(F)C(F)(F)C(F)(F)C(F)(F)F,-1.0050294233768833,external,-1,0.0,True,0.2,molformer_structure,-9.542721230158731,-9.143863988095237,-9.827994609788364,-9.656305092592593
AWZOLILCOUMRDG,CCOP(=O)(Sc1ccccc1)Sc1ccccc1,-9.676930122691385,external,-1,0.0,True,0.35714285714285715,molformer_structure,-7.8136032407407425,-7.539531944444448,-7.906141203703704,-7.995136574074072
BAOLNVSMVTYGDA,Clc1ccc2c(Cl)c(Cl)c(Cl)c(Cl)c2c1,-3.119164713968704,external,-1,0.0,False,0.5,molformer_structure,-3.1906975749559106,-3.204195271164023,-3.1997752314814845,-3.1681222222222245
BAYUSCHCCGXLAY,COc1cccc(C(C)=O)c1,-6.3751571234794,external,-1,0.0,False,0.5714285714285714,molformer_structure,-4.987263888888887,-4.994763888888887,-4.890877314814817,-5.07615046296296
BBABSCYTNHOKOG,COc1c(Cl)c(Cl)c(Cl)c(Cl)c1Cl,-0.9774670142527602,external,-1,0.0,False,0.391304347826087,molformer_structure,-2.945835471781304,-2.842799537037034,-2.9687724206349184,-3.025934457671959
BCTASVPUYLXFBW,CC(CO)=NOCc1c(F)c(F)c(F)c(F)c1F,-2.4906140436893542,external,-1,0.0,True,0.2,molformer_structure,-10.153161805555557,-10.180001851851856,-10.062323776455024,-10.217159788359794
BDFAOUQQXJIZDG,CC(C)CS,-0.5378803038700118,external,-1,0.0,False,0.4166666666666667,molformer_structure,-0.7203470149911818,-0.6686549801587302,-0.721536375661376,-0.7708496891534393
BIVDISPRSYAHQQ,Clc1cc(Cl)c2c(Cl)cccc2c1Cl,-3.50660630412664,external,-1,0.0,False,0.45454545454545453,molformer_structure,-2.8968613977072324,-2.9117294973544996,-2.904210416666668,-2.87464427910053
BMZVDHQOAJUZJL,COc1c(Br)cccc1Br,-2.677294821763553,external,-1,0.0,True,0.36363636363636365,molformer_structure,-3.6252010361552025,-3.543493518518515,-3.761795238095239,-3.5703143518518536
BRLQWZUYTZBJKN,ClCC1CO1,-3.897199417405152,external,-1,0.0,False,0.4444444444444444,molformer_structure,-3.744770524691358,-3.805593287037041,-3.650886904761904,-3.7778313822751284
BTRCDLZQISXWHZ,COc1ccc(Br)c(Cl)c1Cl,-1.9585971639928248,external,-1,0.0,True,0.42857142857142855,molformer_structure,-3.298115917107585,-3.185913657407405,-3.443743750000003,-3.264690343915346
BULLJMKUVKYZDJ,FC(F)(F)C(F)(F)C(F)(F)C(F)(F)C(F)(F)C(F)(F)I,-0.0777986830724094,external,-1,0.0,True,0.23529411764705882,molformer_structure,1.3893260679012336,1.3262376296296297,1.4171221481481469,1.4246184259259242
BVSOVPUWHJWGEP,COc1c(Cl)ccc(Cl)c1Br,-1.7472726277691262,external,-1,0.0,True,0.4666666666666667,molformer_structure,-3.3821358686067042,-3.3067953703703696,-3.3768467592592617,-3.46276547619048
BYGQBDHUGHBGMD,CCC(C)C=O,-2.39561343672259,external,-1,0.0,False,0.45,molformer_structure,-2.977400947971782,-3.0142372023809547,-2.983244808201057,-2.934720833333333
CAFROQYMUICGNO,O=COCC(F)(F)F,-1.5370463030734125,external,-1,0.0,False,0.38095238095238093,molformer_structure,-2.2681240740740747,-2.409513293650794,-2.240169543650794,-2.1546893849206357
CCEFMUBVSUDRLG,C=C(C)C1CCC2(C)OC2C1,-2.92284059793544,external,-1,0.0,True,0.4722222222222222,molformer_structure,-3.015963101851851,-2.947778505291005,-3.02265992063492,-3.0774508796296294
CCEKAJIANROZEO,CCNS(=O)(=O)C(F)(F)C(F)(F)C(F)(F)C(F)(F)C(F)(F)C(F)(F)C(F)(F)C(F)(F)F,-0.501220058409582,external,-1,0.0,True,0.20588235294117646,molformer_structure,-8.667477619047618,-8.586980423280423,-8.813177314814817,-8.602275119047615
CGFCSKMZZXPWEY,CC(O)C(C)O[N+](=O)[O-],-7.359115369041204,external,-1,0.0,True,0.46153846153846156,molformer_structure,-7.907204861111109,-8.146556547619047,-7.7472663690476145,-7.827791666666665
CHIFOSRWCNZCFN,CCC(CC)Nc1c([N+](=O)[O-])cc(C)c(C)c1[N+](=O)[O-],-6.102891134415766,external,-1,0.0,True,0.3488372093023256,molformer_structure,-8.297070910493828,-8.366116666666674,-8.359021759259255,-8.166074305555552
CICQUFBZCADHHX,COc1ccc(Cl)cc1Cl,-2.010150095313052,external,-1,0.0,False,0.4782608695652174,molformer_structure,-3.250207098765434,-3.1982050925925907,-3.265692261904764,-3.286723941798946
COAUHYBSXMIJDK,FC(F)(F)C(F)(F)C(Cl)Cl,0.8383365091933289,external,-1,0.0,True,0.375,molformer_structure,1.7202001543209864,1.7379789814814808,1.7763986111111092,1.6462228703703696
CTLMCQOGOWNFHA,Clc1ccc2c(Cl)c(Cl)c(Cl)c(Cl)c2c1Cl,-4.483411727002943,external,-1,0.0,False,0.47368421052631576,molformer_structure,-3.293681510141095,-3.2826110119047653,-3.3022378968253987,-3.296195621693121
CWJSHJJYOPWUGX,CC(C)OC(=O)Nc1cccc(Cl)c1,-6.488354475825306,external,-1,0.0,True,0.3684210526315789,molformer_structure,-9.652832407407406,-9.477821296296293,-9.785087500000007,-9.695588425925916
DCEPGADSNJKOJK,O=C(F)C(F)(F)F,-2.553038563510698,external,-1,0.0,True,0.4375,molformer_structure,-1.7429945546737213,-1.708757738095237,-1.8018824735449743,-1.718343452380952
DIRFUJHNVNOBMY,CCC(C)c1ccccc1OC(=O)NC,-7.599347343229355,external,-1,0.0,True,0.5,molformer_structure,-9.349262544091708,-9.274253240740734,-9.483473148148144,-9.290061243386246
DKEGCUDAFWNSSO,BrCCCCCCCCBr,-2.0575741949439603,external,-1,0.0,False,0.6153846153846154,molformer_structure,-0.9588403064373887,-0.805121382275131,-1.0655023148148144,-1.0058972222222209
DLIFNTQMBOCKTL,CC(C)=NOCc1c(F)c(F)c(F)c(F)c1F,-1.9585971639928248,external,-1,0.0,True,0.22727272727272727,molformer_structure,-4.730369686948852,-4.678289847883597,-4.701918055555555,-4.8109011574074065
DPCILIMHENXHQX,CCc1nccnc1OC,-4.393344412065939,external,-1,0.0,False,0.3333333333333333,molformer_structure,-6.053903306878305,-5.924492592592594,-6.259480753968254,-5.977736574074069
DWEYPOWXNBAIDU,CN(Cl)Cl,-1.2452613975650346,external,-1,0.0,False,0.42857142857142855,molformer_structure,-2.5668650771604953,-2.641211408730162,-2.4880234193121704,-2.571360403439155
DWPLEOPKBWNPQV,COc1ccccc1C(C)=O,-6.309257608654238,external,-1,0.0,False,0.6923076923076923,molformer_structure,-5.096049768518518,-5.034200462962963,-5.046071527777779,-5.2078773148148105
DZHZYPCCEISGSQ,Clc1cc(Cl)c2cccc(Cl)c2c1,-3.063453976464707,external,-1,0.0,False,0.5652173913043478,molformer_structure,-2.6585974647266313,-2.5843469576719578,-2.642694775132273,-2.748750661375662
FALCMQXTWHPRIH,C=C(Cl)CCl,-1.2801235082622549,external,-1,0.0,False,0.45454545454545453,molformer_structure,-0.5573399250440919,-0.5644720238095237,-0.5293426587301588,-0.578205092592593
FCOAHACKGGIURQ,CC(C)OP(=O)(OC(C)C)SCc1ccccc1,-7.92524151949921,external,-1,0.0,True,0.36363636363636365,molformer_structure,-6.980493750000007,-6.884935185185193,-7.098011111111118,-6.958534953703709
FEIKEVSWLMYFFF,Clc1cc(Cl)c2c(Cl)ccc(Cl)c2c1Cl,-3.832500480396495,external,-1,0.0,False,0.47368421052631576,molformer_structure,-2.9700491181657855,-2.94419351851852,-2.957641666666669,-3.0083121693121675
FHUDAMLDXFJHJE,CC(=O)C(F)(F)F,-4.8299760791673245,external,-1,0.0,False,0.5,molformer_structure,-2.6413997641093476,-2.7006807407407405,-2.5269174933862435,-2.696601058201059
FLXYIZWPNQYPIT,OCCC(F)(F)C(F)(F)C(F)(F)C(F)(F)C(F)(F)C(F)(F)C(F)(F)C(F)(F)C(F)(F)C(F)(F)F,0.6270119729696298,external,-1,0.0,False,0.2857142857142857,molformer_structure,-6.032010934744268,-6.0577437830687835,-6.0771486111111095,-5.961140410052911
FMGGHNGKHRCJLL,ClCc1ccccc1CCl,-3.266374329938489,external,-1,0.0,False,0.5,molformer_structure,-1.5902790299823633,-1.571694940476191,-1.5950717129629626,-1.6040704365079363
FMWLUWPQPKEARP,ClC(Cl)Br,-1.4672616271154053,external,-1,0.0,False,0.42857142857142855,molformer_structure,-1.3551909567901237,-1.3852724140211639,-1.3370958333333336,-1.3432046230158734
FPIQNBOUYZLESW,COc1ccc(Br)cc1Cl,-2.0575741949439603,external,-1,0.0,True,0.41379310344827586,molformer_structure,-3.3638289902998255,-3.3566078703703695,-3.401979761904764,-3.3328993386243426
FQTLCLSUCSAZDY,C=CC(C)(O)CCC=C(C)CCC=C(C)C,0.1372173601069845,external,-1,0.0,True,0.7857142857142857,molformer_structure,-4.107640498236331,-4.042275661375661,-4.182081977513227,-4.098563855820106
FRQUNVLMWIYOLV,COc1ccc(Cl)c(Cl)c1Cl,-2.0575741949439603,external,-1,0.0,False,0.5833333333333334,molformer_structure,-3.1653317901234566,-3.0777467592592576,-3.217536574074074,-3.200712037037038
FSPSELPMWGWDRY,CC(=O)c1cccc(C)c1,-4.870853317160879,external,-1,0.0,False,0.68,molformer_structure,-4.7009847222222225,-4.711452777777775,-4.698875000000001,-4.69262638888889
FUNUTBJJKQIVSY,Cc1ccc(Cl)cc1Cl,-1.126367030655116,external,-1,0.0,False,0.55,molformer_structure,-1.1719218650793648,-1.1824070767195767,-1.1411222222222221,-1.1922362962962956
FWKUBDOTUFVPBX,COc1c(Br)cc(Br)c(Cl)c1Br,-1.846249658720261,external,-1,0.0,True,0.36666666666666664,molformer_structure,-3.189255632716049,-3.1466632275132236,-3.3537781415343932,-3.0673255291005295
FYQFWFHDPNXORA,C=CC(F)(F)C(F)(F)C(F)(F)C(F)(F)C(F)(F)C(F)(F)F,0.7698968620756514,external,-1,0.0,True,0.25,molformer_structure,1.4653841192680777,1.4302394867724868,1.43985857473545,1.5260542962962964
GAPFWGOSHOCNBM,CC(C)O[N+](=O)[O-],-1.6514177962544974,external,-1,0.0,False,0.5454545454545454,molformer_structure,-2.9047834215167545,-3.0364983796296294,-2.814709755291006,-2.863142129629629
GEWDNTWNSAZUDX,CC/C=C/C[C@@H]1C(=O)CC[C@H]1CC(=O)OC,-6.948436096622908,external,-1,0.0,True,0.32653061224489793,molformer_structure,-6.380852932098766,-6.099112962962967,-6.508841203703701,-6.534604629629632
GGDYAKVUZMZKRV,OCCF,-4.170539722175125,external,-1,0.0,False,0.4444444444444444,molformer_structure,-5.373439880952378,-5.2302747023809495,-5.4879792658730135,-5.40206567460317
GPAVMFOMYSGJDM,CCCCCC=NOCc1c(F)c(F)c(F)c(F)c1F,-1.5793846637549709,external,-1,0.0,True,0.3125,molformer_structure,-4.794125617283949,-4.642945833333332,-4.912132407407406,-4.827298611111109
GUCFBWGWRCILHN,COc1cc(Cl)c(Cl)c(Cl)c1,-1.4157086957951794,external,-1,0.0,False,0.5,molformer_structure,-2.918367791005289,-2.8053788359788316,-2.9777652777777757,-2.9719592592592585
GUVLYNGULCJVDO,CCCN(CCC)C(=O)SCC,-3.4900914838823294,external,-1,0.0,False,0.7083333333333334,molformer_structure,-5.252735725308638,-5.234849503968252,-5.360134424603168,-5.1632232473544954
GVYLCNUFSHDAAW,ClC1(Cl)C2(Cl)C3(Cl)C4(Cl)C(Cl)(Cl)C5(Cl)C3(Cl)C1(Cl)C5(Cl)C24Cl,-2.010150095313052,external,-1,0.0,False,0.21428571428571427,molformer_structure,-3.4963469135802483,-3.5276935185185176,-3.4530009259259273,-3.508346296296298
GWQOOADXMVQEFT,Cc1ccc(C)s1,-1.3130478087293145,external,-1,0.0,False,0.3684210526315789,molformer_structure,-1.5045807826278654,-1.429000826719576,-1.6070808399470893,-1.477660681216931
HCRBXQFHJMCTLF,CCOC(=O)C(C)CC,-2.161848414164622,external,-1,0.0,False,0.47619047619047616,molformer_structure,-2.5956464836860658,-2.5826948743386238,-2.58072027116402,-2.6235243055555544
HFEASCCDHUVYKU,COc1cccc(Cl)c1Cl,-2.3692764364111216,external,-1,0.0,False,0.5238095238095238,molformer_structure,-3.039835978835979,-2.9767912698412666,-3.0970211640211662,-3.045695502645504
HFVMLYAGWXSTQI,C[C@]12CCC(=O)C[C@@H]1CC[C@@H]1[C@@H]2CC[C@]2(C)C=CC[C@@H]12,-2.6271958419698187,external,-1,0.0,False,0.22807017543859648,molformer_structure,-4.342658190035274,-4.359319444444445,-4.323250529100532,-4.345404596560845
HGCMMKIIGJXXMW,CC(CO)O[N+](=O)[O-],-6.872696747932133,external,-1,0.0,False,0.625,molformer_structure,-8.066020414462082,-8.052464583333341,-8.069858300264551,-8.075738359788359
HGSDQSUMXKHGTH,Clc1cc(Cl)c2c(Cl)c(Cl)cc(Cl)c2c1,-3.266374329938489,external,-1,0.0,False,0.5238095238095238,molformer_structure,-2.8315019290123473,-2.87676365740741,-2.8185277777777777,-2.799214351851854
HHLFWLYXYJOTON,O=CC(=O)O,-7.41558521612978,external,-1,0.0,False,0.5,molformer_structure,-8.15041467151676,-8.097954166666668,-8.293684722222231,-8.059605125661381
HKPHPIREJKHECO,CCCCOCN(C(=O)CCl)c1c(CC)cccc1CC,-7.637585445680149,external,-1,0.0,True,0.6829268292682927,molformer_structure,-8.21936311728395,-8.187517592592592,-8.372567592592594,-8.098004166666659
HLCSDJLATUNSSI,CC(C)=CCC/C(C)=C/C#N,-2.532952404370913,external,-1,0.0,True,0.5185185185185185,molformer_structure,-3.458328957231038,-3.560108597883596,-3.4199210317460302,-3.3949572420634877
HSNWZBCBUUSSQD,CCCCCO[N+](=O)[O-],-1.6559406699833308,external,-1,0.0,False,0.9523809523809523,molformer_structure,-2.1343302799823634,-2.1006350198412695,-2.1395859126984145,-2.162769907407407
HTDQSWDEWGSAMN,COc1ccccc1Br,-2.532952404370913,external,-1,0.0,False,0.631578947368421,molformer_structure,-3.1908702160493814,-3.1137601851851815,-3.245769444444446,-3.213081018518517
HVYRFNJXZVEGFK,Clc1cc2c(Cl)ccc(Cl)c2c(Cl)c1Cl,-3.580763582585761,external,-1,0.0,False,0.45,molformer_structure,-3.046323776455027,-3.075192129629631,-3.037615740740741,-3.0261634589947084
HYHMYONEYJINON,C=C(C)C(CO)OO,-7.467138147450005,external,-1,0.0,True,0.2857142857142857,molformer_structure,-10.976043055555559,-10.818608796296303,-10.999476620370377,-11.110043749999996
IAIHUHQCLTYTSF,CC1(C)[C@H]2CC[C@](C)(C2)[C@H]1O,-4.025308354953737,external,-1,0.0,True,0.5,molformer_structure,-4.551894014550267,-4.532870800264551,-4.51073670634921,-4.612074537037038
ICDUEGOPUWNJNF,C=CC=NOCc1c(F)c(F)c(F)c(F)c1F,-1.871736811958389,external,-1,0.0,True,0.20833333333333334,molformer_structure,-4.777928251763667,-4.677834523809521,-4.8079229166666675,-4.8480273148148125
IDJOCJAIQSKSOP,OCC(Cl)Cl,-4.041541834797791,external,-1,0.0,False,0.4166666666666667,molformer_structure,-5.707730412257493,-5.646014781746029,-5.7582937499999955,-5.718882705026451
ILHIHKRJJMKBEE,CCOO,-5.338002436667749,external,-1,0.0,False,0.4166666666666667,molformer_structure,-6.374352512125221,-6.46454928571429,-6.296784275793649,-6.361723974867725
ISAVYTVYFVQUDY,CC(C)(C)CC(C)(C)c1ccc(O)cc1,-5.124107462791067,external,-1,0.0,False,0.5416666666666666,molformer_structure,-6.463461662257497,-6.308110681216932,-6.694025925925929,-6.388248379629632
ITXDBGLYYSJNPK,COc1c(Cl)cc(Cl)c(Cl)c1Cl,-1.2082190270028623,external,-1,0.0,False,0.5833333333333334,molformer_structure,-2.8399197420634885,-2.793520601851847,-2.873780092592588,-2.8524585317460316
IYRWEQXVUNLMAY,O=C(F)F,-4.008617534330732,external,-1,0.0,False,0.3333333333333333,molformer_structure,-2.0454188503086415,-1.932932903439153,-2.1203646990740737,-2.0829589484126974
JCMNMOBHVPONLD,OCCC(F)(F)C(F)(F)C(F)(F)C(F)(F)F,-1.3754506884268412,external,-1,0.0,False,0.3,molformer_structure,-4.901097916666666,-4.798527976190477,-4.980686243386239,-4.924079530423283
JIVCPRHFBFVZQL,COc1cc(Cl)c(Cl)c(Cl)c1Br,-1.890157516875148,external,-1,0.0,True,0.64,molformer_structure,-2.993051432980598,-2.983679695767191,-3.026513888888888,-2.9689607142857137
JJUBFBTUBACDHW,OCCC(F)(F)C(F)(F)C(F)(F)C(F)(F)C(F)(F)C(F)(F)C(F)(F)C(F)(F)F,0.4156874367459304,external,-1,0.0,False,0.2857142857142857,molformer_structure,-5.755770579805996,-5.7401972883597905,-5.828960416666662,-5.698154034391535
JLJXMZMKMRQOLN,OCOOCO,-9.60119077400061,external,-1,0.0,False,0.3,molformer_structure,-11.597351829806003,-11.511874768518526,-11.706428637566146,-11.573752083333337
JPQLLIUTUFJWMH,Clc1cc2c(Cl)cc(Cl)c(Cl)c2c(Cl)c1Cl,-4.130581778314352,external,-1,0.0,False,0.5263157894736842,molformer_structure,-3.088882782186951,-3.0890690806878336,-3.0678302248677287,-3.1097490410052906
JZBCTZLGKSYRSF,CCc1ncc(C)nc1C,-5.261446430439389,external,-1,0.0,False,0.3076923076923077,molformer_structure,-5.694428207671954,-5.67040112433862,-5.668052314814812,-5.744831183862426
KJRACWZCOVHBQU,CCCCCC(C)(C)OC,-0.9181690713424469,external,-1,0.0,True,0.47619047619047616,molformer_structure,-1.5360192460317477,-1.537060317460319,-1.5761593584656102,-1.4948380621693136
KNUQGVIXAYDSOX,CCC(O)CO[N+](=O)[O-],-7.026068370085849,external,-1,0.0,True,0.5384615384615384,molformer_structure,-7.148935956790123,-7.3183257936508,-7.047929464285714,-7.080552612433858
KOCVACNWDMSLBM,CCOCc1ccc(O)c(OC)c1,-8.195103915206705,external,-1,0.0,True,0.6363636363636364,molformer_structure,-7.88362020502645,-7.804958763227511,-7.9357569444444405,-7.910144907407398
KPOZENRUJCHWOA,Clc1cc(Cl)c2c(Cl)c(Cl)ccc2c1Cl,-3.4657290661330857,external,-1,0.0,False,0.42857142857142855,molformer_structure,-3.052858223104057,-3.0676382936507958,-3.0030448082010586,-3.0878915674603182
KSMVNVHUTQZITP,Clc1cc2oc3cc(Cl)c(Cl)cc3c2cc1Cl,-4.318006884312718,external,-1,0.0,False,0.4117647058823529,molformer_structure,-4.26263369708995,-4.2831608465608495,-4.286485449735451,-4.21825479497355
KZLMCDNAVVJKPX,COc1c(Cl)cccc1Cl,-1.826387968213476,external,-1,0.0,False,0.4642857142857143,molformer_structure,-3.18859995590829,-3.1402957671957665,-3.2233819444444456,-3.202122156084658
LBCOXKFWBDTJTF,Clc1ccc2c(Cl)cc(Cl)c(Cl)c2c1Cl,-3.580763582585761,external,-1,0.0,False,0.45,molformer_structure,-3.074290729717814,-3.0746996031746052,-3.014932870370372,-3.1332397156084646
LCFKURIJYIJNRU,CCCCC(C)CO,-4.410771696363276,external,-1,0.0,True,0.6,molformer_structure,-3.989899206349209,-3.9741753306878342,-3.9947856812169347,-4.0007366071428585
LCHJNNXHVDDVAT,COc1cc(Cl)cc(Cl)c1Br,-1.9585971639928248,external,-1,0.0,True,0.41379310344827586,molformer_structure,-3.124569675925924,-3.027428273809519,-3.27267328042328,-3.0736074735449725
LFVCJQWZGDLHSD,COc1cc(CC(C)=O)ccc1O,-10.195632173518485,external,-1,0.0,True,0.5882352941176471,molformer_structure,-9.449010681216931,-9.41934722222223,-9.497639351851852,-9.430045469576715
LFYXNXGVLGKVCJ,CC1(C)C2CCC1(C)[C@](C)(O)C2,-3.197329797674128,external,-1,0.0,True,0.3548387096774194,molformer_structure,-4.694620590828921,-4.643375363756612,-4.616843915343912,-4.82364249338624
LITCKAVLJAKHOE,Clc1ccc(Cl)c2c(Cl)ccc(Cl)c12,-4.008617534330732,external,-1,0.0,False,0.5384615384615384,molformer_structure,-2.7410332231040577,-2.6777796296296312,-2.739926719576721,-2.805393320105822
LNDQFOSWZJYEIC,CCC(C)=NOCc1c(F)c(F)c(F)c(F)c1F,-1.4547877990255242,external,-1,0.0,True,0.20689655172413793,molformer_structure,-4.965169532627866,-4.893816005291004,-5.028242824074076,-4.973449768518517
MEUKEBNAABNAEX,COO,-5.281532589579175,external,-1,0.0,False,0.42857142857142855,molformer_structure,-6.212985950176365,-6.281514186507937,-6.228777731481477,-6.128665932539682
MMHZKSMAFILONG,Clc1ccc2c(Cl)cccc2c1Cl,-3.322844177027064,external,-1,0.0,False,0.55,molformer_structure,-2.8390235008818334,-2.8300064814814836,-2.8124417658730145,-2.874622255291003
MSWVMWGCNZQPIA,CC(=O)CF,-4.170539722175125,external,-1,0.0,False,0.5,molformer_structure,-3.3335640211640203,-3.3961013888888862,-3.4046851851851834,-3.19990548941799
MUUDTVDSRYEMBU,COc1c(Br)cc(Br)c(Cl)c1Cl,-1.890157516875148,external,-1,0.0,True,0.3793103448275862,molformer_structure,-3.103681172839505,-3.0480937499999965,-3.2336770833333346,-3.0292726851851834
NDZIBNJHNBUHKW,Clc1cc2c(Cl)c(Cl)c(Cl)c(Cl)c2c(Cl)c1Cl,-5.389555367987976,external,-1,0.0,False,0.5555555555555556,molformer_structure,-3.3693353174603176,-3.378026455026457,-3.3464277777777784,-3.383551719576718
NEZWFWIACBUQMN,OCOO,-10.366079471748629,external,-1,0.0,False,0.3,molformer_structure,-10.5727128196649,-10.492910714285715,-10.681290046296287,-10.543937698412696
NMRPBPVERJPACX,CCCCCC(O)CC,-3.37439710834729,external,-1,0.0,False,0.8333333333333334,molformer_structure,-3.975619731040568,-3.965536342592596,-3.996681250000001,-3.964641600529108
NMWKWBPNKPGATC,O=C1OCc2c(Cl)c(Cl)c(Cl)c(Cl)c21,-6.343123108603918,external,-1,0.0,True,0.3181818181818182,molformer_structure,-4.731720348324514,-4.932860416666664,-4.55178501984127,-4.7105156084656095
NQFUSWIGRKFAHK,CC1(C)C2CC3OC3(C)C1C2,-2.39561343672259,external,-1,0.0,False,0.25,molformer_structure,-2.6026381900352717,-2.6186517857142855,-2.494379861111108,-2.694882923280422
NSKIRYMHNFTRLR,Brc1ccc(Oc2c(Br)cc(Br)cc2Br)c(Br)c1,-5.389555367987976,external,-1,0.0,True,0.39285714285714285,molformer_structure,-4.233839021164023,-4.264075727513228,-4.192536706349208,-4.244904629629633
NTHGIYFSMNNHSC,CC(C)CCO[N+](=O)[O-],-1.491448044485954,external,-1,0.0,True,0.6538461538461539,molformer_structure,-2.7021378527336863,-2.731015972222222,-2.6641025462962973,-2.7112950396825393
NUGDFCWVLOJWOP,CCCCCCCCCC=NOCc1c(F)c(F)c(F)c(F)c1F,-2.420829367731348,external,-1,0.0,True,0.3333333333333333,molformer_structure,-4.934419135802469,-4.876634259259259,-5.091965972222221,-4.834657175925926
NULBEPOZYDYWOV,COc1cc(CCC(C)=O)cc(OC)c1O,-12.924126199586958,external,-1,0.0,True,0.4857142857142857,molformer_structure,-9.847646792328042,-9.865862500000002,-10.0239537037037,-9.653124173280425
NVVZEKTVIXIUKW,FC(F)(F)C(F)(F)C(F)(F)C(F)(F)C(F)(F)C(F)(F)CCI,-0.6933271819097218,external,-1,0.0,False,0.18181818181818182,molformer_structure,1.1117308919753084,1.0731056851851855,1.194969444444444,1.0671175462962956
NWOYYECMNBWCNK,COc1c(Cl)cccc1Br,-2.1014820530988474,external,-1,0.0,True,0.3939393939393939,molformer_structure,-3.3239348214285713,-3.2488013888888867,-3.3562276785714307,-3.366775396825397
OAWAZQITIZDJRB,O=C(O)C(F)(F)Cl,-7.877817419868301,external,-1,0.0,True,0.38461538461538464,molformer_structure,-7.020360703262789,-7.1302325066137575,-6.981678902116408,-6.9491707010582005
OAYSFAKCFYRCRU,COc1c(Cl)cc(Br)cc1Cl,-2.010150095313052,external,-1,0.0,True,0.52,molformer_structure,-3.233469356261022,-3.145044675925923,-3.3330538359788346,-3.222309556878307
OEBRKCOSUFCWJD,COP(=O)(OC)OC=C(Cl)Cl,-4.971375885474463,external,-1,0.0,False,0.42857142857142855,molformer_structure,-6.8485052689594355,-6.882962962962965,-6.893598842592589,-6.768954001322751
OEYKUHBCPJRXGZ,COc1c(Cl)cc(Cl)cc1Br,-1.8973491088834296,external,-1,0.0,True,0.4642857142857143,molformer_structure,-3.224827943121692,-3.1094954365079324,-3.314149305555555,-3.2508390873015887
OIHHRLYOSUNYTC,COc1c(Cl)cc(Cl)c(Br)c1Cl,-1.9021273169042503,external,-1,0.0,True,0.5185185185185185,molformer_structure,-3.003479199735447,-2.942620138888884,-3.0664746693121674,-3.001342791005289
OJYLAHXKWMRDGS,COc1cc(CCC(C)=O)ccc1O,-10.195632173518485,external,-1,0.0,False,0.6470588235294118,molformer_structure,-9.073092857142855,-9.063156944444444,-9.14179305555555,-9.014328571428571
OMDFJTSKBNDDRM,CC(O)CO[N+](=O)[O-],-7.41558521612978,external,-1,0.0,False,0.6521739130434783,molformer_structure,-7.659531459435628,-7.820382837301593,-7.621828108465608,-7.536383432539683
ONUFSRWQCKNVSL,Fc1c(F)c(F)c(-c2c(F)c(F)c(F)c(F)c2F)c(F)c1F,-1.6648503859974622,external,-1,0.0,False,0.625,molformer_structure,-2.6757491225749575,-2.7724323280423273,-2.5801656084656104,-2.674649431216935
OTFNCXLUCRUNCH,COc1c(Cl)ccc(Cl)c1Cl,-1.9243773404339863,external,-1,0.0,False,0.5,molformer_structure,-3.10607108686067,-2.9339780092592553,-3.19843855820106,-3.185796693121694
OTQFXRBLGNEOGH,Clc1cc(Cl)c2c(c1)Oc1c(Cl)cc(Cl)cc1O2,-3.4657290661330857,external,-1,0.0,True,0.45161290322580644,molformer_structure,-3.77248140432099,-3.780133101851853,-3.7742356481481503,-3.763075462962966
OTTCXKPQKOLSJN,Clc1cc(Cl)c2cc(Cl)cc(Cl)c2c1,-2.92284059793544,external,-1,0.0,False,0.6,molformer_structure,-2.590257330246916,-2.5386826388888926,-2.579614682539682,-2.6524746693121726
OWIKHYCFFJSOEH,N=C=O,-3.705961040321237,external,-1,0.0,False,0.42857142857142855,molformer_structure,-6.277093156966491,-6.4953126917989445,-6.213757453703702,-6.122209325396826
PGCDNPCENWGYMA,Clc1c(Cl)c(Cl)c2c(Cl)ccc(Cl)c2c1Cl,-4.5876242996777865,external,-1,0.0,False,0.5333333333333333,molformer_structure,-3.0412641534391542,-3.013927645502645,-3.084637566137568,-3.02522724867725
PLDWAJLZAAHOGG,COc1cccc(Br)c1,-1.7074936013035569,external,-1,0.0,False,0.5384615384615384,molformer_structure,-3.2224126432980618,-3.177535185185184,-3.29771828703704,-3.1919844576719596
PNLDDSLZYVNPQW,COc1c(Br)ccc(Cl)c1Cl,-1.9585971639928248,external,-1,0.0,True,0.3939393939393939,molformer_structure,-3.3443577491181675,-3.2154187499999973,-3.4653343915343955,-3.35232010582011
PNQBEPDZQUOCNY,O=C(Cl)C(F)(F)F,-2.3128065893225465,external,-1,0.0,True,0.4117647058823529,molformer_structure,-2.260571435185185,-2.2541921825396822,-2.202661937830688,-2.3248601851851847
POIARNZEYGURDG,C/C=C/C(=O)C1=C(C)C=CCC1(C)C,-3.95552367899573,external,-1,0.0,False,0.21951219512195122,molformer_structure,-4.570087026014111,-4.713088062169314,-4.519242592592595,-4.477930423280422
PPXUHEORWJQRHJ,CCOC(=O)CC(C)C,-1.9585971639928248,external,-1,0.0,False,0.5454545454545454,molformer_structure,-2.8372770612874754,-2.8967951058201025,-2.808230390211638,-2.8068056878306864
PSINWXIDJYEXLO,CCc1ncc(C)nc1CC,-4.5057723033300405,external,-1,0.0,False,0.32,molformer_structure,-5.5972947861551985,-5.591561772486768,-5.555127017195765,-5.645195568783063
PVFOMCVHYWHZJE,O=C(Cl)C(Cl)(Cl)Cl,-2.3128065893225465,external,-1,0.0,False,0.2727272727272727,molformer_structure,-3.2919562389770705,-3.2320125,-3.2638722222222203,-3.3799839947089922
QGRPVMLBTFGQDQ,COc1ccccc1Cl,-3.266374329938489,external,-1,0.0,False,0.631578947368421,molformer_structure,-3.0182444444444427,-3.0158541666666636,-2.940936574074074,-3.0979425925925907
QHTQREMOGMZHJV,CCN(CC)C(=O)SCc1ccc(Cl)cc1,-5.973688203519483,external,-1,0.0,True,0.35,molformer_structure,-8.044295370370373,-8.047672453703706,-7.913673148148148,-8.171540509259266
QJPJQTDYNZXKQF,COc1ccc(Br)cc1,-1.9585971639928248,external,-1,0.0,False,0.5238095238095238,molformer_structure,-3.18302666446208,-3.1660960648148118,-3.206345039682541,-3.1766388888888875
QKMNFFSBZRGHDJ,COc1cc(Cl)ccc1Cl,-2.3417140272869985,external,-1,0.0,False,0.4782608695652174,molformer_structure,-3.123491876102292,-3.07896005291005,-3.1533961970899487,-3.1381193783068775
QNPFFCQTVXPCLD,CC=CC=NOCc1c(F)c(F)c(F)c(F)c1F,-1.6736281013538763,external,-1,0.0,True,0.2222222222222222,molformer_structure,-4.8498212962962945,-4.770947916666664,-4.9029636574074065,-4.875552314814813
QTGGFXPTAQEODO,C=CC(C)(CO)OO,-8.831385160484244,external,-1,0.0,True,0.4,molformer_structure,-11.090626025132279,-11.008442526455026,-11.018553935185189,-11.24488161375662
QUGUFLJIAFISSW,Fc1ccc(F)cc1,-0.8163503805089578,external,-1,0.0,False,0.6153846153846154,molformer_structure,-0.7663157297178133,-0.7097201388888891,-0.7128808531746033,-0.8763461970899472
QUKRIOLKOHUUBM,C=CC(=O)OCCC(F)(F)C(F)(F)C(F)(F)C(F)(F)C(F)(F)C(F)(F)C(F)(F)C(F)(F)F,-0.6933271819097218,external,-1,0.0,True,0.2127659574468085,molformer_structure,-3.9959896935626085,-4.096627182539682,-3.8522231481481457,-4.039118749999997
QYEGXUUXWMKHHS,Clc1cc(Cl)c2c(Cl)c(Cl)c(Cl)c(Cl)c2c1Cl,-5.149323393799825,external,-1,0.0,False,0.5882352941176471,molformer_structure,-3.2988491181657866,-3.3168159391534404,-3.333203835978838,-3.2465275793650807
RFFOTVCVTJUTAD,CC(C)C12CCC(C)(CC1)O2,-2.7084854415504074,external,-1,0.0,False,0.21875,molformer_structure,-2.861834254850086,-2.7869793320105787,-2.8298008597883575,-2.968722572751322
RFUGYJHXLQAXOX,COc1c(Br)c(Cl)c(Cl)c(Cl)c1Br,-1.8127670246641712,external,-1,0.0,True,0.3333333333333333,molformer_structure,-3.11836869488536,-3.0129113425925884,-3.2238604166666645,-3.118334325396827
RGXWDWUGBIJHDO,CCCCCCCCCC(=O)OCC,-2.1014820530988474,external,-1,0.0,False,1.0,molformer_structure,-2.7984006723985875,-2.801434788359787,-2.7489442460317455,-2.8448229828042297
RHLVCLIPMVJYKS,CCCCCC(=O)CC,-2.532952404370913,external,-1,0.0,False,0.8333333333333334,molformer_structure,-2.9468571979717795,-2.9420522156084643,-2.937567559523809,-2.9609518187830663
RLSQIXNUITTXKZ,CCCCCCCC=NOCc1c(F)c(F)c(F)c(F)c1F,-1.7624653819816083,external,-1,0.0,True,0.3333333333333333,molformer_structure,-4.9713,-4.882072685185185,-5.025300000000001,-5.006527314814814
RTNLUFLDZOAXIC,Clc1c(Cl)c(Cl)c2c(Cl)c(Cl)c(Cl)c(Cl)c2c1Cl,-4.738644121381529,external,-1,0.0,False,0.625,molformer_structure,-3.314238822751323,-3.391299007936509,-3.2908459656084674,-3.2605714947089943
RUPAXCPQAAOIPB,CC(C)(C)OC=O,-2.1014820530988474,external,-1,0.0,False,0.375,molformer_structure,-3.296805202821869,-3.3064004298941794,-3.285266269841271,-3.2987489087301576
RWRBSYOTDDOXKC,CCCC(C)O[N+](=O)[O-],-1.3049310688072877,external,-1,0.0,True,0.6666666666666666,molformer_structure,-2.47109647266314,-2.5273361772486775,-2.4455194444444457,-2.4404337962962974
RZXIRSKYBISPGF,Brc1cc(Br)c(Oc2cc(Br)c(Br)cc2Br)cc1Br,-5.3893266975985,external,-1,0.0,True,0.5333333333333333,molformer_structure,-4.1515569664903,-4.1042625661375665,-4.110271097883597,-4.240137235449734
SFNAUTSNWPPDSY,Brc1ccc(Oc2cc(Br)c(Br)c(Br)c2Br)cc1,-4.41157948966362,external,-1,0.0,True,0.3333333333333333,molformer_structure,-4.256710868606703,-4.329478902116402,-4.26076851851852,-4.179885185185186
SJIIFORJBWPNPM,COc1cc(Br)c(Cl)cc1Cl,-1.9585971639928248,external,-1,0.0,True,0.42857142857142855,molformer_structure,-3.162913348765431,-3.0468300925925904,-3.2478326388888874,-3.1940773148148156
SNGREZUHAYWORS,O=C(O)C(F)(F)C(F)(F)C(F)(F)C(F)(F)C(F)(F)C(F)(F)C(F)(F)F,-3.4657290661330853,external,-1,0.0,True,0.25,molformer_structure,-8.111373225308643,-7.966257175925924,-8.178066369047627,-8.189796130952377
SRMWNTGHXHOWBT,CNS(=O)(=O)C(F)(F)C(F)(F)C(F)(F)C(F)(F)C(F)(F)C(F)(F)C(F)(F)C(F)(F)F,-0.0514616827609407,external,-1,0.0,True,0.2,molformer_structure,-8.701640637125221,-8.673132969576722,-8.85674027777778,-8.575048664021162
SRTQFRQWTUMMTC,C=NOCc1c(F)c(F)c(F)c(F)c1F,-2.1805973935431964,external,-1,0.0,True,0.2631578947368421,molformer_structure,-4.525600011022925,-4.610378736772483,-4.470577314814813,-4.495843981481479
SSNXYMVLSOMJLU,COc1cc(Cl)cc(Cl)c1,-1.0313664236883515,external,-1,0.0,False,0.5,molformer_structure,-3.1090191688712516,-2.997939186507934,-3.165207308201057,-3.1639110119047635
STNJBCKSHOAVAJ,C=C(C)C=O,-2.8315086401496434,external,-1,0.0,False,0.5,molformer_structure,-3.5323180996472665,-3.5096698412698406,-3.549097817460321,-3.538186640211638
SVEZPKVUIXAEOX,COc1cc(Cl)c(Br)c(Cl)c1,-1.9585971639928248,external,-1,0.0,True,0.35714285714285715,molformer_structure,-3.043707087742503,-2.976997784391531,-3.120036838624338,-3.03408664021164
SXKBHOQOOGRFJF,COc1cc(Cl)c(Cl)cc1Cl,-1.9585971639928248,external,-1,0.0,False,0.5652173913043478,molformer_structure,-2.960247563932978,-2.92674153439153,-2.9953590277777753,-2.9586421296296286
TXGIGTRUEITPSC,O=S(=O)(O)CCC(F)(F)C(F)(F)C(F)(F)C(F)(F)F,-1.4290235246646108,external,-1,0.0,True,0.20689655172413793,molformer_structure,-9.104407308201058,-8.884238988095234,-9.1641316468254,-9.26485128968254
TXINBPKSWKFMNB,CCC(=O)OO[N+](=O)[O-],-2.1805973935431964,external,-1,0.0,False,0.4,molformer_structure,-5.0706618827160455,-5.140941435185182,-5.03797129629629,-5.033072916666666
UABDVZDYKDIZFO,Fc1c(F)c(F)c(CON=C2c3ccccc3-c3ccccc32)c(F)c1F,-1.9585971639928248,external,-1,0.0,True,0.2727272727272727,molformer_structure,-7.193755665784832,-7.184350330687827,-7.050367129629633,-7.34654953703704
UBJVUCKUDDKUJF,C=CCSCC=C,-1.53653790673299,external,-1,0.0,False,0.35714285714285715,molformer_structure,-1.4041055864197531,-1.423809279100529,-1.474987652116402,-1.313519828042328
UCASBURGYXMQLW,Cc1ccc(C=NOCc2c(F)c(F)c(F)c(F)c2F)cc1,-1.6559406699833308,external,-1,0.0,True,0.3142857142857143,molformer_structure,-6.674851499118167,-6.60166931216931,-6.6830486111111185,-6.739836574074072
UHEPJGULSIKKTP,CC(=O)CCC=C(C)C,-3.37439710834729,external,-1,0.0,False,0.52,molformer_structure,-3.236259082892414,-3.230897552910051,-3.241601851851848,-3.2362778439153423
UHXUZOCRWCRNSJ,CNC(=O)ON=C(C)SC,-7.7697946414595,external,-1,0.0,True,0.42857142857142855,molformer_structure,-9.427558234126984,-9.375933630952384,-9.538698941798941,-9.368042129629629
UIHCLUNTQKBZGK,CCC(C)C(C)=O,-3.126712395015846,external,-1,0.0,False,0.47058823529411764,molformer_structure,-3.4389955136684307,-3.4391694775132295,-3.4466892526455,-3.431127810846563
UJIGKESMIPTWJH,FC(Cl)C(F)(F)C(F)(F)Cl,0.7698968620756514,external,-1,0.0,False,0.5,molformer_structure,1.6240134567901234,1.7278505092592589,1.5608727314814814,1.5833171296296296
UKSAZCDAGVHMRF,Fc1c(F)c(F)c(CON=Cc2ccccc2)c(F)c1F,-1.491448044485954,external,-1,0.0,True,0.2903225806451613,molformer_structure,-6.69955319664903,-6.58659755291005,-6.5541189814814835,-6.957943055555556
UPNBETHEXPIWQX,Brc1ccc(Oc2ccc(Br)cc2Br)cc1,-3.5448444065774347,external,-1,0.0,True,0.39285714285714285,molformer_structure,-4.214475892857146,-4.246387268518522,-4.266151984126988,-4.130888425925927
UXFSPRAGHGMRSQ,COc1nccnc1CC(C)C,-3.628908592471273,external,-1,0.0,False,0.3939393939393939,molformer_structure,-6.273741358024691,-6.308197685185187,-6.31250396825397,-6.20052242063492
UZYYBZNZSSNYSA,Cc1c(Cl)ccc(Cl)c1Cl,-1.6559406699833308,external,-1,0.0,False,0.5625,molformer_structure,-1.1882466578483246,-1.1688351521164022,-1.1976472751322758,-1.1982575462962963
VEFNQGLEDJPUJF,COc1c(Br)c(Br)c(Br)c(Br)c1Br,-4.630621342972727,external,-1,0.0,True,0.38461538461538464,molformer_structure,-3.3612352402998216,-3.3203572089947047,-3.4599323082010547,-3.303416203703705
VGQXTTSVLMQFHM,CC(=O)OO[N+](=O)[O-],-2.512161325517144,external,-1,0.0,False,0.4230769230769231,molformer_structure,-5.127766313932978,-5.1825101851851825,-5.138193749999994,-5.0625950066137575
VHNPZYZQKWIWOD,Brc1cc(Br)c(Oc2cc(Br)c(Br)cc2Br)c(Br)c1,-5.800177489354709,external,-1,0.0,True,0.38095238095238093,molformer_structure,-4.0097771825396835,-4.085410350529104,-3.914760317460316,-4.029160879629631
VIONGDJUYAYOPU,O=S(=O)(O)CCC(F)(F)C(F)(F)C(F)(F)C(F)(F)C(F)(F)C(F)(F)F,-0.9774670142527602,external,-1,0.0,True,0.2,molformer_structure,-9.473459854497355,-9.065260978835978,-9.757115376984133,-9.598003207671955
VISJRVXHPNMYRH,COc1ccc(Cl)c(Cl)c1,-1.852724968524944,external,-1,0.0,False,0.43478260869565216,molformer_structure,-3.1781926146384474,-3.081910185185182,-3.2720995370370365,-3.1805681216931236
VJZRCIYSYVGDMU,Clc1cc2c(Cl)ccc(Cl)c2cc1Cl,-3.2169719815591824,external,-1,0.0,False,0.5,molformer_structure,-2.8373748346560848,-2.811975000000002,-2.805617923280421,-2.8945315806878305
VNVBOBJSRGZDCW,Fc1c(F)c(F)c(CON=CC=NOCc2c(F)c(F)c(F)c(F)c2F)c(F)c1F,-2.1805973935431964,external,-1,0.0,True,0.25,molformer_structure,-8.843109215167543,-8.686719775132264,-8.913817129629624,-8.92879074074074
VNWPJWLGZUDTBZ,CC(=NOCc1c(F)c(F)c(F)c(F)c1F)C(C)(C)O,-2.010150095313052,external,-1,0.0,True,0.1951219512195122,molformer_structure,-10.56105998677249,-10.579551388888891,-10.502493849206349,-10.60113472222223
VOGSDFLJZPNWHY,OCC(F)F,-4.581218994593421,external,-1,0.0,False,0.38461538461538464,molformer_structure,-5.191090156525569,-4.974849768518515,-5.365105158730155,-5.23331554232804
VQSNXLCFFHGXTI,Clc1ccc(Cl)c2c(Cl)cccc12,-3.73352344944536,external,-1,0.0,False,0.45,molformer_structure,-2.683219554673722,-2.6272976851851872,-2.6903767857142853,-2.731984193121693
VVAAXDBMZVCVPA,ClCC(Cl)CCCCCCCC(Cl)CCl,-3.5448444065774347,external,-1,0.0,True,0.375,molformer_structure,-1.7768666490299807,-1.5592068915343897,-1.8374888888888867,-1.9339041666666652
VVJKKWFAADXIJK,C=CCN,-4.630621342972727,external,-1,0.0,False,0.4166666666666667,molformer_structure,-4.9046291556437405,-4.894325793650794,-4.912174933862437,-4.907386739417989
VXBHNYIEBLRXAW,ClCC(Cl)CCCCCCC(Cl)CCl,-2.92284059793544,external,-1,0.0,True,0.375,molformer_structure,-1.81421488536155,-1.6259155555555538,-1.8238972222222205,-1.9928318783068761
VZRSUQWPXPUWCS,COc1c(Cl)cc(Br)c(Cl)c1Cl,-1.9021273169042503,external,-1,0.0,True,0.4642857142857143,molformer_structure,-2.972784711199291,-2.9333842592592534,-2.9840465277777755,-3.000923346560845
WCJYTPVNMWIZCG,CNC(=O)Oc1ccc(C)c(C)c1,-7.303237710857214,external,-1,0.0,False,0.3939393939393939,molformer_structure,-9.06202985008818,-9.033765873015865,-8.987392658730162,-9.164931018518518
WCVOGSZTONGSQY,COc1c(Cl)cc(Cl)cc1Cl,-1.442045696106648,external,-1,0.0,False,0.5652173913043478,molformer_structure,-2.9961857583774223,-2.9148157738095195,-3.0553664351851832,-3.018375066137565
WDRCOFFEZVLCLX,COc1c(Cl)c(Cl)cc(Br)c1Br,-1.846249658720261,external,-1,0.0,True,0.4,molformer_structure,-3.1967010912698393,-3.099897156084652,-3.2816113425925915,-3.2085947751322754
WDWNMIBWWPZNJK,FC(F)(F)C(F)(F)C(F)(F)C(F)(F)C(F)(F)C(F)(F)/C=C/I,-0.434578546055114,external,-1,0.0,False,0.18181818181818182,molformer_structure,1.044388641975308,0.9569231481481484,1.143302777777777,1.0329399999999984
WHHGLZMJPXIBIX,Brc1c(Br)c(Br)c(Oc2c(Br)c(Br)c(Br)c(Br)c2Br)c(Br)c1Br,-6.343123108603918,external,-1,0.0,True,0.45454545454545453,molformer_structure,-4.079221108906526,-4.015263359788362,-4.02415347222222,-4.1982464947089975
WHPVYXDFIXRKLN,Brc1ccc(Oc2cc(Br)c(Br)cc2Br)c(Br)c1,-4.870853317160879,external,-1,0.0,False,0.39285714285714285,molformer_structure,-4.2574386684303365,-4.303299338624341,-4.242041203703704,-4.226975462962965
WHRDPXDGAMJNGH,COc1c(Br)cc(Cl)cc1Br,-2.135701876657686,external,-1,0.0,True,0.4074074074074074,molformer_structure,-3.257341214726632,-3.1040609126984124,-3.400091435185184,-3.2678712962962986
WMMFIDNWZNCBCT,COc1c(Cl)c(Cl)cc(Cl)c1Cl,-1.227029652927254,external,-1,0.0,False,0.5652173913043478,molformer_structure,-2.914836463844795,-2.838909259259255,-2.970529761904759,-2.93507037037037
WNYADZVDBIBLJJ,O=NN1CCCC1,-7.599347343229355,external,-1,0.0,False,0.9285714285714286,molformer_structure,-6.306896417548498,-6.269431944444447,-6.29074808201058,-6.3605092261904685
WQZKKVJFBZPJSU,CCC(CC)O[N+](=O)[O-],-1.3288483437607428,external,-1,0.0,True,0.6086956521739131,molformer_structure,-3.0873639440035263,-3.132824338624338,-3.02030906084656,-3.1089584325396813
WUOACPNHFRMFPN,CC1=CCC(C(C)(C)O)CC1,-5.508449734897895,external,-1,0.0,False,0.5714285714285714,molformer_structure,-4.997941644620811,-5.040207175925928,-4.988454332010584,-4.965163425925921
WXCMHFPAUCOJIG,CC(=O)c1c(C)c([N+](=O)[O-])c(C(C)(C)C)c([N+](=O)[O-])c1C,-5.281532589579175,external,-1,0.0,True,0.27906976744186046,molformer_structure,-7.562840895061726,-7.480497222222223,-7.630164351851848,-7.577861111111108
WYLDWCYZCFRVRH,Clc1cc(Cl)c2c(Cl)cc(Cl)c(Cl)c2c1,-3.197329797674128,external,-1,0.0,False,0.55,molformer_structure,-2.8696897045855394,-2.8394480820105854,-2.8730069444444446,-2.896614087301588
XGXUGXPKRBQINS,COc1ccc(Br)cc1Br,-3.141525290295802,external,-1,0.0,True,0.4230769230769231,molformer_structure,-3.4659847442680776,-3.4644851851851843,-3.562266931216934,-3.3712021164021153
XTBXSCIWOVSSGB,O=C(O)CC(F)(F)C(F)(F)C(F)(F)C(F)(F)C(F)(F)C(F)(F)C(F)(F)C(F)(F)F,-0.2151376507207325,external,-1,0.0,True,0.2692307692307692,molformer_structure,-8.039492768959436,-7.902253869047615,-8.064191005291011,-8.152033432539683
XYBSIYMGXVUVGY,Brc1ccc(Oc2ccc(Br)cc2Br)c(Br)c1,-4.548110664011599,external,-1,0.0,True,0.4583333333333333,molformer_structure,-4.213575220458555,-4.224930621693122,-4.324466798941801,-4.091328240740743
YAWIAFUBXXPJMQ,Brc1ccc(Oc2ccc(Br)cc2)cc1,-3.094814183963434,external,-1,0.0,True,0.5714285714285714,molformer_structure,-4.3083706018518555,-4.429754629629633,-4.246873379629633,-4.2484837962963
YGHRJJRRZDOVPD,CC(C)CC=O,-2.381271697509173,external,-1,0.0,False,0.4444444444444444,molformer_structure,-3.153542757936508,-3.1194267857142854,-3.1913601190476175,-3.1498413690476217
YGYAWVDWMABLBF,O=C(Cl)Cl,-0.2673234667648203,external,-1,0.0,False,0.375,molformer_structure,-3.4609858531746043,-3.5234371031746057,-3.3923539021164015,-3.4671665542328065
YJEMGEBDXDPBSP,COc1ccc(Cl)cc1Br,-2.250382069501203,external,-1,0.0,True,0.36666666666666664,molformer_structure,-3.3249438492063494,-3.231280357142855,-3.4200952380952394,-3.3234559523809533
YKQOTQPNOJSJFA,CCCC(C)=NOCc1c(F)c(F)c(F)c(F)c1F,-1.3130478087293145,external,-1,0.0,True,0.25,molformer_structure,-5.110925771604937,-5.175821296296293,-5.140784722222224,-5.016171296296294
YORCIIVHUBAYBQ,C#CCBr,-1.826387968213476,external,-1,0.0,False,0.38461538461538464,molformer_structure,-0.8508180621693131,-0.8304541732804233,-0.8156483399470912,-0.9063516732804249
YRGAYAGBVIXNAQ,COc1ccc(Cl)cc1,-2.943631676789209,external,-1,0.0,False,0.5238095238095238,molformer_structure,-3.0490815696649025,-3.033024801587299,-3.133904629629632,-2.980315277777777
YSVAURKXNCNUNS,COc1c(Cl)c(Cl)c(Br)c(Cl)c1Cl,-1.852724968524944,external,-1,0.0,True,0.3333333333333333,molformer_structure,-3.0314363425925905,-2.94795856481481,-3.0544537037037016,-3.0918967592592606
YUKILTJWFRTXGB,COc1cccc(Cl)c1,-2.793270537698849,external,-1,0.0,False,0.5384615384615384,molformer_structure,-3.021785074955907,-2.9985263888888847,-3.0169105158730165,-3.0499183201058195
YXMNEYKMHSBVTD,CCC(CO)O[N+](=O)[O-],-7.046500910381195,external,-1,0.0,True,0.5185185185185185,molformer_structure,-7.7171790013227515,-7.807323677248681,-7.649586375661372,-7.694626951058201
YXWWHNCQZBVZPV,CC(=O)c1ccccc1C,-4.468021642247516,external,-1,0.0,False,0.6521739130434783,molformer_structure,-4.844824305555556,-4.834188888888888,-4.836240972222227,-4.8640430555555545
YYZUSRORWSJGET,CCCCCCCC(=O)OCC,-1.9585971639928248,external,-1,0.0,False,1.0,molformer_structure,-3.0023078042328013,-3.02993753306878,-2.9357342261904735,-3.0412516534391507
YZMXEWDTXSTFIJ,COc1cc(Cl)c(Br)c(Cl)c1Br,-1.846249658720261,external,-1,0.0,True,0.5185185185185185,molformer_structure,-3.13003982583774,-3.094744246031743,-3.2478020833333323,-3.0475731481481456
ZENOXNGFMSCLLL,COc1cc(CO)ccc1O,-11.42766999077337,external,-1,0.0,True,0.6666666666666666,molformer_structure,-11.268391512345682,-11.444976851851857,-11.13367824074074,-11.226519444444452
ZLIBICFPKPWGIZ,Cc1cc(C)nc(Nc2ccccc2)n1,-8.084183894106772,external,-1,0.0,False,0.37037037037037035,molformer_structure,-10.175298015873011,-10.243814814814812,-10.146672751322741,-10.13540648148148
ZNOLGFHPUIJIMJ,COP(=S)(OC)Oc1ccc([N+](=O)[O-])c(C)c1,-6.6500280506858855,external,-1,0.0,False,0.6052631578947368,molformer_structure,-7.244597685185179,-7.373861111111108,-7.206843981481474,-7.153087962962958
ZOASGOXWEHUTKZ,CCCSC,-1.402087752245875,external,-1,0.0,False,0.5,molformer_structure,-1.3309088029100524,-1.3458769708994713,-1.3440699074074063,-1.3027795304232799
ZOKXUAHZSKEQSS,CCCCSP(=O)(SCCCC)SCCCC,-6.719936881072535,external,-1,0.0,True,0.6363636363636364,molformer_structure,-6.207843650793651,-6.220411078042324,-5.9899287698412715,-6.413191104497358
ZOWSJJBOQDKOHI,CC(=O)OCC(F)(F)F,-1.5690803179488944,external,-1,0.0,False,0.47619047619047616,molformer_structure,-2.2903054122574966,-2.2888150793650803,-2.3002057208994726,-2.281895436507937
ZUXVGCIQOSXRJN,COc1c(Cl)c(Cl)cc(Br)c1Cl,-1.9021273169042503,external,-1,0.0,True,0.41379310344827586,molformer_structure,-3.029028229717811,-2.92882569444444,-3.1574001322751295,-3.0008588624338617
ZVJHJDDKYZXRJI,C1=NCCC1,-4.9090914196116735,external,-1,0.0,False,0.25,molformer_structure,-4.050403064373898,-4.023759887566138,-4.119595205026457,-4.007854100529101
VNWKTOKETHGBQD-UHFFFAOYSA-N,C,1.9598,arrow,0,3.0,False,,molformer_solvai,0.4962251430776017,0.5347895072751325,0.5003618518518522,0.4535240701058204
IJDNQMDRQITEOD-UHFFFAOYSA-N,CCCC,2.1032,arrow,0,3.0,False,,molformer_solvai,1.9310232290564373,1.9185319265873018,1.9325286349206345,1.9420091256613752
QQONPFPTGQHPMA-UHFFFAOYSA-N,C=CC,1.32,arrow,0,3.0,False,,molformer_solvai,1.245603797619048,1.2161198544973546,1.278800397486772,1.2418911408730169
BAVYZALUXZFZLV-UHFFFAOYSA-N,CN,-4.55,arrow,0,3.0,False,,molformer_solvai,-4.250152535273368,-4.241604497354498,-4.216717592592589,-4.292135515873016
QUSNBJAOOMFDIB-UHFFFAOYSA-N,CCN,-4.5,arrow,0,3.0,False,,molformer_solvai,-4.519868198853614,-4.518609788359791,-4.523681382275128,-4.517313425925925
NBBJYMSMWIIQGU-UHFFFAOYSA-N,CCC=O,-3.43,arrow,0,3.0,False,,molformer_solvai,-3.2570862544091703,-3.2738894510581993,-3.2496289021164007,-3.247740410052912
ZTQSAGDEMFDKMZ-UHFFFAOYSA-N,CCCC=O,-3.18,arrow,0,3.0,False,,molformer_solvai,-3.149965167548501,-3.174905489417988,-3.1333263558201048,-3.1416636574074106
QQZOPKMRPOGIEB-UHFFFAOYSA-N,CCCCC(C)=O,-3.28,arrow,0,3.0,False,,molformer_solvai,-3.3196758377425066,-3.3113214947089986,-3.3218718915343937,-3.325834126984127
QTBSBXVTEAMEQO-UHFFFAOYSA-N,CC(=O)O,-6.69,arrow,0,3.0,False,,molformer_solvai,-7.355075264550268,-7.299359126984125,-7.331455753968262,-7.434410912698416
UHOVQNZJYSORNB-UHFFFAOYSA-N,c1ccccc1,-0.88,arrow,0,3.0,False,,molformer_solvai,-0.6870988249559087,-0.6857020039682544,-0.6869145833333337,-0.688679887566138
UFWIBTONFRDIAS-UHFFFAOYSA-N,c1ccc2ccccc2c1,-2.4,arrow,0,3.0,False,,molformer_solvai,-2.5410323082010584,-2.538414351851853,-2.491945767195766,-2.5927368055555555
MWPLVEDNUUSJAV-UHFFFAOYSA-N,c1ccc2cc3ccccc3cc2c1,-3.95,arrow,0,3.0,False,,molformer_solvai,-4.13721975308642,-4.248025396825396,-4.1143179232804235,-4.049315939153441
YNPNZTXNASCQKK-UHFFFAOYSA-N,c1ccc2c(c1)ccc1ccccc12,-3.88,arrow,0,3.0,False,,molformer_solvai,-4.31569441137566,-4.371531150793648,-4.263523015873014,-4.312029067460318
KFZMGEQAYNKOFK-UHFFFAOYSA-N,CC(C)O,-4.62,arrow,0,3.0,False,,molformer_solvai,-4.89948052248677,-4.955433300264549,-4.900330621693117,-4.842677645502644
LRHPLDYGYMQRHN-UHFFFAOYSA-N,CCCCO,-4.72,arrow,0,3.0,False,,molformer_solvai,-4.698887312610232,-4.677054166666672,-4.703643849206349,-4.715963921957674
DKGAVHZHDRPRBM-UHFFFAOYSA-N,CC(C)(C)O,-4.51,arrow,0,3.0,False,,molformer_solvai,-5.787076245590831,-5.897697585978835,-5.659951322751326,-5.803579828042332
MSXVEPNJUHWQHW-UHFFFAOYSA-N,CCC(C)(C)O,-4.43,arrow,0,3.0,False,,molformer_solvai,-4.36616703042328,-4.3575066468253985,-4.4162527777777765,-4.324741666666665
DMEGYFMYUHOHGS-UHFFFAOYSA-N,C1CCCCCC1,0.789,arrow,1,3.0,False,,molformer_solvai,1.2425917806437379,1.2380001845238089,1.2343684867724858,1.255406670634919
ATUOYWHBWRKTHZ-UHFFFAOYSA-N,CCC,1.9598,arrow,1,3.0,False,,molformer_solvai,1.7379512070105827,1.751993023148149,1.7250030350529113,1.7368575628306875
OFBQJSOFQDEBGM-UHFFFAOYSA-N,CCCCC,2.3422,arrow,1,3.0,False,,molformer_solvai,2.2446452973985873,2.2179424345238075,2.2584049444444436,2.257588513227511
TVMXDCGIABBOFY-UHFFFAOYSA-N,CCCCCCCC,2.8919,arrow,1,3.0,False,,molformer_solvai,2.961156519620811,2.9914158366402117,2.9567396990740735,2.935314023148149
VNKYTQGIUYNRMY-UHFFFAOYSA-N,CCCOC,-1.66,arrow,1,3.0,False,,molformer_solvai,-1.8230663690476188,-1.8945936441798945,-1.7564797619047605,-1.818125701058201
FERIUCNNQQJTOY-UHFFFAOYSA-N,CCCC(=O)O,-6.35,arrow,1,3.0,False,,molformer_solvai,-6.205071891534392,-6.2087441468253965,-6.2293914682539695,-6.177080059523812
ZUOUZKKEUPVFJK-UHFFFAOYSA-N,c1ccc(-c2ccccc2)cc1,-2.66,arrow,1,3.0,False,,molformer_solvai,-2.5836918496472667,-2.5963475859788363,-2.5773705555555573,-2.5773574074074066
OKKJLVBELUTLKV-UHFFFAOYSA-N,CO,-5.11,arrow,1,3.0,False,,molformer_solvai,-5.198426241181658,-5.212308994708991,-5.185729993386243,-5.19723973544974
HPXRVTGHNJAIIH-UHFFFAOYSA-N,OC1CCCCC1,-5.47,arrow,1,3.0,False,,molformer_solvai,-5.683062907848321,-5.657447916666664,-5.682797387566135,-5.708943419312164
RJUFJBKOKNCXHH-UHFFFAOYSA-N,CCC(=O)OC,-2.93,arrow,1,3.0,False,,molformer_solvai,-2.9643162257495597,-2.9770201719576725,-2.921021230158731,-2.9949072751322756
YKYONYBAUNKHLG-UHFFFAOYSA-N,CCCOC(C)=O,-2.86,arrow,1,3.0,False,,molformer_solvai,-2.8897333994709,-2.8825547949735455,-2.8903200396825386,-2.896325363756614
QLNJFJADRCOGBJ-UHFFFAOYSA-N,CCC(N)=O,-9.4,arrow,1,3.0,False,,molformer_solvai,-9.502723269400356,-9.45813462301588,-9.555899140211647,-9.49413604497354
DNJIEGIFACGWOD-UHFFFAOYSA-N,CCS,-1.24,arrow,1,3.0,False,,molformer_solvai,-1.2899052689594352,-1.2842903174603166,-1.297616891534391,-1.2878085978835976
SUVIGLJNEAMWEG-UHFFFAOYSA-N,CCCS,-1.05,arrow,1,3.0,False,,molformer_solvai,-1.256791989417989,-1.2962952711640217,-1.2054758465608457,-1.2686048505291
QMMFVYPAHWMCMS-UHFFFAOYSA-N,CSC,-1.54,arrow,1,3.0,False,,molformer_solvai,-1.4872175462962955,-1.4918272089947087,-1.4811828571428565,-1.4886425727513215
PAYRUJLWNCNPSJ-UHFFFAOYSA-N,Nc1ccccc1,-5.54,arrow,1,3.0,False,,molformer_solvai,-5.587738988095239,-5.583494940476191,-5.608859656084656,-5.570862367724869
RAXXELZNTBOGNW-UHFFFAOYSA-N,c1c[nH]cn1,-9.6,arrow,1,3.0,False,,molformer_solvai,-9.654444797178128,-9.65272321428571,-9.725995667989416,-9.584615509259258
RGSFGYAAUTVSQA-UHFFFAOYSA-N,C1CCCC1,1.2,arrow,2,3.0,False,,molformer_solvai,1.1080858366402107,1.1622302619047613,1.0720832268518508,1.0899440211640201
VGGSQFUCUMXWEO-UHFFFAOYSA-N,C=C,1.28,arrow,2,3.0,False,,molformer_solvai,1.1898475524691345,1.1883267109788347,1.1585087248677242,1.2227072215608445
KAKZBPTYRLMSJV-UHFFFAOYSA-N,C=CC=C,0.61,arrow,2,3.0,False,,molformer_solvai,0.5224625815696652,0.5117015145502645,0.48921121031746045,0.5664750198412704
GETQZCLCWQTVFV-UHFFFAOYSA-N,CN(C)C,-3.2,arrow,2,3.0,False,,molformer_solvai,-3.415499996472665,-3.3660589484127,-3.4258395502645493,-3.4546014907407456
LCGLNKUTAGEVQW-UHFFFAOYSA-N,COC,-1.91,arrow,2,3.0,False,,molformer_solvai,-1.857573428130512,-1.8740332738095238,-1.869608194444446,-1.8290788161375664
RTZKZFJDLAIYFH-UHFFFAOYSA-N,CCOCC,-1.75,arrow,2,3.0,False,,molformer_solvai,-1.767899473104057,-1.792574424603175,-1.7544540013227508,-1.7566699933862449
CSCPPACGZOOCGX-UHFFFAOYSA-N,CC(C)=O,-3.8,arrow,2,3.0,False,,molformer_solvai,-3.5893332231040582,-3.559322123015873,-3.5980478835978866,-3.6106296626984147
BBEAQIROQSPTKN-UHFFFAOYSA-N,c1cc2ccc3cccc4ccc(c1)c2c34,-4.52,arrow,2,3.0,False,,molformer_solvai,-5.601904949294528,-5.521509722222215,-5.571526455026451,-5.712678670634916
YXFVVABEGXRONW-UHFFFAOYSA-N,Cc1ccccc1,-0.89,arrow,2,3.0,False,,molformer_solvai,-0.9613855489417986,-0.958836461640211,-0.9588638492063493,-0.9664563359788355
ISWSIDIOOBJBQZ-UHFFFAOYSA-N,Oc1ccccc1,-6.62,arrow,2,3.0,False,,molformer_solvai,-6.141897729276894,-6.162801289682537,-6.172919675925926,-6.089972222222218
QWVGKYWNOKOFNN-UHFFFAOYSA-N,Cc1ccccc1O,-5.87,arrow,2,3.0,False,,molformer_solvai,-5.746002303791889,-5.734126620370378,-5.733378373015873,-5.770501917989415
LFQSCWFLJHTTHZ-UHFFFAOYSA-N,CCO,-5.01,arrow,2,3.0,False,,molformer_solvai,-5.070150363756614,-5.071194642857142,-5.057543419312169,-5.08171302910053
AMQJEAYHLZJPGS-UHFFFAOYSA-N,CCCCCO,-4.47,arrow,2,3.0,False,,molformer_solvai,-4.5320004188712515,-4.521247916666665,-4.506169444444444,-4.5685838955026465
AQIXEPGDORPWBJ-UHFFFAOYSA-N,CCC(O)CC,-4.35,arrow,2,3.0,False,,molformer_solvai,-4.1928422619047625,-4.218368584656087,-4.1665923611111095,-4.19356583994709
XEKOWRVHYACXOJ-UHFFFAOYSA-N,CCOC(C)=O,-3.12,arrow,2,3.0,False,,molformer_solvai,-3.136212180335096,-3.193641865079365,-3.1217460978835967,-3.093248578042326
WQOXQRCZOLPYPM-UHFFFAOYSA-N,CSSC,-1.83,arrow,2,3.0,False,,molformer_solvai,-1.494291416225748,-1.5261597685185175,-1.5056417063492045,-1.4510727738095222
JUJWROOIHBZHMG-UHFFFAOYSA-N,c1ccncc1,-4.69,arrow,2,3.0,False,,molformer_solvai,-4.705659215167549,-4.691916302910054,-4.747602116402117,-4.677459226190476
CRSOQBOWXPBRES-UHFFFAOYSA-N,CC(C)(C)C,2.5,arrow,3,3.0,False,,molformer_solvai,2.3803243624338606,2.415467279761903,2.337139173941797,2.3883666335978813
OTMSDBZUPAUEDD-UHFFFAOYSA-N,CC,1.7925,arrow,3,3.0,False,,molformer_solvai,1.743593758818342,1.7172778637566128,1.7272708492063495,1.7862325634920637
VLKZOEOYAKHREP-UHFFFAOYSA-N,CCCCCC,2.5095,arrow,3,3.0,False,,molformer_solvai,2.423991114197529,2.43806515674603,2.404269280423278,2.4296389054232796
YWAKXRMUMFPDSH-UHFFFAOYSA-N,C=CCCC,1.6800000000000002,arrow,3,3.0,False,,molformer_solvai,1.470422811728395,1.4759646005291007,1.4679718928571421,1.4673319417989423
ROSDSFDQCJNGOL-UHFFFAOYSA-N,CNC,-4.3,arrow,3,3.0,False,,molformer_solvai,-3.8757451463844794,-3.8516008597883578,-3.913681682539679,-3.861952896825401
HQABUPZFAYXKJW-UHFFFAOYSA-N,CCCCN,-4.24,arrow,3,3.0,False,,molformer_solvai,-4.1475942019400325,-4.1316423941798925,-4.122518320105818,-4.188621891534387
XNLICIUVMPYHGG-UHFFFAOYSA-N,CCCC(C)=O,-3.52,arrow,3,3.0,False,,molformer_solvai,-3.3098882054673715,-3.3096987764550247,-3.2978084325396826,-3.3221574074074063
IWDCLRJOBJJRNH-UHFFFAOYSA-N,Cc1ccc(O)cc1,-6.14,arrow,3,3.0,False,,molformer_solvai,-6.347183465608466,-6.2834752976190495,-6.405656646825398,-6.35241845238095
XLYOFNOQVPJJNP-UHFFFAOYSA-N,O,-6.3,arrow,3,3.0,False,,molformer_solvai,-6.832074618165787,-7.118130366402118,-6.69311973809524,-6.684973750000004
BDERNNFJNOPAEC-UHFFFAOYSA-N,CCCO,-4.92,arrow,3,3.0,False,,molformer_solvai,-4.8937022707231055,-4.9780460317460316,-4.815982407407412,-4.887078373015873
KBPLFHHGFOOTCA-UHFFFAOYSA-N,CCCCCCCCO,-4.09,arrow,3,3.0,False,,molformer_solvai,-4.015870182980598,-4.0372834986772475,-3.9915925264550234,-4.018734523809523
DKPFZGUDAPQIHT-UHFFFAOYSA-N,CCCCOC(C)=O,-2.55,arrow,3,3.0,False,,molformer_solvai,-2.604048798500883,-2.6230214947089947,-2.5946038029100524,-2.594521097883601
WQAQPCDUOCURKW-UHFFFAOYSA-N,CCCCS,-0.99,arrow,3,3.0,False,,molformer_solvai,-1.032163514109347,-1.0096624338624338,-1.042502645502645,-1.044325462962963
LJSQFQKUNVCTIA-UHFFFAOYSA-N,CCSCC,-1.43,arrow,3,3.0,False,,molformer_solvai,-1.2852349316578484,-1.2754294841269842,-1.274980992063493,-1.3052943187830681
WXEHBUMAEPOYKP-UHFFFAOYSA-N,CCSC,-1.5,arrow,3,3.0,False,,molformer_solvai,-1.3994256172839512,-1.3751952314814828,-1.4221771891534398,-1.4009044312169312
ZFRKQXVRDFCRJG-UHFFFAOYSA-N,Cc1c[nH]c2ccccc12,-5.88,arrow,3,3.0,False,,molformer_solvai,-6.0631910824515,-6.1418600198412685,-6.012599933862436,-6.035113293650795
KAESVJOAVNADME-UHFFFAOYSA-N,c1cc[nH]c1,-4.8,arrow,3,3.0,False,,molformer_solvai,-4.990209898589061,-5.163918353174599,-4.9122371362433785,-4.894474206349206
LVZWSLJZHVFIQJ-UHFFFAOYSA-N,C1CC1,0.75,arrow,4,3.0,False,,molformer_solvai,1.1805508941798946,1.1855612579365076,1.17801293915344,1.1780784854497355
XDTMQSROBMDMFD-UHFFFAOYSA-N,C1CCCCC1,1.23,arrow,4,3.0,False,,molformer_solvai,1.1650735961199299,1.1287758564814818,1.1711692546296306,1.195275677248677
NNPPMTNAJDCUHE-UHFFFAOYSA-N,CC(C)C,2.2800000000000002,arrow,4,3.0,False,,molformer_solvai,2.1544419274691347,2.1435904100529077,2.1672289199735437,2.152506452380953
VXNZUUAINFGPBY-UHFFFAOYSA-N,C=CCC,1.38,arrow,4,3.0,False,,molformer_solvai,1.4178963196649021,1.4105352698412692,1.4171993802910043,1.425954308862433
XTHFKEDIFFGKHM-UHFFFAOYSA-N,COCCOC,-4.84,arrow,4,3.0,False,,molformer_solvai,-4.131829938271605,-4.12898148148148,-3.990433432539687,-4.276074900793649
IKHGUXGNUITLKF-UHFFFAOYSA-N,CC=O,-3.5,arrow,4,3.0,False,,molformer_solvai,-3.263508443562612,-3.254314847883599,-3.2746878968253976,-3.2615225859788377
ZWEHNKRNPOVVGH-UHFFFAOYSA-N,CCC(C)=O,-3.71,arrow,4,3.0,False,,molformer_solvai,-3.5001377314814808,-3.521046395502643,-3.5024606150793645,-3.4769061838624347
FDPIMTJIUBPUKL-UHFFFAOYSA-N,CCC(=O)CC,-3.41,arrow,4,3.0,False,,molformer_solvai,-3.2031511684303346,-3.1793060515872993,-3.1953459986772486,-3.234801455026456
XBDQKXXYIPTUBI-UHFFFAOYSA-N,CCC(=O)O,-6.46,arrow,4,3.0,False,,molformer_solvai,-6.462592857142854,-6.4341692460317415,-6.433178174603173,-6.520431150793648
IFLREYGFSNHWGE-UHFFFAOYSA-N,c1ccc2cc3cc4ccccc4cc3cc2c1,-5.5,arrow,4,3.0,False,,molformer_solvai,-6.247694201940032,-6.292952414021156,-6.230889814814815,-6.219240376984126
RLSSMJSEOOYNOY-UHFFFAOYSA-N,Cc1cccc(O)c1,-5.49,arrow,4,3.0,False,,molformer_solvai,-6.233794444444445,-6.2197507605820155,-6.222029034391534,-6.259603538359787
BTANRVKWQNVYAZ-UHFFFAOYSA-N,CCC(C)O,-4.58,arrow,4,3.0,False,,molformer_solvai,-4.504610978835976,-4.4831111772486745,-4.527669675925925,-4.50305208333333
JYVLIDXNZAXMDK-UHFFFAOYSA-N,CCCC(C)O,-4.39,arrow,4,3.0,False,,molformer_solvai,-4.3117840718694875,-4.315682572751321,-4.312006845238096,-4.307662797619047
DLFVBJFMPXGRIB-UHFFFAOYSA-N,CC(N)=O,-9.71,arrow,4,3.0,False,,molformer_solvai,-9.623132727072312,-9.583107076719575,-9.736340542328046,-9.549950562169313
OHLUUHNLEMFGTQ-UHFFFAOYSA-N,CNC(C)=O,-10.0,arrow,4,3.0,False,,molformer_solvai,-8.555967107583772,-8.487320138888881,-8.5560398478836,-8.624541335978837
FXHOOIRPVKKKFG-UHFFFAOYSA-N,CC(=O)N(C)C,-8.5,arrow,4,3.0,False,,molformer_solvai,-7.923414969135805,-7.97809166666667,-7.890549768518515,-7.901603472222226
LSDPWZHWYPCBBB-UHFFFAOYSA-N,CS,-1.219,arrow,4,3.0,False,,molformer_solvai,-1.155833711199294,-1.1129684087301581,-1.1767993253968245,-1.1777333994708994
AAUJSCRITBXDJH,Clc1ccc2c(Cl)c(Cl)ccc2c1,-3.580763582585761,external,-1,0.0,False,0.4583333333333333,molformer_solvai,-3.111987473544973,-3.1354472420634907,-3.1044697089947086,-3.09604546957672
AKDRYEADQPNLOH,CC=NOCc1c(F)c(F)c(F)c(F)c1F,-2.282416084376685,external,-1,0.0,True,0.22727272727272727,molformer_solvai,-3.361060324074072,-3.4060717592592553,-3.3951237962962955,-3.281985416666665
ALVPFGSHPUPROW,CCCSSCCC,-1.653482212099156,external,-1,0.0,False,0.5384615384615384,molformer_solvai,-1.3014833531746026,-1.294208981481481,-1.2900478306878305,-1.3201932473544964
ALVYVCQIFHTIRD,O=S(=O)(O)CCC(F)(F)C(F)(F)C(F)(F)C(F)(F)C(F)(F)C(F)(F)C(F)(F)C(F)(F)F,-1.0050294233768833,external,-1,0.0,True,0.2,molformer_solvai,-5.250345623897705,-5.005259788359787,-5.594585416666665,-5.151191666666667
AWZOLILCOUMRDG,CCOP(=O)(Sc1ccccc1)Sc1ccccc1,-9.676930122691385,external,-1,0.0,True,0.35714285714285715,molformer_solvai,-9.13542935405644,-8.969073875661381,-9.139285152116404,-9.29792903439153
BAOLNVSMVTYGDA,Clc1ccc2c(Cl)c(Cl)c(Cl)c(Cl)c2c1,-3.119164713968704,external,-1,0.0,False,0.5,molformer_solvai,-3.4296578593474436,-3.397117493386243,-3.4239315476190484,-3.467924537037038
BAYUSCHCCGXLAY,COc1cccc(C(C)=O)c1,-6.3751571234794,external,-1,0.0,False,0.5714285714285714,molformer_solvai,-5.504976201499118,-5.488710648148148,-5.53790499338624,-5.488312962962966
BBABSCYTNHOKOG,COc1c(Cl)c(Cl)c(Cl)c(Cl)c1Cl,-0.9774670142527602,external,-1,0.0,False,0.391304347826087,molformer_solvai,-3.1971710052910045,-3.2199493386243407,-3.1982909259259245,-3.173272751322749
BCTASVPUYLXFBW,CC(CO)=NOCc1c(F)c(F)c(F)c(F)c1F,-2.4906140436893542,external,-1,0.0,True,0.2,molformer_solvai,-7.074991820987653,-6.999224999999994,-7.231889484126992,-6.993860978835974
BDFAOUQQXJIZDG,CC(C)CS,-0.5378803038700118,external,-1,0.0,False,0.4166666666666667,molformer_solvai,-0.7939112420634925,-0.8033670793650802,-0.8131904828042336,-0.7651761640211638
BIVDISPRSYAHQQ,Clc1cc(Cl)c2c(Cl)cccc2c1Cl,-3.50660630412664,external,-1,0.0,False,0.45454545454545453,molformer_solvai,-3.0419111992945354,-3.024050826719579,-3.034910681216934,-3.0667720899470927
BMZVDHQOAJUZJL,COc1c(Br)cccc1Br,-2.677294821763553,external,-1,0.0,True,0.36363636363636365,molformer_solvai,-3.5057876984126977,-3.5559055224867726,-3.443973048941799,-3.517484523809522
BRLQWZUYTZBJKN,ClCC1CO1,-3.897199417405152,external,-1,0.0,False,0.4444444444444444,molformer_solvai,-4.341453174603174,-4.3419395171957635,-4.370223842592594,-4.312196164021164
BTRCDLZQISXWHZ,COc1ccc(Br)c(Cl)c1Cl,-1.9585971639928248,external,-1,0.0,True,0.42857142857142855,molformer_solvai,-3.3318324074074077,-3.3501819444444454,-3.334215873015875,-3.311099404761902
BULLJMKUVKYZDJ,FC(F)(F)C(F)(F)C(F)(F)C(F)(F)C(F)(F)C(F)(F)I,-0.0777986830724094,external,-1,0.0,True,0.23529411764705882,molformer_solvai,2.6516122228835988,2.7289753062169324,2.6451351064814816,2.5807262559523823
BVSOVPUWHJWGEP,COc1c(Cl)ccc(Cl)c1Br,-1.7472726277691262,external,-1,0.0,True,0.4666666666666667,molformer_solvai,-3.45846149691358,-3.4747992063492084,-3.382148048941797,-3.5184372354497326
BYGQBDHUGHBGMD,CCC(C)C=O,-2.39561343672259,external,-1,0.0,False,0.45,molformer_solvai,-2.9897869047619055,-3.000128240740741,-2.9900216600529115,-2.9792108134920645
CAFROQYMUICGNO,O=COCC(F)(F)F,-1.5370463030734125,external,-1,0.0,False,0.38095238095238093,molformer_solvai,-1.7944323148148147,-1.8170748346560843,-1.7919644708994702,-1.7742576388888895
CCEFMUBVSUDRLG,C=C(C)C1CCC2(C)OC2C1,-2.92284059793544,external,-1,0.0,True,0.4722222222222222,molformer_solvai,-3.5036423831569663,-3.5014193452380926,-3.495304100529103,-3.5142037037037026
CCEKAJIANROZEO,CCNS(=O)(=O)C(F)(F)C(F)(F)C(F)(F)C(F)(F)C(F)(F)C(F)(F)C(F)(F)C(F)(F)F,-0.501220058409582,external,-1,0.0,True,0.20588235294117646,molformer_solvai,-4.466226003086422,-4.447809259259258,-4.662892824074074,-4.28797592592593
CGFCSKMZZXPWEY,CC(O)C(C)O[N+](=O)[O-],-7.359115369041204,external,-1,0.0,True,0.46153846153846156,molformer_solvai,-7.24561722883598,-7.29896689814815,-7.125115740740739,-7.31276904761905
CHIFOSRWCNZCFN,CCC(CC)Nc1c([N+](=O)[O-])cc(C)c(C)c1[N+](=O)[O-],-6.102891134415766,external,-1,0.0,True,0.3488372093023256,molformer_solvai,-6.9573119929453275,-6.879706812169313,-6.962145833333334,-7.030083333333335
CICQUFBZCADHHX,COc1ccc(Cl)cc1Cl,-2.010150095313052,external,-1,0.0,False,0.4782608695652174,molformer_solvai,-3.1254120149911793,-3.1169851851851833,-3.2253814814814796,-3.0338693783068758
COAUHYBSXMIJDK,FC(F)(F)C(F)(F)C(Cl)Cl,0.8383365091933289,external,-1,0.0,True,0.375,molformer_solvai,2.2055939697971785,2.2246038578042344,2.2111283313492063,2.181049720238095
CTLMCQOGOWNFHA,Clc1ccc2c(Cl)c(Cl)c(Cl)c(Cl)c2c1Cl,-4.483411727002943,external,-1,0.0,False,0.47368421052631576,molformer_solvai,-3.523745238095239,-3.4903529100529096,-3.5189920634920644,-3.5618907407407425
CWJSHJJYOPWUGX,CC(C)OC(=O)Nc1cccc(Cl)c1,-6.488354475825306,external,-1,0.0,True,0.3684210526315789,molformer_solvai,-7.967540299823632,-7.871189715608472,-8.070373346560842,-7.9610578373015795
DCEPGADSNJKOJK,O=C(F)C(F)(F)F,-2.553038563510698,external,-1,0.0,True,0.4375,molformer_solvai,-0.3512988121693122,-0.33635191931216935,-0.35053185185185176,-0.3670126653439156
DIRFUJHNVNOBMY,CCC(C)c1ccccc1OC(=O)NC,-7.599347343229355,external,-1,0.0,True,0.5,molformer_solvai,-7.8518631944444435,-7.830624074074077,-8.057637764550261,-7.6673277447089925
DKEGCUDAFWNSSO,BrCCCCCCCCBr,-2.0575741949439603,external,-1,0.0,False,0.6153846153846154,molformer_solvai,-1.590371921075838,-1.4751542685185188,-1.7472072089947084,-1.5487542857142864
DLIFNTQMBOCKTL,CC(C)=NOCc1c(F)c(F)c(F)c(F)c1F,-1.9585971639928248,external,-1,0.0,True,0.22727272727272727,molformer_solvai,-3.3926018959435615,-3.4441527777777727,-3.42537572751323,-3.308277182539682
DPCILIMHENXHQX,CCc1nccnc1OC,-4.393344412065939,external,-1,0.0,False,0.3333333333333333,molformer_solvai,-5.804611838624338,-5.860071924603172,-5.776496693121691,-5.777266898148151
DWEYPOWXNBAIDU,CN(Cl)Cl,-1.2452613975650346,external,-1,0.0,False,0.42857142857142855,molformer_solvai,-2.1578530379188714,-2.1383381084656086,-2.029778941798942,-2.3054420634920634
DWPLEOPKBWNPQV,COc1ccccc1C(C)=O,-6.309257608654238,external,-1,0.0,False,0.6923076923076923,molformer_solvai,-5.072389395943561,-5.068336838624335,-5.067265244708992,-5.081566104497355
DZHZYPCCEISGSQ,Clc1cc(Cl)c2cccc(Cl)c2c1,-3.063453976464707,external,-1,0.0,False,0.5652173913043478,molformer_solvai,-2.7603135692239853,-2.7731193783068786,-2.7833011904761875,-2.7245201388888898
FALCMQXTWHPRIH,C=C(Cl)CCl,-1.2801235082622549,external,-1,0.0,False,0.45454545454545453,molformer_solvai,-0.6228836662257495,-0.6115079431216931,-0.6399798611111115,-0.617163194444444
FCOAHACKGGIURQ,CC(C)OP(=O)(OC(C)C)SCc1ccccc1,-7.92524151949921,external,-1,0.0,True,0.36363636363636365,molformer_solvai,-6.966885152116402,-6.860362268518516,-7.100958994708998,-6.93933419312169
FEIKEVSWLMYFFF,Clc1cc(Cl)c2c(Cl)ccc(Cl)c2c1Cl,-3.832500480396495,external,-1,0.0,False,0.47368421052631576,molformer_solvai,-3.380688994708995,-3.3444142063492044,-3.389203240740744,-3.4084495370370367
FHUDAMLDXFJHJE,CC(=O)C(F)(F)F,-4.8299760791673245,external,-1,0.0,False,0.5,molformer_solvai,-1.7718721450617305,-1.6822490079365098,-1.8939873346560858,-1.739380092592595
FLXYIZWPNQYPIT,OCCC(F)(F)C(F)(F)C(F)(F)C(F)(F)C(F)(F)C(F)(F)C(F)(F)C(F)(F)C(F)(F)C(F)(F)F,0.6270119729696298,external,-1,0.0,False,0.2857142857142857,molformer_solvai,-2.0066853317901248,-2.0801087301587335,-2.0216472552910045,-1.9183000099206358
FMGGHNGKHRCJLL,ClCc1ccccc1CCl,-3.266374329938489,external,-1,0.0,False,0.5,molformer_solvai,-2.8259105335097012,-2.8569874338624346,-2.832127083333334,-2.788617083333335
FMWLUWPQPKEARP,ClC(Cl)Br,-1.4672616271154053,external,-1,0.0,False,0.42857142857142855,molformer_solvai,-1.279131851851852,-1.2462217658730146,-1.3234793386243395,-1.2676944510582016
FPIQNBOUYZLESW,COc1ccc(Br)cc1Cl,-2.0575741949439603,external,-1,0.0,True,0.41379310344827586,molformer_solvai,-3.403316820987655,-3.3969471891534373,-3.435704960317462,-3.377298313492065
FQTLCLSUCSAZDY,C=CC(C)(O)CCC=C(C)CCC=C(C)C,0.1372173601069845,external,-1,0.0,True,0.7857142857142857,molformer_solvai,-4.20903664021164,-4.201725992063495,-4.238229332010584,-4.187154596560843
FRQUNVLMWIYOLV,COc1ccc(Cl)c(Cl)c1Cl,-2.0575741949439603,external,-1,0.0,False,0.5833333333333334,molformer_solvai,-3.0647437059082896,-3.089249537037036,-3.101609953703704,-3.003371626984128
FSPSELPMWGWDRY,CC(=O)c1cccc(C)c1,-4.870853317160879,external,-1,0.0,False,0.68,molformer_solvai,-4.670683167989417,-4.679380753968251,-4.629561706349208,-4.703107043650793
FUNUTBJJKQIVSY,Cc1ccc(Cl)cc1Cl,-1.126367030655116,external,-1,0.0,False,0.55,molformer_solvai,-1.1922183972663134,-1.206062870370369,-1.1990372089947092,-1.1715551124338617
FWKUBDOTUFVPBX,COc1c(Br)cc(Br)c(Cl)c1Br,-1.846249658720261,external,-1,0.0,True,0.36666666666666664,molformer_solvai,-3.4854914638447965,-3.525868749999998,-3.4904592460317487,-3.440146395502642
FYQFWFHDPNXORA,C=CC(F)(F)C(F)(F)C(F)(F)C(F)(F)C(F)(F)C(F)(F)F,0.7698968620756514,external,-1,0.0,True,0.25,molformer_solvai,2.752208281084656,2.759273518518519,2.7451407923280438,2.7522105324074055
GAPFWGOSHOCNBM,CC(C)O[N+](=O)[O-],-1.6514177962544974,external,-1,0.0,False,0.5454545454545454,molformer_solvai,-2.038812175925925,-1.9805603835978833,-2.1050009259259257,-2.0308752182539664
GEWDNTWNSAZUDX,CC/C=C/C[C@@H]1C(=O)CC[C@H]1CC(=O)OC,-6.948436096622908,external,-1,0.0,True,0.32653061224489793,molformer_solvai,-8.26041144179894,-8.306803703703697,-8.272555324074073,-8.20187529761905
GGDYAKVUZMZKRV,OCCF,-4.170539722175125,external,-1,0.0,False,0.4444444444444444,molformer_solvai,-5.6340878968253945,-5.558583201058199,-5.652447585978834,-5.6912329034391504
GPAVMFOMYSGJDM,CCCCCC=NOCc1c(F)c(F)c(F)c(F)c1F,-1.5793846637549709,external,-1,0.0,True,0.3125,molformer_solvai,-3.6002040233686046,-3.7283453703703673,-3.6870923941798917,-3.3851743055555548
GUCFBWGWRCILHN,COc1cc(Cl)c(Cl)c(Cl)c1,-1.4157086957951794,external,-1,0.0,False,0.5,molformer_solvai,-3.190464660493827,-3.1709687499999992,-3.1588224537037024,-3.2416027777777794
GUVLYNGULCJVDO,CCCN(CCC)C(=O)SCC,-3.4900914838823294,external,-1,0.0,False,0.7083333333333334,molformer_solvai,-4.249663789682542,-4.347375297619051,-4.229000132275136,-4.17261593915344
GVYLCNUFSHDAAW,ClC1(Cl)C2(Cl)C3(Cl)C4(Cl)C(Cl)(Cl)C5(Cl)C3(Cl)C1(Cl)C5(Cl)C24Cl,-2.010150095313052,external,-1,0.0,False,0.21428571428571427,molformer_solvai,-3.6520023875661356,-3.5763196626984115,-3.729104960317459,-3.650582539682537
GWQOOADXMVQEFT,Cc1ccc(C)s1,-1.3130478087293145,external,-1,0.0,False,0.3684210526315789,molformer_solvai,-1.1884709193121687,-1.22481212962963,-1.168928062169311,-1.1716725661375653
HCRBXQFHJMCTLF,CCOC(=O)C(C)CC,-2.161848414164622,external,-1,0.0,False,0.47619047619047616,molformer_solvai,-1.6979892460317452,-1.7536462037037035,-1.6603896825396816,-1.6799318518518511
HFEASCCDHUVYKU,COc1cccc(Cl)c1Cl,-2.3692764364111216,external,-1,0.0,False,0.5238095238095238,molformer_solvai,-3.1060602182539676,-3.1610494708994716,-3.071953472222221,-3.0851777116402106
HFVMLYAGWXSTQI,C[C@]12CCC(=O)C[C@@H]1CC[C@@H]1[C@@H]2CC[C@]2(C)C=CC[C@@H]12,-2.6271958419698187,external,-1,0.0,False,0.22807017543859648,molformer_solvai,-5.946083344356261,-5.886428240740741,-5.934864550264551,-6.01695724206349
HGCMMKIIGJXXMW,CC(CO)O[N+](=O)[O-],-6.872696747932133,external,-1,0.0,False,0.625,molformer_solvai,-7.308541446208113,-7.391493981481484,-7.217784887566135,-7.316345469576719
HGSDQSUMXKHGTH,Clc1cc(Cl)c2c(Cl)c(Cl)cc(Cl)c2c1,-3.266374329938489,external,-1,0.0,False,0.5238095238095238,molformer_solvai,-2.9055284171075826,-2.9426490740740747,-2.9291727843915325,-2.844763392857142
HHLFWLYXYJOTON,O=CC(=O)O,-7.41558521612978,external,-1,0.0,False,0.5,molformer_solvai,-7.673300970017635,-7.768418981481481,-7.634272784391538,-7.617211144179889
HKPHPIREJKHECO,CCCCOCN(C(=O)CCl)c1c(CC)cccc1CC,-7.637585445680149,external,-1,0.0,True,0.6829268292682927,molformer_solvai,-8.075301741622575,-8.152538425925925,-8.112574074074077,-7.960792724867723
HLCSDJLATUNSSI,CC(C)=CCC/C(C)=C/C#N,-2.532952404370913,external,-1,0.0,True,0.5185185185185185,molformer_solvai,-3.6468169422398584,-3.657136970899471,-3.6156007936507932,-3.66771306216931
HSNWZBCBUUSSQD,CCCCCO[N+](=O)[O-],-1.6559406699833308,external,-1,0.0,False,0.9523809523809523,molformer_solvai,-1.8981666093474432,-1.9246847420634927,-1.8507072619047629,-1.9191078240740738
HTDQSWDEWGSAMN,COc1ccccc1Br,-2.532952404370913,external,-1,0.0,False,0.631578947368421,molformer_solvai,-3.307639678130512,-3.3075550132275144,-3.2616876984127012,-3.3536763227513213
HVYRFNJXZVEGFK,Clc1cc2c(Cl)ccc(Cl)c2c(Cl)c1Cl,-3.580763582585761,external,-1,0.0,False,0.45,molformer_solvai,-3.3405211044973555,-3.301231203703703,-3.3604841931216956,-3.3598479166666677
HYHMYONEYJINON,C=C(C)C(CO)OO,-7.467138147450005,external,-1,0.0,True,0.2857142857142857,molformer_solvai,-9.336166534391536,-9.50200492724868,-9.140041898148153,-9.366452777777774
IAIHUHQCLTYTSF,CC1(C)[C@H]2CC[C@](C)(C2)[C@H]1O,-4.025308354953737,external,-1,0.0,True,0.5,molformer_solvai,-4.335436750440916,-4.353218386243382,-4.403723015873019,-4.249368849206349
ICDUEGOPUWNJNF,C=CC=NOCc1c(F)c(F)c(F)c(F)c1F,-1.871736811958389,external,-1,0.0,True,0.20833333333333334,molformer_solvai,-3.588660119047617,-3.716850925925923,-3.5564204034391538,-3.4927090277777753
IDJOCJAIQSKSOP,OCC(Cl)Cl,-4.041541834797791,external,-1,0.0,False,0.4166666666666667,molformer_solvai,-5.532469455467371,-5.495106977513224,-5.602995965608466,-5.499305423280423
ILHIHKRJJMKBEE,CCOO,-5.338002436667749,external,-1,0.0,False,0.4166666666666667,molformer_solvai,-5.343161364638448,-5.31898488756614,-5.384701058201056,-5.325798148148147
ISAVYTVYFVQUDY,CC(C)(C)CC(C)(C)c1ccc(O)cc1,-5.124107462791067,external,-1,0.0,False,0.5416666666666666,molformer_solvai,-5.857516953262788,-5.926931382275137,-5.786900760582012,-5.858718716931217
ITXDBGLYYSJNPK,COc1c(Cl)cc(Cl)c(Cl)c1Cl,-1.2082190270028623,external,-1,0.0,False,0.5833333333333334,molformer_solvai,-2.8889773368606684,-2.9042745370370358,-2.913711574074073,-2.8489458994708974
IYRWEQXVUNLMAY,O=C(F)F,-4.008617534330732,external,-1,0.0,False,0.3333333333333333,molformer_solvai,-0.5877038359788361,-0.5208204332010586,-0.6181004794973546,-0.624190595238095
JCMNMOBHVPONLD,OCCC(F)(F)C(F)(F)C(F)(F)C(F)(F)F,-1.3754506884268412,external,-1,0.0,False,0.3,molformer_solvai,-2.044649046516756,-2.0552174338624365,-2.0080100932539673,-2.070719612433864
JIVCPRHFBFVZQL,COc1cc(Cl)c(Cl)c(Cl)c1Br,-1.890157516875148,external,-1,0.0,True,0.64,molformer_solvai,-3.2621074074074072,-3.221661111111111,-3.2872106481481493,-3.277450462962961
JJUBFBTUBACDHW,OCCC(F)(F)C(F)(F)C(F)(F)C(F)(F)C(F)(F)C(F)(F)C(F)(F)C(F)(F)F,0.4156874367459304,external,-1,0.0,False,0.2857142857142857,molformer_solvai,-1.6466860868606705,-1.4476984887566138,-1.7899673280423276,-1.70239244378307
JLJXMZMKMRQOLN,OCOOCO,-9.60119077400061,external,-1,0.0,False,0.3,molformer_solvai,-11.093192548500882,-11.051511772486775,-11.19821541005291,-11.029850462962964
JPQLLIUTUFJWMH,Clc1cc2c(Cl)cc(Cl)c(Cl)c2c(Cl)c1Cl,-4.130581778314352,external,-1,0.0,False,0.5263157894736842,molformer_solvai,-3.2005550815696657,-3.2125631944444426,-3.2245659722222224,-3.164536078042331
JZBCTZLGKSYRSF,CCc1ncc(C)nc1C,-5.261446430439389,external,-1,0.0,False,0.3076923076923077,molformer_solvai,-5.796973666225749,-5.788948578042324,-5.7728803571428555,-5.829092063492064
KJRACWZCOVHBQU,CCCCCC(C)(C)OC,-0.9181690713424469,external,-1,0.0,True,0.47619047619047616,molformer_solvai,-1.3737516049382723,-1.3691301521164023,-1.4202363624338636,-1.3318883002645512
KNUQGVIXAYDSOX,CCC(O)CO[N+](=O)[O-],-7.026068370085849,external,-1,0.0,True,0.5384615384615384,molformer_solvai,-7.169807671957671,-7.219125793650795,-7.093044907407407,-7.197252314814813
KOCVACNWDMSLBM,CCOCc1ccc(O)c(OC)c1,-8.195103915206705,external,-1,0.0,True,0.6363636363636364,molformer_solvai,-7.932913205467369,-7.972266170634914,-7.787990740740742,-8.038482705026452
KPOZENRUJCHWOA,Clc1cc(Cl)c2c(Cl)c(Cl)ccc2c1Cl,-3.4657290661330857,external,-1,0.0,False,0.42857142857142855,molformer_solvai,-3.361384149029984,-3.382478373015872,-3.361633796296298,-3.3400402777777813
KSMVNVHUTQZITP,Clc1cc2oc3cc(Cl)c(Cl)cc3c2cc1Cl,-4.318006884312718,external,-1,0.0,False,0.4117647058823529,molformer_solvai,-4.2491251322751316,-4.239513128306879,-4.3499953703703635,-4.157866898148149
KZLMCDNAVVJKPX,COc1c(Cl)cccc1Cl,-1.826387968213476,external,-1,0.0,False,0.4642857142857143,molformer_solvai,-3.0465373126102286,-3.033269477513227,-3.058407539682541,-3.0479349206349178
LBCOXKFWBDTJTF,Clc1ccc2c(Cl)cc(Cl)c(Cl)c2c1Cl,-3.580763582585761,external,-1,0.0,False,0.45,molformer_solvai,-3.444497123015873,-3.4717821097883586,-3.427398611111112,-3.4343106481481485
LCFKURIJYIJNRU,CCCCC(C)CO,-4.410771696363276,external,-1,0.0,True,0.6,molformer_solvai,-4.019106966490301,-4.024554365079366,-4.030599966931219,-4.002166567460319
LCHJNNXHVDDVAT,COc1cc(Cl)cc(Cl)c1Br,-1.9585971639928248,external,-1,0.0,True,0.41379310344827586,molformer_solvai,-3.517022442680776,-3.5544089947089925,-3.5233018518518544,-3.4733564814814804
LFVCJQWZGDLHSD,COc1cc(CC(C)=O)ccc1O,-10.195632173518485,external,-1,0.0,True,0.5882352941176471,molformer_solvai,-9.432789550264552,-9.459866666666667,-9.407351719576724,-9.431150264550265
LFYXNXGVLGKVCJ,CC1(C)C2CCC1(C)[C@](C)(O)C2,-3.197329797674128,external,-1,0.0,True,0.3548387096774194,molformer_solvai,-4.424185174162257,-4.47371220238095,-4.412462599206349,-4.386380720899471
LITCKAVLJAKHOE,Clc1ccc(Cl)c2c(Cl)ccc(Cl)c12,-4.008617534330732,external,-1,0.0,False,0.5384615384615384,molformer_solvai,-3.052257418430335,-3.119738128306877,-3.0456867063492084,-2.9913474206349195
LNDQFOSWZJYEIC,CCC(C)=NOCc1c(F)c(F)c(F)c(F)c1F,-1.4547877990255242,external,-1,0.0,True,0.20689655172413793,molformer_solvai,-3.514618452380951,-3.5914939814814786,-3.499921329365078,-3.4524400462962967
MEUKEBNAABNAEX,COO,-5.281532589579175,external,-1,0.0,False,0.42857142857142855,molformer_solvai,-5.244434722222221,-5.296975958994709,-5.193304629629628,-5.243023578042327
MMHZKSMAFILONG,Clc1ccc2c(Cl)cccc2c1Cl,-3.322844177027064,external,-1,0.0,False,0.55,molformer_solvai,-2.9109759986772494,-2.9156313029100533,-2.939573445767199,-2.8777232473544965
MSWVMWGCNZQPIA,CC(=O)CF,-4.170539722175125,external,-1,0.0,False,0.5,molformer_solvai,-3.5482651234567903,-3.564828472222223,-3.505672916666664,-3.5742939814814836
MUUDTVDSRYEMBU,COc1c(Br)cc(Br)c(Cl)c1Cl,-1.890157516875148,external,-1,0.0,True,0.3793103448275862,molformer_solvai,-3.3311693077601405,-3.3420143518518524,-3.3385916203703707,-3.3129019510581985
NDZIBNJHNBUHKW,Clc1cc2c(Cl)c(Cl)c(Cl)c(Cl)c2c(Cl)c1Cl,-5.389555367987976,external,-1,0.0,False,0.5555555555555556,molformer_solvai,-3.331043628747798,-3.3516203373015863,-3.3133773148148187,-3.3281332341269896
NEZWFWIACBUQMN,OCOO,-10.366079471748629,external,-1,0.0,False,0.3,molformer_solvai,-9.630534193121692,-9.709996593915346,-9.518208961640212,-9.663397023809521
NMRPBPVERJPACX,CCCCCC(O)CC,-3.37439710834729,external,-1,0.0,False,0.8333333333333334,molformer_solvai,-3.8680656415343946,-3.878128902116406,-3.873284060846564,-3.8527839616402124
NMWKWBPNKPGATC,O=C1OCc2c(Cl)c(Cl)c(Cl)c(Cl)c21,-6.343123108603918,external,-1,0.0,True,0.3181818181818182,molformer_solvai,-5.313728869047618,-5.331396527777778,-5.298200496031743,-5.311589583333335
NQFUSWIGRKFAHK,CC1(C)C2CC3OC3(C)C1C2,-2.39561343672259,external,-1,0.0,False,0.25,molformer_solvai,-3.3968966269841268,-3.448220634920634,-3.2935548611111116,-3.448914384920635
NSKIRYMHNFTRLR,Brc1ccc(Oc2c(Br)cc(Br)cc2Br)c(Br)c1,-5.389555367987976,external,-1,0.0,True,0.39285714285714285,molformer_solvai,-4.052792592592593,-3.979480555555558,-4.116318055555555,-4.062579166666665
NTHGIYFSMNNHSC,CC(C)CCO[N+](=O)[O-],-1.491448044485954,external,-1,0.0,True,0.6538461538461539,molformer_solvai,-2.091122464726631,-2.131651124338624,-2.116074371693122,-2.0256418981481468
NUGDFCWVLOJWOP,CCCCCCCCCC=NOCc1c(F)c(F)c(F)c(F)c1F,-2.420829367731348,external,-1,0.0,True,0.3333333333333333,molformer_solvai,-3.6455560295414435,-3.7577680555555526,-3.755599338624334,-3.4233006944444444
NULBEPOZYDYWOV,COc1cc(CCC(C)=O)cc(OC)c1O,-12.924126199586958,external,-1,0.0,True,0.4857142857142857,molformer_solvai,-10.932831768077603,-10.983573148148151,-10.814939384920638,-10.999982771164023
NVVZEKTVIXIUKW,FC(F)(F)C(F)(F)C(F)(F)C(F)(F)C(F)(F)C(F)(F)CCI,-0.6933271819097218,external,-1,0.0,False,0.18181818181818182,molformer_solvai,2.433378158509701,2.5019962751322766,2.362597162698414,2.435541037698414
NWOYYECMNBWCNK,COc1c(Cl)cccc1Br,-2.1014820530988474,external,-1,0.0,True,0.3939393939393939,molformer_solvai,-3.336961563051147,-3.373970568783069,-3.304831944444447,-3.3320821759259243
OAWAZQITIZDJRB,O=C(O)C(F)(F)Cl,-7.877817419868301,external,-1,0.0,True,0.38461538461538464,molformer_solvai,-5.488186684303353,-5.377624900793656,-5.459018683862433,-5.627916468253971
OAYSFAKCFYRCRU,COc1c(Cl)cc(Br)cc1Cl,-2.010150095313052,external,-1,0.0,True,0.52,molformer_solvai,-3.2631729938271588,-3.2942158068783063,-3.290610019841269,-3.204693154761902
OEBRKCOSUFCWJD,COP(=O)(OC)OC=C(Cl)Cl,-4.971375885474463,external,-1,0.0,False,0.42857142857142855,molformer_solvai,-7.69817795414462,-7.615247784391533,-7.600545833333339,-7.878740244708989
OEYKUHBCPJRXGZ,COc1c(Cl)cc(Cl)cc1Br,-1.8973491088834296,external,-1,0.0,True,0.4642857142857143,molformer_solvai,-3.1977727182539666,-3.2626391534391526,-3.1960542989418004,-3.1346247023809477
OIHHRLYOSUNYTC,COc1c(Cl)cc(Cl)c(Br)c1Cl,-1.9021273169042503,external,-1,0.0,True,0.5185185185185185,molformer_solvai,-3.2392728571428564,-3.269659259259259,-3.2008129166666657,-3.2473463955026443
OJYLAHXKWMRDGS,COc1cc(CCC(C)=O)ccc1O,-10.195632173518485,external,-1,0.0,False,0.6470588235294118,molformer_solvai,-10.272163503086416,-10.355616203703697,-10.166603472222222,-10.294270833333329
OMDFJTSKBNDDRM,CC(O)CO[N+](=O)[O-],-7.41558521612978,external,-1,0.0,False,0.6521739130434783,molformer_solvai,-7.647725903880072,-7.647357109788363,-7.592431712962958,-7.703388888888892
ONUFSRWQCKNVSL,Fc1c(F)c(F)c(-c2c(F)c(F)c(F)c(F)c2F)c(F)c1F,-1.6648503859974622,external,-1,0.0,False,0.625,molformer_solvai,-1.105870381393298,-1.1278659722222224,-1.2588800264550268,-0.930865145502645
OTFNCXLUCRUNCH,COc1c(Cl)ccc(Cl)c1Cl,-1.9243773404339863,external,-1,0.0,False,0.5,molformer_solvai,-3.126872817460317,-3.0991552248677254,-3.135133697089945,-3.1463295304232797
OTQFXRBLGNEOGH,Clc1cc(Cl)c2c(c1)Oc1c(Cl)cc(Cl)cc1O2,-3.4657290661330857,external,-1,0.0,True,0.45161290322580644,molformer_solvai,-3.5885725308641994,-3.6129347222222234,-3.595307870370372,-3.5574750000000015
OTTCXKPQKOLSJN,Clc1cc(Cl)c2cc(Cl)cc(Cl)c2c1,-2.92284059793544,external,-1,0.0,False,0.6,molformer_solvai,-2.5589063007054667,-2.610970701058202,-2.5792568121693105,-2.4864913888888887
OWIKHYCFFJSOEH,N=C=O,-3.705961040321237,external,-1,0.0,False,0.42857142857142855,molformer_solvai,-3.5817524973544956,-3.7937367791005285,-3.357862453703701,-3.5936582592592576
PGCDNPCENWGYMA,Clc1c(Cl)c(Cl)c2c(Cl)ccc(Cl)c2c1Cl,-4.5876242996777865,external,-1,0.0,False,0.5333333333333333,molformer_solvai,-3.272497365520282,-3.2518717261904744,-3.244758796296298,-3.320861574074075
PLDWAJLZAAHOGG,COc1cccc(Br)c1,-1.7074936013035569,external,-1,0.0,False,0.5384615384615384,molformer_solvai,-3.3510014880952377,-3.359033895502639,-3.3139667658730185,-3.380003802910056
PNLDDSLZYVNPQW,COc1c(Br)ccc(Cl)c1Cl,-1.9585971639928248,external,-1,0.0,True,0.3939393939393939,molformer_solvai,-3.4159578483245165,-3.449574041005293,-3.3935299933862444,-3.404769510582012
PNQBEPDZQUOCNY,O=C(Cl)C(F)(F)F,-2.3128065893225465,external,-1,0.0,True,0.4117647058823529,molformer_solvai,-0.8138428284832457,-0.7549422222222227,-0.7753626851851855,-0.9112235780423288
POIARNZEYGURDG,C/C=C/C(=O)C1=C(C)C=CCC1(C)C,-3.95552367899573,external,-1,0.0,False,0.21951219512195122,molformer_solvai,-4.2747661596119935,-4.2098657738095255,-4.297879596560846,-4.316553108465608
PPXUHEORWJQRHJ,CCOC(=O)CC(C)C,-1.9585971639928248,external,-1,0.0,False,0.5454545454545454,molformer_solvai,-2.6559952380952367,-2.6816858796296286,-2.6516930555555542,-2.6346067791005274
PSINWXIDJYEXLO,CCc1ncc(C)nc1CC,-4.5057723033300405,external,-1,0.0,False,0.32,molformer_solvai,-5.51414207451499,-5.49842037037037,-5.529712896825395,-5.514292956349204
PVFOMCVHYWHZJE,O=C(Cl)C(Cl)(Cl)Cl,-2.3128065893225465,external,-1,0.0,False,0.2727272727272727,molformer_solvai,-1.920122568342152,-1.971481243386242,-1.814891421957672,-1.973995039682541
QGRPVMLBTFGQDQ,COc1ccccc1Cl,-3.266374329938489,external,-1,0.0,False,0.631578947368421,molformer_solvai,-2.922390321869489,-2.843230621693121,-2.9512037698412725,-2.9727365740740734
QHTQREMOGMZHJV,CCN(CC)C(=O)SCc1ccc(Cl)cc1,-5.973688203519483,external,-1,0.0,True,0.35,molformer_solvai,-8.33307645502646,-8.373595601851857,-8.323362334656089,-8.302271428571435
QJPJQTDYNZXKQF,COc1ccc(Br)cc1,-1.9585971639928248,external,-1,0.0,False,0.5238095238095238,molformer_solvai,-3.3949348170193994,-3.3355906283068744,-3.4599597222222234,-3.3892541005291013
QKMNFFSBZRGHDJ,COc1cc(Cl)ccc1Cl,-2.3417140272869985,external,-1,0.0,False,0.4782608695652174,molformer_solvai,-3.2180265542328037,-3.2105222222222203,-3.301559523809524,-3.1419979166666674
QNPFFCQTVXPCLD,CC=CC=NOCc1c(F)c(F)c(F)c(F)c1F,-1.6736281013538763,external,-1,0.0,True,0.2222222222222222,molformer_solvai,-3.776834656084656,-3.911900396825395,-3.7641148148148154,-3.6544887566137563
QTGGFXPTAQEODO,C=CC(C)(CO)OO,-8.831385160484244,external,-1,0.0,True,0.4,molformer_solvai,-9.228922266313937,-9.427773941798943,-9.151934722222231,-9.107058134920637
QUGUFLJIAFISSW,Fc1ccc(F)cc1,-0.8163503805089578,external,-1,0.0,False,0.6153846153846154,molformer_solvai,-0.563645515873016,-0.6130630489417991,-0.4999190806878312,-0.5779544179894177
QUKRIOLKOHUUBM,C=CC(=O)OCCC(F)(F)C(F)(F)C(F)(F)C(F)(F)C(F)(F)C(F)(F)C(F)(F)C(F)(F)F,-0.6933271819097218,external,-1,0.0,True,0.2127659574468085,molformer_solvai,-1.9696904651675482,-1.87109255952381,-2.007844298941798,-2.0301345370370374
QYEGXUUXWMKHHS,Clc1cc(Cl)c2c(Cl)c(Cl)c(Cl)c(Cl)c2c1Cl,-5.149323393799825,external,-1,0.0,False,0.5882352941176471,molformer_solvai,-3.2851489197530874,-3.2860046296296264,-3.271879728835982,-3.297562400793653
RFFOTVCVTJUTAD,CC(C)C12CCC(C)(CC1)O2,-2.7084854415504074,external,-1,0.0,False,0.21875,molformer_solvai,-2.703400529100529,-2.7526519179894184,-2.6732891534391516,-2.684260515873017
RFUGYJHXLQAXOX,COc1c(Br)c(Cl)c(Cl)c(Cl)c1Br,-1.8127670246641712,external,-1,0.0,True,0.3333333333333333,molformer_solvai,-3.4477519510582,-3.4622324074074053,-3.440231547619051,-3.440791898148144
RGXWDWUGBIJHDO,CCCCCCCCCC(=O)OCC,-2.1014820530988474,external,-1,0.0,False,1.0,molformer_solvai,-3.0487111000881817,-3.190291997354496,-2.977279497354495,-2.978561805555553
RHLVCLIPMVJYKS,CCCCCC(=O)CC,-2.532952404370913,external,-1,0.0,False,0.8333333333333334,molformer_solvai,-2.8945249007936513,-2.91972595899471,-2.9029110780423273,-2.8609376653439167
RLSQIXNUITTXKZ,CCCCCCCC=NOCc1c(F)c(F)c(F)c(F)c1F,-1.7624653819816083,external,-1,0.0,True,0.3333333333333333,molformer_solvai,-3.647327402998234,-3.7968949074074043,-3.691700264550261,-3.4533870370370363
RTNLUFLDZOAXIC,Clc1c(Cl)c(Cl)c2c(Cl)c(Cl)c(Cl)c(Cl)c2c1Cl,-4.738644121381529,external,-1,0.0,False,0.625,molformer_solvai,-3.2885468761022936,-3.26909171957672,-3.276622784391535,-3.3199261243386267
RUPAXCPQAAOIPB,CC(C)(C)OC=O,-2.1014820530988474,external,-1,0.0,False,0.375,molformer_solvai,-2.7474493165784835,-2.8033835648148147,-2.758720734126984,-2.6802436507936505
RWRBSYOTDDOXKC,CCCC(C)O[N+](=O)[O-],-1.3049310688072877,external,-1,0.0,True,0.6666666666666666,molformer_solvai,-2.004667427248677,-2.033220866402116,-2.011706679894179,-1.9690747354497353
RZXIRSKYBISPGF,Brc1cc(Br)c(Oc2cc(Br)c(Br)cc2Br)cc1Br,-5.3893266975985,external,-1,0.0,True,0.5333333333333333,molformer_solvai,-4.264561915784833,-4.223625694444447,-4.296058664021164,-4.274001388888889
SFNAUTSNWPPDSY,Brc1ccc(Oc2cc(Br)c(Br)c(Br)c2Br)cc1,-4.41157948966362,external,-1,0.0,True,0.3333333333333333,molformer_solvai,-4.33766846340388,-4.27231097883598,-4.443927513227511,-4.296766898148149
SJIIFORJBWPNPM,COc1cc(Br)c(Cl)cc1Cl,-1.9585971639928248,external,-1,0.0,True,0.42857142857142855,molformer_solvai,-3.3739082231040562,-3.349321296296296,-3.382865674603178,-3.389537698412695
SNGREZUHAYWORS,O=C(O)C(F)(F)C(F)(F)C(F)(F)C(F)(F)C(F)(F)C(F)(F)C(F)(F)F,-3.4657290661330853,external,-1,0.0,True,0.25,molformer_solvai,-4.252527766754848,-3.8941925925925904,-4.596875793650791,-4.266514914021161
SRMWNTGHXHOWBT,CNS(=O)(=O)C(F)(F)C(F)(F)C(F)(F)C(F)(F)C(F)(F)C(F)(F)C(F)(F)C(F)(F)F,-0.0514616827609407,external,-1,0.0,True,0.2,molformer_solvai,-4.403851157407408,-4.369451851851851,-4.6568863425925935,-4.185215277777781
SRTQFRQWTUMMTC,C=NOCc1c(F)c(F)c(F)c(F)c1F,-2.1805973935431964,external,-1,0.0,True,0.2631578947368421,molformer_solvai,-3.3288371979717795,-3.323985449735446,-3.307651838624338,-3.3548743055555543
SSNXYMVLSOMJLU,COc1cc(Cl)cc(Cl)c1,-1.0313664236883515,external,-1,0.0,False,0.5,molformer_solvai,-3.1865224316578478,-3.191123148148146,-3.1681805886243386,-3.2002635582010592
STNJBCKSHOAVAJ,C=C(C)C=O,-2.8315086401496434,external,-1,0.0,False,0.5,molformer_solvai,-3.146471737213403,-3.2099716269841263,-3.1193251322751294,-3.110118452380952
SVEZPKVUIXAEOX,COc1cc(Cl)c(Br)c(Cl)c1,-1.9585971639928248,external,-1,0.0,True,0.35714285714285715,molformer_solvai,-3.517311221340387,-3.5308160714285703,-3.5054490740740776,-3.5156685185185137
SXKBHOQOOGRFJF,COc1cc(Cl)c(Cl)cc1Cl,-1.9585971639928248,external,-1,0.0,False,0.5652173913043478,molformer_solvai,-3.059913701499116,-3.097737764550263,-3.0298064814814785,-3.052196858465607
TXGIGTRUEITPSC,O=S(=O)(O)CCC(F)(F)C(F)(F)C(F)(F)C(F)(F)F,-1.4290235246646108,external,-1,0.0,True,0.20689655172413793,molformer_solvai,-5.879011574074075,-5.887673148148151,-5.847334027777774,-5.902027546296299
TXINBPKSWKFMNB,CCC(=O)OO[N+](=O)[O-],-2.1805973935431964,external,-1,0.0,False,0.4,molformer_solvai,-3.866268794091709,-3.78298191137566,-3.88363310185185,-3.9321913690476165
UABDVZDYKDIZFO,Fc1c(F)c(F)c(CON=C2c3ccccc3-c3ccccc32)c(F)c1F,-1.9585971639928248,external,-1,0.0,True,0.2727272727272727,molformer_solvai,-6.331366104497352,-6.264809160052912,-6.301561574074065,-6.4277275793650785
UBJVUCKUDDKUJF,C=CCSCC=C,-1.53653790673299,external,-1,0.0,False,0.35714285714285715,molformer_solvai,-1.164253386243386,-1.1555481216931227,-1.199290687830687,-1.1379213492063476
UCASBURGYXMQLW,Cc1ccc(C=NOCc2c(F)c(F)c(F)c(F)c2F)cc1,-1.6559406699833308,external,-1,0.0,True,0.3142857142857143,molformer_solvai,-4.910505246913579,-4.876728240740736,-4.828746296296299,-5.026041203703702
UHEPJGULSIKKTP,CC(=O)CCC=C(C)C,-3.37439710834729,external,-1,0.0,False,0.52,molformer_solvai,-3.65494899691358,-3.682592030423284,-3.6197126653439144,-3.6625422949735422
UHXUZOCRWCRNSJ,CNC(=O)ON=C(C)SC,-7.7697946414595,external,-1,0.0,True,0.42857142857142855,molformer_solvai,-8.977177402998239,-8.965819907407413,-9.118363029100527,-8.847349272486774
UIHCLUNTQKBZGK,CCC(C)C(C)=O,-3.126712395015846,external,-1,0.0,False,0.47058823529411764,molformer_solvai,-3.1683578703703703,-3.1502364748677243,-3.1523661706349198,-3.202470965608467
UJIGKESMIPTWJH,FC(Cl)C(F)(F)C(F)(F)Cl,0.7698968620756514,external,-1,0.0,False,0.5,molformer_solvai,1.3136662436067015,1.2597648201058187,1.3543129828042324,1.326920927910053
UKSAZCDAGVHMRF,Fc1c(F)c(F)c(CON=Cc2ccccc2)c(F)c1F,-1.491448044485954,external,-1,0.0,True,0.2903225806451613,molformer_solvai,-4.6731647376543215,-4.73281689814815,-4.600575925925928,-4.686101388888887
UPNBETHEXPIWQX,Brc1ccc(Oc2ccc(Br)cc2Br)cc1,-3.5448444065774347,external,-1,0.0,True,0.39285714285714285,molformer_solvai,-4.07369265873016,-4.109947883597883,-4.149605092592594,-3.961525000000002
UXFSPRAGHGMRSQ,COc1nccnc1CC(C)C,-3.628908592471273,external,-1,0.0,False,0.3939393939393939,molformer_solvai,-5.596744786155203,-5.568379166666669,-5.6687144510582,-5.5531407407407425
UZYYBZNZSSNYSA,Cc1c(Cl)ccc(Cl)c1Cl,-1.6559406699833308,external,-1,0.0,False,0.5625,molformer_solvai,-1.3159294598765425,-1.3033164550264547,-1.3365735119047615,-1.307898412698411
VEFNQGLEDJPUJF,COc1c(Br)c(Br)c(Br)c(Br)c1Br,-4.630621342972727,external,-1,0.0,True,0.38461538461538464,molformer_solvai,-3.8903049933862413,-3.9429228505290967,-3.8736354166666667,-3.854356712962961
VGQXTTSVLMQFHM,CC(=O)OO[N+](=O)[O-],-2.512161325517144,external,-1,0.0,False,0.4230769230769231,molformer_solvai,-3.9169376653439136,-3.913140939153439,-3.9292892526455003,-3.9083828042328013
VHNPZYZQKWIWOD,Brc1cc(Br)c(Oc2cc(Br)c(Br)cc2Br)c(Br)c1,-5.800177489354709,external,-1,0.0,True,0.38095238095238093,molformer_solvai,-4.122015972222224,-3.9962960648148145,-4.273954629629634,-4.095797222222224
VIONGDJUYAYOPU,O=S(=O)(O)CCC(F)(F)C(F)(F)C(F)(F)C(F)(F)C(F)(F)C(F)(F)F,-0.9774670142527602,external,-1,0.0,True,0.2,molformer_solvai,-5.035925958994711,-4.910277976190477,-5.232204993386246,-4.96529490740741
VISJRVXHPNMYRH,COc1ccc(Cl)c(Cl)c1,-1.852724968524944,external,-1,0.0,False,0.43478260869565216,molformer_solvai,-3.2126511574074073,-3.2307159722222254,-3.1735949074074066,-3.23364259259259
VJZRCIYSYVGDMU,Clc1cc2c(Cl)ccc(Cl)c2cc1Cl,-3.2169719815591824,external,-1,0.0,False,0.5,molformer_solvai,-2.9970760537918877,-3.020776507936508,-3.0298159391534396,-2.9406357142857145
VNVBOBJSRGZDCW,Fc1c(F)c(F)c(CON=CC=NOCc2c(F)c(F)c(F)c(F)c2F)c(F)c1F,-2.1805973935431964,external,-1,0.0,True,0.25,molformer_solvai,-6.8589026234567925,-6.850773148148153,-7.003952314814815,-6.721982407407408
VNWPJWLGZUDTBZ,CC(=NOCc1c(F)c(F)c(F)c(F)c1F)C(C)(C)O,-2.010150095313052,external,-1,0.0,True,0.1951219512195122,molformer_solvai,-7.252444830246915,-7.195363194444446,-7.427118518518523,-7.134852777777775
VOGSDFLJZPNWHY,OCC(F)F,-4.581218994593421,external,-1,0.0,False,0.38461538461538464,molformer_solvai,-5.080511331569661,-5.082987037037031,-5.080985978835979,-5.077560978835975
VQSNXLCFFHGXTI,Clc1ccc(Cl)c2c(Cl)cccc12,-3.73352344944536,external,-1,0.0,False,0.45,molformer_solvai,-2.8008572530864213,-2.80825072751323,-2.831253306878308,-2.7630677248677253
VVAAXDBMZVCVPA,ClCC(Cl)CCCCCCCC(Cl)CCl,-3.5448444065774347,external,-1,0.0,True,0.375,molformer_solvai,-2.8242471186067024,-2.8433740079365086,-2.8099003968253964,-2.819466951058201
VVJKKWFAADXIJK,C=CCN,-4.630621342972727,external,-1,0.0,False,0.4166666666666667,molformer_solvai,-4.4837311507936475,-4.494904927248676,-4.486626058201054,-4.469662466931213
VXBHNYIEBLRXAW,ClCC(Cl)CCCCCCC(Cl)CCl,-2.92284059793544,external,-1,0.0,True,0.375,molformer_solvai,-2.948821247795415,-2.954707804232804,-2.935023300264552,-2.956732638888888
VZRSUQWPXPUWCS,COc1c(Cl)cc(Br)c(Cl)c1Cl,-1.9021273169042503,external,-1,0.0,True,0.4642857142857143,molformer_solvai,-3.2338931503527335,-3.284606018518519,-3.253086759259259,-3.1639866732804225
WCJYTPVNMWIZCG,CNC(=O)Oc1ccc(C)c(C)c1,-7.303237710857214,external,-1,0.0,False,0.3939393939393939,molformer_solvai,-9.030604552469137,-8.968131250000006,-9.152182175925923,-8.971500231481485
WCVOGSZTONGSQY,COc1c(Cl)cc(Cl)cc1Cl,-1.442045696106648,external,-1,0.0,False,0.5652173913043478,molformer_solvai,-3.0123139550264537,-3.016039814814815,-3.064039021164019,-2.956863029100527
WDRCOFFEZVLCLX,COc1c(Cl)c(Cl)cc(Br)c1Br,-1.846249658720261,external,-1,0.0,True,0.4,molformer_solvai,-3.5875049118165783,-3.6117740079365093,-3.5985293518518544,-3.5522113756613702
WDWNMIBWWPZNJK,FC(F)(F)C(F)(F)C(F)(F)C(F)(F)C(F)(F)C(F)(F)/C=C/I,-0.434578546055114,external,-1,0.0,False,0.18181818181818182,molformer_solvai,2.5533108227513233,2.6324489517195775,2.5313256765873033,2.49615783994709
WHHGLZMJPXIBIX,Brc1c(Br)c(Br)c(Oc2c(Br)c(Br)c(Br)c(Br)c2Br)c(Br)c1Br,-6.343123108603918,external,-1,0.0,True,0.45454545454545453,molformer_solvai,-4.290152524250441,-4.314840443121694,-4.368927314814813,-4.186689814814817
WHPVYXDFIXRKLN,Brc1ccc(Oc2cc(Br)c(Br)cc2Br)c(Br)c1,-4.870853317160879,external,-1,0.0,False,0.39285714285714285,molformer_solvai,-4.19487514329806,-4.065150793650796,-4.299835978835978,-4.219638657407407
WHRDPXDGAMJNGH,COc1c(Br)cc(Cl)cc1Br,-2.135701876657686,external,-1,0.0,True,0.4074074074074074,molformer_solvai,-3.347339991181657,-3.338589814814812,-3.4266651785714304,-3.276764980158728
WMMFIDNWZNCBCT,COc1c(Cl)c(Cl)cc(Cl)c1Cl,-1.227029652927254,external,-1,0.0,False,0.5652173913043478,molformer_solvai,-3.1346835097001744,-3.1570682870370375,-3.1487037037037022,-3.098278538359785
WNYADZVDBIBLJJ,O=NN1CCCC1,-7.599347343229355,external,-1,0.0,False,0.9285714285714286,molformer_solvai,-7.334944510582006,-7.424426719576713,-7.22879553571428,-7.351611276455026
WQZKKVJFBZPJSU,CCC(CC)O[N+](=O)[O-],-1.3288483437607428,external,-1,0.0,True,0.6086956521739131,molformer_solvai,-2.007398236331569,-1.9977728835978832,-2.038803174603174,-1.9856186507936502
WUOACPNHFRMFPN,CC1=CCC(C(C)(C)O)CC1,-5.508449734897895,external,-1,0.0,False,0.5714285714285714,molformer_solvai,-5.020801840828925,-5.119916931216931,-4.932175132275134,-5.010313458994711
WXCMHFPAUCOJIG,CC(=O)c1c(C)c([N+](=O)[O-])c(C(C)(C)C)c([N+](=O)[O-])c1C,-5.281532589579175,external,-1,0.0,True,0.27906976744186046,molformer_solvai,-6.54987662037037,-6.500598842592595,-6.6217342592592585,-6.527296759259257
WYLDWCYZCFRVRH,Clc1cc(Cl)c2c(Cl)cc(Cl)c(Cl)c2c1,-3.197329797674128,external,-1,0.0,False,0.55,molformer_solvai,-2.9217959656084656,-2.932219675925924,-2.9367150132275133,-2.8964532076719585
XGXUGXPKRBQINS,COc1ccc(Br)cc1Br,-3.141525290295802,external,-1,0.0,True,0.4230769230769231,molformer_solvai,-3.471314781746033,-3.396837698412699,-3.537408664021167,-3.479697982804233
XTBXSCIWOVSSGB,O=C(O)CC(F)(F)C(F)(F)C(F)(F)C(F)(F)C(F)(F)C(F)(F)C(F)(F)C(F)(F)F,-0.2151376507207325,external,-1,0.0,True,0.2692307692307692,molformer_solvai,-4.816106624779538,-4.587723148148143,-5.060724537037033,-4.799872189153438
XYBSIYMGXVUVGY,Brc1ccc(Oc2ccc(Br)cc2Br)c(Br)c1,-4.548110664011599,external,-1,0.0,True,0.4583333333333333,molformer_solvai,-4.02504915123457,-3.928318750000003,-4.093012962962965,-4.053815740740741
YAWIAFUBXXPJMQ,Brc1ccc(Oc2ccc(Br)cc2)cc1,-3.094814183963434,external,-1,0.0,True,0.5714285714285714,molformer_solvai,-4.435873214285712,-4.468138425925924,-4.468550595238092,-4.37093062169312
YGHRJJRRZDOVPD,CC(C)CC=O,-2.381271697509173,external,-1,0.0,False,0.4444444444444444,molformer_solvai,-3.0824651785714274,-3.0819684523809503,-3.08359341931217,-3.081833664021163
YGYAWVDWMABLBF,O=C(Cl)Cl,-0.2673234667648203,external,-1,0.0,False,0.375,molformer_solvai,-1.4174575881834215,-1.3548820767195768,-1.4417984986772485,-1.455692189153439
YJEMGEBDXDPBSP,COc1ccc(Cl)cc1Br,-2.250382069501203,external,-1,0.0,True,0.36666666666666664,molformer_solvai,-3.2740227843915353,-3.2344365410052904,-3.3834516534391574,-3.2041801587301584
YKQOTQPNOJSJFA,CCCC(C)=NOCc1c(F)c(F)c(F)c(F)c1F,-1.3130478087293145,external,-1,0.0,True,0.25,molformer_solvai,-3.5147583333333317,-3.6012833333333307,-3.5594703703703683,-3.3835212962962955
YORCIIVHUBAYBQ,C#CCBr,-1.826387968213476,external,-1,0.0,False,0.38461538461538464,molformer_solvai,-1.0505673849206352,-0.93454025,-1.118454543650794,-1.0987073611111118
YRGAYAGBVIXNAQ,COc1ccc(Cl)cc1,-2.943631676789209,external,-1,0.0,False,0.5238095238095238,molformer_solvai,-3.0060555555555557,-2.996244080687829,-2.9878512896825415,-3.034071296296297
YSVAURKXNCNUNS,COc1c(Cl)c(Cl)c(Br)c(Cl)c1Cl,-1.852724968524944,external,-1,0.0,True,0.3333333333333333,molformer_solvai,-3.3283567680776014,-3.360094841269843,-3.310818518518518,-3.3141569444444436
YUKILTJWFRTXGB,COc1cccc(Cl)c1,-2.793270537698849,external,-1,0.0,False,0.5384615384615384,molformer_solvai,-3.014476421957671,-2.9116228174603154,-3.070122486772488,-3.0616839616402105
YXMNEYKMHSBVTD,CCC(CO)O[N+](=O)[O-],-7.046500910381195,external,-1,0.0,True,0.5185185185185185,molformer_solvai,-6.790912929894181,-6.804455720899473,-6.824912896825395,-6.743370171957676
YXWWHNCQZBVZPV,CC(=O)c1ccccc1C,-4.468021642247516,external,-1,0.0,False,0.6521739130434783,molformer_solvai,-4.6497166005291,-4.6511637896825375,-4.650377876984132,-4.647608134920632
YYZUSRORWSJGET,CCCCCCCC(=O)OCC,-1.9585971639928248,external,-1,0.0,False,1.0,molformer_solvai,-2.901990332892415,-2.9392204034391516,-2.8860538359788337,-2.8806967592592585
YZMXEWDTXSTFIJ,COc1cc(Cl)c(Br)c(Cl)c1Br,-1.846249658720261,external,-1,0.0,True,0.5185185185185185,molformer_solvai,-3.5409656635802462,-3.5394026455026415,-3.5153620370370415,-3.568132308201055
ZENOXNGFMSCLLL,COc1cc(CO)ccc1O,-11.42766999077337,external,-1,0.0,True,0.6666666666666666,molformer_solvai,-11.125581250000003,-11.208850000000002,-11.035877314814817,-11.132016435185191
ZLIBICFPKPWGIZ,Cc1cc(C)nc(Nc2ccccc2)n1,-8.084183894106772,external,-1,0.0,False,0.37037037037037035,molformer_solvai,-9.10041283068783,-9.021189351851856,-9.069346759259256,-9.210702380952378
ZNOLGFHPUIJIMJ,COP(=S)(OC)Oc1ccc([N+](=O)[O-])c(C)c1,-6.6500280506858855,external,-1,0.0,False,0.6052631578947368,molformer_solvai,-7.939016865079367,-8.128601388888898,-7.9442611111111106,-7.744188095238095
ZOASGOXWEHUTKZ,CCCSC,-1.402087752245875,external,-1,0.0,False,0.5,molformer_solvai,-1.27931416005291,-1.2762282341269837,-1.2832559589947095,-1.2784582870370373
ZOKXUAHZSKEQSS,CCCCSP(=O)(SCCCC)SCCCC,-6.719936881072535,external,-1,0.0,True,0.6363636363636364,molformer_solvai,-6.5944096781305115,-6.563202017195767,-6.690621593915346,-6.529405423280423
ZOWSJJBOQDKOHI,CC(=O)OCC(F)(F)F,-1.5690803179488944,external,-1,0.0,False,0.47619047619047616,molformer_solvai,-1.89536917989418,-1.8503019841269839,-1.8745254298941805,-1.9612801256613759
ZUXVGCIQOSXRJN,COc1c(Cl)c(Cl)cc(Br)c1Cl,-1.9021273169042503,external,-1,0.0,True,0.41379310344827586,molformer_solvai,-3.3728987499999987,-3.3829217592592586,-3.352990363756615,-3.382784126984123
ZVJHJDDKYZXRJI,C1=NCCC1,-4.9090914196116735,external,-1,0.0,False,0.25,molformer_solvai,-4.858281646825396,-4.855265873015873,-4.87441729497355,-4.845161772486765
VNWKTOKETHGBQD-UHFFFAOYSA-N,C,1.9598,arrow,0,3.0,False,,unimol_structure,1.1928483807319223,1.1327396097883602,1.2171054298941795,1.2287001025132274
IJDNQMDRQITEOD-UHFFFAOYSA-N,CCCC,2.1032,arrow,0,3.0,False,,unimol_structure,2.0593990540123452,2.0643308584656066,2.0408576640211633,2.0730086395502645
QQONPFPTGQHPMA-UHFFFAOYSA-N,C=CC,1.32,arrow,0,3.0,False,,unimol_structure,1.0202526787918877,0.9981985449735455,1.0688145641534395,0.993744927248678
BAVYZALUXZFZLV-UHFFFAOYSA-N,CN,-4.55,arrow,0,3.0,False,,unimol_structure,-4.7694489087301575,-4.834091038359788,-4.73560681216931,-4.738648875661374
QUSNBJAOOMFDIB-UHFFFAOYSA-N,CCN,-4.5,arrow,0,3.0,False,,unimol_structure,-4.559703659611994,-4.557434126984129,-4.5484393187830685,-4.573237533068784
NBBJYMSMWIIQGU-UHFFFAOYSA-N,CCC=O,-3.43,arrow,0,3.0,False,,unimol_structure,-3.303334424603173,-3.2746399140211615,-3.34850833333333,-3.286855026455027
ZTQSAGDEMFDKMZ-UHFFFAOYSA-N,CCCC=O,-3.18,arrow,0,3.0,False,,unimol_structure,-3.385068430335096,-3.3596666997354507,-3.3986051587301573,-3.3969334325396803
QQZOPKMRPOGIEB-UHFFFAOYSA-N,CCCCC(C)=O,-3.28,arrow,0,3.0,False,,unimol_structure,-3.0365878637566133,-3.043525165343917,-3.0304673611111084,-3.035771064814814
QTBSBXVTEAMEQO-UHFFFAOYSA-N,CC(=O)O,-6.69,arrow,0,3.0,False,,unimol_structure,-6.664596461640208,-6.690913029100518,-6.639923974867728,-6.662952380952378
UHOVQNZJYSORNB-UHFFFAOYSA-N,c1ccccc1,-0.88,arrow,0,3.0,False,,unimol_structure,-0.7401726003086422,-0.7090065740740744,-0.7017552083333329,-0.8097560185185191
UFWIBTONFRDIAS-UHFFFAOYSA-N,c1ccc2ccccc2c1,-2.4,arrow,0,3.0,False,,unimol_structure,-2.6493956128747804,-2.703627083333335,-2.644290509259259,-2.6002692460317465
MWPLVEDNUUSJAV-UHFFFAOYSA-N,c1ccc2cc3ccccc3cc2c1,-3.95,arrow,0,3.0,False,,unimol_structure,-4.109074481922401,-4.007156679894185,-4.105777281746032,-4.2142894841269865
YNPNZTXNASCQKK-UHFFFAOYSA-N,c1ccc2c(c1)ccc1ccccc12,-3.88,arrow,0,3.0,False,,unimol_structure,-4.15185134479718,-4.105733068783071,-4.20755376984127,-4.1422671957672
KFZMGEQAYNKOFK-UHFFFAOYSA-N,CC(C)O,-4.62,arrow,0,3.0,False,,unimol_structure,-4.632380489417987,-4.65129778439153,-4.596433829365079,-4.649409854497353
LRHPLDYGYMQRHN-UHFFFAOYSA-N,CCCCO,-4.72,arrow,0,3.0,False,,unimol_structure,-4.5539483134920635,-4.568912533068785,-4.5304373677248675,-4.5624950396825374
DKGAVHZHDRPRBM-UHFFFAOYSA-N,CC(C)(C)O,-4.51,arrow,0,3.0,False,,unimol_structure,-4.513294003527334,-4.4789386574074035,-4.518465476190473,-4.542477876984125
MSXVEPNJUHWQHW-UHFFFAOYSA-N,CCC(C)(C)O,-4.43,arrow,0,3.0,False,,unimol_structure,-4.374061397707229,-4.370185582010579,-4.389024834656083,-4.362973776455024
DMEGYFMYUHOHGS-UHFFFAOYSA-N,C1CCCCCC1,0.789,arrow,1,3.0,False,,unimol_structure,1.116155168209875,1.11897328637566,1.1038205978835964,1.1256716203703685
ATUOYWHBWRKTHZ-UHFFFAOYSA-N,CCC,1.9598,arrow,1,3.0,False,,unimol_structure,1.7984610196208115,1.7384505476190482,1.8307008207671949,1.8262316904761915
OFBQJSOFQDEBGM-UHFFFAOYSA-N,CCCCC,2.3422,arrow,1,3.0,False,,unimol_structure,2.230874169753086,2.2311197407407413,2.24256416137566,2.2189386071428556
TVMXDCGIABBOFY-UHFFFAOYSA-N,CCCCCCCC,2.8919,arrow,1,3.0,False,,unimol_structure,2.726890660273369,2.7149314980158743,2.742848781084656,2.722891701719575
VNKYTQGIUYNRMY-UHFFFAOYSA-N,CCCOC,-1.66,arrow,1,3.0,False,,unimol_structure,-2.669655180776008,-2.6048331349206277,-2.7520676256613714,-2.6520647817460263
FERIUCNNQQJTOY-UHFFFAOYSA-N,CCCC(=O)O,-6.35,arrow,1,3.0,False,,unimol_structure,-6.165492724867728,-6.138546527777781,-6.177030158730161,-6.180901488095242
ZUOUZKKEUPVFJK-UHFFFAOYSA-N,c1ccc(-c2ccccc2)cc1,-2.66,arrow,1,3.0,False,,unimol_structure,-3.1020672067901245,-3.1446607804232816,-3.091835218253969,-3.069705621693123
OKKJLVBELUTLKV-UHFFFAOYSA-N,CO,-5.11,arrow,1,3.0,False,,unimol_structure,-4.7078454916225745,-4.705795866402117,-4.637799404761901,-4.7799412037037055
HPXRVTGHNJAIIH-UHFFFAOYSA-N,OC1CCCCC1,-5.47,arrow,1,3.0,False,,unimol_structure,-5.384381701940025,-5.400657738095223,-5.354901190476183,-5.397586177248667
RJUFJBKOKNCXHH-UHFFFAOYSA-N,CCC(=O)OC,-2.93,arrow,1,3.0,False,,unimol_structure,-2.837374052028219,-2.8320928240740755,-2.886017294973543,-2.794012037037038
YKYONYBAUNKHLG-UHFFFAOYSA-N,CCCOC(C)=O,-2.86,arrow,1,3.0,False,,unimol_structure,-2.640843287037038,-2.624798148148151,-2.6616215277777773,-2.636110185185186
QLNJFJADRCOGBJ-UHFFFAOYSA-N,CCC(N)=O,-9.4,arrow,1,3.0,False,,unimol_structure,-9.41952562830688,-9.337728306878308,-9.494843220899478,-9.426005357142857
DNJIEGIFACGWOD-UHFFFAOYSA-N,CCS,-1.24,arrow,1,3.0,False,,unimol_structure,-0.9383572178130514,-0.9196615476190472,-0.9578595568783074,-0.9375505489417992
SUVIGLJNEAMWEG-UHFFFAOYSA-N,CCCS,-1.05,arrow,1,3.0,False,,unimol_structure,-0.9106741137566141,-0.9167034722222225,-0.9484025330687836,-0.8669163359788363
QMMFVYPAHWMCMS-UHFFFAOYSA-N,CSC,-1.54,arrow,1,3.0,False,,unimol_structure,-1.544914829805995,-1.4492899537037014,-1.5995265793650781,-1.585927956349205
PAYRUJLWNCNPSJ-UHFFFAOYSA-N,Nc1ccccc1,-5.54,arrow,1,3.0,False,,unimol_structure,-5.8464538580246925,-5.828806084656081,-5.884769246031749,-5.825786243386245
RAXXELZNTBOGNW-UHFFFAOYSA-N,c1c[nH]cn1,-9.6,arrow,1,3.0,False,,unimol_structure,-8.661805357142862,-8.548766633597895,-8.748344212962968,-8.688305224867722
RGSFGYAAUTVSQA-UHFFFAOYSA-N,C1CCCC1,1.2,arrow,2,3.0,False,,unimol_structure,1.1148718350969997,1.109549183201056,1.1102117519841253,1.124854570105818
VGGSQFUCUMXWEO-UHFFFAOYSA-N,C=C,1.28,arrow,2,3.0,False,,unimol_structure,1.118915093915344,1.1027101018518515,1.0820892242063491,1.1719459556878309
KAKZBPTYRLMSJV-UHFFFAOYSA-N,C=CC=C,0.61,arrow,2,3.0,False,,unimol_structure,0.5167649572310408,0.4822600330687834,0.49445954761904737,0.5735752910052915
GETQZCLCWQTVFV-UHFFFAOYSA-N,CN(C)C,-3.2,arrow,2,3.0,False,,unimol_structure,-4.203401620370367,-4.506947255291,-3.9181011243386226,-4.185156481481479
LCGLNKUTAGEVQW-UHFFFAOYSA-N,COC,-1.91,arrow,2,3.0,False,,unimol_structure,-2.4842614969135814,-2.483169345238098,-2.5932108134920644,-2.3764043320105825
RTZKZFJDLAIYFH-UHFFFAOYSA-N,CCOCC,-1.75,arrow,2,3.0,False,,unimol_structure,-1.7362036794532625,-1.6893324603174593,-1.761179021164021,-1.7580995568783073
CSCPPACGZOOCGX-UHFFFAOYSA-N,CC(C)=O,-3.8,arrow,2,3.0,False,,unimol_structure,-3.685578902116402,-3.8225668650793656,-3.5504746362433846,-3.683695205026456
BBEAQIROQSPTKN-UHFFFAOYSA-N,c1cc2ccc3cccc4ccc(c1)c2c34,-4.52,arrow,2,3.0,False,,unimol_structure,-5.3708930224867615,-5.388652513227505,-5.376211375661364,-5.347815178571415
YXFVVABEGXRONW-UHFFFAOYSA-N,Cc1ccccc1,-0.89,arrow,2,3.0,False,,unimol_structure,-0.9796683972663138,-0.990720932539683,-0.9610009259259251,-0.9872833333333335
ISWSIDIOOBJBQZ-UHFFFAOYSA-N,Oc1ccccc1,-6.62,arrow,2,3.0,False,,unimol_structure,-5.65431773589065,-5.63872192460317,-5.644862830687829,-5.67936845238095
QWVGKYWNOKOFNN-UHFFFAOYSA-N,Cc1ccccc1O,-5.87,arrow,2,3.0,False,,unimol_structure,-5.709100540123456,-5.6981341269841295,-5.7495318452380895,-5.6796356481481505
LFQSCWFLJHTTHZ-UHFFFAOYSA-N,CCO,-5.01,arrow,2,3.0,False,,unimol_structure,-4.824046186067025,-4.815213822751325,-4.8073152777777866,-4.849609457671964
AMQJEAYHLZJPGS-UHFFFAOYSA-N,CCCCCO,-4.47,arrow,2,3.0,False,,unimol_structure,-4.417862621252202,-4.408160019841266,-4.429482473544971,-4.41594537037037
AQIXEPGDORPWBJ-UHFFFAOYSA-N,CCC(O)CC,-4.35,arrow,2,3.0,False,,unimol_structure,-4.2124389880952355,-4.185851190476189,-4.200126157407403,-4.251339616402115
XEKOWRVHYACXOJ-UHFFFAOYSA-N,CCOC(C)=O,-3.12,arrow,2,3.0,False,,unimol_structure,-2.8278264660493817,-2.832933763227513,-2.8541440476190463,-2.7964015873015864
WQOXQRCZOLPYPM-UHFFFAOYSA-N,CSSC,-1.83,arrow,2,3.0,False,,unimol_structure,-1.526346504850087,-1.6050332638888887,-1.5251410350529078,-1.4488652156084643
JUJWROOIHBZHMG-UHFFFAOYSA-N,c1ccncc1,-4.69,arrow,2,3.0,False,,unimol_structure,-4.30216601631393,-4.334351719576713,-4.268431712962963,-4.3037146164021145
CRSOQBOWXPBRES-UHFFFAOYSA-N,CC(C)(C)C,2.5,arrow,3,3.0,False,,unimol_structure,2.099392512345679,2.1359617989417976,2.0371313214285736,2.125084416666667
OTMSDBZUPAUEDD-UHFFFAOYSA-N,CC,1.7925,arrow,3,3.0,False,,unimol_structure,1.649283615079365,1.5744265661375654,1.6630605740740754,1.7103637050264546
VLKZOEOYAKHREP-UHFFFAOYSA-N,CCCCCC,2.5095,arrow,3,3.0,False,,unimol_structure,2.4766015692239844,2.4870881521164,2.478521302248676,2.4641952533068783
YWAKXRMUMFPDSH-UHFFFAOYSA-N,C=CCCC,1.6800000000000002,arrow,3,3.0,False,,unimol_structure,1.4645296481481473,1.4653944616402121,1.4621278425925905,1.4660666402116398
ROSDSFDQCJNGOL-UHFFFAOYSA-N,CNC,-4.3,arrow,3,3.0,False,,unimol_structure,-4.432491159611993,-4.48822490079365,-4.381747255291003,-4.427501322751324
HQABUPZFAYXKJW-UHFFFAOYSA-N,CCCCN,-4.24,arrow,3,3.0,False,,unimol_structure,-4.393659243827159,-4.368991917989417,-4.402094345238092,-4.409891468253968
XNLICIUVMPYHGG-UHFFFAOYSA-N,CCCC(C)=O,-3.52,arrow,3,3.0,False,,unimol_structure,-3.310854376102292,-3.3284488095238083,-3.295611210317463,-3.308503108465605
IWDCLRJOBJJRNH-UHFFFAOYSA-N,Cc1ccc(O)cc1,-6.14,arrow,3,3.0,False,,unimol_structure,-6.047485108024696,-6.066028769841278,-6.039417063492067,-6.0370094907407434
XLYOFNOQVPJJNP-UHFFFAOYSA-N,O,-6.3,arrow,3,3.0,False,,unimol_structure,-2.929967401675485,-2.9749048994708995,-2.8835416031746037,-2.931455702380951
BDERNNFJNOPAEC-UHFFFAOYSA-N,CCCO,-4.92,arrow,3,3.0,False,,unimol_structure,-4.676645767195768,-4.665115178571434,-4.670588194444445,-4.694233928571426
KBPLFHHGFOOTCA-UHFFFAOYSA-N,CCCCCCCCO,-4.09,arrow,3,3.0,False,,unimol_structure,-3.89304203042328,-3.898604067460319,-3.907616666666663,-3.872905357142858
DKPFZGUDAPQIHT-UHFFFAOYSA-N,CCCCOC(C)=O,-2.55,arrow,3,3.0,False,,unimol_structure,-2.499513569223987,-2.4988043650793648,-2.500212103174604,-2.4995242394179917
WQAQPCDUOCURKW-UHFFFAOYSA-N,CCCCS,-0.99,arrow,3,3.0,False,,unimol_structure,-0.6926315004409179,-0.7189668716931225,-0.685577886243387,-0.6733497433862442
LJSQFQKUNVCTIA-UHFFFAOYSA-N,CCSCC,-1.43,arrow,3,3.0,False,,unimol_structure,-1.344501388888889,-1.3112992857142864,-1.3935488955026452,-1.328655985449736
WXEHBUMAEPOYKP-UHFFFAOYSA-N,CCSC,-1.5,arrow,3,3.0,False,,unimol_structure,-1.405248386243387,-1.350078835978837,-1.4660194113756626,-1.399646911375662
ZFRKQXVRDFCRJG-UHFFFAOYSA-N,Cc1c[nH]c2ccccc12,-5.88,arrow,3,3.0,False,,unimol_structure,-6.286871516754849,-6.36309279100529,-6.313288458994709,-6.184233300264547
KAESVJOAVNADME-UHFFFAOYSA-N,c1cc[nH]c1,-4.8,arrow,3,3.0,False,,unimol_structure,-5.1435230489418,-5.115022883597886,-5.076928538359785,-5.238617724867728
LVZWSLJZHVFIQJ-UHFFFAOYSA-N,C1CC1,0.75,arrow,4,3.0,False,,unimol_structure,1.1591490731922403,1.1509486818783075,1.1563764755291006,1.1701220621693131
XDTMQSROBMDMFD-UHFFFAOYSA-N,C1CCCCC1,1.23,arrow,4,3.0,False,,unimol_structure,1.0490505033068798,1.0146210859788374,1.0570451779100543,1.0754852460317474
NNPPMTNAJDCUHE-UHFFFAOYSA-N,CC(C)C,2.2800000000000002,arrow,4,3.0,False,,unimol_structure,1.9980438961640221,1.9902520965608466,1.9955355535714303,2.0083440383597893
VXNZUUAINFGPBY-UHFFFAOYSA-N,C=CCC,1.38,arrow,4,3.0,False,,unimol_structure,1.391054681437388,1.4339973399470876,1.4019468386243372,1.33721986574074
XTHFKEDIFFGKHM-UHFFFAOYSA-N,COCCOC,-4.84,arrow,4,3.0,False,,unimol_structure,-3.6921029651675497,-3.656403604497356,-3.7494823743386245,-3.670422916666668
IKHGUXGNUITLKF-UHFFFAOYSA-N,CC=O,-3.5,arrow,4,3.0,False,,unimol_structure,-3.1809267857142864,-3.1430417658730163,-3.1928668650793663,-3.2068717261904776
ZWEHNKRNPOVVGH-UHFFFAOYSA-N,CCC(C)=O,-3.71,arrow,4,3.0,False,,unimol_structure,-3.325376631393299,-3.3437887235449733,-3.325310350529103,-3.3070308201058203
FDPIMTJIUBPUKL-UHFFFAOYSA-N,CCC(=O)CC,-3.41,arrow,4,3.0,False,,unimol_structure,-3.384572828483243,-3.3572506613756565,-3.412834093915339,-3.3836337301587323
XBDQKXXYIPTUBI-UHFFFAOYSA-N,CCC(=O)O,-6.46,arrow,4,3.0,False,,unimol_structure,-6.527345293209874,-6.57927037037037,-6.484238062169308,-6.5185274470899435
IFLREYGFSNHWGE-UHFFFAOYSA-N,c1ccc2cc3cc4ccccc4cc3cc2c1,-5.5,arrow,4,3.0,False,,unimol_structure,-6.24908201058201,-6.316164351851853,-6.172942460317463,-6.258139219576713
RLSSMJSEOOYNOY-UHFFFAOYSA-N,Cc1cccc(O)c1,-5.49,arrow,4,3.0,False,,unimol_structure,-6.245283895502641,-6.254185416666664,-6.22466703042327,-6.2569992394179845
BTANRVKWQNVYAZ-UHFFFAOYSA-N,CCC(C)O,-4.58,arrow,4,3.0,False,,unimol_structure,-4.556268816137567,-4.553473578042329,-4.553287731481481,-4.562045138888889
JYVLIDXNZAXMDK-UHFFFAOYSA-N,CCCC(C)O,-4.39,arrow,4,3.0,False,,unimol_structure,-4.207678560405646,-4.228649404761907,-4.180947519841272,-4.213438756613758
DLFVBJFMPXGRIB-UHFFFAOYSA-N,CC(N)=O,-9.71,arrow,4,3.0,False,,unimol_structure,-9.406376455026448,-9.45141335978836,-9.280759126984119,-9.486956878306872
OHLUUHNLEMFGTQ-UHFFFAOYSA-N,CNC(C)=O,-10.0,arrow,4,3.0,False,,unimol_structure,-8.492750077160492,-8.507927380952378,-8.449586375661369,-8.520736474867729
FXHOOIRPVKKKFG-UHFFFAOYSA-N,CC(=O)N(C)C,-8.5,arrow,4,3.0,False,,unimol_structure,-6.518559369488533,-6.5739603505290995,-6.480361706349204,-6.5013560515872975
LSDPWZHWYPCBBB-UHFFFAOYSA-N,CS,-1.219,arrow,4,3.0,False,,unimol_structure,-1.0207292129629628,-1.0066399801587302,-1.12171869047619,-0.9338289682539677
AAUJSCRITBXDJH,Clc1ccc2c(Cl)c(Cl)ccc2c1,-3.580763582585761,external,-1,0.0,False,0.4583333333333333,unimol_structure,-2.8616522266313944,-2.9021776455026473,-2.8172833333333354,-2.865495701058202
AKDRYEADQPNLOH,CC=NOCc1c(F)c(F)c(F)c(F)c1F,-2.282416084376685,external,-1,0.0,True,0.22727272727272727,unimol_structure,-4.461957220017638,-4.350217592592596,-4.575585846560849,-4.460068220899469
ALVPFGSHPUPROW,CCCSSCCC,-1.653482212099156,external,-1,0.0,False,0.5384615384615384,unimol_structure,-1.3609642537477944,-1.3063433062169296,-1.35986568121693,-1.4166837738095233
ALVYVCQIFHTIRD,O=S(=O)(O)CCC(F)(F)C(F)(F)C(F)(F)C(F)(F)C(F)(F)C(F)(F)C(F)(F)C(F)(F)F,-1.0050294233768833,external,-1,0.0,True,0.2,unimol_structure,-9.65336030643739,-9.693376620370367,-9.882414285714287,-9.384290013227517
AWZOLILCOUMRDG,CCOP(=O)(Sc1ccccc1)Sc1ccccc1,-9.676930122691385,external,-1,0.0,True,0.35714285714285715,unimol_structure,-7.880735493827164,-7.724295370370375,-8.023356481481487,-7.894554629629627
BAOLNVSMVTYGDA,Clc1ccc2c(Cl)c(Cl)c(Cl)c(Cl)c2c1,-3.119164713968704,external,-1,0.0,False,0.5,unimol_structure,-3.072558994708998,-3.0763601851851887,-3.012139947089951,-3.129176851851854
BAYUSCHCCGXLAY,COc1cccc(C(C)=O)c1,-6.3751571234794,external,-1,0.0,False,0.5714285714285714,unimol_structure,-4.7351421296296285,-4.685314814814812,-4.759729629629632,-4.760381944444441
BBABSCYTNHOKOG,COc1c(Cl)c(Cl)c(Cl)c(Cl)c1Cl,-0.9774670142527602,external,-1,0.0,False,0.391304347826087,unimol_structure,-3.014801289682538,-3.0153659391534364,-2.954018287037035,-3.075019642857141
BCTASVPUYLXFBW,CC(CO)=NOCc1c(F)c(F)c(F)c(F)c1F,-2.4906140436893542,external,-1,0.0,True,0.2,unimol_structure,-9.807345833333336,-9.805885251322747,-9.862296164021167,-9.753856084656094
BDFAOUQQXJIZDG,CC(C)CS,-0.5378803038700118,external,-1,0.0,False,0.4166666666666667,unimol_structure,-0.8833959038800705,-0.8986356679894187,-0.8665568121693118,-0.8849952314814808
BIVDISPRSYAHQQ,Clc1cc(Cl)c2c(Cl)cccc2c1Cl,-3.50660630412664,external,-1,0.0,False,0.45454545454545453,unimol_structure,-2.7856842923280443,-2.777734722222225,-2.8262875000000016,-2.7530306547619054
BMZVDHQOAJUZJL,COc1c(Br)cccc1Br,-2.677294821763553,external,-1,0.0,True,0.36363636363636365,unimol_structure,-3.5396713514109357,-3.3922092592592605,-3.685909193121694,-3.5408956018518527
BRLQWZUYTZBJKN,ClCC1CO1,-3.897199417405152,external,-1,0.0,False,0.4444444444444444,unimol_structure,-3.643686243386243,-3.721673015873015,-3.6369330357142884,-3.572452678571426
BTRCDLZQISXWHZ,COc1ccc(Br)c(Cl)c1Cl,-1.9585971639928248,external,-1,0.0,True,0.42857142857142855,unimol_structure,-3.305017835097002,-3.243358796296296,-3.3512393518518535,-3.320455357142856
BULLJMKUVKYZDJ,FC(F)(F)C(F)(F)C(F)(F)C(F)(F)C(F)(F)C(F)(F)I,-0.0777986830724094,external,-1,0.0,True,0.23529411764705882,unimol_structure,1.2166955764991174,1.1947668518518517,1.350183118386243,1.1051367592592578
BVSOVPUWHJWGEP,COc1c(Cl)ccc(Cl)c1Br,-1.7472726277691262,external,-1,0.0,True,0.4666666666666667,unimol_structure,-3.260484402557319,-3.1920509259259244,-3.3687995370370385,-3.220602744708994
BYGQBDHUGHBGMD,CCC(C)C=O,-2.39561343672259,external,-1,0.0,False,0.45,unimol_structure,-3.2804431768077613,-3.2530369047619048,-3.2892709986772513,-3.299021626984128
CAFROQYMUICGNO,O=COCC(F)(F)F,-1.5370463030734125,external,-1,0.0,False,0.38095238095238093,unimol_structure,-1.9561076388888894,-2.02916669973545,-2.09936970899471,-1.7397865079365085
CCEFMUBVSUDRLG,C=C(C)C1CCC2(C)OC2C1,-2.92284059793544,external,-1,0.0,True,0.4722222222222222,unimol_structure,-3.2180941468253983,-3.2124885251322755,-3.2390134589947115,-3.202780456349208
CCEKAJIANROZEO,CCNS(=O)(=O)C(F)(F)C(F)(F)C(F)(F)C(F)(F)C(F)(F)C(F)(F)C(F)(F)C(F)(F)F,-0.501220058409582,external,-1,0.0,True,0.20588235294117646,unimol_structure,-8.846955522486775,-8.639573115079365,-9.302356977513233,-8.59893647486773
CGFCSKMZZXPWEY,CC(O)C(C)O[N+](=O)[O-],-7.359115369041204,external,-1,0.0,True,0.46153846153846156,unimol_structure,-8.012825022045865,-7.883737136243398,-8.003252777777789,-8.151485152116408
CHIFOSRWCNZCFN,CCC(CC)Nc1c([N+](=O)[O-])cc(C)c(C)c1[N+](=O)[O-],-6.102891134415766,external,-1,0.0,True,0.3488372093023256,unimol_structure,-9.112126234567901,-8.854245833333334,-9.2821,-9.20003287037037
CICQUFBZCADHHX,COc1ccc(Cl)cc1Cl,-2.010150095313052,external,-1,0.0,False,0.4782608695652174,unimol_structure,-3.0138681437389767,-3.0222453703703707,-3.0379374999999977,-2.981421560846561
COAUHYBSXMIJDK,FC(F)(F)C(F)(F)C(Cl)Cl,0.8383365091933289,external,-1,0.0,True,0.375,unimol_structure,1.3819841018518524,1.3926115740740734,1.4728943888888906,1.2804463425925927
CTLMCQOGOWNFHA,Clc1ccc2c(Cl)c(Cl)c(Cl)c(Cl)c2c1Cl,-4.483411727002943,external,-1,0.0,False,0.47368421052631576,unimol_structure,-3.1726301807760167,-3.1508180555555567,-3.156404497354502,-3.2106679894179915
CWJSHJJYOPWUGX,CC(C)OC(=O)Nc1cccc(Cl)c1,-6.488354475825306,external,-1,0.0,True,0.3684210526315789,unimol_structure,-9.522190740740736,-9.608113888888882,-9.442049537037036,-9.516408796296293
DCEPGADSNJKOJK,O=C(F)C(F)(F)F,-2.553038563510698,external,-1,0.0,True,0.4375,unimol_structure,-1.2134510317460319,-1.1818605158730158,-1.3085892857142858,-1.149903293650794
DIRFUJHNVNOBMY,CCC(C)c1ccccc1OC(=O)NC,-7.599347343229355,external,-1,0.0,True,0.5,unimol_structure,-9.43230932539682,-9.394524404761903,-9.41238981481481,-9.490013756613752
DKEGCUDAFWNSSO,BrCCCCCCCCBr,-2.0575741949439603,external,-1,0.0,False,0.6153846153846154,unimol_structure,-0.9376777932098763,-0.8282166005290998,-0.9986627314814815,-0.9861540476190478
DLIFNTQMBOCKTL,CC(C)=NOCc1c(F)c(F)c(F)c(F)c1F,-1.9585971639928248,external,-1,0.0,True,0.22727272727272727,unimol_structure,-4.806111574074076,-4.629837731481483,-4.936583564814817,-4.851913425925929
DPCILIMHENXHQX,CCc1nccnc1OC,-4.393344412065939,external,-1,0.0,False,0.3333333333333333,unimol_structure,-6.31838364197531,-6.315246296296295,-6.3165310185185195,-6.323373611111115
DWEYPOWXNBAIDU,CN(Cl)Cl,-1.2452613975650346,external,-1,0.0,False,0.42857142857142855,unimol_structure,-2.555143655202822,-2.6221776851851843,-2.581185555555556,-2.462067724867725
DWPLEOPKBWNPQV,COc1ccccc1C(C)=O,-6.309257608654238,external,-1,0.0,False,0.6923076923076923,unimol_structure,-4.674031635802472,-4.630141203703709,-4.762056481481488,-4.629897222222222
DZHZYPCCEISGSQ,Clc1cc(Cl)c2cccc(Cl)c2c1,-3.063453976464707,external,-1,0.0,False,0.5652173913043478,unimol_structure,-2.665454276895945,-2.661254497354499,-2.675303703703705,-2.65980462962963
FALCMQXTWHPRIH,C=C(Cl)CCl,-1.2801235082622549,external,-1,0.0,False,0.45454545454545453,unimol_structure,-0.7801523192239861,-0.7933346891534399,-0.7315462367724869,-0.8155760317460314
FCOAHACKGGIURQ,CC(C)OP(=O)(OC(C)C)SCc1ccccc1,-7.92524151949921,external,-1,0.0,True,0.36363636363636365,unimol_structure,-7.104011882716054,-6.949553240740743,-7.28330092592593,-7.079181481481486
FEIKEVSWLMYFFF,Clc1cc(Cl)c2c(Cl)ccc(Cl)c2c1Cl,-3.832500480396495,external,-1,0.0,False,0.47368421052631576,unimol_structure,-2.788741391093476,-2.7622930555555594,-2.8070657407407427,-2.796865376984127
FHUDAMLDXFJHJE,CC(=O)C(F)(F)F,-4.8299760791673245,external,-1,0.0,False,0.5,unimol_structure,-2.7118139770723104,-2.720804232804234,-2.7774627314814815,-2.637174966931217
FLXYIZWPNQYPIT,OCCC(F)(F)C(F)(F)C(F)(F)C(F)(F)C(F)(F)C(F)(F)C(F)(F)C(F)(F)C(F)(F)C(F)(F)F,0.6270119729696298,external,-1,0.0,False,0.2857142857142857,unimol_structure,-5.959064649470897,-5.816980291005288,-6.162868915343916,-5.897344742063488
FMGGHNGKHRCJLL,ClCc1ccccc1CCl,-3.266374329938489,external,-1,0.0,False,0.5,unimol_structure,-1.5030330268959435,-1.4907409722222218,-1.5382091666666673,-1.480148941798942
FMWLUWPQPKEARP,ClC(Cl)Br,-1.4672616271154053,external,-1,0.0,False,0.42857142857142855,unimol_structure,-0.9956612455908292,-1.0009338888888892,-0.9813881481481489,-1.0046616997354496
FPIQNBOUYZLESW,COc1ccc(Br)cc1Cl,-2.0575741949439603,external,-1,0.0,True,0.41379310344827586,unimol_structure,-3.222020476190476,-3.137847222222222,-3.3764071296296305,-3.1518070767195754
FQTLCLSUCSAZDY,C=CC(C)(O)CCC=C(C)CCC=C(C)C,0.1372173601069845,external,-1,0.0,True,0.7857142857142857,unimol_structure,-3.9126459435626146,-3.9508663359788416,-3.9024165343915387,-3.884654960317464
FRQUNVLMWIYOLV,COc1ccc(Cl)c(Cl)c1Cl,-2.0575741949439603,external,-1,0.0,False,0.5833333333333334,unimol_structure,-3.0657962962962944,-3.0526805555555545,-3.1378912037037026,-3.0068171296296264
FSPSELPMWGWDRY,CC(=O)c1cccc(C)c1,-4.870853317160879,external,-1,0.0,False,0.68,unimol_structure,-4.818105401234572,-4.865181481481485,-4.75863564814815,-4.83049907407408
FUNUTBJJKQIVSY,Cc1ccc(Cl)cc1Cl,-1.126367030655116,external,-1,0.0,False,0.55,unimol_structure,-1.1807529828042331,-1.170673611111111,-1.18180462962963,-1.1897807076719586
FWKUBDOTUFVPBX,COc1c(Br)cc(Br)c(Cl)c1Br,-1.846249658720261,external,-1,0.0,True,0.36666666666666664,unimol_structure,-3.187322585978837,-3.1812491402116416,-3.09483921957672,-3.2858793981481496
FYQFWFHDPNXORA,C=CC(F)(F)C(F)(F)C(F)(F)C(F)(F)C(F)(F)C(F)(F)F,0.7698968620756514,external,-1,0.0,True,0.25,unimol_structure,1.2891569909612002,1.4340495912698423,1.230285853174603,1.203135528439155
GAPFWGOSHOCNBM,CC(C)O[N+](=O)[O-],-1.6514177962544974,external,-1,0.0,False,0.5454545454545454,unimol_structure,-2.7433922619047615,-2.737763822751322,-2.7431277777777776,-2.749285185185186
GEWDNTWNSAZUDX,CC/C=C/C[C@@H]1C(=O)CC[C@H]1CC(=O)OC,-6.948436096622908,external,-1,0.0,True,0.32653061224489793,unimol_structure,-6.210388888888887,-6.007198611111107,-6.39688425925926,-6.227083796296294
GGDYAKVUZMZKRV,OCCF,-4.170539722175125,external,-1,0.0,False,0.4444444444444444,unimol_structure,-5.37862286155202,-5.3963133597883495,-5.393931944444438,-5.345623280423272
GPAVMFOMYSGJDM,CCCCCC=NOCc1c(F)c(F)c(F)c(F)c1F,-1.5793846637549709,external,-1,0.0,True,0.3125,unimol_structure,-4.9561468915343925,-4.837674305555558,-5.083472850529101,-4.94729351851852
GUCFBWGWRCILHN,COc1cc(Cl)c(Cl)c(Cl)c1,-1.4157086957951794,external,-1,0.0,False,0.5,unimol_structure,-2.9250747023809507,-2.9889296296296304,-2.9444651455026443,-2.8418293320105774
GUVLYNGULCJVDO,CCCN(CCC)C(=O)SCC,-3.4900914838823294,external,-1,0.0,False,0.7083333333333334,unimol_structure,-5.131482407407404,-5.091566666666664,-5.162374206349204,-5.140506349206345
GVYLCNUFSHDAAW,ClC1(Cl)C2(Cl)C3(Cl)C4(Cl)C(Cl)(Cl)C5(Cl)C3(Cl)C1(Cl)C5(Cl)C24Cl,-2.010150095313052,external,-1,0.0,False,0.21428571428571427,unimol_structure,-3.130006481481479,-3.038229629629626,-3.184743055555554,-3.1670467592592577
GWQOOADXMVQEFT,Cc1ccc(C)s1,-1.3130478087293145,external,-1,0.0,False,0.3684210526315789,unimol_structure,-1.4858446748236327,-1.5162721593915338,-1.4699832275132276,-1.4712786375661369
HCRBXQFHJMCTLF,CCOC(=O)C(C)CC,-2.161848414164622,external,-1,0.0,False,0.47619047619047616,unimol_structure,-2.542013833774251,-2.5546274801587314,-2.5331904431216925,-2.538223578042328
HFEASCCDHUVYKU,COc1cccc(Cl)c1Cl,-2.3692764364111216,external,-1,0.0,False,0.5238095238095238,unimol_structure,-3.093634149029981,-3.0984999999999987,-3.152542592592592,-3.029859854497353
HFVMLYAGWXSTQI,C[C@]12CCC(=O)C[C@@H]1CC[C@@H]1[C@@H]2CC[C@]2(C)C=CC[C@@H]12,-2.6271958419698187,external,-1,0.0,False,0.22807017543859648,unimol_structure,-4.680586728395066,-4.637005092592599,-4.840993055555561,-4.563762037037036
HGCMMKIIGJXXMW,CC(CO)O[N+](=O)[O-],-6.872696747932133,external,-1,0.0,False,0.625,unimol_structure,-7.582244179894187,-7.4721577380952455,-7.6820076388889,-7.5925671626984155
HGSDQSUMXKHGTH,Clc1cc(Cl)c2c(Cl)c(Cl)cc(Cl)c2c1,-3.266374329938489,external,-1,0.0,False,0.5238095238095238,unimol_structure,-2.939281514550266,-2.9053937500000035,-2.924228703703705,-2.98822208994709
HHLFWLYXYJOTON,O=CC(=O)O,-7.41558521612978,external,-1,0.0,False,0.5,unimol_structure,-8.377442096560843,-8.43947394179894,-8.566210912698411,-8.126641435185178
HKPHPIREJKHECO,CCCCOCN(C(=O)CCl)c1c(CC)cccc1CC,-7.637585445680149,external,-1,0.0,True,0.6829268292682927,unimol_structure,-8.383609413580247,-8.454989814814818,-8.288456944444444,-8.407381481481481
HLCSDJLATUNSSI,CC(C)=CCC/C(C)=C/C#N,-2.532952404370913,external,-1,0.0,True,0.5185185185185185,unimol_structure,-3.3705488536155186,-3.242885648148145,-3.494911739417989,-3.37384917328042
HSNWZBCBUUSSQD,CCCCCO[N+](=O)[O-],-1.6559406699833308,external,-1,0.0,False,0.9523809523809523,unimol_structure,-2.190885405643741,-2.096398611111114,-2.2008345238095255,-2.2754230820105845
HTDQSWDEWGSAMN,COc1ccccc1Br,-2.532952404370913,external,-1,0.0,False,0.631578947368421,unimol_structure,-3.101815354938271,-2.9096620370370356,-3.225636574074076,-3.1701474537037018
HVYRFNJXZVEGFK,Clc1cc2c(Cl)ccc(Cl)c2c(Cl)c1Cl,-3.580763582585761,external,-1,0.0,False,0.45,unimol_structure,-2.900271141975311,-2.870246759259263,-2.9266930555555577,-2.903873611111112
HYHMYONEYJINON,C=C(C)C(CO)OO,-7.467138147450005,external,-1,0.0,True,0.2857142857142857,unimol_structure,-11.036061419753096,-11.235898511904775,-10.960901223544978,-10.911384523809534
IAIHUHQCLTYTSF,CC1(C)[C@H]2CC[C@](C)(C2)[C@H]1O,-4.025308354953737,external,-1,0.0,True,0.5,unimol_structure,-4.370857705026457,-4.463461111111112,-4.300770568783071,-4.348341435185186
ICDUEGOPUWNJNF,C=CC=NOCc1c(F)c(F)c(F)c(F)c1F,-1.871736811958389,external,-1,0.0,True,0.20833333333333334,unimol_structure,-4.7823637566137585,-4.814534722222227,-4.719846990740741,-4.812709556878308
IDJOCJAIQSKSOP,OCC(Cl)Cl,-4.041541834797791,external,-1,0.0,False,0.4166666666666667,unimol_structure,-5.831186106701932,-5.8764528306878185,-5.78768356481481,-5.829421924603168
ILHIHKRJJMKBEE,CCOO,-5.338002436667749,external,-1,0.0,False,0.4166666666666667,unimol_structure,-6.505985758377424,-6.728363756613755,-6.358648478835983,-6.430945039682533
ISAVYTVYFVQUDY,CC(C)(C)CC(C)(C)c1ccc(O)cc1,-5.124107462791067,external,-1,0.0,False,0.5416666666666666,unimol_structure,-6.43795054012346,-6.432663888888893,-6.430472354497358,-6.450715376984126
ITXDBGLYYSJNPK,COc1c(Cl)cc(Cl)c(Cl)c1Cl,-1.2082190270028623,external,-1,0.0,False,0.5833333333333334,unimol_structure,-2.9997851521163983,-3.005224999999997,-2.983460879629625,-3.0106695767195717
IYRWEQXVUNLMAY,O=C(F)F,-4.008617534330732,external,-1,0.0,False,0.3333333333333333,unimol_structure,-1.444136858465609,-1.3207125595238092,-1.5537838955026464,-1.457914120370371
JCMNMOBHVPONLD,OCCC(F)(F)C(F)(F)C(F)(F)C(F)(F)F,-1.3754506884268412,external,-1,0.0,False,0.3,unimol_structure,-4.998821935626101,-4.99141931216931,-4.944614351851854,-5.06043214285714
JIVCPRHFBFVZQL,COc1cc(Cl)c(Cl)c(Cl)c1Br,-1.890157516875148,external,-1,0.0,True,0.64,unimol_structure,-3.025869731040563,-3.014556349206349,-2.9453378306878277,-3.117715013227512
JJUBFBTUBACDHW,OCCC(F)(F)C(F)(F)C(F)(F)C(F)(F)C(F)(F)C(F)(F)C(F)(F)C(F)(F)F,0.4156874367459304,external,-1,0.0,False,0.2857142857142857,unimol_structure,-5.721017680776012,-5.587626322751324,-5.845831316137564,-5.72959540343915
JLJXMZMKMRQOLN,OCOOCO,-9.60119077400061,external,-1,0.0,False,0.3,unimol_structure,-11.614665884038805,-11.875227314814818,-11.526135152116408,-11.44263518518519
JPQLLIUTUFJWMH,Clc1cc2c(Cl)cc(Cl)c(Cl)c2c(Cl)c1Cl,-4.130581778314352,external,-1,0.0,False,0.5263157894736842,unimol_structure,-3.134979805996475,-3.1156268518518546,-3.1356546957671982,-3.153657870370372
JZBCTZLGKSYRSF,CCc1ncc(C)nc1C,-5.261446430439389,external,-1,0.0,False,0.3076923076923077,unimol_structure,-5.631968287037033,-5.692358333333329,-5.672623379629626,-5.530923148148143
KJRACWZCOVHBQU,CCCCCC(C)(C)OC,-0.9181690713424469,external,-1,0.0,True,0.47619047619047616,unimol_structure,-1.3682169753086428,-1.3576709656084671,-1.3555875330687837,-1.3913924272486775
KNUQGVIXAYDSOX,CCC(O)CO[N+](=O)[O-],-7.026068370085849,external,-1,0.0,True,0.5384615384615384,unimol_structure,-7.3256476741622665,-7.181893716931229,-7.325974867724881,-7.4690744378306935
KOCVACNWDMSLBM,CCOCc1ccc(O)c(OC)c1,-8.195103915206705,external,-1,0.0,True,0.6363636363636364,unimol_structure,-7.907956139770718,-7.7586342592592565,-8.017787103174593,-7.947447056878307
KPOZENRUJCHWOA,Clc1cc(Cl)c2c(Cl)c(Cl)ccc2c1Cl,-3.4657290661330857,external,-1,0.0,False,0.42857142857142855,unimol_structure,-2.9227805996472687,-2.9193148148148187,-2.933102314814817,-2.915924669312171
KSMVNVHUTQZITP,Clc1cc2oc3cc(Cl)c(Cl)cc3c2cc1Cl,-4.318006884312718,external,-1,0.0,False,0.4117647058823529,unimol_structure,-4.017996075837742,-3.9934487433862436,-4.096150462962962,-3.9643890211640214
KZLMCDNAVVJKPX,COc1c(Cl)cccc1Cl,-1.826387968213476,external,-1,0.0,False,0.4642857142857143,unimol_structure,-3.1304158950617285,-3.083972222222223,-3.187263888888889,-3.120011574074074
LBCOXKFWBDTJTF,Clc1ccc2c(Cl)cc(Cl)c(Cl)c2c1Cl,-3.580763582585761,external,-1,0.0,False,0.45,unimol_structure,-2.9167986111111133,-2.9087143518518555,-2.899043981481483,-2.9426375000000013
LCFKURIJYIJNRU,CCCCC(C)CO,-4.410771696363276,external,-1,0.0,True,0.6,unimol_structure,-3.9427765983245187,-3.925173776455032,-3.959536574074078,-3.9436194444444457
LCHJNNXHVDDVAT,COc1cc(Cl)cc(Cl)c1Br,-1.9585971639928248,external,-1,0.0,True,0.41379310344827586,unimol_structure,-3.0732467261904746,-3.0957060846560838,-3.043266071428571,-3.0807680224867693
LFVCJQWZGDLHSD,COc1cc(CC(C)=O)ccc1O,-10.195632173518485,external,-1,0.0,True,0.5882352941176471,unimol_structure,-9.102904938271616,-9.07631111111112,-9.210174074074086,-9.02222962962964
LFYXNXGVLGKVCJ,CC1(C)C2CCC1(C)[C@](C)(O)C2,-3.197329797674128,external,-1,0.0,True,0.3548387096774194,unimol_structure,-4.406184204144623,-4.443611739417991,-4.402397486772487,-4.37254338624339
LITCKAVLJAKHOE,Clc1ccc(Cl)c2c(Cl)ccc(Cl)c12,-4.008617534330732,external,-1,0.0,False,0.5384615384615384,unimol_structure,-2.685806327160495,-2.6395171296296325,-2.707656018518519,-2.710245833333334
LNDQFOSWZJYEIC,CCC(C)=NOCc1c(F)c(F)c(F)c(F)c1F,-1.4547877990255242,external,-1,0.0,True,0.20689655172413793,unimol_structure,-5.068742647707235,-4.981738425925928,-5.167246230158734,-5.057243287037042
MEUKEBNAABNAEX,COO,-5.281532589579175,external,-1,0.0,False,0.42857142857142855,unimol_structure,-6.3972469686948825,-6.628608134920632,-6.2996347552910015,-6.263498015873015
MMHZKSMAFILONG,Clc1ccc2c(Cl)cccc2c1Cl,-3.322844177027064,external,-1,0.0,False,0.55,unimol_structure,-2.7476935846560866,-2.7536077380952397,-2.777437037037039,-2.71203597883598
MSWVMWGCNZQPIA,CC(=O)CF,-4.170539722175125,external,-1,0.0,False,0.5,unimol_structure,-3.2539173170194,-3.3909274470899478,-3.323493948412697,-3.047330555555555
MUUDTVDSRYEMBU,COc1c(Br)cc(Br)c(Cl)c1Cl,-1.890157516875148,external,-1,0.0,True,0.3793103448275862,unimol_structure,-3.1034639770723103,-3.093198214285714,-3.0088759259259246,-3.2083177910052907
NDZIBNJHNBUHKW,Clc1cc2c(Cl)c(Cl)c(Cl)c(Cl)c2c(Cl)c1Cl,-5.389555367987976,external,-1,0.0,False,0.5555555555555556,unimol_structure,-3.371674228395065,-3.352125462962967,-3.3428945767195803,-3.420002645502647
NEZWFWIACBUQMN,OCOO,-10.366079471748629,external,-1,0.0,False,0.3,unimol_structure,-10.739720414462083,-10.901497784391534,-10.72776421957672,-10.589899239417992
NMRPBPVERJPACX,CCCCCC(O)CC,-3.37439710834729,external,-1,0.0,False,0.8333333333333334,unimol_structure,-3.950743816137568,-3.9520388888888904,-3.953193419312171,-3.946999140211643
NMWKWBPNKPGATC,O=C1OCc2c(Cl)c(Cl)c(Cl)c(Cl)c21,-6.343123108603918,external,-1,0.0,True,0.3181818181818182,unimol_structure,-4.729740057319222,-4.677378505291002,-4.816714351851852,-4.695127314814811
NQFUSWIGRKFAHK,CC1(C)C2CC3OC3(C)C1C2,-2.39561343672259,external,-1,0.0,False,0.25,unimol_structure,-2.8081650903880053,-2.866391997354494,-2.8614456018518513,-2.6966576719576705
NSKIRYMHNFTRLR,Brc1ccc(Oc2c(Br)cc(Br)cc2Br)c(Br)c1,-5.389555367987976,external,-1,0.0,True,0.39285714285714285,unimol_structure,-4.463548710317464,-4.636987103174609,-4.51791527777778,-4.235743750000002
NTHGIYFSMNNHSC,CC(C)CCO[N+](=O)[O-],-1.491448044485954,external,-1,0.0,True,0.6538461538461539,unimol_structure,-2.2278984678130525,-2.155999404761906,-2.3050620370370387,-2.2226339616402133
NUGDFCWVLOJWOP,CCCCCCCCCC=NOCc1c(F)c(F)c(F)c(F)c1F,-2.420829367731348,external,-1,0.0,True,0.3333333333333333,unimol_structure,-5.06104623015873,-5.050502314814813,-5.048162037037038,-5.084474338624338
NULBEPOZYDYWOV,COc1cc(CCC(C)=O)cc(OC)c1O,-12.924126199586958,external,-1,0.0,True,0.4857142857142857,unimol_structure,-10.107397222222225,-9.969646759259255,-10.281213425925932,-10.071331481481486
NVVZEKTVIXIUKW,FC(F)(F)C(F)(F)C(F)(F)C(F)(F)C(F)(F)C(F)(F)CCI,-0.6933271819097218,external,-1,0.0,False,0.18181818181818182,unimol_structure,0.510942688712522,0.5781719113756613,0.4508347222222224,0.5038214325396826
NWOYYECMNBWCNK,COc1c(Cl)cccc1Br,-2.1014820530988474,external,-1,0.0,True,0.3939393939393939,unimol_structure,-3.314560405643739,-3.1318518518518514,-3.4301231481481484,-3.3817062169312173
OAWAZQITIZDJRB,O=C(O)C(F)(F)Cl,-7.877817419868301,external,-1,0.0,True,0.38461538461538464,unimol_structure,-6.69059042107584,-6.610422619047621,-6.7418915013227485,-6.719457142857151
OAYSFAKCFYRCRU,COc1c(Cl)cc(Br)cc1Cl,-2.010150095313052,external,-1,0.0,True,0.52,unimol_structure,-3.123602843915343,-3.0434743055555535,-3.1820943121693115,-3.1452399140211633
OEBRKCOSUFCWJD,COP(=O)(OC)OC=C(Cl)Cl,-4.971375885474463,external,-1,0.0,False,0.42857142857142855,unimol_structure,-6.97697244268078,-6.847625231481488,-6.973950694444452,-7.109341402116402
OEYKUHBCPJRXGZ,COc1c(Cl)cc(Cl)cc1Br,-1.8973491088834296,external,-1,0.0,True,0.4642857142857143,unimol_structure,-3.1177196450617273,-3.1311083201058207,-3.1475064351851834,-3.0745441798941773
OIHHRLYOSUNYTC,COc1c(Cl)cc(Cl)c(Br)c1Cl,-1.9021273169042503,external,-1,0.0,True,0.5185185185185185,unimol_structure,-3.1166419642857126,-3.123118055555556,-2.9615170965608444,-3.2652907407407388
OJYLAHXKWMRDGS,COc1cc(CCC(C)=O)ccc1O,-10.195632173518485,external,-1,0.0,False,0.6470588235294118,unimol_structure,-9.268626929012354,-9.410094907407416,-9.29360462962964,-9.102181250000006
OMDFJTSKBNDDRM,CC(O)CO[N+](=O)[O-],-7.41558521612978,external,-1,0.0,False,0.6521739130434783,unimol_structure,-7.5871431437389845,-7.352381712962968,-7.683760251322763,-7.7252874669312215
ONUFSRWQCKNVSL,Fc1c(F)c(F)c(-c2c(F)c(F)c(F)c(F)c2F)c(F)c1F,-1.6648503859974622,external,-1,0.0,False,0.625,unimol_structure,-2.3796663635361543,-2.3287326388888863,-2.309347404100529,-2.500919047619048
OTFNCXLUCRUNCH,COc1c(Cl)ccc(Cl)c1Cl,-1.9243773404339863,external,-1,0.0,False,0.5,unimol_structure,-3.2541747685185185,-3.2511371693121704,-3.267607175925925,-3.243779960317459
OTQFXRBLGNEOGH,Clc1cc(Cl)c2c(c1)Oc1c(Cl)cc(Cl)cc1O2,-3.4657290661330857,external,-1,0.0,True,0.45161290322580644,unimol_structure,-3.8067353395061745,-3.768360185185187,-3.83900787037037,-3.8128379629629654
OTTCXKPQKOLSJN,Clc1cc(Cl)c2cc(Cl)cc(Cl)c2c1,-2.92284059793544,external,-1,0.0,False,0.6,unimol_structure,-2.884476201499119,-2.9034141203703707,-2.8451021164021166,-2.9049123677248696
OWIKHYCFFJSOEH,N=C=O,-3.705961040321237,external,-1,0.0,False,0.42857142857142855,unimol_structure,-6.410944429012345,-6.694747784391534,-6.27064487433862,-6.267440628306881
PGCDNPCENWGYMA,Clc1c(Cl)c(Cl)c2c(Cl)ccc(Cl)c2c1Cl,-4.5876242996777865,external,-1,0.0,False,0.5333333333333333,unimol_structure,-2.9039837742504417,-2.9031157407407426,-2.9253271825396845,-2.883508399470899
PLDWAJLZAAHOGG,COc1cccc(Br)c1,-1.7074936013035569,external,-1,0.0,False,0.5384615384615384,unimol_structure,-3.156403119488536,-3.0794054232804227,-3.291462731481483,-3.0983412037037033
PNLDDSLZYVNPQW,COc1c(Br)ccc(Cl)c1Cl,-1.9585971639928248,external,-1,0.0,True,0.3939393939393939,unimol_structure,-3.3174217702821878,-3.2154325396825403,-3.4343652777777782,-3.302467493386244
PNQBEPDZQUOCNY,O=C(Cl)C(F)(F)F,-2.3128065893225465,external,-1,0.0,True,0.4117647058823529,unimol_structure,-1.5933459942680785,-1.8105808862433876,-1.5237202050264547,-1.4457368915343933
POIARNZEYGURDG,C/C=C/C(=O)C1=C(C)C=CCC1(C)C,-3.95552367899573,external,-1,0.0,False,0.21951219512195122,unimol_structure,-4.624833994708996,-4.5934490740740745,-4.74191342592593,-4.5391394841269825
PPXUHEORWJQRHJ,CCOC(=O)CC(C)C,-1.9585971639928248,external,-1,0.0,False,0.5454545454545454,unimol_structure,-2.502267350088182,-2.513989814814813,-2.4708381283068763,-2.5219741071428556
PSINWXIDJYEXLO,CCc1ncc(C)nc1CC,-4.5057723033300405,external,-1,0.0,False,0.32,unimol_structure,-5.669833641975305,-5.74608333333333,-5.633788657407406,-5.6296289351851785
PVFOMCVHYWHZJE,O=C(Cl)C(Cl)(Cl)Cl,-2.3128065893225465,external,-1,0.0,False,0.2727272727272727,unimol_structure,-2.6345715233686073,-2.7159584986772467,-2.4864696097883607,-2.7012864616402146
QGRPVMLBTFGQDQ,COc1ccccc1Cl,-3.266374329938489,external,-1,0.0,False,0.631578947368421,unimol_structure,-3.0345287477954144,-3.040481481481482,-3.057794907407408,-3.005309854497353
QHTQREMOGMZHJV,CCN(CC)C(=O)SCc1ccc(Cl)cc1,-5.973688203519483,external,-1,0.0,True,0.35,unimol_structure,-8.293168981481491,-8.219754629629637,-8.402999537037045,-8.25675277777779
QJPJQTDYNZXKQF,COc1ccc(Br)cc1,-1.9585971639928248,external,-1,0.0,False,0.5238095238095238,unimol_structure,-3.182836265432098,-3.1140539021163995,-3.27452638888889,-3.1599285052910053
QKMNFFSBZRGHDJ,COc1cc(Cl)ccc1Cl,-2.3417140272869985,external,-1,0.0,False,0.4782608695652174,unimol_structure,-3.1440714506172838,-3.1748333333333347,-3.1574773148148134,-3.0999037037037036
QNPFFCQTVXPCLD,CC=CC=NOCc1c(F)c(F)c(F)c(F)c1F,-1.6736281013538763,external,-1,0.0,True,0.2222222222222222,unimol_structure,-4.870132418430335,-4.815496064814817,-4.895130886243387,-4.899770304232802
QTGGFXPTAQEODO,C=CC(C)(CO)OO,-8.831385160484244,external,-1,0.0,True,0.4,unimol_structure,-10.871165288800709,-11.116565509259267,-10.720322751322747,-10.776607605820109
QUGUFLJIAFISSW,Fc1ccc(F)cc1,-0.8163503805089578,external,-1,0.0,False,0.6153846153846154,unimol_structure,-0.7637099933862436,-0.6957473544973547,-0.7272653439153439,-0.8681172817460323
QUKRIOLKOHUUBM,C=CC(=O)OCCC(F)(F)C(F)(F)C(F)(F)C(F)(F)C(F)(F)C(F)(F)C(F)(F)C(F)(F)F,-0.6933271819097218,external,-1,0.0,True,0.2127659574468085,unimol_structure,-3.9257858575837745,-3.8343296296296296,-4.051476785714285,-3.89155115740741
QYEGXUUXWMKHHS,Clc1cc(Cl)c2c(Cl)c(Cl)c(Cl)c(Cl)c2c1Cl,-5.149323393799825,external,-1,0.0,False,0.5882352941176471,unimol_structure,-3.116842394179896,-3.0501995370370385,-3.1316493386243396,-3.1686783068783098
RFFOTVCVTJUTAD,CC(C)C12CCC(C)(CC1)O2,-2.7084854415504074,external,-1,0.0,False,0.21875,unimol_structure,-2.8195248677248657,-2.812254993386242,-2.8406598214285674,-2.8056597883597876
RFUGYJHXLQAXOX,COc1c(Br)c(Cl)c(Cl)c(Cl)c1Br,-1.8127670246641712,external,-1,0.0,True,0.3333333333333333,unimol_structure,-2.9802587962962956,-3.0607667328042316,-2.8210228174603156,-3.05898683862434
RGXWDWUGBIJHDO,CCCCCCCCCC(=O)OCC,-2.1014820530988474,external,-1,0.0,False,1.0,unimol_structure,-2.7661301146384467,-2.7849078703703696,-2.780126322751321,-2.733356150793651
RHLVCLIPMVJYKS,CCCCCC(=O)CC,-2.532952404370913,external,-1,0.0,False,0.8333333333333334,unimol_structure,-2.892658179012344,-2.886988723544971,-2.892384887566136,-2.8986009259259253
RLSQIXNUITTXKZ,CCCCCCCC=NOCc1c(F)c(F)c(F)c(F)c1F,-1.7624653819816083,external,-1,0.0,True,0.3333333333333333,unimol_structure,-5.12843302469136,-4.901147222222222,-5.2506361111111115,-5.233515740740746
RTNLUFLDZOAXIC,Clc1c(Cl)c(Cl)c2c(Cl)c(Cl)c(Cl)c(Cl)c2c1Cl,-4.738644121381529,external,-1,0.0,False,0.625,unimol_structure,-3.1997340608465628,-3.1600746693121695,-3.2216580687830723,-3.2174694444444465
RUPAXCPQAAOIPB,CC(C)(C)OC=O,-2.1014820530988474,external,-1,0.0,False,0.375,unimol_structure,-3.383137048059964,-3.3601158399470914,-3.3687985780423264,-3.4204967261904744
RWRBSYOTDDOXKC,CCCC(C)O[N+](=O)[O-],-1.3049310688072877,external,-1,0.0,True,0.6666666666666666,unimol_structure,-2.42935563271605,-2.2947004629629646,-2.4472361441798944,-2.546130291005291
RZXIRSKYBISPGF,Brc1cc(Br)c(Oc2cc(Br)c(Br)cc2Br)cc1Br,-5.3893266975985,external,-1,0.0,True,0.5333333333333333,unimol_structure,-4.183023611111114,-4.359923710317462,-4.2175106150793695,-3.971636507936511
SFNAUTSNWPPDSY,Brc1ccc(Oc2cc(Br)c(Br)c(Br)c2Br)cc1,-4.41157948966362,external,-1,0.0,True,0.3333333333333333,unimol_structure,-4.467513999118169,-4.57248670634921,-4.544015013227517,-4.28604027777778
SJIIFORJBWPNPM,COc1cc(Br)c(Cl)cc1Cl,-1.9585971639928248,external,-1,0.0,True,0.42857142857142855,unimol_structure,-3.078304453262786,-3.1023777777777783,-3.0170548941798923,-3.115480687830687
SNGREZUHAYWORS,O=C(O)C(F)(F)C(F)(F)C(F)(F)C(F)(F)C(F)(F)C(F)(F)C(F)(F)F,-3.4657290661330853,external,-1,0.0,True,0.25,unimol_structure,-8.04391043871252,-7.877936342592587,-8.015611574074073,-8.238183399470904
SRMWNTGHXHOWBT,CNS(=O)(=O)C(F)(F)C(F)(F)C(F)(F)C(F)(F)C(F)(F)C(F)(F)C(F)(F)C(F)(F)F,-0.0514616827609407,external,-1,0.0,True,0.2,unimol_structure,-9.092541986331568,-9.184170138888883,-9.404386706349204,-8.689069113756615
SRTQFRQWTUMMTC,C=NOCc1c(F)c(F)c(F)c(F)c1F,-2.1805973935431964,external,-1,0.0,True,0.2631578947368421,unimol_structure,-4.45675630511464,-4.395502281746037,-4.470030787037035,-4.5047358465608465
SSNXYMVLSOMJLU,COc1cc(Cl)cc(Cl)c1,-1.0313664236883515,external,-1,0.0,False,0.5,unimol_structure,-2.9525011353615507,-3.025894246031746,-2.9696939153439144,-2.861915244708991
STNJBCKSHOAVAJ,C=C(C)C=O,-2.8315086401496434,external,-1,0.0,False,0.5,unimol_structure,-3.546290321869486,-3.657436739417984,-3.464054497354498,-3.5173797288359765
SVEZPKVUIXAEOX,COc1cc(Cl)c(Br)c(Cl)c1,-1.9585971639928248,external,-1,0.0,True,0.35714285714285715,unimol_structure,-3.0760224316578477,-3.071075892857144,-3.056929629629629,-3.10006177248677
SXKBHOQOOGRFJF,COc1cc(Cl)c(Cl)cc1Cl,-1.9585971639928248,external,-1,0.0,False,0.5652173913043478,unimol_structure,-2.8378921847442644,-2.872706018518516,-2.8461352182539645,-2.794835317460313
TXGIGTRUEITPSC,O=S(=O)(O)CCC(F)(F)C(F)(F)C(F)(F)C(F)(F)F,-1.4290235246646108,external,-1,0.0,True,0.20689655172413793,unimol_structure,-8.85553374118166,-8.920535317460317,-9.068740939153436,-8.577324966931226
TXINBPKSWKFMNB,CCC(=O)OO[N+](=O)[O-],-2.1805973935431964,external,-1,0.0,False,0.4,unimol_structure,-5.169005467372133,-5.152067129629629,-5.312197420634915,-5.042751851851853
UABDVZDYKDIZFO,Fc1c(F)c(F)c(CON=C2c3ccccc3-c3ccccc32)c(F)c1F,-1.9585971639928248,external,-1,0.0,True,0.2727272727272727,unimol_structure,-7.478303703703705,-7.510131018518519,-7.305206018518519,-7.619574074074077
UBJVUCKUDDKUJF,C=CCSCC=C,-1.53653790673299,external,-1,0.0,False,0.35714285714285715,unimol_structure,-1.320083024691357,-1.2914313095238084,-1.313707698412698,-1.3551100661375652
UCASBURGYXMQLW,Cc1ccc(C=NOCc2c(F)c(F)c(F)c(F)c2F)cc1,-1.6559406699833308,external,-1,0.0,True,0.3142857142857143,unimol_structure,-6.772240740740744,-6.73317152777778,-6.812189583333335,-6.771361111111117
UHEPJGULSIKKTP,CC(=O)CCC=C(C)C,-3.37439710834729,external,-1,0.0,False,0.52,unimol_structure,-3.1929034501763662,-3.206499173280422,-3.174494609788356,-3.1977165674603203
UHXUZOCRWCRNSJ,CNC(=O)ON=C(C)SC,-7.7697946414595,external,-1,0.0,True,0.42857142857142855,unimol_structure,-9.389930809082893,-9.345405291005287,-9.433530720899471,-9.390856415343922
UIHCLUNTQKBZGK,CCC(C)C(C)=O,-3.126712395015846,external,-1,0.0,False,0.47058823529411764,unimol_structure,-3.27610453042328,-3.3198355489417994,-3.274264186507935,-3.234213855820105
UJIGKESMIPTWJH,FC(Cl)C(F)(F)C(F)(F)Cl,0.7698968620756514,external,-1,0.0,False,0.5,unimol_structure,1.4007927438271601,1.4245949074074074,1.4319948518518524,1.345788472222221
UKSAZCDAGVHMRF,Fc1c(F)c(F)c(CON=Cc2ccccc2)c(F)c1F,-1.491448044485954,external,-1,0.0,True,0.2903225806451613,unimol_structure,-6.847627006172838,-6.895736111111109,-6.59657407407407,-7.050570833333337
UPNBETHEXPIWQX,Brc1ccc(Oc2ccc(Br)cc2Br)cc1,-3.5448444065774347,external,-1,0.0,True,0.39285714285714285,unimol_structure,-4.085922508818345,-4.1840216931216965,-4.063474074074075,-4.010271759259263
UXFSPRAGHGMRSQ,COc1nccnc1CC(C)C,-3.628908592471273,external,-1,0.0,False,0.3939393939393939,unimol_structure,-6.355164726631393,-6.310839351851853,-6.403403439153438,-6.351251388888886
UZYYBZNZSSNYSA,Cc1c(Cl)ccc(Cl)c1Cl,-1.6559406699833308,external,-1,0.0,False,0.5625,unimol_structure,-1.2750321626984136,-1.2564925925925932,-1.2826352380952388,-1.285968657407409
VEFNQGLEDJPUJF,COc1c(Br)c(Br)c(Br)c(Br)c1Br,-4.630621342972727,external,-1,0.0,True,0.38461538461538464,unimol_structure,-3.4901007385361535,-3.4889308201058196,-3.5164043650793624,-3.46496703042328
VGQXTTSVLMQFHM,CC(=O)OO[N+](=O)[O-],-2.512161325517144,external,-1,0.0,False,0.4230769230769231,unimol_structure,-5.386596318342147,-5.3036030423280405,-5.548093287037033,-5.30809262566137
VHNPZYZQKWIWOD,Brc1cc(Br)c(Oc2cc(Br)c(Br)cc2Br)c(Br)c1,-5.800177489354709,external,-1,0.0,True,0.38095238095238093,unimol_structure,-4.032951009700181,-4.154533584656087,-4.12692731481482,-3.817392129629634
VIONGDJUYAYOPU,O=S(=O)(O)CCC(F)(F)C(F)(F)C(F)(F)C(F)(F)C(F)(F)C(F)(F)F,-0.9774670142527602,external,-1,0.0,True,0.2,unimol_structure,-9.431382605820106,-9.54142658730159,-9.44015873015873,-9.312562499999999
VISJRVXHPNMYRH,COc1ccc(Cl)c(Cl)c1,-1.852724968524944,external,-1,0.0,False,0.43478260869565216,unimol_structure,-3.0957676477072305,-3.1302916666666665,-3.1527365740740745,-3.00427470238095
VJZRCIYSYVGDMU,Clc1cc2c(Cl)ccc(Cl)c2cc1Cl,-3.2169719815591824,external,-1,0.0,False,0.5,unimol_structure,-2.8054040123456807,-2.7814495370370387,-2.8153699074074092,-2.8193925925925942
VNVBOBJSRGZDCW,Fc1c(F)c(F)c(CON=CC=NOCc2c(F)c(F)c(F)c(F)c2F)c(F)c1F,-2.1805973935431964,external,-1,0.0,True,0.25,unimol_structure,-8.504094290123456,-8.649429629629626,-8.473695833333332,-8.38915740740741
VNWPJWLGZUDTBZ,CC(=NOCc1c(F)c(F)c(F)c(F)c1F)C(C)(C)O,-2.010150095313052,external,-1,0.0,True,0.1951219512195122,unimol_structure,-10.028705291005286,-10.002621593915329,-10.071684589947086,-10.01180968915344
VOGSDFLJZPNWHY,OCC(F)F,-4.581218994593421,external,-1,0.0,False,0.38461538461538464,unimol_structure,-4.942592603615517,-5.014698247354493,-4.979712566137563,-4.833366997354494
VQSNXLCFFHGXTI,Clc1ccc(Cl)c2c(Cl)cccc12,-3.73352344944536,external,-1,0.0,False,0.45,unimol_structure,-2.5804079805996487,-2.5817500000000018,-2.5976912037037057,-2.561782738095239
VVAAXDBMZVCVPA,ClCC(Cl)CCCCCCCC(Cl)CCl,-3.5448444065774347,external,-1,0.0,True,0.375,unimol_structure,-1.7544717350088177,-1.685953769841269,-1.8210152777777766,-1.756446157407407
VVJKKWFAADXIJK,C=CCN,-4.630621342972727,external,-1,0.0,False,0.4166666666666667,unimol_structure,-4.820080996472664,-4.760384523809525,-4.856730291005287,-4.843128174603181
VXBHNYIEBLRXAW,ClCC(Cl)CCCCCCC(Cl)CCl,-2.92284059793544,external,-1,0.0,True,0.375,unimol_structure,-1.709797194664902,-1.6232407837301588,-1.7985390873015858,-1.7076117129629615
VZRSUQWPXPUWCS,COc1c(Cl)cc(Br)c(Cl)c1Cl,-1.9021273169042503,external,-1,0.0,True,0.4642857142857143,unimol_structure,-3.108378196649029,-3.0931076058201055,-3.0114343584656074,-3.220592625661374
WCJYTPVNMWIZCG,CNC(=O)Oc1ccc(C)c(C)c1,-7.303237710857214,external,-1,0.0,False,0.3939393939393939,unimol_structure,-9.344294554673723,-9.338704497354497,-9.308620370370377,-9.385558796296296
WCVOGSZTONGSQY,COc1c(Cl)cc(Cl)cc1Cl,-1.442045696106648,external,-1,0.0,False,0.5652173913043478,unimol_structure,-2.968426873897705,-2.9991902777777764,-2.942424537037035,-2.963665806878303
WDRCOFFEZVLCLX,COc1c(Cl)c(Cl)cc(Br)c1Br,-1.846249658720261,external,-1,0.0,True,0.4,unimol_structure,-3.0913135537918865,-3.089306997354497,-3.080786507936508,-3.103847156084655
WDWNMIBWWPZNJK,FC(F)(F)C(F)(F)C(F)(F)C(F)(F)C(F)(F)C(F)(F)/C=C/I,-0.434578546055114,external,-1,0.0,False,0.18181818181818182,unimol_structure,0.7096738353174601,0.7491598048941797,0.6983024470899468,0.681559253968254
WHHGLZMJPXIBIX,Brc1c(Br)c(Br)c(Oc2c(Br)c(Br)c(Br)c(Br)c2Br)c(Br)c1Br,-6.343123108603918,external,-1,0.0,True,0.45454545454545453,unimol_structure,-3.8656893738977067,-3.9763994047619033,-4.074810780423279,-3.5458579365079377
WHPVYXDFIXRKLN,Brc1ccc(Oc2cc(Br)c(Br)cc2Br)c(Br)c1,-4.870853317160879,external,-1,0.0,False,0.39285714285714285,unimol_structure,-4.487384931657851,-4.633003637566139,-4.57798518518519,-4.251165972222224
WHRDPXDGAMJNGH,COc1c(Br)cc(Cl)cc1Br,-2.135701876657686,external,-1,0.0,True,0.4074074074074074,unimol_structure,-3.215610703262787,-3.2986235449735477,-3.197000727513227,-3.151207837301586
WMMFIDNWZNCBCT,COc1c(Cl)c(Cl)cc(Cl)c1Cl,-1.227029652927254,external,-1,0.0,False,0.5652173913043478,unimol_structure,-2.965576197089946,-3.043764537037037,-2.911393287037036,-2.9415707671957643
WNYADZVDBIBLJJ,O=NN1CCCC1,-7.599347343229355,external,-1,0.0,False,0.9285714285714286,unimol_structure,-6.554419290123453,-6.568752777777772,-6.515037962962959,-6.579467129629626
WQZKKVJFBZPJSU,CCC(CC)O[N+](=O)[O-],-1.3288483437607428,external,-1,0.0,True,0.6086956521739131,unimol_structure,-2.4455037918871265,-2.4224028769841284,-2.4374048280423284,-2.476703670634923
WUOACPNHFRMFPN,CC1=CCC(C(C)(C)O)CC1,-5.508449734897895,external,-1,0.0,False,0.5714285714285714,unimol_structure,-4.722426609347443,-4.744082837301587,-4.7084998677248695,-4.714697123015871
WXCMHFPAUCOJIG,CC(=O)c1c(C)c([N+](=O)[O-])c(C(C)(C)C)c([N+](=O)[O-])c1C,-5.281532589579175,external,-1,0.0,True,0.27906976744186046,unimol_structure,-7.675834876543212,-7.646298611111115,-7.890222222222221,-7.4909837962963
WYLDWCYZCFRVRH,Clc1cc(Cl)c2c(Cl)cc(Cl)c(Cl)c2c1,-3.197329797674128,external,-1,0.0,False,0.55,unimol_structure,-2.9270634589947107,-2.859057175925929,-2.9523629629629644,-2.969770238095238
XGXUGXPKRBQINS,COc1ccc(Br)cc1Br,-3.141525290295802,external,-1,0.0,True,0.4230769230769231,unimol_structure,-3.412613855820107,-3.3726693121693123,-3.4957648148148177,-3.3694074404761913
XTBXSCIWOVSSGB,O=C(O)CC(F)(F)C(F)(F)C(F)(F)C(F)(F)C(F)(F)C(F)(F)C(F)(F)C(F)(F)F,-0.2151376507207325,external,-1,0.0,True,0.2692307692307692,unimol_structure,-7.8951765983245155,-7.7589172949735445,-7.911592989417986,-8.015019510582018
XYBSIYMGXVUVGY,Brc1ccc(Oc2ccc(Br)cc2Br)c(Br)c1,-4.548110664011599,external,-1,0.0,True,0.4583333333333333,unimol_structure,-4.288144190917109,-4.359140211640213,-4.3544277777777785,-4.150864583333335
YAWIAFUBXXPJMQ,Brc1ccc(Oc2ccc(Br)cc2)cc1,-3.094814183963434,external,-1,0.0,True,0.5714285714285714,unimol_structure,-4.232774371693123,-4.188437268518519,-4.313848611111112,-4.196037235449738
YGHRJJRRZDOVPD,CC(C)CC=O,-2.381271697509173,external,-1,0.0,False,0.4444444444444444,unimol_structure,-3.2708330687830673,-3.285366501322751,-3.291074371693119,-3.236058333333332
YGYAWVDWMABLBF,O=C(Cl)Cl,-0.2673234667648203,external,-1,0.0,False,0.375,unimol_structure,-1.7550233928571437,-1.6759458002645506,-1.5044528306878315,-2.0846715476190485
YJEMGEBDXDPBSP,COc1ccc(Cl)cc1Br,-2.250382069501203,external,-1,0.0,True,0.36666666666666664,unimol_structure,-3.253688800705467,-3.190981150793651,-3.3427500000000023,-3.2273352513227476
YKQOTQPNOJSJFA,CCCC(C)=NOCc1c(F)c(F)c(F)c(F)c1F,-1.3130478087293145,external,-1,0.0,True,0.25,unimol_structure,-4.926185493827162,-4.858687500000003,-4.942852777777781,-4.977016203703702
YORCIIVHUBAYBQ,C#CCBr,-1.826387968213476,external,-1,0.0,False,0.38461538461538464,unimol_structure,-0.848439408950617,-0.8107584087301578,-0.9682199338624343,-0.7663398842592589
YRGAYAGBVIXNAQ,COc1ccc(Cl)cc1,-2.943631676789209,external,-1,0.0,False,0.5238095238095238,unimol_structure,-3.070335185185184,-3.135761574074074,-2.987197222222221,-3.0880467592592575
YSVAURKXNCNUNS,COc1c(Cl)c(Cl)c(Br)c(Cl)c1Cl,-1.852724968524944,external,-1,0.0,True,0.3333333333333333,unimol_structure,-3.1514904651675466,-3.1561504298941787,-3.125547519841267,-3.172773445767194
YUKILTJWFRTXGB,COc1cccc(Cl)c1,-2.793270537698849,external,-1,0.0,False,0.5384615384615384,unimol_structure,-3.0006177248677246,-3.0276874999999985,-3.0094152777777783,-2.964750396825396
YXMNEYKMHSBVTD,CCC(CO)O[N+](=O)[O-],-7.046500910381195,external,-1,0.0,True,0.5185185185185185,unimol_structure,-7.5072666556437495,-7.295240773809539,-7.670784589947098,-7.555774603174613
YXWWHNCQZBVZPV,CC(=O)c1ccccc1C,-4.468021642247516,external,-1,0.0,False,0.6521739130434783,unimol_structure,-4.76143564814815,-4.784261111111112,-4.743592592592596,-4.756453240740739
YYZUSRORWSJGET,CCCCCCCC(=O)OCC,-1.9585971639928248,external,-1,0.0,False,1.0,unimol_structure,-2.515327072310404,-2.550752612433861,-2.529497685185183,-2.465730919312169
YZMXEWDTXSTFIJ,COc1cc(Cl)c(Br)c(Cl)c1Br,-1.846249658720261,external,-1,0.0,True,0.5185185185185185,unimol_structure,-3.0357413800705455,-2.988550793650792,-2.9257041666666654,-3.1929691798941793
ZENOXNGFMSCLLL,COc1cc(CO)ccc1O,-11.42766999077337,external,-1,0.0,True,0.6666666666666666,unimol_structure,-10.973221296296302,-10.90416898148148,-11.026472222222226,-10.989022685185196
ZLIBICFPKPWGIZ,Cc1cc(C)nc(Nc2ccccc2)n1,-8.084183894106772,external,-1,0.0,False,0.37037037037037035,unimol_structure,-10.24135987654321,-10.244393055555552,-10.181261574074075,-10.298425000000005
ZNOLGFHPUIJIMJ,COP(=S)(OC)Oc1ccc([N+](=O)[O-])c(C)c1,-6.6500280506858855,external,-1,0.0,False,0.6052631578947368,unimol_structure,-7.293520833333336,-7.153074074074075,-7.349407407407413,-7.378081018518517
ZOASGOXWEHUTKZ,CCCSC,-1.402087752245875,external,-1,0.0,False,0.5,unimol_structure,-1.3763088999118152,-1.3901260383597873,-1.3552904298941792,-1.383510231481479
ZOKXUAHZSKEQSS,CCCCSP(=O)(SCCCC)SCCCC,-6.719936881072535,external,-1,0.0,True,0.6363636363636364,unimol_structure,-6.3030382164903,-6.552301719576722,-6.245498578042328,-6.111314351851849
ZOWSJJBOQDKOHI,CC(=O)OCC(F)(F)F,-1.5690803179488944,external,-1,0.0,False,0.47619047619047616,unimol_structure,-1.9646128747795426,-2.00650816798942,-2.0301837301587304,-1.8571467261904764
ZUXVGCIQOSXRJN,COc1c(Cl)c(Cl)cc(Br)c1Cl,-1.9021273169042503,external,-1,0.0,True,0.41379310344827586,unimol_structure,-3.120491452821868,-3.169532460317459,-3.0494565806878287,-3.1424853174603156
ZVJHJDDKYZXRJI,C1=NCCC1,-4.9090914196116735,external,-1,0.0,False,0.25,unimol_structure,-3.914664645061728,-3.857121527777774,-3.909189153439153,-3.977683253968256
VNWKTOKETHGBQD-UHFFFAOYSA-N,C,1.9598,arrow,0,3.0,False,,unimol_solvai,0.6249056457231044,0.7245043802910058,0.537617730820106,0.6125948260582013
IJDNQMDRQITEOD-UHFFFAOYSA-N,CCCC,2.1032,arrow,0,3.0,False,,unimol_solvai,1.980664683862434,1.9693826851851854,1.9839226600529103,1.988688706349206
QQONPFPTGQHPMA-UHFFFAOYSA-N,C=CC,1.32,arrow,0,3.0,False,,unimol_solvai,1.2070414830246918,1.2495268783068796,1.1888599854497353,1.1827375853174602
BAVYZALUXZFZLV-UHFFFAOYSA-N,CN,-4.55,arrow,0,3.0,False,,unimol_solvai,-4.276590663580246,-4.214364484126985,-4.273651190476188,-4.341756316137567
QUSNBJAOOMFDIB-UHFFFAOYSA-N,CCN,-4.5,arrow,0,3.0,False,,unimol_solvai,-4.576169874338625,-4.5421483134920635,-4.607248578042329,-4.579112731481481
NBBJYMSMWIIQGU-UHFFFAOYSA-N,CCC=O,-3.43,arrow,0,3.0,False,,unimol_solvai,-3.225993154761904,-3.2366719907407395,-3.1850280423280397,-3.2562794312169325
ZTQSAGDEMFDKMZ-UHFFFAOYSA-N,CCCC=O,-3.18,arrow,0,3.0,False,,unimol_solvai,-3.2028260912698414,-3.2258285052910063,-3.187982275132277,-3.194667493386242
QQZOPKMRPOGIEB-UHFFFAOYSA-N,CCCCC(C)=O,-3.28,arrow,0,3.0,False,,unimol_solvai,-3.2467130621693117,-3.229583267195768,-3.263553472222222,-3.2470024470899452
QTBSBXVTEAMEQO-UHFFFAOYSA-N,CC(=O)O,-6.69,arrow,0,3.0,False,,unimol_solvai,-7.09200938051146,-7.07140714285714,-7.1261413029100495,-7.07847969576719
UHOVQNZJYSORNB-UHFFFAOYSA-N,c1ccccc1,-0.88,arrow,0,3.0,False,,unimol_solvai,-0.7079277138447974,-0.6764823611111117,-0.7021910714285714,-0.7451097089947089
UFWIBTONFRDIAS-UHFFFAOYSA-N,c1ccc2ccccc2c1,-2.4,arrow,0,3.0,False,,unimol_solvai,-2.6304468209876544,-2.6683560185185202,-2.5942802777777785,-2.628704166666665
MWPLVEDNUUSJAV-UHFFFAOYSA-N,c1ccc2cc3ccccc3cc2c1,-3.95,arrow,0,3.0,False,,unimol_solvai,-4.103042471340387,-4.058099470899469,-4.160064880952377,-4.090963062169312
YNPNZTXNASCQKK-UHFFFAOYSA-N,c1ccc2c(c1)ccc1ccccc12,-3.88,arrow,0,3.0,False,,unimol_solvai,-4.292313988095237,-4.2306075066137545,-4.277535218253967,-4.36879923941799
KFZMGEQAYNKOFK-UHFFFAOYSA-N,CC(C)O,-4.62,arrow,0,3.0,False,,unimol_solvai,-4.955870866402111,-4.9909930224867685,-4.946234391534381,-4.930385185185181
LRHPLDYGYMQRHN-UHFFFAOYSA-N,CCCCO,-4.72,arrow,0,3.0,False,,unimol_solvai,-4.7325033950617295,-4.732700198412703,-4.74102404100529,-4.723785945767193
DKGAVHZHDRPRBM-UHFFFAOYSA-N,CC(C)(C)O,-4.51,arrow,0,3.0,False,,unimol_solvai,-5.704351069223985,-5.7487164021164,-5.836459325396821,-5.5278774801587325
MSXVEPNJUHWQHW-UHFFFAOYSA-N,CCC(C)(C)O,-4.43,arrow,0,3.0,False,,unimol_solvai,-4.440944885361552,-4.427549801587304,-4.454397619047618,-4.4408872354497335
DMEGYFMYUHOHGS-UHFFFAOYSA-N,C1CCCCCC1,0.789,arrow,1,3.0,False,,unimol_solvai,1.2186769964726623,1.2133221845238087,1.2358156673280416,1.206893137566137
ATUOYWHBWRKTHZ-UHFFFAOYSA-N,CCC,1.9598,arrow,1,3.0,False,,unimol_solvai,1.7783459376102286,1.7859972380952371,1.7697967255291003,1.779243849206349
OFBQJSOFQDEBGM-UHFFFAOYSA-N,CCCCC,2.3422,arrow,1,3.0,False,,unimol_solvai,2.159152049162259,2.1708957705026464,2.129279019179896,2.177281357804235
TVMXDCGIABBOFY-UHFFFAOYSA-N,CCCCCCCC,2.8919,arrow,1,3.0,False,,unimol_solvai,2.8866579354056454,2.897912106481484,2.858712162698412,2.9033495370370397
VNKYTQGIUYNRMY-UHFFFAOYSA-N,CCCOC,-1.66,arrow,1,3.0,False,,unimol_solvai,-1.9086486684303348,-1.943950734126983,-1.8009355092592594,-1.9810597619047619
FERIUCNNQQJTOY-UHFFFAOYSA-N,CCCC(=O)O,-6.35,arrow,1,3.0,False,,unimol_solvai,-6.204611397707229,-6.164381514550267,-6.197301256613751,-6.2521514219576675
ZUOUZKKEUPVFJK-UHFFFAOYSA-N,c1ccc(-c2ccccc2)cc1,-2.66,arrow,1,3.0,False,,unimol_solvai,-2.7908156856261024,-2.7956849206349226,-2.7956190806878296,-2.781143055555555
OKKJLVBELUTLKV-UHFFFAOYSA-N,CO,-5.11,arrow,1,3.0,False,,unimol_solvai,-4.9588517746913565,-4.972609193121692,-4.9652028769841285,-4.938743253968249
HPXRVTGHNJAIIH-UHFFFAOYSA-N,OC1CCCCC1,-5.47,arrow,1,3.0,False,,unimol_solvai,-5.695180742945319,-5.714725198412692,-5.67527605820105,-5.695540972222216
RJUFJBKOKNCXHH-UHFFFAOYSA-N,CCC(=O)OC,-2.93,arrow,1,3.0,False,,unimol_solvai,-2.9397776785714282,-2.962378968253968,-2.931641269841269,-2.925312797619048
YKYONYBAUNKHLG-UHFFFAOYSA-N,CCCOC(C)=O,-2.86,arrow,1,3.0,False,,unimol_solvai,-2.8180108575837743,-2.8096819775132285,-2.8068216600529112,-2.8375289351851833
QLNJFJADRCOGBJ-UHFFFAOYSA-N,CCC(N)=O,-9.4,arrow,1,3.0,False,,unimol_solvai,-9.522629817019403,-9.516460350529103,-9.426695138888896,-9.624733961640214
DNJIEGIFACGWOD-UHFFFAOYSA-N,CCS,-1.24,arrow,1,3.0,False,,unimol_solvai,-1.2286855930335099,-1.182979914021165,-1.2900533531746028,-1.2130235119047619
SUVIGLJNEAMWEG-UHFFFAOYSA-N,CCCS,-1.05,arrow,1,3.0,False,,unimol_solvai,-1.1253738756613763,-1.0913669907407408,-1.1369672883597894,-1.147787347883598
QMMFVYPAHWMCMS-UHFFFAOYSA-N,CSC,-1.54,arrow,1,3.0,False,,unimol_solvai,-1.438517636684302,-1.3860365674603161,-1.4529486111111092,-1.476567731481481
PAYRUJLWNCNPSJ-UHFFFAOYSA-N,Nc1ccccc1,-5.54,arrow,1,3.0,False,,unimol_solvai,-5.723769720017639,-5.657264980158734,-5.7705189814814855,-5.743525198412697
RAXXELZNTBOGNW-UHFFFAOYSA-N,c1c[nH]cn1,-9.6,arrow,1,3.0,False,,unimol_solvai,-9.57010906084656,-9.65549755291005,-9.608682407407407,-9.446147222222221
RGSFGYAAUTVSQA-UHFFFAOYSA-N,C1CCCC1,1.2,arrow,2,3.0,False,,unimol_solvai,1.0781141973104054,1.0492760939153436,1.125979679232804,1.0590868187830684
VGGSQFUCUMXWEO-UHFFFAOYSA-N,C=C,1.28,arrow,2,3.0,False,,unimol_solvai,1.2950140255731917,1.3483372103174602,1.2667637526455027,1.2699411137566123
KAKZBPTYRLMSJV-UHFFFAOYSA-N,C=CC=C,0.61,arrow,2,3.0,False,,unimol_solvai,0.5543555167548505,0.5748007037037042,0.5179288062169317,0.5703370403439159
GETQZCLCWQTVFV-UHFFFAOYSA-N,CN(C)C,-3.2,arrow,2,3.0,False,,unimol_solvai,-3.233750568783068,-3.256855886243386,-3.3123502182539672,-3.1320456018518517
LCGLNKUTAGEVQW-UHFFFAOYSA-N,COC,-1.91,arrow,2,3.0,False,,unimol_solvai,-1.9169206723985897,-1.917418505291006,-1.9488496230158736,-1.8844938888888896
RTZKZFJDLAIYFH-UHFFFAOYSA-N,CCOCC,-1.75,arrow,2,3.0,False,,unimol_solvai,-1.6349855864197516,-1.555272989417987,-1.6624492394179886,-1.6872345304232792
CSCPPACGZOOCGX-UHFFFAOYSA-N,CC(C)=O,-3.8,arrow,2,3.0,False,,unimol_solvai,-3.4161225198412697,-3.3725623346560862,-3.430120138888888,-3.4456850859788335
BBEAQIROQSPTKN-UHFFFAOYSA-N,c1cc2ccc3cccc4ccc(c1)c2c34,-4.52,arrow,2,3.0,False,,unimol_solvai,-5.222670017636677,-5.205391898148143,-5.269896891534383,-5.192721263227505
YXFVVABEGXRONW-UHFFFAOYSA-N,Cc1ccccc1,-0.89,arrow,2,3.0,False,,unimol_solvai,-0.9884142460317458,-0.9773635648148146,-0.9969095436507939,-0.9909696296296289
ISWSIDIOOBJBQZ-UHFFFAOYSA-N,Oc1ccccc1,-6.62,arrow,2,3.0,False,,unimol_solvai,-6.03062904541446,-6.043175429894177,-6.032116005291007,-6.016595701058195
QWVGKYWNOKOFNN-UHFFFAOYSA-N,Cc1ccccc1O,-5.87,arrow,2,3.0,False,,unimol_solvai,-5.685937092151676,-5.668093121693126,-5.713682374338622,-5.67603578042328
LFQSCWFLJHTTHZ-UHFFFAOYSA-N,CCO,-5.01,arrow,2,3.0,False,,unimol_solvai,-5.1644114417989435,-5.207583035714289,-5.130457142857145,-5.155194146825399
AMQJEAYHLZJPGS-UHFFFAOYSA-N,CCCCCO,-4.47,arrow,2,3.0,False,,unimol_solvai,-4.595522387566138,-4.602481779100529,-4.594893022486776,-4.5891923611111105
AQIXEPGDORPWBJ-UHFFFAOYSA-N,CCC(O)CC,-4.35,arrow,2,3.0,False,,unimol_solvai,-4.18678902116402,-4.194627777777778,-4.196563062169309,-4.169176223544972
XEKOWRVHYACXOJ-UHFFFAOYSA-N,CCOC(C)=O,-3.12,arrow,2,3.0,False,,unimol_solvai,-2.98115586419753,-2.9806426587301553,-2.9826272486772485,-2.9801976851851855
WQOXQRCZOLPYPM-UHFFFAOYSA-N,CSSC,-1.83,arrow,2,3.0,False,,unimol_solvai,-1.5083065983245139,-1.5207810912698398,-1.521609272486772,-1.48252943121693
JUJWROOIHBZHMG-UHFFFAOYSA-N,c1ccncc1,-4.69,arrow,2,3.0,False,,unimol_solvai,-4.637134115961197,-4.6203584325396845,-4.694440839947088,-4.596603075396818
CRSOQBOWXPBRES-UHFFFAOYSA-N,CC(C)(C)C,2.5,arrow,3,3.0,False,,unimol_solvai,2.379022460097,2.36248412169312,2.396426346560845,2.378156912037035
OTMSDBZUPAUEDD-UHFFFAOYSA-N,CC,1.7925,arrow,3,3.0,False,,unimol_solvai,1.717378890652558,1.781446108465609,1.7073825277777792,1.6633080357142853
VLKZOEOYAKHREP-UHFFFAOYSA-N,CCCCCC,2.5095,arrow,3,3.0,False,,unimol_solvai,2.4032665941358027,2.3980363544973526,2.4058644497354513,2.4058989781746045
YWAKXRMUMFPDSH-UHFFFAOYSA-N,C=CCCC,1.6800000000000002,arrow,3,3.0,False,,unimol_solvai,1.5258400339506164,1.5306319179894186,1.5352537804232789,1.5116344034391518
ROSDSFDQCJNGOL-UHFFFAOYSA-N,CNC,-4.3,arrow,3,3.0,False,,unimol_solvai,-4.006660099206347,-3.990676574074073,-3.9779408068783035,-4.051362916666667
HQABUPZFAYXKJW-UHFFFAOYSA-N,CCCCN,-4.24,arrow,3,3.0,False,,unimol_solvai,-4.180177535273368,-4.17120988756614,-4.226579199735444,-4.142743518518519
XNLICIUVMPYHGG-UHFFFAOYSA-N,CCCC(C)=O,-3.52,arrow,3,3.0,False,,unimol_solvai,-3.340299548059964,-3.33383915343915,-3.365568617724869,-3.3214908730158736
IWDCLRJOBJJRNH-UHFFFAOYSA-N,Cc1ccc(O)cc1,-6.14,arrow,3,3.0,False,,unimol_solvai,-6.355145987654322,-6.307552248677251,-6.370542757936508,-6.387342956349207
XLYOFNOQVPJJNP-UHFFFAOYSA-N,O,-6.3,arrow,3,3.0,False,,unimol_solvai,-6.4551727367724885,-6.702762037037034,-6.578433402116409,-6.084322771164021
BDERNNFJNOPAEC-UHFFFAOYSA-N,CCCO,-4.92,arrow,3,3.0,False,,unimol_solvai,-4.84261482583774,-4.820525793650791,-4.843970800264547,-4.863347883597882
KBPLFHHGFOOTCA-UHFFFAOYSA-N,CCCCCCCCO,-4.09,arrow,3,3.0,False,,unimol_solvai,-4.024126377865961,-4.011171097883598,-4.012218088624338,-4.048989947089946
DKPFZGUDAPQIHT-UHFFFAOYSA-N,CCCCOC(C)=O,-2.55,arrow,3,3.0,False,,unimol_solvai,-2.5643230379188715,-2.5256362764550264,-2.559360582010582,-2.6079722552910063
WQAQPCDUOCURKW-UHFFFAOYSA-N,CCCCS,-0.99,arrow,3,3.0,False,,unimol_solvai,-0.9550788536155196,-0.995096997354497,-0.9285448148148142,-0.9415947486772475
LJSQFQKUNVCTIA-UHFFFAOYSA-N,CCSCC,-1.43,arrow,3,3.0,False,,unimol_solvai,-1.304158121693122,-1.2994586507936512,-1.3175525992063488,-1.2954631150793658
WXEHBUMAEPOYKP-UHFFFAOYSA-N,CCSC,-1.5,arrow,3,3.0,False,,unimol_solvai,-1.3773687345679022,-1.3555676653439153,-1.40287128968254,-1.373667248677251
ZFRKQXVRDFCRJG-UHFFFAOYSA-N,Cc1c[nH]c2ccccc12,-5.88,arrow,3,3.0,False,,unimol_solvai,-6.00544723324515,-5.975649636243381,-6.082230390211644,-5.958461673280421
KAESVJOAVNADME-UHFFFAOYSA-N,c1cc[nH]c1,-4.8,arrow,3,3.0,False,,unimol_solvai,-4.964339307760139,-4.94401177248677,-4.977850661375657,-4.971155489417991
LVZWSLJZHVFIQJ-UHFFFAOYSA-N,C1CC1,0.75,arrow,4,3.0,False,,unimol_solvai,1.1064298924162257,1.1409541851851848,1.087824712962963,1.0905107791005288
XDTMQSROBMDMFD-UHFFFAOYSA-N,C1CCCCC1,1.23,arrow,4,3.0,False,,unimol_solvai,1.0661359790564384,1.0359151904761905,1.0633458783068794,1.0991468683862449
NNPPMTNAJDCUHE-UHFFFAOYSA-N,CC(C)C,2.2800000000000002,arrow,4,3.0,False,,unimol_solvai,2.0950173886684302,2.0677957863756604,2.117554494708995,2.099701884920635
VXNZUUAINFGPBY-UHFFFAOYSA-N,C=CCC,1.38,arrow,4,3.0,False,,unimol_solvai,1.4088868485449721,1.3906847116402106,1.400569737433862,1.4354060965608444
XTHFKEDIFFGKHM-UHFFFAOYSA-N,COCCOC,-4.84,arrow,4,3.0,False,,unimol_solvai,-4.22420658068783,-4.232459292328039,-4.183712797619049,-4.256447652116401
IKHGUXGNUITLKF-UHFFFAOYSA-N,CC=O,-3.5,arrow,4,3.0,False,,unimol_solvai,-3.2220897164902986,-3.180839883597882,-3.2067153439153433,-3.2787139219576718
ZWEHNKRNPOVVGH-UHFFFAOYSA-N,CCC(C)=O,-3.71,arrow,4,3.0,False,,unimol_solvai,-3.52042852733686,-3.538699140211641,-3.513114219576718,-3.509472222222221
FDPIMTJIUBPUKL-UHFFFAOYSA-N,CCC(=O)CC,-3.41,arrow,4,3.0,False,,unimol_solvai,-3.2720907738095253,-3.275153538359791,-3.273604133597886,-3.2675146494708986
XBDQKXXYIPTUBI-UHFFFAOYSA-N,CCC(=O)O,-6.46,arrow,4,3.0,False,,unimol_solvai,-6.456229100529097,-6.4740997685185135,-6.442324074074069,-6.4522634589947065
IFLREYGFSNHWGE-UHFFFAOYSA-N,c1ccc2cc3cc4ccccc4cc3cc2c1,-5.5,arrow,4,3.0,False,,unimol_solvai,-6.252024724426806,-6.222215145502643,-6.276004695767196,-6.257854332010579
RLSSMJSEOOYNOY-UHFFFAOYSA-N,Cc1cccc(O)c1,-5.49,arrow,4,3.0,False,,unimol_solvai,-6.18061302910053,-6.185385879629631,-6.122312599206351,-6.234140608465608
BTANRVKWQNVYAZ-UHFFFAOYSA-N,CCC(C)O,-4.58,arrow,4,3.0,False,,unimol_solvai,-4.557087092151673,-4.548597685185182,-4.542842625661375,-4.579820965608463
JYVLIDXNZAXMDK-UHFFFAOYSA-N,CCCC(C)O,-4.39,arrow,4,3.0,False,,unimol_solvai,-4.258890399029984,-4.294243981481482,-4.225091369047621,-4.257335846560849
DLFVBJFMPXGRIB-UHFFFAOYSA-N,CC(N)=O,-9.71,arrow,4,3.0,False,,unimol_solvai,-9.588623985890655,-9.597313888888893,-9.54369166666667,-9.624866402116403
OHLUUHNLEMFGTQ-UHFFFAOYSA-N,CNC(C)=O,-10.0,arrow,4,3.0,False,,unimol_solvai,-8.67683605599647,-8.631560879629625,-8.605586177248677,-8.793361111111112
FXHOOIRPVKKKFG-UHFFFAOYSA-N,CC(=O)N(C)C,-8.5,arrow,4,3.0,False,,unimol_solvai,-7.693267339065255,-7.820710648148142,-7.566704794973544,-7.692386574074079
LSDPWZHWYPCBBB-UHFFFAOYSA-N,CS,-1.219,arrow,4,3.0,False,,unimol_solvai,-1.0292097195767191,-1.0437667857142858,-1.0114476746031742,-1.0324146984126978
AAUJSCRITBXDJH,Clc1ccc2c(Cl)c(Cl)ccc2c1,-3.580763582585761,external,-1,0.0,False,0.4583333333333333,unimol_solvai,-3.171215806878307,-3.190561805555556,-3.1574144179894197,-3.1656711970899467
AKDRYEADQPNLOH,CC=NOCc1c(F)c(F)c(F)c(F)c1F,-2.282416084376685,external,-1,0.0,True,0.22727272727272727,unimol_solvai,-3.2315106062610233,-3.1443818981481475,-3.3179099074074077,-3.2322400132275133
ALVPFGSHPUPROW,CCCSSCCC,-1.653482212099156,external,-1,0.0,False,0.5384615384615384,unimol_solvai,-1.2907428368606697,-1.3162850992063488,-1.2691968280423276,-1.2867465833333325
ALVYVCQIFHTIRD,O=S(=O)(O)CCC(F)(F)C(F)(F)C(F)(F)C(F)(F)C(F)(F)C(F)(F)C(F)(F)C(F)(F)F,-1.0050294233768833,external,-1,0.0,True,0.2,unimol_solvai,-5.4769685185185155,-6.004147916666668,-5.2876638888888845,-5.139093749999996
AWZOLILCOUMRDG,CCOP(=O)(Sc1ccccc1)Sc1ccccc1,-9.676930122691385,external,-1,0.0,True,0.35714285714285715,unimol_solvai,-8.934156283068786,-9.021001719576716,-8.814235648148154,-8.967231481481488
BAOLNVSMVTYGDA,Clc1ccc2c(Cl)c(Cl)c(Cl)c(Cl)c2c1,-3.119164713968704,external,-1,0.0,False,0.5,unimol_solvai,-3.345376984126986,-3.2965856150793673,-3.339802777777779,-3.3997425595238124
BAYUSCHCCGXLAY,COc1cccc(C(C)=O)c1,-6.3751571234794,external,-1,0.0,False,0.5714285714285714,unimol_solvai,-5.238769962522045,-5.255648644179894,-5.306800363756614,-5.153860879629627
BBABSCYTNHOKOG,COc1c(Cl)c(Cl)c(Cl)c(Cl)c1Cl,-0.9774670142527602,external,-1,0.0,False,0.391304347826087,unimol_solvai,-3.265344290123455,-3.268027182539679,-3.263580324074074,-3.264425363756611
BCTASVPUYLXFBW,CC(CO)=NOCc1c(F)c(F)c(F)c(F)c1F,-2.4906140436893542,external,-1,0.0,True,0.2,unimol_solvai,-7.039551168430336,-6.993048875661372,-7.078838888888891,-7.046765740740747
BDFAOUQQXJIZDG,CC(C)CS,-0.5378803038700118,external,-1,0.0,False,0.4166666666666667,unimol_solvai,-0.8677551256613757,-0.8604483201058204,-0.8592043849206343,-0.8836126719576721
BIVDISPRSYAHQQ,Clc1cc(Cl)c2c(Cl)cccc2c1Cl,-3.50660630412664,external,-1,0.0,False,0.45454545454545453,unimol_solvai,-2.9015990630511492,-2.894335681216934,-2.8908970238095253,-2.919564484126988
BMZVDHQOAJUZJL,COc1c(Br)cccc1Br,-2.677294821763553,external,-1,0.0,True,0.36363636363636365,unimol_solvai,-3.324545216049382,-3.374319345238096,-3.3803165343915316,-3.2189997685185183
BRLQWZUYTZBJKN,ClCC1CO1,-3.897199417405152,external,-1,0.0,False,0.4444444444444444,unimol_solvai,-4.310554074074071,-4.296897453703703,-4.349523399470895,-4.2852413690476165
BTRCDLZQISXWHZ,COc1ccc(Br)c(Cl)c1Cl,-1.9585971639928248,external,-1,0.0,True,0.42857142857142855,unimol_solvai,-3.305813305555556,-3.3787856481481495,-3.277924407407408,-3.2607298611111113
BULLJMKUVKYZDJ,FC(F)(F)C(F)(F)C(F)(F)C(F)(F)C(F)(F)C(F)(F)I,-0.0777986830724094,external,-1,0.0,True,0.23529411764705882,unimol_solvai,2.57424349713404,2.686048745370372,2.483986560185187,2.5526951858465625
BVSOVPUWHJWGEP,COc1c(Cl)ccc(Cl)c1Br,-1.7472726277691262,external,-1,0.0,True,0.4666666666666667,unimol_solvai,-3.3306139880952372,-3.3602684854497364,-3.2842291005290987,-3.3473443783068766
BYGQBDHUGHBGMD,CCC(C)C=O,-2.39561343672259,external,-1,0.0,False,0.45,unimol_solvai,-3.1353254078483226,-3.1390482473544927,-3.1238465277777783,-3.1430814484126977
CAFROQYMUICGNO,O=COCC(F)(F)F,-1.5370463030734125,external,-1,0.0,False,0.38095238095238093,unimol_solvai,-1.8725760656966488,-1.8871723544973542,-1.9147524801587312,-1.8158033624338612
CCEFMUBVSUDRLG,C=C(C)C1CCC2(C)OC2C1,-2.92284059793544,external,-1,0.0,True,0.4722222222222222,unimol_solvai,-3.4569758928571424,-3.5251876984126977,-3.3902149801587282,-3.4555250000000006
CCEKAJIANROZEO,CCNS(=O)(=O)C(F)(F)C(F)(F)C(F)(F)C(F)(F)C(F)(F)C(F)(F)C(F)(F)C(F)(F)F,-0.501220058409582,external,-1,0.0,True,0.20588235294117646,unimol_solvai,-4.526189699074073,-4.884529050925924,-4.357937268518515,-4.336102777777779
CGFCSKMZZXPWEY,CC(O)C(C)O[N+](=O)[O-],-7.359115369041204,external,-1,0.0,True,0.46153846153846156,unimol_solvai,-7.454823137125218,-7.3839076058201005,-7.5346370370370375,-7.445924768518515
CHIFOSRWCNZCFN,CCC(CC)Nc1c([N+](=O)[O-])cc(C)c(C)c1[N+](=O)[O-],-6.102891134415766,external,-1,0.0,True,0.3488372093023256,unimol_solvai,-7.245541589506172,-7.102111574074077,-7.188610416666667,-7.445902777777771
CICQUFBZCADHHX,COc1ccc(Cl)cc1Cl,-2.010150095313052,external,-1,0.0,False,0.4782608695652174,unimol_solvai,-2.9852050154320975,-3.0223844907407402,-2.977741666666665,-2.9554888888888877
COAUHYBSXMIJDK,FC(F)(F)C(F)(F)C(Cl)Cl,0.8383365091933289,external,-1,0.0,True,0.375,unimol_solvai,2.15708876234568,2.1482277572751345,2.1160411005291,2.2069974292328047
CTLMCQOGOWNFHA,Clc1ccc2c(Cl)c(Cl)c(Cl)c(Cl)c2c1Cl,-4.483411727002943,external,-1,0.0,False,0.47368421052631576,unimol_solvai,-3.419228527336864,-3.3920048280423303,-3.3813648148148174,-3.4843159391534426
CWJSHJJYOPWUGX,CC(C)OC(=O)Nc1cccc(Cl)c1,-6.488354475825306,external,-1,0.0,True,0.3684210526315789,unimol_solvai,-7.960781712962965,-7.946708796296293,-8.045615046296305,-7.890021296296295
DCEPGADSNJKOJK,O=C(F)C(F)(F)F,-2.553038563510698,external,-1,0.0,True,0.4375,unimol_solvai,-0.012641988536155155,0.01066218253968258,0.10611640211640216,-0.1547045502645502
DIRFUJHNVNOBMY,CCC(C)c1ccccc1OC(=O)NC,-7.599347343229355,external,-1,0.0,True,0.5,unimol_solvai,-8.106102821869486,-8.17026233465608,-8.105748842592593,-8.042297288359789
DKEGCUDAFWNSSO,BrCCCCCCCCBr,-2.0575741949439603,external,-1,0.0,False,0.6153846153846154,unimol_solvai,-1.6224770335096999,-1.6447527116402116,-1.6249937830687833,-1.5976846058201049
DLIFNTQMBOCKTL,CC(C)=NOCc1c(F)c(F)c(F)c(F)c1F,-1.9585971639928248,external,-1,0.0,True,0.22727272727272727,unimol_solvai,-3.397380335097002,-3.4370138227513216,-3.4018212962962973,-3.353305886243386
DPCILIMHENXHQX,CCc1nccnc1OC,-4.393344412065939,external,-1,0.0,False,0.3333333333333333,unimol_solvai,-5.732416876102295,-5.7894981481481524,-5.7694007936507985,-5.638351686507935
DWEYPOWXNBAIDU,CN(Cl)Cl,-1.2452613975650346,external,-1,0.0,False,0.42857142857142855,unimol_solvai,-2.1855844532627855,-2.242161673280422,-2.0792942394179885,-2.2352974470899456
DWPLEOPKBWNPQV,COc1ccccc1C(C)=O,-6.309257608654238,external,-1,0.0,False,0.6923076923076923,unimol_solvai,-5.035079354056437,-5.0293410052910055,-5.1051894179894175,-4.970707638888888
DZHZYPCCEISGSQ,Clc1cc(Cl)c2cccc(Cl)c2c1,-3.063453976464707,external,-1,0.0,False,0.5652173913043478,unimol_solvai,-2.77212118606702,-2.7773830026455024,-2.7686647156084665,-2.7703158399470906
FALCMQXTWHPRIH,C=C(Cl)CCl,-1.2801235082622549,external,-1,0.0,False,0.45454545454545453,unimol_solvai,-0.7203776851851852,-0.7033116732804233,-0.7621456878306876,-0.6956756944444447
FCOAHACKGGIURQ,CC(C)OP(=O)(OC(C)C)SCc1ccccc1,-7.92524151949921,external,-1,0.0,True,0.36363636363636365,unimol_solvai,-7.158911607142858,-7.185229728835978,-6.983350231481483,-7.308154861111112
FEIKEVSWLMYFFF,Clc1cc(Cl)c2c(Cl)ccc(Cl)c2c1Cl,-3.832500480396495,external,-1,0.0,False,0.47368421052631576,unimol_solvai,-3.2967135692239875,-3.368559689153439,-3.343711177248679,-3.177869841269844
FHUDAMLDXFJHJE,CC(=O)C(F)(F)F,-4.8299760791673245,external,-1,0.0,False,0.5,unimol_solvai,-1.5997587477954152,-1.5740105489417997,-1.6237503306878296,-1.6015153637566157
FLXYIZWPNQYPIT,OCCC(F)(F)C(F)(F)C(F)(F)C(F)(F)C(F)(F)C(F)(F)C(F)(F)C(F)(F)C(F)(F)C(F)(F)F,0.6270119729696298,external,-1,0.0,False,0.2857142857142857,unimol_solvai,-2.2194854276895946,-2.4487242063492065,-2.215486838624339,-1.9942452380952385
FMGGHNGKHRCJLL,ClCc1ccccc1CCl,-3.266374329938489,external,-1,0.0,False,0.5,unimol_solvai,-2.6492099823633173,-2.657910780423283,-2.6627696759259276,-2.6269494907407425
FMWLUWPQPKEARP,ClC(Cl)Br,-1.4672616271154053,external,-1,0.0,False,0.42857142857142855,unimol_solvai,-1.2183952601410935,-1.2716352116402119,-1.2336701388888893,-1.149880429894179
FPIQNBOUYZLESW,COc1ccc(Br)cc1Cl,-2.0575741949439603,external,-1,0.0,True,0.41379310344827586,unimol_solvai,-3.3372945767195747,-3.4067210978835964,-3.3043546296296276,-3.3008080026455002
FQTLCLSUCSAZDY,C=CC(C)(O)CCC=C(C)CCC=C(C)C,0.1372173601069845,external,-1,0.0,True,0.7857142857142857,unimol_solvai,-4.203142449294534,-4.189994345238094,-4.21846365740741,-4.200969345238098
FRQUNVLMWIYOLV,COc1ccc(Cl)c(Cl)c1Cl,-2.0575741949439603,external,-1,0.0,False,0.5833333333333334,unimol_solvai,-2.9174760802469115,-2.989460185185183,-2.848022916666664,-2.9149451388888874
FSPSELPMWGWDRY,CC(=O)c1cccc(C)c1,-4.870853317160879,external,-1,0.0,False,0.68,unimol_solvai,-4.693150837742508,-4.726165046296299,-4.628526355820108,-4.724761111111116
FUNUTBJJKQIVSY,Cc1ccc(Cl)cc1Cl,-1.126367030655116,external,-1,0.0,False,0.55,unimol_solvai,-1.1747483597883595,-1.1753331084656085,-1.1607439748677244,-1.1881679960317457
FWKUBDOTUFVPBX,COc1c(Br)cc(Br)c(Cl)c1Br,-1.846249658720261,external,-1,0.0,True,0.36666666666666664,unimol_solvai,-3.4219429351851844,-3.5047494378306885,-3.3031753994708994,-3.4579039682539663
FYQFWFHDPNXORA,C=CC(F)(F)C(F)(F)C(F)(F)C(F)(F)C(F)(F)C(F)(F)F,0.7698968620756514,external,-1,0.0,True,0.25,unimol_solvai,2.6810478897707255,2.828064369708999,2.5056506269841283,2.7094286726190484
GAPFWGOSHOCNBM,CC(C)O[N+](=O)[O-],-1.6514177962544974,external,-1,0.0,False,0.5454545454545454,unimol_solvai,-2.07145057627866,-2.001370544973545,-2.122510978835981,-2.0904702050264534
GEWDNTWNSAZUDX,CC/C=C/C[C@@H]1C(=O)CC[C@H]1CC(=O)OC,-6.948436096622908,external,-1,0.0,True,0.32653061224489793,unimol_solvai,-8.125750925925928,-8.163537499999999,-8.117942592592593,-8.095772685185192
GGDYAKVUZMZKRV,OCCF,-4.170539722175125,external,-1,0.0,False,0.4444444444444444,unimol_solvai,-5.80802808641975,-5.7991277447089855,-5.812253769841267,-5.812702744708996
GPAVMFOMYSGJDM,CCCCCC=NOCc1c(F)c(F)c(F)c(F)c1F,-1.5793846637549709,external,-1,0.0,True,0.3125,unimol_solvai,-3.6864302336860675,-3.6945921626984126,-3.715488690476195,-3.649209847883596
GUCFBWGWRCILHN,COc1cc(Cl)c(Cl)c(Cl)c1,-1.4157086957951794,external,-1,0.0,False,0.5,unimol_solvai,-3.152871208112874,-3.195493287037037,-3.113873148148146,-3.149247189153438
GUVLYNGULCJVDO,CCCN(CCC)C(=O)SCC,-3.4900914838823294,external,-1,0.0,False,0.7083333333333334,unimol_solvai,-4.196680919312172,-4.190509722222224,-4.16248412698413,-4.237048908730162
GVYLCNUFSHDAAW,ClC1(Cl)C2(Cl)C3(Cl)C4(Cl)C(Cl)(Cl)C5(Cl)C3(Cl)C1(Cl)C5(Cl)C24Cl,-2.010150095313052,external,-1,0.0,False,0.21428571428571427,unimol_solvai,-3.28034936728395,-3.204281435185182,-3.330667791005293,-3.3060988756613754
GWQOOADXMVQEFT,Cc1ccc(C)s1,-1.3130478087293145,external,-1,0.0,False,0.3684210526315789,unimol_solvai,-1.2131896856261022,-1.1954651388888886,-1.2143626481481482,-1.2297412698412697
HCRBXQFHJMCTLF,CCOC(=O)C(C)CC,-2.161848414164622,external,-1,0.0,False,0.47619047619047616,unimol_solvai,-1.7978510537918861,-1.7191417195767176,-1.8469417328042321,-1.8274697089947087
HFEASCCDHUVYKU,COc1cccc(Cl)c1Cl,-2.3692764364111216,external,-1,0.0,False,0.5238095238095238,unimol_solvai,-3.119468915343914,-3.1357937830687814,-3.101605092592591,-3.1210078703703688
HFVMLYAGWXSTQI,C[C@]12CCC(=O)C[C@@H]1CC[C@@H]1[C@@H]2CC[C@]2(C)C=CC[C@@H]12,-2.6271958419698187,external,-1,0.0,False,0.22807017543859648,unimol_solvai,-6.168834865520282,-6.239567030423282,-6.009285317460317,-6.257652248677246
HGCMMKIIGJXXMW,CC(CO)O[N+](=O)[O-],-6.872696747932133,external,-1,0.0,False,0.625,unimol_solvai,-7.470601058201059,-7.458713591269848,-7.502380092592597,-7.450709490740735
HGSDQSUMXKHGTH,Clc1cc(Cl)c2c(Cl)c(Cl)cc(Cl)c2c1,-3.266374329938489,external,-1,0.0,False,0.5238095238095238,unimol_solvai,-2.970588128306879,-2.977156514550264,-2.9773986772486776,-2.957209193121695
HHLFWLYXYJOTON,O=CC(=O)O,-7.41558521612978,external,-1,0.0,False,0.5,unimol_solvai,-7.695455158730155,-7.749570535714281,-7.731850760582007,-7.604944179894178
HKPHPIREJKHECO,CCCCOCN(C(=O)CCl)c1c(CC)cccc1CC,-7.637585445680149,external,-1,0.0,True,0.6829268292682927,unimol_solvai,-8.262079861111111,-8.277402314814811,-8.373261342592592,-8.135575925925929
HLCSDJLATUNSSI,CC(C)=CCC/C(C)=C/C#N,-2.532952404370913,external,-1,0.0,True,0.5185185185185185,unimol_solvai,-3.6663155753968266,-3.5898018518518517,-3.6972948082010566,-3.711850066137572
HSNWZBCBUUSSQD,CCCCCO[N+](=O)[O-],-1.6559406699833308,external,-1,0.0,False,0.9523809523809523,unimol_solvai,-1.9307808311287495,-1.93925320767196,-1.929950231481483,-1.9231390542328057
HTDQSWDEWGSAMN,COc1ccccc1Br,-2.532952404370913,external,-1,0.0,False,0.631578947368421,unimol_solvai,-3.169839958112871,-3.170717361111109,-3.1520136243386205,-3.1867888888888847
HVYRFNJXZVEGFK,Clc1cc2c(Cl)ccc(Cl)c2c(Cl)c1Cl,-3.580763582585761,external,-1,0.0,False,0.45,unimol_solvai,-3.2013489638447994,-3.207607804232806,-3.209603240740743,-3.1868358465608497
HYHMYONEYJINON,C=C(C)C(CO)OO,-7.467138147450005,external,-1,0.0,True,0.2857142857142857,unimol_solvai,-9.429966887125223,-9.66499421296297,-9.208223941798947,-9.416682506613753
IAIHUHQCLTYTSF,CC1(C)[C@H]2CC[C@](C)(C2)[C@H]1O,-4.025308354953737,external,-1,0.0,True,0.5,unimol_solvai,-4.332861177248677,-4.353620667989418,-4.352145238095241,-4.2928176256613755
ICDUEGOPUWNJNF,C=CC=NOCc1c(F)c(F)c(F)c(F)c1F,-1.871736811958389,external,-1,0.0,True,0.20833333333333334,unimol_solvai,-3.459444307760139,-3.402902103174601,-3.5292915343915348,-3.446139285714283
IDJOCJAIQSKSOP,OCC(Cl)Cl,-4.041541834797791,external,-1,0.0,False,0.4166666666666667,unimol_solvai,-5.735415167548498,-5.70915403439153,-5.729282407407406,-5.767809060846559
ILHIHKRJJMKBEE,CCOO,-5.338002436667749,external,-1,0.0,False,0.4166666666666667,unimol_solvai,-5.454680125661375,-5.4817483134920595,-5.400473148148146,-5.4818189153439185
ISAVYTVYFVQUDY,CC(C)(C)CC(C)(C)c1ccc(O)cc1,-5.124107462791067,external,-1,0.0,False,0.5416666666666666,unimol_solvai,-5.846427557319224,-5.943714616402117,-5.825925992063485,-5.7696420634920695
ITXDBGLYYSJNPK,COc1c(Cl)cc(Cl)c(Cl)c1Cl,-1.2082190270028623,external,-1,0.0,False,0.5833333333333334,unimol_solvai,-2.8952657297178117,-2.9665124999999994,-2.896840244708992,-2.822444444444444
IYRWEQXVUNLMAY,O=C(F)F,-4.008617534330732,external,-1,0.0,False,0.3333333333333333,unimol_solvai,-0.19698539991181666,-0.1643303134920635,-0.12596171296296296,-0.30066417328042355
JCMNMOBHVPONLD,OCCC(F)(F)C(F)(F)C(F)(F)C(F)(F)F,-1.3754506884268412,external,-1,0.0,False,0.3,unimol_solvai,-2.2853773377425046,-2.183478904761904,-2.3564028373015877,-2.3162502711640216
JIVCPRHFBFVZQL,COc1cc(Cl)c(Cl)c(Cl)c1Br,-1.890157516875148,external,-1,0.0,True,0.64,unimol_solvai,-3.2266971340387993,-3.2575680224867725,-3.2371196759259244,-3.185403703703701
JJUBFBTUBACDHW,OCCC(F)(F)C(F)(F)C(F)(F)C(F)(F)C(F)(F)C(F)(F)C(F)(F)C(F)(F)F,0.4156874367459304,external,-1,0.0,False,0.2857142857142857,unimol_solvai,-1.8286293783068779,-2.074763134920635,-1.7477646825396815,-1.663360317460318
JLJXMZMKMRQOLN,OCOOCO,-9.60119077400061,external,-1,0.0,False,0.3,unimol_solvai,-10.971330092592595,-10.897349305555554,-11.127376620370374,-10.889264351851853
JPQLLIUTUFJWMH,Clc1cc2c(Cl)cc(Cl)c(Cl)c2c(Cl)c1Cl,-4.130581778314352,external,-1,0.0,False,0.5263157894736842,unimol_solvai,-3.180063414902999,-3.1303039021164016,-3.168309556878306,-3.241576785714289
JZBCTZLGKSYRSF,CCc1ncc(C)nc1C,-5.261446430439389,external,-1,0.0,False,0.3076923076923077,unimol_solvai,-5.72186979717813,-5.810685879629629,-5.589527546296299,-5.765395965608461
KJRACWZCOVHBQU,CCCCCC(C)(C)OC,-0.9181690713424469,external,-1,0.0,True,0.47619047619047616,unimol_solvai,-1.3094032394179898,-1.3468742658730157,-1.3067224894179885,-1.2746129629629646
KNUQGVIXAYDSOX,CCC(O)CO[N+](=O)[O-],-7.026068370085849,external,-1,0.0,True,0.5384615384615384,unimol_solvai,-7.183611122134039,-7.082028306878304,-7.386630853174608,-7.082174206349203
KOCVACNWDMSLBM,CCOCc1ccc(O)c(OC)c1,-8.195103915206705,external,-1,0.0,True,0.6363636363636364,unimol_solvai,-8.061862742504411,-7.958965972222224,-8.158262003968256,-8.068360251322757
KPOZENRUJCHWOA,Clc1cc(Cl)c2c(Cl)c(Cl)ccc2c1Cl,-3.4657290661330857,external,-1,0.0,False,0.42857142857142855,unimol_solvai,-3.31388622134039,-3.332107142857144,-3.311531845238096,-3.29801967592593
KSMVNVHUTQZITP,Clc1cc2oc3cc(Cl)c(Cl)cc3c2cc1Cl,-4.318006884312718,external,-1,0.0,False,0.4117647058823529,unimol_solvai,-4.135476829805995,-4.083655257936509,-4.166797685185183,-4.155977546296294
KZLMCDNAVVJKPX,COc1c(Cl)cccc1Cl,-1.826387968213476,external,-1,0.0,False,0.4642857142857143,unimol_solvai,-3.0511973324514994,-3.1082341931216937,-3.0243212962962955,-3.021036507936509
LBCOXKFWBDTJTF,Clc1ccc2c(Cl)cc(Cl)c(Cl)c2c1Cl,-3.580763582585761,external,-1,0.0,False,0.45,unimol_solvai,-3.321902954144623,-3.3500951388888898,-3.2937322420634945,-3.3218814814814848
LCFKURIJYIJNRU,CCCCC(C)CO,-4.410771696363276,external,-1,0.0,True,0.6,unimol_solvai,-4.025090277777777,-4.041484457671957,-4.024724867724867,-4.009061507936509
LCHJNNXHVDDVAT,COc1cc(Cl)cc(Cl)c1Br,-1.9585971639928248,external,-1,0.0,True,0.41379310344827586,unimol_solvai,-3.4282807319223974,-3.4259245370370386,-3.3925236441798923,-3.466394014550261
LFVCJQWZGDLHSD,COc1cc(CC(C)=O)ccc1O,-10.195632173518485,external,-1,0.0,True,0.5882352941176471,unimol_solvai,-9.395762500000005,-9.474225000000008,-9.326929166666675,-9.38613333333333
LFYXNXGVLGKVCJ,CC1(C)C2CCC1(C)[C@](C)(O)C2,-3.197329797674128,external,-1,0.0,True,0.3548387096774194,unimol_solvai,-4.361178207671958,-4.422231746031747,-4.373205257936507,-4.28809761904762
LITCKAVLJAKHOE,Clc1ccc(Cl)c2c(Cl)ccc(Cl)c12,-4.008617534330732,external,-1,0.0,False,0.5384615384615384,unimol_solvai,-3.076993452380954,-3.1352704695767195,-3.091048313492066,-3.0046615740740763
LNDQFOSWZJYEIC,CCC(C)=NOCc1c(F)c(F)c(F)c(F)c1F,-1.4547877990255242,external,-1,0.0,True,0.20689655172413793,unimol_solvai,-3.4956465793650793,-3.436468816137567,-3.588146646825398,-3.462324275132274
MEUKEBNAABNAEX,COO,-5.281532589579175,external,-1,0.0,False,0.42857142857142855,unimol_solvai,-5.394001708553792,-5.4415869047619045,-5.254227116402116,-5.486191104497356
MMHZKSMAFILONG,Clc1ccc2c(Cl)cccc2c1Cl,-3.322844177027064,external,-1,0.0,False,0.55,unimol_solvai,-2.901097001763669,-2.8979083333333335,-2.9025658068783096,-2.902816865079365
MSWVMWGCNZQPIA,CC(=O)CF,-4.170539722175125,external,-1,0.0,False,0.5,unimol_solvai,-3.3797512455908296,-3.40083382936508,-3.3321609457671975,-3.4062589616402112
MUUDTVDSRYEMBU,COc1c(Br)cc(Br)c(Cl)c1Cl,-1.890157516875148,external,-1,0.0,True,0.3793103448275862,unimol_solvai,-3.341813921957671,-3.30557857142857,-3.447549537037035,-3.2723136574074063
NDZIBNJHNBUHKW,Clc1cc2c(Cl)c(Cl)c(Cl)c(Cl)c2c(Cl)c1Cl,-5.389555367987976,external,-1,0.0,False,0.5555555555555556,unimol_solvai,-3.3237828483245164,-3.294059722222221,-3.326652546296297,-3.3506362764550324
NEZWFWIACBUQMN,OCOO,-10.366079471748629,external,-1,0.0,False,0.3,unimol_solvai,-9.597901906966497,-9.651932738095239,-9.677666236772497,-9.464106746031751
NMRPBPVERJPACX,CCCCCC(O)CC,-3.37439710834729,external,-1,0.0,False,0.8333333333333334,unimol_solvai,-3.8358342041446196,-3.827319841269838,-3.828784920634919,-3.8513978505291013
NMWKWBPNKPGATC,O=C1OCc2c(Cl)c(Cl)c(Cl)c(Cl)c21,-6.343123108603918,external,-1,0.0,True,0.3181818181818182,unimol_solvai,-5.195406073633155,-5.325613888888883,-5.042663591269842,-5.21794074074074
NQFUSWIGRKFAHK,CC1(C)C2CC3OC3(C)C1C2,-2.39561343672259,external,-1,0.0,False,0.25,unimol_solvai,-3.3720309413580245,-3.3620022817460313,-3.399938955026454,-3.3541515873015872
NSKIRYMHNFTRLR,Brc1ccc(Oc2c(Br)cc(Br)cc2Br)c(Br)c1,-5.389555367987976,external,-1,0.0,True,0.39285714285714285,unimol_solvai,-3.9831057870370388,-4.081257175925928,-3.94629675925926,-3.9217634259259286
NTHGIYFSMNNHSC,CC(C)CCO[N+](=O)[O-],-1.491448044485954,external,-1,0.0,True,0.6538461538461539,unimol_solvai,-2.0592669929453264,-2.0756858994708995,-2.0190030753968267,-2.083112003968254
NUGDFCWVLOJWOP,CCCCCCCCCC=NOCc1c(F)c(F)c(F)c(F)c1F,-2.420829367731348,external,-1,0.0,True,0.3333333333333333,unimol_solvai,-3.763215875220458,-3.7815262566137537,-3.756491600529103,-3.751629768518517
NULBEPOZYDYWOV,COc1cc(CCC(C)=O)cc(OC)c1O,-12.924126199586958,external,-1,0.0,True,0.4857142857142857,unimol_solvai,-11.137890740740731,-11.036478240740735,-11.119803703703695,-11.257390277777764
NVVZEKTVIXIUKW,FC(F)(F)C(F)(F)C(F)(F)C(F)(F)C(F)(F)C(F)(F)CCI,-0.6933271819097218,external,-1,0.0,False,0.18181818181818182,unimol_solvai,2.1970481410934757,2.1836502374338647,2.117140109126986,2.2903540767195767
NWOYYECMNBWCNK,COc1c(Cl)cccc1Br,-2.1014820530988474,external,-1,0.0,True,0.3939393939393939,unimol_solvai,-3.2945122464726615,-3.3554734788359792,-3.241991600529097,-3.286071660052909
OAWAZQITIZDJRB,O=C(O)C(F)(F)Cl,-7.877817419868301,external,-1,0.0,True,0.38461538461538464,unimol_solvai,-5.354006779100527,-5.41149421296296,-5.285006746031745,-5.365519378306877
OAYSFAKCFYRCRU,COc1c(Cl)cc(Br)cc1Cl,-2.010150095313052,external,-1,0.0,True,0.52,unimol_solvai,-3.3060960427689596,-3.312590773809524,-3.314740873015872,-3.2909564814814822
OEBRKCOSUFCWJD,COP(=O)(OC)OC=C(Cl)Cl,-4.971375885474463,external,-1,0.0,False,0.42857142857142855,unimol_solvai,-8.01513324514991,-8.077094246031745,-7.844126785714285,-8.124178703703702
OEYKUHBCPJRXGZ,COc1c(Cl)cc(Cl)cc1Br,-1.8973491088834296,external,-1,0.0,True,0.4642857142857143,unimol_solvai,-3.150245866402114,-3.1678210317460302,-3.174860548941795,-3.108056018518517
OIHHRLYOSUNYTC,COc1c(Cl)cc(Cl)c(Br)c1Cl,-1.9021273169042503,external,-1,0.0,True,0.5185185185185185,unimol_solvai,-3.288568904320986,-3.321246527777778,-3.295288425925925,-3.2491717592592555
OJYLAHXKWMRDGS,COc1cc(CCC(C)=O)ccc1O,-10.195632173518485,external,-1,0.0,False,0.6470588235294118,unimol_solvai,-10.412901609347449,-10.381804365079365,-10.379380324074079,-10.477520138888899
OMDFJTSKBNDDRM,CC(O)CO[N+](=O)[O-],-7.41558521612978,external,-1,0.0,False,0.6521739130434783,unimol_solvai,-7.628176587301588,-7.609162268518517,-7.724250727513232,-7.5511167658730125
ONUFSRWQCKNVSL,Fc1c(F)c(F)c(-c2c(F)c(F)c(F)c(F)c2F)c(F)c1F,-1.6648503859974622,external,-1,0.0,False,0.625,unimol_solvai,-1.0306563029100533,-1.0419581084656089,-1.0520733333333336,-0.9979374669312174
OTFNCXLUCRUNCH,COc1c(Cl)ccc(Cl)c1Cl,-1.9243773404339863,external,-1,0.0,False,0.5,unimol_solvai,-3.085439715608464,-3.105051620370369,-3.1363638888888863,-3.0149036375661367
OTQFXRBLGNEOGH,Clc1cc(Cl)c2c(c1)Oc1c(Cl)cc(Cl)cc1O2,-3.4657290661330857,external,-1,0.0,True,0.45161290322580644,unimol_solvai,-3.6504541997354507,-3.638004398148148,-3.6416768518518525,-3.671681349206352
OTTCXKPQKOLSJN,Clc1cc(Cl)c2cc(Cl)cc(Cl)c2c1,-2.92284059793544,external,-1,0.0,False,0.6,unimol_solvai,-2.8724487323633165,-2.9613837962962952,-2.833994345238097,-2.821968055555556
OWIKHYCFFJSOEH,N=C=O,-3.705961040321237,external,-1,0.0,False,0.42857142857142855,unimol_solvai,-3.6599560114638443,-3.7400509788359795,-3.7084982367724852,-3.5313188187830677
PGCDNPCENWGYMA,Clc1c(Cl)c(Cl)c2c(Cl)ccc(Cl)c2c1Cl,-4.5876242996777865,external,-1,0.0,False,0.5333333333333333,unimol_solvai,-3.1819616291887143,-3.1463377314814807,-3.17994242724868,-3.219604728835982
PLDWAJLZAAHOGG,COc1cccc(Br)c1,-1.7074936013035569,external,-1,0.0,False,0.5384615384615384,unimol_solvai,-3.30888763227513,-3.2829052248677213,-3.2867239748677237,-3.357033697089945
PNLDDSLZYVNPQW,COc1c(Br)ccc(Cl)c1Cl,-1.9585971639928248,external,-1,0.0,True,0.3939393939393939,unimol_solvai,-3.3788536044973525,-3.441028703703703,-3.3161506944444397,-3.3793814153439143
PNQBEPDZQUOCNY,O=C(Cl)C(F)(F)F,-2.3128065893225465,external,-1,0.0,True,0.4117647058823529,unimol_solvai,-0.2559154320987654,-0.28418251322751303,-0.1520179431216931,-0.33154583994708997
POIARNZEYGURDG,C/C=C/C(=O)C1=C(C)C=CCC1(C)C,-3.95552367899573,external,-1,0.0,False,0.21951219512195122,unimol_solvai,-4.169821362433863,-4.243675198412697,-4.106129629629629,-4.159659259259264
PPXUHEORWJQRHJ,CCOC(=O)CC(C)C,-1.9585971639928248,external,-1,0.0,False,0.5454545454545454,unimol_solvai,-2.4636225639329794,-2.4872131613756596,-2.4062203703703693,-2.4974341600529093
PSINWXIDJYEXLO,CCc1ncc(C)nc1CC,-4.5057723033300405,external,-1,0.0,False,0.32,unimol_solvai,-5.440779453262785,-5.439950595238094,-5.425209556878307,-5.457178207671953
PVFOMCVHYWHZJE,O=C(Cl)C(Cl)(Cl)Cl,-2.3128065893225465,external,-1,0.0,False,0.2727272727272727,unimol_solvai,-1.5568535758377433,-1.7482794907407422,-1.4766574735449745,-1.4456237632275137
QGRPVMLBTFGQDQ,COc1ccccc1Cl,-3.266374329938489,external,-1,0.0,False,0.631578947368421,unimol_solvai,-3.0297581238977056,-3.0561621031746036,-3.0123224537036997,-3.020789814814814
QHTQREMOGMZHJV,CCN(CC)C(=O)SCc1ccc(Cl)cc1,-5.973688203519483,external,-1,0.0,True,0.35,unimol_solvai,-8.46944240520282,-8.432180324074078,-8.359989583333325,-8.616157308201055
QJPJQTDYNZXKQF,COc1ccc(Br)cc1,-1.9585971639928248,external,-1,0.0,False,0.5238095238095238,unimol_solvai,-3.3606342482363307,-3.3313581679894195,-3.363675396825396,-3.3868691798941764
QKMNFFSBZRGHDJ,COc1cc(Cl)ccc1Cl,-2.3417140272869985,external,-1,0.0,False,0.4782608695652174,unimol_solvai,-3.2534143518518497,-3.278021626984125,-3.2285071759259223,-3.2537142526455005
QNPFFCQTVXPCLD,CC=CC=NOCc1c(F)c(F)c(F)c(F)c1F,-1.6736281013538763,external,-1,0.0,True,0.2222222222222222,unimol_solvai,-3.6432742504409146,-3.510090211640208,-3.7736944444444425,-3.6460380952380933
QTGGFXPTAQEODO,C=CC(C)(CO)OO,-8.831385160484244,external,-1,0.0,True,0.4,unimol_solvai,-9.185933410493831,-9.230760251322758,-9.123351058201061,-9.203688921957676
QUGUFLJIAFISSW,Fc1ccc(F)cc1,-0.8163503805089578,external,-1,0.0,False,0.6153846153846154,unimol_solvai,-0.5278619091710758,-0.5566451388888889,-0.5495349272486773,-0.4774056613756612
QUKRIOLKOHUUBM,C=CC(=O)OCCC(F)(F)C(F)(F)C(F)(F)C(F)(F)C(F)(F)C(F)(F)C(F)(F)C(F)(F)F,-0.6933271819097218,external,-1,0.0,True,0.2127659574468085,unimol_solvai,-2.067232249559084,-2.0992973544973554,-2.061178805555556,-2.0412205886243395
QYEGXUUXWMKHHS,Clc1cc(Cl)c2c(Cl)c(Cl)c(Cl)c(Cl)c2c1Cl,-5.149323393799825,external,-1,0.0,False,0.5882352941176471,unimol_solvai,-3.165777755731925,-3.1189825396825395,-3.160911177248678,-3.2174395502645554
RFFOTVCVTJUTAD,CC(C)C12CCC(C)(CC1)O2,-2.7084854415504074,external,-1,0.0,False,0.21875,unimol_solvai,-2.7305634215167545,-2.7136605820105824,-2.6856426455026465,-2.7923870370370354
RFUGYJHXLQAXOX,COc1c(Br)c(Cl)c(Cl)c(Cl)c1Br,-1.8127670246641712,external,-1,0.0,True,0.3333333333333333,unimol_solvai,-3.407984413580245,-3.352556547619047,-3.4496521494708974,-3.421744543650792
RGXWDWUGBIJHDO,CCCCCCCCCC(=O)OCC,-2.1014820530988474,external,-1,0.0,False,1.0,unimol_solvai,-2.7907826609347413,-2.772088425925922,-2.7666743716931177,-2.8335851851851843
RHLVCLIPMVJYKS,CCCCCC(=O)CC,-2.532952404370913,external,-1,0.0,False,0.8333333333333334,unimol_solvai,-2.896998798500881,-2.8852494708994705,-2.9334479828042315,-2.87229894179894
RLSQIXNUITTXKZ,CCCCCCCC=NOCc1c(F)c(F)c(F)c(F)c1F,-1.7624653819816083,external,-1,0.0,True,0.3333333333333333,unimol_solvai,-3.679035503968254,-3.6881788690476167,-3.671408730158733,-3.6775189126984125
RTNLUFLDZOAXIC,Clc1c(Cl)c(Cl)c2c(Cl)c(Cl)c(Cl)c(Cl)c2c1Cl,-4.738644121381529,external,-1,0.0,False,0.625,unimol_solvai,-3.2165312940917126,-3.1491908068783085,-3.247110648148148,-3.2532924272486814
RUPAXCPQAAOIPB,CC(C)(C)OC=O,-2.1014820530988474,external,-1,0.0,False,0.375,unimol_solvai,-2.58372991622575,-2.5418832010582024,-2.601355555555555,-2.6079509920634925
RWRBSYOTDDOXKC,CCCC(C)O[N+](=O)[O-],-1.3049310688072877,external,-1,0.0,True,0.6666666666666666,unimol_solvai,-2.0928579320987657,-2.123525218253969,-2.1375353835978834,-2.0175131944444447
RZXIRSKYBISPGF,Brc1cc(Br)c(Oc2cc(Br)c(Br)cc2Br)cc1Br,-5.3893266975985,external,-1,0.0,True,0.5333333333333333,unimol_solvai,-4.261070006613757,-4.41026994047619,-4.145393055555557,-4.227547023809524
SFNAUTSNWPPDSY,Brc1ccc(Oc2cc(Br)c(Br)c(Br)c2Br)cc1,-4.41157948966362,external,-1,0.0,True,0.3333333333333333,unimol_solvai,-4.320891402116405,-4.384251719576722,-4.333786044973547,-4.244636441798945
SJIIFORJBWPNPM,COc1cc(Br)c(Cl)cc1Cl,-1.9585971639928248,external,-1,0.0,True,0.42857142857142855,unimol_solvai,-3.282218231922398,-3.333078902116403,-3.21816111111111,-3.2954146825396813
SNGREZUHAYWORS,O=C(O)C(F)(F)C(F)(F)C(F)(F)C(F)(F)C(F)(F)C(F)(F)C(F)(F)F,-3.4657290661330853,external,-1,0.0,True,0.25,unimol_solvai,-4.103665553350968,-4.294886243386242,-4.112901058201054,-3.90320935846561
SRMWNTGHXHOWBT,CNS(=O)(=O)C(F)(F)C(F)(F)C(F)(F)C(F)(F)C(F)(F)C(F)(F)C(F)(F)C(F)(F)F,-0.0514616827609407,external,-1,0.0,True,0.2,unimol_solvai,-4.564838712522044,-4.918686111111109,-4.3778494708994655,-4.3979805555555584
SRTQFRQWTUMMTC,C=NOCc1c(F)c(F)c(F)c(F)c1F,-2.1805973935431964,external,-1,0.0,True,0.2631578947368421,unimol_solvai,-3.1658613888888887,-3.132044927248674,-3.2284320634920642,-3.137107175925928
SSNXYMVLSOMJLU,COc1cc(Cl)cc(Cl)c1,-1.0313664236883515,external,-1,0.0,False,0.5,unimol_solvai,-3.164100308641974,-3.165934953703705,-3.1801002314814784,-3.14626574074074
STNJBCKSHOAVAJ,C=C(C)C=O,-2.8315086401496434,external,-1,0.0,False,0.5,unimol_solvai,-2.947722619047618,-2.997269179894178,-2.9442959325396822,-2.9016027447089936
SVEZPKVUIXAEOX,COc1cc(Cl)c(Br)c(Cl)c1,-1.9585971639928248,external,-1,0.0,True,0.35714285714285715,unimol_solvai,-3.5314390110229277,-3.580935052910054,-3.5250117089947093,-3.4883702711640203
SXKBHOQOOGRFJF,COc1cc(Cl)c(Cl)cc1Cl,-1.9585971639928248,external,-1,0.0,False,0.5652173913043478,unimol_solvai,-2.926890509259259,-3.0095671296296302,-2.8865819444444423,-2.8845224537037053
TXGIGTRUEITPSC,O=S(=O)(O)CCC(F)(F)C(F)(F)C(F)(F)C(F)(F)F,-1.4290235246646108,external,-1,0.0,True,0.20689655172413793,unimol_solvai,-5.960920277777777,-6.254756567460319,-5.752413558201057,-5.875590707671957
TXINBPKSWKFMNB,CCC(=O)OO[N+](=O)[O-],-2.1805973935431964,external,-1,0.0,False,0.4,unimol_solvai,-3.8723076124338616,-3.9236470436507918,-3.8226011574074055,-3.8706746362433875
UABDVZDYKDIZFO,Fc1c(F)c(F)c(CON=C2c3ccccc3-c3ccccc32)c(F)c1F,-1.9585971639928248,external,-1,0.0,True,0.2727272727272727,unimol_solvai,-6.252764836860671,-6.240214583333331,-6.255006779100535,-6.263073148148147
UBJVUCKUDDKUJF,C=CCSCC=C,-1.53653790673299,external,-1,0.0,False,0.35714285714285715,unimol_solvai,-1.2278709722222214,-1.2168892592592586,-1.267792248677248,-1.1989314087301581
UCASBURGYXMQLW,Cc1ccc(C=NOCc2c(F)c(F)c(F)c(F)c2F)cc1,-1.6559406699833308,external,-1,0.0,True,0.3142857142857143,unimol_solvai,-4.922874481922399,-4.835314219576721,-5.061323578042327,-4.871985648148151
UHEPJGULSIKKTP,CC(=O)CCC=C(C)C,-3.37439710834729,external,-1,0.0,False,0.52,unimol_solvai,-3.6357150462962977,-3.621100396825397,-3.6349010912698425,-3.651143650793653
UHXUZOCRWCRNSJ,CNC(=O)ON=C(C)SC,-7.7697946414595,external,-1,0.0,True,0.42857142857142855,unimol_solvai,-9.070691027336862,-9.161230357142854,-9.063838095238102,-8.987004629629626
UIHCLUNTQKBZGK,CCC(C)C(C)=O,-3.126712395015846,external,-1,0.0,False,0.47058823529411764,unimol_solvai,-3.220969642857142,-3.2119462632275124,-3.2371582671957664,-3.2138043981481466
UJIGKESMIPTWJH,FC(Cl)C(F)(F)C(F)(F)Cl,0.7698968620756514,external,-1,0.0,False,0.5,unimol_solvai,1.286312668650793,1.2471338650793646,1.2914055350529097,1.3203986058201054
UKSAZCDAGVHMRF,Fc1c(F)c(F)c(CON=Cc2ccccc2)c(F)c1F,-1.491448044485954,external,-1,0.0,True,0.2903225806451613,unimol_solvai,-4.691059733245148,-4.683113525132272,-4.76439623015873,-4.625669444444443
UPNBETHEXPIWQX,Brc1ccc(Oc2ccc(Br)cc2Br)cc1,-3.5448444065774347,external,-1,0.0,True,0.39285714285714285,unimol_solvai,-4.077665244708996,-4.187051984126983,-4.054917195767197,-3.9910265542328065
UXFSPRAGHGMRSQ,COc1nccnc1CC(C)C,-3.628908592471273,external,-1,0.0,False,0.3939393939393939,unimol_solvai,-5.565075429894179,-5.608996660052911,-5.560819444444443,-5.525410185185183
UZYYBZNZSSNYSA,Cc1c(Cl)ccc(Cl)c1Cl,-1.6559406699833308,external,-1,0.0,False,0.5625,unimol_solvai,-1.3054901014109346,-1.3528862896825402,-1.278065469576719,-1.2855185449735442
VEFNQGLEDJPUJF,COc1c(Br)c(Br)c(Br)c(Br)c1Br,-4.630621342972727,external,-1,0.0,True,0.38461538461538464,unimol_solvai,-3.796958080687831,-3.843764120370372,-3.8041529457671963,-3.742957175925924
VGQXTTSVLMQFHM,CC(=O)OO[N+](=O)[O-],-2.512161325517144,external,-1,0.0,False,0.4230769230769231,unimol_solvai,-3.9806026565255723,-4.118220238095237,-3.9189810185185174,-3.9046067129629622
VHNPZYZQKWIWOD,Brc1cc(Br)c(Oc2cc(Br)c(Br)cc2Br)c(Br)c1,-5.800177489354709,external,-1,0.0,True,0.38095238095238093,unimol_solvai,-3.9232174162257487,-4.033020535714283,-3.9046152777777787,-3.832016435185184
VIONGDJUYAYOPU,O=S(=O)(O)CCC(F)(F)C(F)(F)C(F)(F)C(F)(F)C(F)(F)C(F)(F)F,-0.9774670142527602,external,-1,0.0,True,0.2,unimol_solvai,-5.157696774691357,-5.651697222222225,-4.898836851851846,-4.922556249999998
VISJRVXHPNMYRH,COc1ccc(Cl)c(Cl)c1,-1.852724968524944,external,-1,0.0,False,0.43478260869565216,unimol_solvai,-3.143609082892414,-3.1555251984126964,-3.1371215277777744,-3.1381805224867705
VJZRCIYSYVGDMU,Clc1cc2c(Cl)ccc(Cl)c2cc1Cl,-3.2169719815591824,external,-1,0.0,False,0.5,unimol_solvai,-3.000955125661377,-3.0847329365079372,-2.9901175264550273,-2.928014914021167
VNVBOBJSRGZDCW,Fc1c(F)c(F)c(CON=CC=NOCc2c(F)c(F)c(F)c(F)c2F)c(F)c1F,-2.1805973935431964,external,-1,0.0,True,0.25,unimol_solvai,-6.790992129629629,-6.7427817129629615,-6.822925694444442,-6.8072689814814815
VNWPJWLGZUDTBZ,CC(=NOCc1c(F)c(F)c(F)c(F)c1F)C(C)(C)O,-2.010150095313052,external,-1,0.0,True,0.1951219512195122,unimol_solvai,-7.096639351851851,-7.015137962962964,-7.185129629629624,-7.089650462962964
VOGSDFLJZPNWHY,OCC(F)F,-4.581218994593421,external,-1,0.0,False,0.38461538461538464,unimol_solvai,-5.092687213403877,-5.098976124338616,-5.105942493386241,-5.073143022486775
VQSNXLCFFHGXTI,Clc1ccc(Cl)c2c(Cl)cccc12,-3.73352344944536,external,-1,0.0,False,0.45,unimol_solvai,-2.8266172288359797,-2.8913681878306883,-2.8099885582010597,-2.7784949404761914
VVAAXDBMZVCVPA,ClCC(Cl)CCCCCCCC(Cl)CCl,-3.5448444065774347,external,-1,0.0,True,0.375,unimol_solvai,-2.8428107649911816,-2.810884378306878,-2.854110185185186,-2.863437731481481
VVJKKWFAADXIJK,C=CCN,-4.630621342972727,external,-1,0.0,False,0.4166666666666667,unimol_solvai,-4.4773237433862425,-4.498175992063491,-4.473390674603172,-4.460404563492063
VXBHNYIEBLRXAW,ClCC(Cl)CCCCCCC(Cl)CCl,-2.92284059793544,external,-1,0.0,True,0.375,unimol_solvai,-2.875417610229277,-2.8227345105820087,-2.9057158399470913,-2.897802480158731
VZRSUQWPXPUWCS,COc1c(Cl)cc(Br)c(Cl)c1Cl,-1.9021273169042503,external,-1,0.0,True,0.4642857142857143,unimol_solvai,-3.1902878086419726,-3.2055268518518485,-3.262826785714282,-3.102509788359787
WCJYTPVNMWIZCG,CNC(=O)Oc1ccc(C)c(C)c1,-7.303237710857214,external,-1,0.0,False,0.3939393939393939,unimol_solvai,-9.220299096119936,-9.268590806878313,-9.199438888888892,-9.192867592592597
WCVOGSZTONGSQY,COc1c(Cl)cc(Cl)cc1Cl,-1.442045696106648,external,-1,0.0,False,0.5652173913043478,unimol_solvai,-2.9746418320105814,-2.9897570105820104,-2.9813025132275124,-2.9528659722222224
WDRCOFFEZVLCLX,COc1c(Cl)c(Cl)cc(Br)c1Br,-1.846249658720261,external,-1,0.0,True,0.4,unimol_solvai,-3.5479200727513223,-3.5957778108465623,-3.6461018518518498,-3.4018805555555542
WDWNMIBWWPZNJK,FC(F)(F)C(F)(F)C(F)(F)C(F)(F)C(F)(F)C(F)(F)/C=C/I,-0.434578546055114,external,-1,0.0,False,0.18181818181818182,unimol_solvai,2.452880249338625,2.5172534589947095,2.3571588214285715,2.484228467592594
WHHGLZMJPXIBIX,Brc1c(Br)c(Br)c(Oc2c(Br)c(Br)c(Br)c(Br)c2Br)c(Br)c1Br,-6.343123108603918,external,-1,0.0,True,0.45454545454545453,unimol_solvai,-4.078886000881835,-4.085914814814815,-4.182067724867727,-3.9686754629629637
WHPVYXDFIXRKLN,Brc1ccc(Oc2cc(Br)c(Br)cc2Br)c(Br)c1,-4.870853317160879,external,-1,0.0,False,0.39285714285714285,unimol_solvai,-4.1509579585537955,-4.3170748677248705,-4.129656613756618,-4.006142394179896
WHRDPXDGAMJNGH,COc1c(Br)cc(Cl)cc1Br,-2.135701876657686,external,-1,0.0,True,0.4074074074074074,unimol_solvai,-3.299121053791886,-3.3148798280423275,-3.3095215939153415,-3.272961739417989
WMMFIDNWZNCBCT,COc1c(Cl)c(Cl)cc(Cl)c1Cl,-1.227029652927254,external,-1,0.0,False,0.5652173913043478,unimol_solvai,-3.0900110956790097,-3.1133399999999964,-3.1305664351851825,-3.0261268518518496
WNYADZVDBIBLJJ,O=NN1CCCC1,-7.599347343229355,external,-1,0.0,False,0.9285714285714286,unimol_solvai,-7.31286564153439,-7.217765608465608,-7.374333267195762,-7.346498048941797
WQZKKVJFBZPJSU,CCC(CC)O[N+](=O)[O-],-1.3288483437607428,external,-1,0.0,True,0.6086956521739131,unimol_solvai,-2.0209510648148155,-2.052754828042328,-1.9918872552910065,-2.0182111111111114
WUOACPNHFRMFPN,CC1=CCC(C(C)(C)O)CC1,-5.508449734897895,external,-1,0.0,False,0.5714285714285714,unimol_solvai,-4.9517931437389775,-4.9574684523809545,-4.882447288359787,-5.0154636904761905
WXCMHFPAUCOJIG,CC(=O)c1c(C)c([N+](=O)[O-])c(C(C)(C)C)c([N+](=O)[O-])c1C,-5.281532589579175,external,-1,0.0,True,0.27906976744186046,unimol_solvai,-6.345363966049384,-6.441918518518519,-6.189282175925929,-6.404891203703705
WYLDWCYZCFRVRH,Clc1cc(Cl)c2c(Cl)cc(Cl)c(Cl)c2c1,-3.197329797674128,external,-1,0.0,False,0.55,unimol_solvai,-2.935674295414463,-2.913816239417989,-2.9857280092592595,-2.9074786375661397
XGXUGXPKRBQINS,COc1ccc(Br)cc1Br,-3.141525290295802,external,-1,0.0,True,0.4230769230769231,unimol_solvai,-3.3105525022045854,-3.357474503968255,-3.3367170634920633,-3.237465939153437
XTBXSCIWOVSSGB,O=C(O)CC(F)(F)C(F)(F)C(F)(F)C(F)(F)C(F)(F)C(F)(F)C(F)(F)C(F)(F)F,-0.2151376507207325,external,-1,0.0,True,0.2692307692307692,unimol_solvai,-4.627318441358022,-4.834815310846559,-4.634050661375657,-4.413089351851851
XYBSIYMGXVUVGY,Brc1ccc(Oc2ccc(Br)cc2Br)c(Br)c1,-4.548110664011599,external,-1,0.0,True,0.4583333333333333,unimol_solvai,-4.0910625330687855,-4.135642228835981,-4.074873478835983,-4.062671891534393
YAWIAFUBXXPJMQ,Brc1ccc(Oc2ccc(Br)cc2)cc1,-3.094814183963434,external,-1,0.0,True,0.5714285714285714,unimol_solvai,-4.447323302469134,-4.430810846560846,-4.427716865079363,-4.483442195767195
YGHRJJRRZDOVPD,CC(C)CC=O,-2.381271697509173,external,-1,0.0,False,0.4444444444444444,unimol_solvai,-3.0737143518518515,-3.0622838293650765,-3.056663392857144,-3.102195833333334
YGYAWVDWMABLBF,O=C(Cl)Cl,-0.2673234667648203,external,-1,0.0,False,0.375,unimol_solvai,-0.7899080577601415,-0.8415501984126991,-0.6399430555555555,-0.8882309193121698
YJEMGEBDXDPBSP,COc1ccc(Cl)cc1Br,-2.250382069501203,external,-1,0.0,True,0.36666666666666664,unimol_solvai,-3.254974999999998,-3.2885121362433867,-3.2388059193121657,-3.237606944444442
YKQOTQPNOJSJFA,CCCC(C)=NOCc1c(F)c(F)c(F)c(F)c1F,-1.3130478087293145,external,-1,0.0,True,0.25,unimol_solvai,-3.606988483245148,-3.670916951058198,-3.6578596759259256,-3.4921888227513205
YORCIIVHUBAYBQ,C#CCBr,-1.826387968213476,external,-1,0.0,False,0.38461538461538464,unimol_solvai,-1.073012477954145,-1.0436144708994715,-1.025640416666667,-1.1497825462962963
YRGAYAGBVIXNAQ,COc1ccc(Cl)cc1,-2.943631676789209,external,-1,0.0,False,0.5238095238095238,unimol_solvai,-3.019796296296295,-3.0266729166666666,-2.975357175925922,-3.057358796296295
YSVAURKXNCNUNS,COc1c(Cl)c(Cl)c(Br)c(Cl)c1Cl,-1.852724968524944,external,-1,0.0,True,0.3333333333333333,unimol_solvai,-3.3820631172839497,-3.3862544312169325,-3.4052829365079327,-3.354651984126983
YUKILTJWFRTXGB,COc1cccc(Cl)c1,-2.793270537698849,external,-1,0.0,False,0.5384615384615384,unimol_solvai,-3.103762323633156,-3.123099735449737,-3.090149074074072,-3.0980381613756593
YXMNEYKMHSBVTD,CCC(CO)O[N+](=O)[O-],-7.046500910381195,external,-1,0.0,True,0.5185185185185185,unimol_solvai,-6.86010050705467,-6.837549107142854,-6.886299305555553,-6.856453108465605
YXWWHNCQZBVZPV,CC(=O)c1ccccc1C,-4.468021642247516,external,-1,0.0,False,0.6521739130434783,unimol_solvai,-4.598347927689595,-4.586495833333334,-4.584834292328045,-4.623713657407406
YYZUSRORWSJGET,CCCCCCCC(=O)OCC,-1.9585971639928248,external,-1,0.0,False,1.0,unimol_solvai,-2.560529254850086,-2.6054671296296275,-2.4797097883597865,-2.5964108465608438
YZMXEWDTXSTFIJ,COc1cc(Cl)c(Br)c(Cl)c1Br,-1.846249658720261,external,-1,0.0,True,0.5185185185185185,unimol_solvai,-3.511794885361553,-3.535155787037042,-3.514060747354499,-3.4861681216931197
ZENOXNGFMSCLLL,COc1cc(CO)ccc1O,-11.42766999077337,external,-1,0.0,True,0.6666666666666666,unimol_solvai,-11.004753395061728,-10.927931018518521,-11.143544907407412,-10.942784259259257
ZLIBICFPKPWGIZ,Cc1cc(C)nc(Nc2ccccc2)n1,-8.084183894106772,external,-1,0.0,False,0.37037037037037035,unimol_solvai,-9.47014212962963,-9.453856944444444,-9.400881018518517,-9.555688425925931
ZNOLGFHPUIJIMJ,COP(=S)(OC)Oc1ccc([N+](=O)[O-])c(C)c1,-6.6500280506858855,external,-1,0.0,False,0.6052631578947368,unimol_solvai,-8.003062268518521,-7.945809722222225,-8.022053009259265,-8.041324074074076
ZOASGOXWEHUTKZ,CCCSC,-1.402087752245875,external,-1,0.0,False,0.5,unimol_solvai,-1.3541302491181648,-1.3962998148148145,-1.3478114947089939,-1.318279437830686
ZOKXUAHZSKEQSS,CCCCSP(=O)(SCCCC)SCCCC,-6.719936881072535,external,-1,0.0,True,0.6363636363636364,unimol_solvai,-6.773796329365084,-6.839359623015873,-6.620388492063498,-6.861640873015879
ZOWSJJBOQDKOHI,CC(=O)OCC(F)(F)F,-1.5690803179488944,external,-1,0.0,False,0.47619047619047616,unimol_solvai,-1.7332722702821879,-1.7288475092592595,-1.7826127843915347,-1.688356517195769
ZUXVGCIQOSXRJN,COc1c(Cl)c(Cl)cc(Br)c1Cl,-1.9021273169042503,external,-1,0.0,True,0.41379310344827586,unimol_solvai,-3.4106354166666653,-3.495319907407408,-3.4093131944444415,-3.3272731481481466
ZVJHJDDKYZXRJI,C1=NCCC1,-4.9090914196116735,external,-1,0.0,False,0.25,unimol_solvai,-4.726257561728395,-4.693343617724865,-4.74657169312169,-4.738857374338628
